frame,epoch time,sensor T,target T,drive T,df/f,time_s,sensor TF
0,2021-12-20 12:30:26.097498112,20.990434782608705,22.0,15.425217391304367,0.005721,0.0,21.004585719266533
1,2021-12-20 12:30:26.199861248,20.980000000000008,22.0,15.444489795918381,-0.005377,0.10236313600000001,20.999492693966417
2,2021-12-20 12:30:26.312363264,20.946666666666676,22.0,15.464444444444444,-0.000262,0.214865152,20.994420853366474
3,2021-12-20 12:30:26.455663616,20.959591836734702,22.0,15.52591836734695,-0.009305,0.358165504,20.989374877803826
4,2021-12-20 12:30:26.560289792,21.005263157894742,22.0,15.73,-0.002757,0.46279168000000004,20.98435943045137
5,2021-12-20 12:30:26.616585984,20.980000000000008,22.0,15.527500000000002,-0.003408,0.5190878720000001,20.97937914996352
6,2021-12-20 12:30:26.698068224,20.969795918367357,22.0,15.552448979591837,-0.003426,0.6005701120000001,20.974438643191903
7,2021-12-20 12:30:26.798661120,20.95826086956523,22.0,15.572173913043487,-0.002487,0.7011630080000001,20.96954247798823
8,2021-12-20 12:30:26.907763200,20.928979591836743,22.0,15.591632653061227,0.005865,0.8102650880000001,20.964695176111277
9,2021-12-20 12:30:27.007068672,20.837142857142865,22.0,15.610571428571438,-0.000329,0.9095705600000001,20.959901206254294
10,2021-12-20 12:30:27.097774336,20.811632653061235,22.0,15.645306122448977,-0.006099,1.000276224,20.95516497720887
11,2021-12-20 12:30:27.200157440,20.813333333333343,22.0,15.88083333333333,0.001866,1.102659328,20.950490831180566
12,2021-12-20 12:30:27.314761728,20.8188888888889,22.0,15.891111111111101,0.008167,1.217263616,20.94588303727112
13,2021-12-20 12:30:27.457026048,20.857551020408174,22.0,15.710204081632664,-0.006227,1.359527936,20.94134578514132
14,2021-12-20 12:30:27.543396608,20.82375,22.0,15.950000000000001,0.013401,1.445898496,20.93688317886794
15,2021-12-20 12:30:27.601111040,20.813333333333343,22.0,15.97133333333335,0.007696,1.5036129280000001,20.9324992310074
16,2021-12-20 12:30:27.701764096,20.79122448979593,22.0,16.00081632653061,0.008667,1.6042659840000002,20.92819785687799
17,2021-12-20 12:30:27.809478400,20.809545454545464,22.0,16.020681818181806,0.006839,1.7119802880000001,20.923982869071683
18,2021-12-20 12:30:27.937580544,20.79122448979593,22.0,16.0504081632653,0.003399,1.8400824320000002,20.919857972205705
19,2021-12-20 12:30:28.025761536,20.896666666666665,22.0,16.071999999999996,0.013978,1.9282634240000003,20.915826757923213
20,2021-12-20 12:30:28.095948288,20.832040816326543,22.0,16.100408163265318,0.010882,1.9984501760000002,20.911892700151526
21,2021-12-20 12:30:28.201359104,20.842244897959194,22.0,16.12061224489796,0.014682,2.103860992,20.90805915062545
22,2021-12-20 12:30:28.320328448,20.85500000000001,22.0,16.145454545454534,0.017898,2.222830336,20.90432933468248
23,2021-12-20 12:30:28.464363264,20.85500000000001,22.0,15.95000000000001,0.014539,2.366865152,20.900706347335568
24,2021-12-20 12:30:28.552041216,20.88625,22.0,16.2,0.021284,2.454543104,20.897193149628606
25,2021-12-20 12:30:28.604374528,20.84250000000001,22.0,16.220000000000017,0.024273,2.506876416,20.89379256527862
26,2021-12-20 12:30:28.698751232,20.944285714285723,22.0,16.240000000000006,0.02554,2.60125312,20.890507277607995
27,2021-12-20 12:30:28.804282880,20.979555555555567,22.0,16.039999999999996,0.024467,2.706784768,20.887339826769285
28,2021-12-20 12:30:28.930604800,20.872448979591848,22.0,16.289999999999992,0.026134,2.833106688,20.884292607264296
29,2021-12-20 12:30:29.021461248,20.88277777777778,22.0,16.319999999999997,0.016457,2.923963136,20.881367865758374
30,2021-12-20 12:30:29.095792128,20.867755102040828,22.0,16.114285714285725,0.019786,2.998294016,20.878567699190125
31,2021-12-20 12:30:29.201202944,20.883061224489808,22.0,16.359387755102045,0.022903,3.103704832,20.87589405317604
32,2021-12-20 12:30:29.307840768,20.93121951219513,22.0,16.165121951219515,0.024372,3.210342656,20.873348720708872
33,2021-12-20 12:30:29.432764672,20.867755102040828,22.0,16.17877551020407,0.027725,3.33526656,20.87093334114788
34,2021-12-20 12:30:29.525109760,20.822105263157898,22.0,16.195789473684204,0.025503,3.427611648,20.868649399498416
35,2021-12-20 12:30:29.598535168,20.862653061224503,22.0,16.227551020408175,0.027371,3.501037056,20.866498225977722
36,2021-12-20 12:30:29.697026048,20.834651162790706,22.0,16.248139534883723,0.03549,3.599527936,20.864480995863136
37,2021-12-20 12:30:29.818439424,20.87062500000001,22.0,16.267916666666657,0.022782,3.720941312,20.86259872961835
38,2021-12-20 12:30:29.976183552,20.826938775510214,22.0,16.28714285714285,0.034142,3.87868544,20.8608522932928
39,2021-12-20 12:30:30.060753664,20.73,22.0,16.29,0.024069,3.963255552,20.859242399188663
40,2021-12-20 12:30:30.105764352,20.85500000000001,22.0,16.33,0.029922,4.00826624,20.857769606789375
41,2021-12-20 12:30:30.201066752,20.847346938775523,22.0,16.34632653061226,0.028032,4.103568640000001,20.856434323943144
42,2021-12-20 12:30:30.306256128,20.8688888888889,22.0,16.365555555555556,0.024286,4.208758016000001,20.855236808294357
43,2021-12-20 12:30:30.428916992,20.796326530612255,22.0,16.56387755102041,0.033316,4.331418880000001,20.854177168955374
44,2021-12-20 12:30:30.520547840,20.860952380952387,22.0,16.629523809523807,0.031883,4.423049728000001,20.853255368410714
45,2021-12-20 12:30:30.596960768,20.832040816326543,22.0,16.66326530612244,0.025868,4.499462656000001,20.85247122464521
46,2021-12-20 12:30:30.699746304,20.809787234042563,22.0,16.6848936170213,0.039918,4.602248192000001,20.85182441348734
47,2021-12-20 12:30:30.819399680,20.804468085106393,22.0,16.713617021276615,0.037632,4.721901568000001,20.851314471158556
48,2021-12-20 12:30:30.964731904,20.797708333333343,22.0,16.735000000000007,0.041447,4.867233792,20.850940797019163
49,2021-12-20 12:30:31.045871872,20.78,22.0,16.74,0.045439,4.948373760000001,20.850702656500935
50,2021-12-20 12:30:31.099492608,20.871304347826097,22.0,16.78565217391304,0.032581,5.001994496000001,20.85059918421649
51,2021-12-20 12:30:31.199783936,20.867755102040828,22.0,16.812040816326547,0.047515,5.102285824000001,20.85062938723509
52,2021-12-20 12:30:31.315685376,20.857777777777788,22.0,16.66,0.03509,5.218187264000001,20.850792148514447
53,2021-12-20 12:30:31.464638464,20.96938775510205,22.0,16.634285714285706,0.040691,5.367140352000001,20.851086230477975
54,2021-12-20 12:30:31.560091648,20.909999999999997,22.0,16.639999999999997,0.041091,5.462593536000001,20.851510278726764
55,2021-12-20 12:30:31.610986496,20.86970588235295,22.0,16.68,0.045706,5.513488384000001,20.852062825875485
56,2021-12-20 12:30:31.699026688,20.85244897959185,22.0,16.86040816326533,0.044691,5.6015285760000015,20.852742295501454
57,2021-12-20 12:30:31.798543360,20.906136363636374,22.0,16.806363636363645,0.039149,5.701045248000002,20.853547006196074
58,2021-12-20 12:30:31.908088064,20.857551020408174,22.0,16.89326530612246,0.041308,5.810589952000002,20.854475175708014
59,2021-12-20 12:30:32.008580608,20.896666666666675,22.0,16.87444444444443,0.046279,5.9110824960000015,20.855524925167458
60,2021-12-20 12:30:32.099024640,20.860208333333343,22.0,16.792916666666653,0.04194,6.001526528000001,20.856694283380936
61,2021-12-20 12:30:32.198581504,20.924444444444454,22.0,16.812000000000015,0.041553,6.101083392000001,20.85798119118637
62,2021-12-20 12:30:32.326673664,20.90346938775511,22.0,16.978163265306137,0.032856,6.229175552000001,20.859383505858222
63,2021-12-20 12:30:32.476864000,20.893043478260882,22.0,17.082173913043484,0.038314,6.379365888000001,20.860899005552785
64,2021-12-20 12:30:32.537716736,20.907875905797113,22.0,16.992545289855073,0.041316,6.440218624000001,20.862525393783876
65,2021-12-20 12:30:32.598559232,20.922708333333343,22.0,16.90291666666666,0.041707,6.501061120000001,20.86426030391956
66,2021-12-20 12:30:32.701827584,20.91750000000001,22.0,16.922499999999985,0.042838,6.604329472000001,20.866101303690662
67,2021-12-20 12:30:32.811332096,20.9688888888889,22.0,16.943333333333346,0.043715,6.713833984000001,20.868045899702217
68,2021-12-20 12:30:32.941566720,20.908571428571438,22.0,17.10306122448981,0.037404,6.844068608000001,20.870091541939367
69,2021-12-20 12:30:33.029093888,20.913333333333334,22.0,17.206666666666663,0.044041,6.931595776000001,20.87223562825947
70,2021-12-20 12:30:33.097801984,20.928979591836743,22.0,17.101632653061216,0.043008,7.000303872000001,20.874475508862627
71,2021-12-20 12:30:33.199048704,20.95826086956523,22.0,17.036956521739118,0.043653,7.101550592000001,20.876808490733154
72,2021-12-20 12:30:33.314035200,20.887608695652183,22.0,17.196086956521732,0.055068,7.216537088000001,20.879231842044838
73,2021-12-20 12:30:33.455585280,20.913673469387764,22.0,17.175714285714296,0.04544,7.358087168000001,20.88174279652325
74,2021-12-20 12:30:33.538053120,20.76571428571429,22.0,17.161428571428573,0.041995,7.4405550080000005,20.884338557758753
75,2021-12-20 12:30:33.597678592,20.923877551020418,22.0,17.22428571428571,0.044734,7.50018048,20.887016303464243
76,2021-12-20 12:30:33.702616832,20.867346938775523,22.0,17.262653061224487,0.04835,7.60511872,20.889773189671875
77,2021-12-20 12:30:33.816999680,20.881162790697683,22.0,17.3920930232558,0.047768,7.719501568,20.892606354863567
78,2021-12-20 12:30:33.953490432,20.91229166666668,22.0,17.41562499999998,0.043195,7.85599232,20.89551292403034
79,2021-12-20 12:30:34.038995968,20.98,22.0,17.430000000000003,0.051795,7.941497856000001,20.898490012655873
80,2021-12-20 12:30:34.099174656,20.871304347826097,22.0,17.360434782608706,0.043508,8.001676544,20.90153473062007
81,2021-12-20 12:30:34.200883968,20.923877551020418,22.0,17.37714285714285,0.05355,8.103385856000001,20.904644186018633
82,2021-12-20 12:30:34.309412864,20.92767441860466,22.0,17.415116279069753,0.046994,8.211914752,20.907815488895135
83,2021-12-20 12:30:34.440864512,20.959591836734702,22.0,17.427142857142872,0.048163,8.3433664,20.911045754882352
84,2021-12-20 12:30:34.529789952,20.978461538461538,22.0,17.319999999999997,0.040617,8.432291840000001,20.914332108749853
85,2021-12-20 12:30:34.597079808,20.969583333333343,22.0,17.35916666666667,0.046551,8.499581696000002,20.917671687855236
86,2021-12-20 12:30:34.700448768,20.888163265306133,22.0,17.378979591836732,0.051587,8.602950656,20.921061645496724
87,2021-12-20 12:30:34.808273664,20.896666666666675,22.0,17.39999999999999,0.052388,8.710775552000001,20.92449915416507
88,2021-12-20 12:30:34.938095872,20.949387755102048,22.0,17.418571428571415,0.046123,8.840597760000001,20.927981408693025
89,2021-12-20 12:30:35.028851712,20.913333333333334,22.0,17.434000000000005,0.048353,8.931353600000001,20.931505629300915
90,2021-12-20 12:30:35.097751040,20.94354166666668,22.0,17.548958333333346,0.050569,9.000252928000002,20.93506906453706
91,2021-12-20 12:30:35.201602816,20.969795918367357,22.0,17.61857142857143,0.048204,9.104104704000003,20.938668994112138
92,2021-12-20 12:30:35.323006208,20.946666666666676,22.0,17.498444444444445,0.045357,9.225508096000002,20.942302731626715
93,2021-12-20 12:30:35.472542720,20.964693877551028,22.0,17.601836734693872,0.054164,9.375044608000001,20.94596762719138
94,2021-12-20 12:30:35.560039680,20.813333333333336,22.0,17.76,0.046415,9.462541568,20.949661069939076
95,2021-12-20 12:30:35.608158720,20.940526315789484,22.0,17.569473684210532,0.046212,9.510660608,20.95338049042948
96,2021-12-20 12:30:35.701569792,20.875833333333343,22.0,17.66333333333334,0.04459,9.60407168,20.957123362945474
97,2021-12-20 12:30:35.805814016,20.9188888888889,22.0,17.837111111111113,0.048521,9.708315904,20.960887207681775
98,2021-12-20 12:30:35.927810816,20.980000000000008,22.0,17.784693877551017,0.048115,9.830312704,20.964669592826013
99,2021-12-20 12:30:36.020839936,21.012727272727275,22.0,17.652727272727272,0.044249,9.923341824000001,20.968468136532582
100,2021-12-20 12:30:36.098982656,20.974489795918377,22.0,17.676122448979612,0.047573,10.001484544000002,20.97228050878981
101,2021-12-20 12:30:36.199877376,20.97400000000001,22.0,17.694888888888904,0.046535,10.102379264000001,20.97610443318103
102,2021-12-20 12:30:36.319017728,20.96375000000001,22.0,17.71583333333334,0.051687,10.221519616000002,20.979937688540154
103,2021-12-20 12:30:36.462519296,20.98000000000001,22.0,17.73510638297873,0.050306,10.365021184000001,20.98377811050269
104,2021-12-20 12:30:36.538439168,20.98,22.0,17.77,0.045787,10.440941056000002,20.98762359295294
105,2021-12-20 12:30:36.598587904,21.004489795918378,22.0,17.71285714285715,0.045478,10.501089792000002,20.991472089368333
106,2021-12-20 12:30:36.696203520,21.00857142857144,22.0,17.61166666666668,0.045864,10.598705408000002,20.99532161406196
107,2021-12-20 12:30:36.834796544,20.999591836734705,22.0,17.822857142857156,0.044805,10.737298432000003,20.999170243324365
108,2021-12-20 12:30:37.013401344,21.001333333333346,22.0,17.783333333333335,0.045365,10.915903232000003,21.003016116465755
109,2021-12-20 12:30:37.067545088,21.000666666666675,22.0,17.83208333333333,0.043566,10.970046976000003,21.00685743675985
110,2021-12-20 12:30:37.121688832,21.000000000000004,22.0,17.880833333333328,0.043751,11.024190720000002,21.0106924722906
111,2021-12-20 12:30:37.200083200,21.028979591836745,22.0,17.894489795918354,0.050413,11.102585088000001,21.014519556703117
112,2021-12-20 12:30:37.301470720,21.034545454545466,22.0,17.914999999999992,0.046112,11.203972608,21.018337089860168
113,2021-12-20 12:30:37.421757696,21.004489795918378,22.0,17.93448979591837,0.059367,11.324259584,21.022143538405544
114,2021-12-20 12:30:37.522441216,20.980000000000004,22.0,17.949999999999992,0.057149,11.424943104,21.025937436235775
115,2021-12-20 12:30:37.601760768,21.03023255813955,22.0,17.97465116279071,0.049805,11.504262656,21.02971738488161
116,2021-12-20 12:30:37.701991680,21.004489795918378,22.0,17.993265306122453,0.046685,11.604493568,21.033482053800686
117,2021-12-20 12:30:37.819291392,21.01200000000001,22.0,17.98199999999999,0.045377,11.72179328,21.037230180582835
118,2021-12-20 12:30:37.964844800,21.004489795918378,22.0,17.825510204081617,0.045709,11.867346688,21.040960571069498
119,2021-12-20 12:30:38.050229504,21.060000000000002,22.0,18.05,0.049086,11.952731392,21.04467209938866
120,2021-12-20 12:30:38.103116032,21.052558139534895,22.0,18.070000000000014,0.054821,12.00561792,21.04836370790681
121,2021-12-20 12:30:38.201868288,21.03387755102042,22.0,18.085714285714293,0.049502,12.104370176,21.052034407099352
122,2021-12-20 12:30:38.318111744,21.081333333333347,22.0,17.885555555555552,0.048258,12.220613632,21.05568327534094
123,2021-12-20 12:30:38.463142144,21.014285714285723,22.0,18.12551020408163,0.045218,12.365644031999999,21.059309458617072
124,2021-12-20 12:30:38.548265472,21.020000000000003,22.0,17.91,0.045692,12.450767359999999,21.06291217015846
125,2021-12-20 12:30:38.602610432,21.078181818181832,22.0,18.16045454545454,0.050076,12.505112319999999,21.06649068999958
126,2021-12-20 12:30:38.703454720,21.08775510204083,22.0,18.18040816326529,0.046037,12.605956607999998,21.070044364462813
127,2021-12-20 12:30:38.819919616,21.050909090909105,22.0,18.200000000000014,0.038298,12.722421503999998,21.073572605569588
128,2021-12-20 12:30:38.964517376,21.11714285714287,22.0,17.998571428571434,0.04315,12.867019263999998,21.07707489037997
129,2021-12-20 12:30:39.050213888,21.22,22.0,18.003333333333334,0.04498,12.952715775999998,21.080550760262096
130,2021-12-20 12:30:39.103090432,21.052558139534895,22.0,18.029999999999983,0.048041,13.005592319999998,21.083999820092885
131,2021-12-20 12:30:39.201872896,21.028979591836745,22.0,18.24061224489795,0.04345,13.104374783999997,21.0874217373914
132,2021-12-20 12:30:39.318468352,21.120869565217408,22.0,18.288260869565207,0.043562,13.220970239999998,21.090816241386392
133,2021-12-20 12:30:39.460551680,21.075000000000014,22.0,18.307499999999976,0.045086,13.363053567999998,21.09418312201944
134,2021-12-20 12:30:39.542426112,21.06,22.0,18.31,0.052839,13.444927999999997,21.09752222888512
135,2021-12-20 12:30:39.600110336,21.1076595744681,22.0,18.117021276595747,0.036392,13.502612223999998,21.100833470109716
136,2021-12-20 12:30:39.704716544,21.092653061224503,22.0,18.136326530612234,0.045418,13.607218431999998,21.10411681116996
137,2021-12-20 12:30:39.822639872,21.10545454545456,22.0,18.149090909090894,0.047697,13.725141759999998,21.10737227365318
138,2021-12-20 12:30:39.964572416,21.082857142857154,22.0,18.35408163265305,0.045507,13.867074303999997,21.11059993396047
139,2021-12-20 12:30:40.043942144,20.98,22.0,18.4,0.042372,13.946444031999997,21.113799921954243
140,2021-12-20 12:30:40.099051520,21.13183673469389,22.0,18.242857142857158,0.042814,14.001553407999998,21.116972419551768
141,2021-12-20 12:30:40.203134720,21.16382978723406,22.0,18.214893617021293,0.043668,14.105636607999998,21.120117659266096
142,2021-12-20 12:30:40.327565824,21.156000000000017,22.0,18.23644444444445,0.04108,14.230067711999997,21.12323592269589
143,2021-12-20 12:30:40.486878976,21.122040816326546,22.0,18.255102040816322,0.045542,14.389380863999996,21.126327538965747
144,2021-12-20 12:30:40.573299712,20.98,22.0,18.26,0.039406,14.475801599999997,21.129392883118488
145,2021-12-20 12:30:40.611138816,21.1377142857143,22.0,18.519999999999992,0.031314,14.513640703999997,21.132432374461004
146,2021-12-20 12:30:40.700456448,21.07795918367348,22.0,18.365714285714265,0.039227,14.602958335999997,21.135446474865248
147,2021-12-20 12:30:40.806088704,21.17090909090911,22.0,18.324545454545465,0.0335,14.708590591999997,21.138435687025968
148,2021-12-20 12:30:40.937318912,21.1857142857143,22.0,18.33714285714286,0.032451,14.839820799999996,21.14140055267686
149,2021-12-20 12:30:41.028950016,21.220000000000006,22.0,18.341333333333335,0.03885,14.931451903999996,21.144341650766876
150,2021-12-20 12:30:41.099699968,21.22000000000002,22.0,18.36729166666667,0.036427,15.002201855999996,21.14725959559857
151,2021-12-20 12:30:41.203290112,21.150000000000016,22.0,18.38416666666666,0.03141,15.105791999999996,21.150155034930297
152,2021-12-20 12:30:41.320931840,21.118666666666684,22.0,18.565999999999995,0.029506,15.223433727999996,21.153028648044316
153,2021-12-20 12:30:41.463910400,21.1857142857143,22.0,18.488571428571415,0.032644,15.366412287999996,21.15588114378286
154,2021-12-20 12:30:41.542777344,21.22,22.0,18.43,0.03679,15.445279231999995,21.158713258554386
155,2021-12-20 12:30:41.599385344,21.21020408163267,22.0,18.453469387755113,0.032283,15.501887231999996,21.161525754312372
156,2021-12-20 12:30:41.701306112,21.17200000000002,22.0,18.466444444444463,0.03427,15.603807999999995,21.164319416509137
157,2021-12-20 12:30:41.820054016,21.176363636363654,22.0,18.48454545454546,0.033298,15.722555903999995,21.167095052027314
158,2021-12-20 12:30:41.973774848,21.205306122449,22.0,18.4965306122449,0.026674,15.876276735999994,21.16985348709163
159,2021-12-20 12:30:42.059692800,21.22,22.0,18.5,0.042327,15.962194687999995,21.172595565163906
160,2021-12-20 12:30:42.106161920,21.173170731707334,22.0,18.527317073170714,0.03376,16.008663807999994,21.175322144824296
161,2021-12-20 12:30:42.203264768,21.18081632653063,22.0,18.542244897959165,0.038783,16.105766655999993,21.178034097641916
162,2021-12-20 12:30:42.313915904,21.18822222222224,22.0,18.56333333333335,0.043426,16.216417791999994,21.180732306038134
163,2021-12-20 12:30:42.444975360,21.22000000000002,22.0,18.57604166666668,0.04306,16.347477247999993,21.18341766114595
164,2021-12-20 12:30:42.531235072,21.220000000000002,22.0,18.587142857142855,0.026745,16.433736959999994,21.18609106066895
165,2021-12-20 12:30:42.598977792,21.22061224489798,22.0,18.60591836734695,0.037096,16.501479679999992,21.188753406743476
166,2021-12-20 12:30:42.697217024,21.169767441860483,22.0,18.74372093023257,0.040218,16.599718911999993,21.191405603807716
167,2021-12-20 12:30:42.824745984,21.205306122449,22.0,18.72979591836734,0.032067,16.727247871999992,21.19404855648156
168,2021-12-20 12:30:42.985748992,21.204347826086977,22.0,18.651304347826077,0.043328,16.888250879999994,21.1966831674612
169,2021-12-20 12:30:43.045666048,21.20339342523862,22.0,18.67248144220573,0.036485,16.948167935999994,21.199310335432394
170,2021-12-20 12:30:43.105583360,21.202439024390262,22.0,18.693658536585378,0.040331,17.008085247999993,21.20193095300653
171,2021-12-20 12:30:43.203621376,21.19551020408165,22.0,18.705714285714297,0.042915,17.106123263999994,21.20454590468356
172,2021-12-20 12:30:43.312633088,21.22000000000002,22.0,18.72365853658538,0.036077,17.215134975999995,21.207156064845943
173,2021-12-20 12:30:43.449737472,21.220000000000017,22.0,18.73571428571429,0.037403,17.352239359999995,21.2097622957878
174,2021-12-20 12:30:43.543158784,21.22,22.0,18.740000000000002,0.037296,17.445660671999995,21.21236544578346
175,2021-12-20 12:30:43.604011520,21.22000000000002,22.0,18.766190476190463,0.036697,17.506513407999996,21.21496634719958
176,2021-12-20 12:30:43.701737728,21.220000000000017,22.0,18.78061224489794,0.039185,17.604239615999997,21.21756581465509
177,2021-12-20 12:30:43.815647744,21.231627906976765,22.0,18.802093023255797,0.031945,17.718149631999996,21.22016464323296
178,2021-12-20 12:30:43.961754368,21.235306122448996,22.0,18.815306122449,0.032943,17.864256255999997,21.22276360674809
179,2021-12-20 12:30:44.054250496,21.22,22.0,18.819999999999997,0.036695,17.956752383999998,21.225363456075225
180,2021-12-20 12:30:44.107991808,21.23282051282053,22.0,18.846666666666682,0.038102,18.010493695999997,21.227964917540962
181,2021-12-20 12:30:44.201865728,21.21083333333335,22.0,18.860416666666673,0.03216,18.104367615999998,21.23056869138369
182,2021-12-20 12:30:44.308443392,21.21511111111113,22.0,18.875555555555554,0.029853,18.210945279999997,21.23317545028535
183,2021-12-20 12:30:44.435569920,21.220000000000017,22.0,18.890204081632643,0.036053,18.338071808,21.235785837978618
184,2021-12-20 12:30:44.526305792,21.22000000000001,22.0,18.904210526315797,0.036487,18.42880768,21.23840046793315
185,2021-12-20 12:30:44.600385024,21.205306122449,22.0,18.919387755102026,0.037328,18.502886911999997,21.241019922124213
186,2021-12-20 12:30:44.695798016,21.23282051282053,22.0,18.93564102564104,0.032826,18.598299903999997,21.243644749886975
187,2021-12-20 12:30:44.814445568,21.236304347826106,22.0,18.954347826086966,0.042248,18.716947455999996,21.246275466859505
188,2021-12-20 12:30:44.977942784,21.24551020408165,22.0,18.968163265306124,0.02887,18.880444671999996,21.24891255401734
189,2021-12-20 12:30:45.064001536,21.22,22.0,18.98,0.031546,18.966503423999995,21.251556456802398
190,2021-12-20 12:30:45.106487808,21.23250000000002,22.0,18.884999999999987,0.034512,19.008989695999997,21.254207584348585
191,2021-12-20 12:30:45.203459584,21.296530612244915,22.0,18.877959183673454,0.029637,19.105961471999997,21.25686630880642
192,2021-12-20 12:30:45.307924992,21.23973684210528,22.0,19.025263157894724,0.032096,19.210426879999996,21.259532964768617
193,2021-12-20 12:30:45.440804864,21.246041666666688,22.0,19.03708333333331,0.032257,19.343306751999997,21.262207848798425
194,2021-12-20 12:30:45.542071808,21.264117647058832,22.0,19.050000000000004,0.029525,19.444573695999996,21.264891219062235
195,2021-12-20 12:30:45.608406016,21.227179487179505,22.0,19.073846153846162,0.025856,19.510907903999996,21.267583295067773
196,2021-12-20 12:30:45.704271616,21.27612244897961,22.0,19.021632653061232,0.031675,19.606773503999996,21.27028425750887
197,2021-12-20 12:30:45.814077952,21.25333333333335,22.0,18.932222222222233,0.029056,19.716579839999994,21.27299424821752
198,2021-12-20 12:30:45.944785408,21.23020408163267,22.0,19.1126530612245,0.034111,19.847287295999994,21.27571337022367
199,2021-12-20 12:30:46.030803712,21.29692307692308,22.0,19.124615384615385,0.033154,19.933305599999994,21.27844168792296
200,2021-12-20 12:30:46.098546432,21.30673469387757,22.0,19.142448979591823,0.028753,20.00104831999999,21.281179227352276
201,2021-12-20 12:30:46.200416512,21.23111111111113,22.0,19.153111111111095,0.027124,20.102918399999993,21.283925976572764
202,2021-12-20 12:30:46.330490368,21.286326530612264,22.0,19.174489795918376,0.030989,20.232992255999992,21.286681886159617
203,2021-12-20 12:30:46.490940160,21.268913043478282,22.0,19.1517391304348,0.030457,20.393442047999994,21.28944686979763
204,2021-12-20 12:30:46.549569792,21.286123188405817,22.0,19.067151616499455,0.031584,20.452071679999992,21.29222080498122
205,2021-12-20 12:30:46.608199424,21.303333333333352,22.0,18.98256410256411,0.027574,20.51070131199999,21.295003533817383
206,2021-12-20 12:30:46.703612416,21.316938775510224,22.0,18.994081632653064,0.027957,20.60611430399999,21.29779486392971
207,2021-12-20 12:30:46.812453120,21.297380952380973,22.0,19.06714285714285,0.028256,20.71495500799999,21.300594569461254
208,2021-12-20 12:30:46.950674176,21.27612244897961,22.0,19.252040816326527,0.036773,20.85317606399999,21.303402392173744
209,2021-12-20 12:30:47.045624320,21.316153846153846,22.0,19.259999999999998,0.025507,20.948126207999987,21.306218042640435
210,2021-12-20 12:30:47.106949632,21.26268292682929,22.0,19.274390243902424,0.032471,21.00945151999999,21.309041201529453
211,2021-12-20 12:30:47.202493184,21.324166666666688,22.0,19.29333333333332,0.032296,21.104995071999987,21.311871520974318
212,2021-12-20 12:30:47.311585280,21.271136363636383,22.0,19.269999999999996,0.024895,21.21408716799999,21.31470862602789
213,2021-12-20 12:30:47.447794688,21.29142857142859,22.0,19.120612244897966,0.02895,21.350296575999987,21.317552116195873
214,2021-12-20 12:30:47.534728448,21.22,22.0,19.34,0.032394,21.43723033599999,21.32040156704556
215,2021-12-20 12:30:47.600036864,21.29142857142859,22.0,19.351224489795932,0.034704,21.50253875199999,21.323256531885256
216,2021-12-20 12:30:47.704130048,21.315744680851083,22.0,19.342127659574476,0.031797,21.60663193599999,21.326116543509503
217,2021-12-20 12:30:47.820474112,21.297777777777796,22.0,19.17666666666665,0.033981,21.72297599999999,21.32898111600502
218,2021-12-20 12:30:47.960958208,21.261666666666688,22.0,19.391666666666655,0.028336,21.86346009599999,21.331849746611912
219,2021-12-20 12:30:48.040559616,21.30333333333333,22.0,19.415000000000003,0.027685,21.94306150399999,21.33472191763445
220,2021-12-20 12:30:48.099269632,21.311836734693895,22.0,19.42163265306122,0.030805,22.001771519999988,21.337597098395563
221,2021-12-20 12:30:48.199601152,21.299545454545473,22.0,19.440000000000023,0.02749,22.10210303999999,21.34047474722883
222,2021-12-20 12:30:48.320944128,21.32937500000002,22.0,19.436875000000015,0.03337,22.22344601599999,21.3433543135016
223,2021-12-20 12:30:48.474051328,21.334583333333352,22.0,19.250000000000007,0.023602,22.37655321599999,21.346235239662683
224,2021-12-20 12:30:48.537136896,21.318958333333352,22.0,19.144999999999996,0.026176,22.439638783999992,21.349116963307747
225,2021-12-20 12:30:48.600222464,21.303333333333352,22.0,19.03999999999998,0.030743,22.502724351999994,21.35199891925562
226,2021-12-20 12:30:48.704788480,21.28250000000002,22.0,19.509999999999994,0.032333,22.607290367999994,21.354880541628297
227,2021-12-20 12:30:48.821997568,21.34222222222224,22.0,19.5151111111111,0.022545,22.724499455999993,21.35776126592751
228,2021-12-20 12:30:48.963004672,21.281224489795935,22.0,19.300204081632636,0.022924,22.865506559999993,21.360640531100664
229,2021-12-20 12:30:49.042646272,21.386666666666667,22.0,19.351666666666667,0.018751,22.94514815999999,21.36351778158876
230,2021-12-20 12:30:49.100048896,21.391875000000017,22.0,19.559999999999977,0.028426,23.002550783999993,21.36639246934898
231,2021-12-20 12:30:49.198821120,21.413181818181837,22.0,19.340000000000007,0.029715,23.101323007999994,21.36926405584457
232,2021-12-20 12:30:49.328261120,21.41680851063832,22.0,19.350000000000016,0.030608,23.230763007999993,21.372132013994825
233,2021-12-20 12:30:49.502078464,21.454693877551037,22.0,19.359795918367357,0.024629,23.404580351999993,21.37499583007793
234,2021-12-20 12:30:49.560728320,21.440795214637596,22.0,19.369897959183678,0.031463,23.46323020799999,21.377855005579562
235,2021-12-20 12:30:49.619378176,21.426896551724152,22.0,19.38,0.029991,23.52188006399999,21.380709058980344
236,2021-12-20 12:30:49.702831616,21.365833333333352,22.0,19.398749999999986,0.025311,23.60533350399999,21.383557527475364
237,2021-12-20 12:30:49.804862976,21.397777777777797,22.0,19.40866666666666,0.023786,23.70736486399999,21.386399968619333
238,2021-12-20 12:30:49.920271616,21.403673469387773,22.0,19.41877551020407,0.018376,23.82277350399999,21.389235961891075
239,2021-12-20 12:30:50.016962048,21.3493103448276,22.0,19.427931034482757,0.025446,23.91946393599999,21.392065110171337
240,2021-12-20 12:30:50.102386944,21.434285714285732,22.0,19.438775510204106,0.029351,24.00488883199999,21.39488704112821
241,2021-12-20 12:30:50.199891968,21.40902439024392,22.0,19.448536585365865,0.019789,24.10239385599999,21.397701408504794
242,2021-12-20 12:30:50.335638528,21.443958333333352,22.0,19.458750000000013,0.017847,24.23814041599999,21.40050789330412
243,2021-12-20 12:30:50.513730560,21.453695652173934,22.0,19.468260869565235,0.026449,24.416232447999988,21.403306204866674
244,2021-12-20 12:30:50.568900352,21.461847826086974,22.0,19.47913043478262,0.027137,24.47140223999999,21.406096081836168
245,2021-12-20 12:30:50.624069888,21.470000000000013,22.0,19.490000000000006,0.019808,24.52657177599999,21.408877293009773
246,2021-12-20 12:30:50.703590656,21.470000000000017,22.0,19.506734693877544,0.021301,24.60609254399999,21.411649638069335
247,2021-12-20 12:30:50.803449344,21.47000000000002,22.0,19.518095238095228,0.022591,24.70595123199999,21.414412948190577
248,2021-12-20 12:30:50.916504576,21.470000000000017,22.0,19.528333333333315,0.020081,24.81900646399999,21.41716708652774
249,2021-12-20 12:30:51.016584448,21.470000000000017,22.0,19.536551724137937,0.021931,24.91908633599999,21.419911948571656
250,2021-12-20 12:30:51.101556736,21.437391304347845,22.0,19.54847826086955,0.021825,25.00405862399999,21.42264746237971
251,2021-12-20 12:30:51.204050688,21.470000000000017,22.0,19.557959183673443,0.023898,25.106552575999988,21.42537358867657
252,2021-12-20 12:30:51.319730944,21.414444444444463,22.0,19.76266666666665,0.020793,25.22223283199999,21.428090320825127
253,2021-12-20 12:30:51.457690368,21.470000000000017,22.0,19.624897959183688,0.028066,25.36019225599999,21.430797684667592
254,2021-12-20 12:30:51.538589184,21.47,22.0,19.592499999999998,0.016323,25.441091071999992,21.433495738237127
255,2021-12-20 12:30:51.599572480,21.470000000000017,22.0,19.607755102040827,0.023929,25.50207436799999,21.436184571340913
256,2021-12-20 12:30:51.697751552,21.47000000000002,22.0,19.617380952380955,0.017035,25.600253439999992,21.438864305016047
257,2021-12-20 12:30:51.822393856,21.470000000000017,22.0,19.627916666666664,0.015054,25.724895743999994,21.441535090860164
258,2021-12-20 12:30:51.986605312,21.470000000000017,22.0,19.637708333333325,0.012702,25.889107199999994,21.444197110239156
259,2021-12-20 12:30:52.047307008,21.476410256410276,22.0,19.648213141025636,0.021776,25.949808895999993,21.446850573374793
260,2021-12-20 12:30:52.107998720,21.48282051282053,22.0,19.658717948717946,0.01921,26.010500607999994,21.44949571831555
261,2021-12-20 12:30:52.202948864,21.490408163265325,22.0,19.66693877551019,0.011914,26.105450751999992,21.45213280979434
262,2021-12-20 12:30:52.311517952,21.47581395348839,22.0,19.67790697674417,0.02208,26.21401983999999,21.454762137977266
263,2021-12-20 12:30:52.446510336,21.470000000000017,22.0,19.686938775510228,0.013242,26.349012223999992,21.45738401710799
264,2021-12-20 12:30:52.536733184,21.5325,22.0,19.69,0.018003,26.439235071999992,21.459998784052722
265,2021-12-20 12:30:52.601548544,21.464565217391325,22.0,19.707391304347833,0.020033,26.504050431999993,21.462606796751153
266,2021-12-20 12:30:52.702966272,21.475208333333352,22.0,19.71687500000002,0.020079,26.605468159999994,21.46520843257904
267,2021-12-20 12:30:52.816061696,21.458888888888907,22.0,19.727333333333345,0.007611,26.718563583999995,21.467804086628455
268,2021-12-20 12:30:52.951929088,21.470000000000017,22.0,19.736530612244902,0.011727,26.854430975999996,21.47039416991214
269,2021-12-20 12:30:53.036569344,21.511666666666667,22.0,19.75333333333333,0.011436,26.939071231999996,21.47297910749855
270,2021-12-20 12:30:53.101716992,21.515918367346956,22.0,19.766530612244885,0.010372,27.004218879999996,21.47555933658449
271,2021-12-20 12:30:53.201575680,21.47000000000002,22.0,19.776136363636347,0.018892,27.104077567999997,21.478135304512517
272,2021-12-20 12:30:53.327293952,21.475208333333352,22.0,19.786458333333318,0.010002,27.229795839999998,21.48070746674049
273,2021-12-20 12:30:53.471469568,21.481627906976765,22.0,19.795813953488356,0.00819,27.373971455999996,21.48327628477079
274,2021-12-20 12:30:53.542330112,21.52,22.0,19.81,0.006827,27.444831999999995,21.485842224046923
275,2021-12-20 12:30:53.600879360,21.485306122448996,22.0,19.815918367346963,0.007693,27.503381247999993,21.48840575182537
276,2021-12-20 12:30:53.699540992,21.499761904761925,22.0,19.704761904761913,0.016233,27.602042879999992,21.49096733503047
277,2021-12-20 12:30:53.823650304,21.480416666666684,22.0,19.74500000000001,0.011819,27.726152191999994,21.493527438100458
278,2021-12-20 12:30:53.986332928,21.480416666666684,22.0,19.845833333333342,0.005757,27.888834815999992,21.49608652083259
279,2021-12-20 12:30:54.047416832,21.475208333333352,22.0,19.856416666666675,0.009835,27.949918719999992,21.498645036235395
280,2021-12-20 12:30:54.108500736,21.47000000000002,22.0,19.867000000000004,0.012098,28.011002623999993,21.50120342839605
281,2021-12-20 12:30:54.205442560,21.49551020408165,22.0,19.875714285714285,0.001173,28.107944447999994,21.503762130370827
282,2021-12-20 12:30:54.312935424,21.48219512195124,22.0,19.886829268292676,0.014408,28.215437311999995,21.50632156210646
283,2021-12-20 12:30:54.446992384,21.490408163265325,22.0,19.89571428571427,0.009442,28.349494271999994,21.508882128400074
284,2021-12-20 12:30:54.539991296,21.50846153846154,22.0,19.900000000000002,-0.002377,28.442493183999993,21.511444216905275
285,2021-12-20 12:30:54.603971840,21.504883720930252,22.0,19.91627906976743,0.002143,28.506473727999992,21.514008196191792
286,2021-12-20 12:30:54.704695552,21.51081632653063,22.0,19.925510204081615,0.006829,28.607197439999993,21.516574413865868
287,2021-12-20 12:30:54.819209216,21.504883720930252,22.0,19.936279069767465,0.007521,28.721711103999993,21.519143194758335
288,2021-12-20 12:30:54.961634304,21.485306122448996,22.0,19.945510204081653,0.007602,28.864136191999993,21.521714839187013
289,2021-12-20 12:30:55.050137344,21.47,22.0,19.95,0.007785,28.952639231999992,21.524289621299847
290,2021-12-20 12:30:55.105236480,21.511666666666684,22.0,19.966190476190494,0.001571,29.00773836799999,21.526867787504933
291,2021-12-20 12:30:55.203425536,21.490408163265325,22.0,19.98061224489797,0.006797,29.10592742399999,21.52944955499317
292,2021-12-20 12:30:55.319176192,21.487441860465136,22.0,19.99604651162791,0.001984,29.22167807999999,21.53203511035897
293,2021-12-20 12:30:55.469617920,21.485306122448996,22.0,20.00489795918367,0.007014,29.37211980799999,21.534624608324034
294,2021-12-20 12:30:55.564869888,21.47,22.0,20.01,0.000335,29.46737177599999,21.53721817056892
295,2021-12-20 12:30:55.613763328,21.52882352941178,22.0,19.857647058823527,0.006035,29.51626521599999,21.539815884676536
296,2021-12-20 12:30:55.702678528,21.506458333333352,22.0,19.909791666666653,0.007034,29.60518041599999,21.542417803191427
297,2021-12-20 12:30:55.806158080,21.510697674418623,22.0,20.03999999999999,0.003344,29.70865996799999,21.5450239427983
298,2021-12-20 12:30:55.934069248,21.485306122448996,22.0,20.044897959183658,0.001997,29.83657113599999,21.547634283622685
299,2021-12-20 12:30:56.028929024,21.539444444444452,22.0,20.050000000000004,0.005864,29.93143091199999,21.550248768656193
300,2021-12-20 12:30:56.101791232,21.54608695652176,22.0,20.074782608695667,-0.001129,30.00429311999999,21.552867303308382
301,2021-12-20 12:30:56.204808192,21.49551020408165,22.0,20.084489795918376,0.007626,30.10731007999999,21.555489755086864
302,2021-12-20 12:30:56.318657792,21.50409090909093,22.0,20.094318181818185,0.009556,30.221159679999992,21.558115953406706
303,2021-12-20 12:30:56.453670144,21.48020408163267,22.0,20.10387755102042,0.010068,30.356172031999993,21.560745689529742
304,2021-12-20 12:30:56.537576448,21.515454545454546,22.0,20.11636363636364,0.004235,30.440078335999992,21.563378716634013
305,2021-12-20 12:30:56.602210816,21.612857142857163,22.0,20.03081632653061,-0.003432,30.504712703999992,21.566014750012993
306,2021-12-20 12:30:56.700812288,21.565238095238115,22.0,19.95547619047618,-0.002504,30.60331417599999,21.56865346740387
307,2021-12-20 12:30:56.834326016,21.561836734693895,22.0,20.14367346938774,0.009496,30.73682790399999,21.571294509443685
308,2021-12-20 12:30:57.003023360,21.525555555555574,22.0,20.153111111111095,0.007259,30.905525247999993,21.573937480251733
309,2021-12-20 12:30:57.059691776,21.539444444444463,22.0,20.164131313131303,-0.001292,30.962193663999994,21.576581948136113
310,2021-12-20 12:30:57.116350208,21.55333333333335,22.0,20.175151515151512,0.003548,31.018852095999993,21.579227446422063
311,2021-12-20 12:30:57.204400384,21.561836734693895,22.0,20.18326530612246,-0.002457,31.106902271999992,21.581873474399163
312,2021-12-20 12:30:57.309167360,21.586666666666687,22.0,20.118444444444464,0.008711,31.211669247999993,21.58451949838424
313,2021-12-20 12:30:57.432461824,21.551632653061244,22.0,20.031428571428584,0.004767,31.334963711999993,21.587164952896313
314,2021-12-20 12:30:57.524806912,21.600952380952393,22.0,20.1552380952381,0.000531,31.42730879999999,21.589809241939705
315,2021-12-20 12:30:57.600797440,21.584583333333352,22.0,20.04250000000001,-0.0003,31.50329932799999,21.592451740390988
316,2021-12-20 12:30:57.699469056,21.61534883720932,22.0,20.197906976744193,-0.002923,31.60197094399999,21.595091795485217
317,2021-12-20 12:30:57.823196160,21.629574468085128,22.0,20.002340425531912,-0.000536,31.72569804799999,21.597728728396604
318,2021-12-20 12:30:57.986401792,21.582244897959203,22.0,20.05897959183673,0.006015,31.88890367999999,21.60036183590851
319,2021-12-20 12:30:58.047998720,21.593430141287303,22.0,20.040515436944002,0.001204,31.95050060799999,21.60299039216744
320,2021-12-20 12:30:58.109605632,21.604615384615403,22.0,20.022051282051272,0.006868,32.012107519999994,21.605613650515345
321,2021-12-20 12:30:58.204847616,21.636666666666684,22.0,20.06499999999998,0.002718,32.10734950399999,21.608230845394505
322,2021-12-20 12:30:58.314010112,21.603720930232576,22.0,20.271627906976732,0.007433,32.216511999999994,21.61084119431906
323,2021-12-20 12:30:58.453055744,21.58734693877553,22.0,20.28142857142855,0.009081,32.35555763199999,21.61344389990702
324,2021-12-20 12:30:58.547684096,21.585384615384616,22.0,20.289999999999996,0.00211,32.450185983999994,21.616038151966503
325,2021-12-20 12:30:58.609160448,21.616341463414653,22.0,20.301707317073156,0.006485,32.51166233599999,21.618623129629842
326,2021-12-20 12:30:58.706263040,21.648571428571447,22.0,20.31142857142856,0.007793,32.60876492799999,21.621198003529024
327,2021-12-20 12:30:58.820887296,21.612857142857163,22.0,20.32119047619049,0.000944,32.72338918399999,21.623761938005945
328,2021-12-20 12:30:58.973743104,21.674081632653078,22.0,20.331020408163276,0.009341,32.87624499199999,21.626314093350874
329,2021-12-20 12:30:59.075100416,21.674545454545452,22.0,20.34,0.002279,32.97760230399999,21.628853628062462
330,2021-12-20 12:30:59.121277952,21.603928571428586,22.0,20.31071428571429,0.00105,33.02377983999999,21.631379701122594
331,2021-12-20 12:30:59.204761600,21.623061224489813,22.0,20.149591836734693,0.004916,33.10726348799999,21.633891474279526
332,2021-12-20 12:30:59.307557376,21.636666666666688,22.0,20.349555555555558,0.010492,33.21005926399999,21.636388114332636
333,2021-12-20 12:30:59.419928576,21.647083333333352,22.0,20.14062499999999,0.006915,33.322430463999986,21.63886879541218
334,2021-12-20 12:30:59.515069696,21.720000000000017,22.0,20.15099999999999,0.012752,33.41757158399999,21.64133270124764
335,2021-12-20 12:30:59.602063872,21.694489795918386,22.0,20.159999999999993,-0.005082,33.504565759999984,21.643779027418205
336,2021-12-20 12:30:59.698392064,21.687948717948736,22.0,20.159999999999997,0.009855,33.600893951999986,21.646206983579
337,2021-12-20 12:30:59.814565376,21.688085106383,22.0,20.17042553191488,0.005282,33.717067263999986,21.648615795657044
338,2021-12-20 12:30:59.970187008,21.628163265306142,22.0,20.17999999999998,-0.004927,33.872688895999985,21.65100470801076
339,2021-12-20 12:31:00.034982400,21.65112244897961,22.0,20.185000000000002,0.001988,33.937484287999986,21.6533729855472
340,2021-12-20 12:31:00.099778048,21.674081632653078,22.0,20.190000000000026,0.008356,34.00227993599999,21.65571991579129
341,2021-12-20 12:31:00.203368192,21.67212765957449,22.0,20.42999999999998,0.007888,34.10587007999999,21.658044810901526
342,2021-12-20 12:31:00.319631872,21.624255319148958,22.0,20.200000000000017,0.001206,34.22213375999999,21.660347009626737
343,2021-12-20 12:31:00.458466304,21.64346938775512,22.0,20.21000000000001,0.001687,34.360968191999994,21.662625879198796
344,2021-12-20 12:31:00.538852096,21.72,22.0,20.210000000000004,0.007464,34.441353983999996,21.664880817156313
345,2021-12-20 12:31:00.602812928,21.631458333333352,22.0,20.22000000000002,0.001303,34.505314815999995,21.667111253094564
346,2021-12-20 12:31:00.703969024,21.653333333333354,22.0,20.229777777777787,0.002533,34.60647091199999,21.669316650337144
347,2021-12-20 12:31:00.839755776,21.628163265306142,22.0,20.46020408163267,0.005444,34.74225766399999,21.671496507525067
348,2021-12-20 12:31:00.985208576,21.72000000000002,22.0,20.25179487179488,0.002196,34.887710463999994,21.673650360119204
349,2021-12-20 12:31:01.048002560,21.72,22.0,20.25,-0.000443,34.950504448,21.675777781812307
350,2021-12-20 12:31:01.101955072,21.704693877551037,22.0,20.25,0.010372,35.00445696,21.677878385847016
351,2021-12-20 12:31:01.204439040,21.676521739130454,22.0,20.25934782608695,-5e-06,35.106940928,21.679951826236554
352,2021-12-20 12:31:01.327693312,21.69159090909093,22.0,20.26999999999999,0.002274,35.2301952,21.681997798885092
353,2021-12-20 12:31:01.489219328,21.720000000000017,22.0,20.26999999999999,0.004149,35.391721216,21.68401604260501
354,2021-12-20 12:31:01.579522560,21.72,22.0,20.27,-0.002747,35.482024448,21.686006340028626
355,2021-12-20 12:31:01.617190656,21.720000000000017,22.0,20.279999999999983,-0.000599,35.519692543999994,21.687968518412248
356,2021-12-20 12:31:01.704798464,21.694489795918386,22.0,20.28897959183672,0.001221,35.607300351999996,21.68990245033071
357,2021-12-20 12:31:01.809947648,21.697777777777798,22.0,20.28999999999999,0.001769,35.712449535999994,21.69180805426082
358,2021-12-20 12:31:01.936500992,21.709795918367366,22.0,20.298775510204063,0.006588,35.839002879999995,21.693685295052514
359,2021-12-20 12:31:02.026673664,21.720000000000006,22.0,20.300000000000004,-0.00716,35.929175552,21.695534184286668
360,2021-12-20 12:31:02.100219648,21.720000000000017,22.0,20.308775510204057,0.005164,36.002721535999996,21.697354780519113
361,2021-12-20 12:31:02.203206400,21.72000000000002,22.0,20.318695652173933,-0.001731,36.105708287999995,21.699147189410425
362,2021-12-20 12:31:02.326702080,21.730416666666684,22.0,20.32000000000002,0.003826,36.22920396799999,21.70091156374157
363,2021-12-20 12:31:02.479296256,21.730416666666684,22.0,20.328750000000014,0.007669,36.381798143999994,21.70264810331571
364,2021-12-20 12:31:02.541164800,21.725208333333352,22.0,20.333831521739143,0.005259,36.44366668799999,21.704357054746747
365,2021-12-20 12:31:02.603033344,21.72000000000002,22.0,20.338913043478268,0.003228,36.50553523199999,21.706038711135577
366,2021-12-20 12:31:02.706523136,21.720000000000017,22.0,20.340000000000007,-0.004312,36.60902502399999,21.707693411635265
367,2021-12-20 12:31:02.826337280,21.72000000000002,22.0,20.349534883720946,0.002855,36.72883916799999,21.709321540906604
368,2021-12-20 12:31:02.976376832,21.720000000000017,22.0,20.358367346938785,0.00833,36.878878719999996,21.71092352846582
369,2021-12-20 12:31:03.064467200,21.72,22.0,20.36,-0.008093,36.966969088,21.71249984792654
370,2021-12-20 12:31:03.110906368,21.720000000000017,22.0,20.369736842105265,0.001818,37.013408256,21.714051016138338
371,2021-12-20 12:31:03.204780288,21.720000000000017,22.0,20.37,0.000673,37.107282176,21.715577592224374
372,2021-12-20 12:31:03.318690304,21.702558139534904,22.0,20.377906976744182,-0.002475,37.221192192,21.717080176520955
373,2021-12-20 12:31:03.473819136,21.720000000000017,22.0,20.38,0.000325,37.376321024,21.718559409422063
374,2021-12-20 12:31:03.579521792,21.720000000000002,22.0,20.38,0.000338,37.48202368,21.720015970132096
375,2021-12-20 12:31:03.624572672,21.720000000000013,22.0,20.39999999999999,0.007918,37.527074559999996,21.721450575330252
376,2021-12-20 12:31:03.702564608,21.73020408163267,22.0,20.399999999999984,0.000524,37.60506649599999,21.722863977750205
377,2021-12-20 12:31:03.802423296,21.72000000000002,22.0,20.406666666666663,-0.001327,37.70492518399999,21.724256964678897
378,2021-12-20 12:31:03.932919552,21.720000000000017,22.0,20.409999999999993,0.006363,37.83542143999999,21.725630356378442
379,2021-12-20 12:31:04.049223424,21.720000000000017,22.0,20.415000000000003,-0.000611,37.95172531199999,21.726985004435214
380,2021-12-20 12:31:04.120365568,21.720000000000017,22.0,20.420000000000005,-0.00255,38.02286745599999,21.72832179004044
381,2021-12-20 12:31:04.203849472,21.746041666666684,22.0,20.42687499999998,0.00511,38.10635135999999,21.72964162220666
382,2021-12-20 12:31:04.305921024,21.72000000000002,22.0,20.43644444444447,-0.001123,38.20842291199999,21.730945435924614
383,2021-12-20 12:31:04.421772288,21.735306122448996,22.0,20.440000000000026,0.004562,38.32427417599999,21.732234190265117
384,2021-12-20 12:31:04.517748480,21.73785714285716,22.0,20.444285714285716,0.006421,38.42025036799999,21.733508866430675
385,2021-12-20 12:31:04.601543936,21.720000000000017,22.0,20.450000000000017,-0.000164,38.50404582399999,21.73477046576161
386,2021-12-20 12:31:04.700286208,21.737441860465136,22.0,20.45627906976745,-0.005092,38.60278809599999,21.73602000770156
387,2021-12-20 12:31:04.825743104,21.730416666666684,22.0,20.46000000000001,0.000475,38.72824499199999,21.737258527727228
388,2021-12-20 12:31:04.977975296,21.73111111111113,22.0,20.46622222222224,-0.005561,38.88047718399999,21.73848707524737
389,2021-12-20 12:31:05.039894016,21.725555555555573,22.0,20.47127437641725,0.001226,38.942395903999994,21.739706711475957
390,2021-12-20 12:31:05.101812736,21.720000000000017,22.0,20.47632653061226,0.004357,39.004314623999996,21.74091850728455
391,2021-12-20 12:31:05.205372928,21.73063829787236,22.0,20.486170212765963,-0.006456,39.107874816,21.74212354103895
392,2021-12-20 12:31:05.320610560,21.747173913043497,22.0,20.490000000000006,0.003852,39.223112448,21.74332289642508
393,2021-12-20 12:31:05.457634560,21.720000000000017,22.0,20.49625,0.000841,39.360136448,21.74451766026912
394,2021-12-20 12:31:05.537758976,21.845,22.0,20.5,0.006671,39.440260863999995,21.745708920356847
395,2021-12-20 12:31:05.601387520,21.720000000000017,22.0,20.505918367346933,-0.0008,39.50388940799999,21.746897763257202
396,2021-12-20 12:31:05.699979008,21.77952380952383,22.0,20.509999999999994,0.00108,39.60248089599999,21.748085272154995
397,2021-12-20 12:31:05.832386048,21.74551020408165,22.0,20.515918367346927,-0.000216,39.734887935999986,21.74927252469757
398,2021-12-20 12:31:05.994877696,21.74840909090911,22.0,20.52545454545453,0.003476,39.897379583999985,21.750460590860293
399,2021-12-20 12:31:06.052401152,21.740783492822985,22.0,20.531411483253578,-0.009632,39.954903039999984,21.751650530835555
400,2021-12-20 12:31:06.109934336,21.73315789473686,22.0,20.537368421052623,-0.004961,40.012436223999984,21.752843392950016
401,2021-12-20 12:31:06.203788288,21.740408163265325,22.0,20.539999999999985,-0.004408,40.10629017599999,21.754040211614637
402,2021-12-20 12:31:06.313715200,21.725434782608716,22.0,20.54608695652172,-0.008957,40.216217087999986,21.755242005311988
403,2021-12-20 12:31:06.445177088,21.720000000000017,22.0,20.54999999999998,-0.00443,40.34767897599998,21.756449774625256
404,2021-12-20 12:31:06.533086464,21.753333333333337,22.0,20.553333333333335,-0.007464,40.43558835199998,21.757664500313147
405,2021-12-20 12:31:06.602870784,21.801632653061244,22.0,20.56571428571431,-0.006462,40.50537267199998,21.758887141434812
406,2021-12-20 12:31:06.701542656,21.767619047619068,22.0,20.450000000000014,-0.006165,40.604044543999976,21.76011863352877
407,2021-12-20 12:31:06.827643392,21.756458333333352,22.0,20.46541666666668,-0.003697,40.730145279999974,21.761359886849622
408,2021-12-20 12:31:06.994379520,21.756458333333352,22.0,20.580000000000016,-0.006631,40.89688140799997,21.76261178466625
409,2021-12-20 12:31:07.053984768,21.76253472222224,22.0,20.583611111111118,-0.003949,40.95648665599997,21.763875181624996
410,2021-12-20 12:31:07.113580288,21.768611111111127,22.0,20.587222222222223,-0.006417,41.01608217599997,21.76515090218113
411,2021-12-20 12:31:07.204859136,21.740408163265325,22.0,20.59000000000001,-0.00879,41.10736102399997,21.766439739101756
412,2021-12-20 12:31:07.311446784,21.755714285714305,22.0,20.59595238095239,-0.004582,41.21394867199997,21.767742452043077
413,2021-12-20 12:31:07.450220800,21.796530612244915,22.0,20.604693877551032,-0.008751,41.35272268799997,21.769059766204812
414,2021-12-20 12:31:07.550783488,21.720000000000006,22.0,20.610000000000007,-0.003083,41.45328537599997,21.770392371064286
415,2021-12-20 12:31:07.612833280,21.747027027027045,22.0,20.467027027027026,-0.010275,41.51533516799997,21.77174091919249
416,2021-12-20 12:31:07.705620736,21.76081632653063,22.0,20.384693877551015,-0.010904,41.608122623999975,21.77310602515428
417,2021-12-20 12:31:07.813938432,21.774347826086977,22.0,20.505,-0.002687,41.716440319999975,21.774488264494586
418,2021-12-20 12:31:07.939948544,21.720000000000017,22.0,20.62,-0.011031,41.84245043199998,21.77588817281221
419,2021-12-20 12:31:08.029004800,21.746315789473694,22.0,20.623684210526317,-0.007498,41.93150668799998,21.77730624492269
420,2021-12-20 12:31:08.103546624,21.750612244897976,22.0,20.63428571428571,-0.006514,42.00604851199998,21.778742934111378
421,2021-12-20 12:31:08.204803328,21.759772727272747,22.0,20.63999999999999,-0.007542,42.10730521599998,21.780198651477665
422,2021-12-20 12:31:08.329646848,21.77612244897961,22.0,20.541428571428554,-0.004389,42.23214873599998,21.781673765371067
423,2021-12-20 12:31:08.472021760,21.74906976744188,22.0,20.493720930232556,-0.004709,42.37452364799998,21.78316860091956
424,2021-12-20 12:31:08.542419712,21.886666666666667,22.0,20.42,-0.005664,42.44492159999998,21.784683439650323
425,2021-12-20 12:31:08.602055424,21.796530612244915,22.0,20.513061224489785,-0.00573,42.50455731199998,21.786218519202865
426,2021-12-20 12:31:08.699630848,21.805365853658557,22.0,20.659999999999993,-0.004142,42.60213273599998,21.787774033134237
427,2021-12-20 12:31:08.831414272,21.755714285714305,22.0,20.65999999999999,-0.010202,42.73391615999998,21.789350130815787
428,2021-12-20 12:31:09.008269056,21.74659574468087,22.0,20.663617021276583,-0.005758,42.91077094399998,21.79094691742075
429,2021-12-20 12:31:09.064857088,21.76570527974785,22.0,20.671808510638293,-0.014869,42.96735897599998,21.792564454001603
430,2021-12-20 12:31:09.121455104,21.78481481481483,22.0,20.68,-0.006786,43.02395699199998,21.79420275765599
431,2021-12-20 12:31:09.204677376,21.74551020408165,22.0,20.68367346938777,-0.009306,43.10717926399998,21.795861801779807
432,2021-12-20 12:31:09.305330432,21.761666666666684,22.0,20.690000000000023,-0.008647,43.20783231999998,21.79754151640577
433,2021-12-20 12:31:09.420125696,21.720000000000017,22.0,20.69367346938778,-0.005404,43.32262758399998,21.799241788625547
434,2021-12-20 12:31:09.518294528,21.75703703703705,22.0,20.7,-0.01158,43.42079641599998,21.8009624630934
435,2021-12-20 12:31:09.603639040,21.827142857142874,22.0,20.634285714285728,-0.004821,43.50614092799998,21.802703342609007
436,2021-12-20 12:31:09.706062592,21.786666666666687,22.0,20.47222222222224,-0.010809,43.60856447999998,21.80446418877701
437,2021-12-20 12:31:09.828260608,21.847906976744206,22.0,20.552558139534895,-0.013157,43.730762495999976,21.806244722740505
438,2021-12-20 12:31:09.991023872,21.76081632653063,22.0,20.72000000000002,-0.00929,43.893525759999974,21.808044625985634
439,2021-12-20 12:31:10.084696576,21.845,22.0,20.72,-0.00065,43.987198463999974,21.809863541214288
440,2021-12-20 12:31:10.121439488,21.81166666666668,22.0,20.620333333333342,-0.007407,44.023941375999975,21.81170107328174
441,2021-12-20 12:31:10.207085824,21.79142857142859,22.0,20.492653061224495,-0.002819,44.10958771199998,21.81355679019591
442,2021-12-20 12:31:10.306139904,21.828974358974378,22.0,20.5,-0.017179,44.20864179199998,21.815430224174843
443,2021-12-20 12:31:10.433517824,21.80673469387757,22.0,20.5,-0.009051,44.33601971199998,21.81732087275887
444,2021-12-20 12:31:10.544118784,21.740000000000013,22.0,20.5,-0.006513,44.44662067199998,21.8192281999739
445,2021-12-20 12:31:10.616146176,21.83428571428573,22.0,20.66457142857143,-0.017418,44.51864806399998,21.821151637542158
446,2021-12-20 12:31:10.705463808,21.842448979591854,22.0,20.55387755102041,-0.017838,44.60796569599998,21.823090586136708
447,2021-12-20 12:31:10.812262656,21.896136363636383,22.0,20.6825,-0.010879,44.714764543999976,21.825044416676022
448,2021-12-20 12:31:10.946731776,21.813750000000017,22.0,20.559999999999995,-0.008045,44.849233663999975,21.82701247165486
449,2021-12-20 12:31:11.041742336,21.860625000000006,22.0,20.75,-0.011103,44.94424422399997,21.82899406650771
450,2021-12-20 12:31:11.108237568,21.85690476190478,22.0,20.512380952380944,-0.009204,45.010739455999975,21.830988491001065
451,2021-12-20 12:31:11.206416640,21.898571428571447,22.0,20.51999999999999,-0.010164,45.108918527999975,21.83299501065087
452,2021-12-20 12:31:11.316514560,21.87853658536587,22.0,20.51999999999999,-0.018094,45.21901644799998,21.8350128681615
453,2021-12-20 12:31:11.456566016,21.832244897959203,22.0,20.564081632653053,-0.009075,45.35906790399998,21.83704128488271
454,2021-12-20 12:31:11.550369536,21.833636363636362,22.0,20.759999999999998,-0.0127,45.45287142399998,21.839079462281063
455,2021-12-20 12:31:11.609160192,21.93951219512197,22.0,20.7151219512195,-0.018586,45.51166207999998,21.84112658342252
456,2021-12-20 12:31:11.706263040,21.903673469387773,22.0,20.569183673469368,-0.010812,45.60876492799998,21.843181814462895
457,2021-12-20 12:31:11.819499008,21.862857142857163,22.0,20.724285714285703,-0.009036,45.722000895999976,21.84524430614307
458,2021-12-20 12:31:11.968039936,21.842448979591854,22.0,20.569183673469368,-0.008671,45.87054182399998,21.847313195285874
459,2021-12-20 12:31:12.066580992,21.81090909090909,22.0,20.770000000000003,-0.011416,45.96908287999998,21.849387606291767
460,2021-12-20 12:31:12.116922624,21.821562500000017,22.0,20.779999999999983,-0.010675,46.01942451199998,21.851466652630485
461,2021-12-20 12:31:12.205616640,21.827142857142874,22.0,20.78142857142855,-0.007111,46.10811852799998,21.853549438326024
462,2021-12-20 12:31:12.309427968,21.90750000000002,22.0,20.78999999999999,-0.004005,46.211929855999976,21.855635059432473
463,2021-12-20 12:31:12.427099904,21.89346938775512,22.0,20.791428571428554,-0.008954,46.32960179199998,21.857722605498275
464,2021-12-20 12:31:12.522221056,21.873846153846166,22.0,20.75576923076924,-0.012261,46.424722943999974,21.85981116101658
465,2021-12-20 12:31:12.604055296,21.898571428571447,22.0,20.57000000000002,-0.013294,46.50655718399997,21.86189980685961
466,2021-12-20 12:31:12.702173952,21.898571428571447,22.0,20.570000000000018,-0.009487,46.60467583999997,21.863987621694996
467,2021-12-20 12:31:12.828676864,21.908775510204098,22.0,20.57000000000002,-0.010235,46.73117875199997,21.866073683382176
468,2021-12-20 12:31:12.981391872,21.822272727272747,22.0,20.570000000000018,-0.011261,46.88389375999997,21.868157070347138
469,2021-12-20 12:31:13.042184192,21.846657196969716,22.0,20.57000000000002,-0.011595,46.94468607999997,21.87023686293379
470,2021-12-20 12:31:13.102966272,21.871041666666684,22.0,20.57000000000002,-0.007022,47.00546815999997,21.87231214473045
471,2021-12-20 12:31:13.207049472,21.897083333333352,22.0,20.57062500000002,-0.011968,47.10955135999997,21.874382003870046
472,2021-12-20 12:31:13.326994432,21.867727272727294,22.0,20.580000000000013,-0.012938,47.22949631999997,21.87644553430271
473,2021-12-20 12:31:13.476309760,21.918979591836752,22.0,20.580000000000016,-0.0042,47.37881164799997,21.87850183703954
474,2021-12-20 12:31:13.559793408,21.80333333333333,22.0,20.58,-0.010714,47.462295295999965,21.880550021366446
475,2021-12-20 12:31:13.608535808,21.906046511627927,22.0,20.596744186046525,-0.012885,47.51103769599997,21.882589206027014
476,2021-12-20 12:31:13.708293888,21.873061224489813,22.0,20.805306122449,-0.004473,47.61079577599997,21.884618520373472
477,2021-12-20 12:31:13.818452224,21.92121951219514,22.0,20.58000000000001,-0.009062,47.720954111999966,21.886637105484894
478,2021-12-20 12:31:13.954319616,21.897083333333352,22.0,20.580000000000016,-0.005935,47.85682150399997,21.88864411525179
479,2021-12-20 12:31:14.044693248,21.856363636363636,22.0,20.579999999999995,-0.006179,47.94719513599997,21.89063871742639
480,2021-12-20 12:31:14.106189568,21.90750000000002,22.0,20.590000000000007,-0.00806,48.00869145599997,21.892620094637937
481,2021-12-20 12:31:14.206008064,21.924081632653078,22.0,20.59000000000001,-0.005399,48.10850995199997,21.894587445372345
482,2021-12-20 12:31:14.317886208,21.842093023255835,22.0,20.590000000000007,-0.004409,48.22038809599997,21.89653998491571
483,2021-12-20 12:31:14.454648832,21.847551020408183,22.0,20.59000000000001,-0.001523,48.35715071999997,21.898476946261113
484,2021-12-20 12:31:14.539178496,21.81375,22.0,20.59,-0.015556,48.44168038399997,21.900397580978225
485,2021-12-20 12:31:14.601218048,21.878163265306142,22.0,20.594897959183683,-0.013141,48.503719935999975,21.90230116004526
486,2021-12-20 12:31:14.704204800,21.877608695652192,22.0,20.830000000000013,-0.003149,48.606706687999974,21.904186974642826
487,2021-12-20 12:31:14.827791104,21.92000000000002,22.0,20.59022222222223,-0.014231,48.730292991999974,21.90605433690938
488,2021-12-20 12:31:14.987597056,21.908775510204098,22.0,20.600000000000016,-0.015527,48.89009894399997,21.907902580657844
489,2021-12-20 12:31:15.074299392,21.97,22.0,20.6,-0.021039,48.976801279999975,21.90973106205302
490,2021-12-20 12:31:15.113757952,21.935277777777795,22.0,20.600000000000012,-0.00719,49.016259839999975,21.911539160249518
491,2021-12-20 12:31:15.205479680,21.898571428571447,22.0,20.600000000000016,-0.004518,49.10798156799998,21.91332627798988
492,2021-12-20 12:31:15.310649088,21.958372093023275,22.0,20.600000000000016,-0.010455,49.21315097599998,21.91509184216267
493,2021-12-20 12:31:15.438389248,21.888367346938793,22.0,20.600000000000016,-0.006318,49.34089113599998,21.916835304320294
494,2021-12-20 12:31:15.530774528,21.970000000000006,22.0,20.6,-0.016163,49.433276415999984,21.91855614115644
495,2021-12-20 12:31:15.604099328,21.929183673469407,22.0,20.3991836734694,-0.013917,49.506601215999986,21.920253854942946
496,2021-12-20 12:31:15.705527040,21.897777777777797,22.0,20.55733333333335,-0.01306,49.60802892799999,21.921927973926106
497,2021-12-20 12:31:15.824506624,21.94159090909093,22.0,20.600000000000016,-0.010346,49.72700851199999,21.923578052682373
498,2021-12-20 12:31:15.979172864,21.954693877551037,22.0,20.600000000000016,-0.007029,49.88167475199999,21.92520367243345
499,2021-12-20 12:31:16.065673984,21.97,22.0,20.6,-0.013862,49.96817587199999,21.926804441320915
500,2021-12-20 12:31:16.111298304,21.87625000000002,22.0,20.600000000000016,-0.01441,50.01380019199999,21.928379994640405
501,2021-12-20 12:31:16.207777536,21.873061224489813,22.0,20.771428571428583,-0.010652,50.11027942399999,21.929929995035614
502,2021-12-20 12:31:16.313580544,21.90452380952383,22.0,20.640000000000015,-0.0105,50.21608243199999,21.931454132652267
503,2021-12-20 12:31:16.438796032,21.897083333333352,22.0,20.600000000000016,-0.012675,50.341297919999995,21.932952125252275
504,2021-12-20 12:31:16.530064896,21.97000000000001,22.0,20.602777777777778,-0.007722,50.432566783999995,21.93442371828832
505,2021-12-20 12:31:16.603882752,21.96489795918369,22.0,20.61000000000001,-0.007804,50.50638463999999,21.93586868493916
506,2021-12-20 12:31:16.704646656,21.884772727272747,22.0,20.61000000000001,-0.016663,50.60714854399999,21.937286826106032
507,2021-12-20 12:31:16.827468288,21.918979591836752,22.0,20.61000000000001,-0.011043,50.72997017599999,21.93867797037045
508,2021-12-20 12:31:16.972911104,21.931111111111132,22.0,20.61000000000001,-0.013038,50.87541299199999,21.940041973913793
509,2021-12-20 12:31:17.045280512,21.97,22.0,20.61,-0.013929,50.94778239999999,21.941378720399097
510,2021-12-20 12:31:17.103266560,21.944489795918386,22.0,20.61000000000001,-0.010379,51.00576844799998,21.942688120815458
511,2021-12-20 12:31:17.201998592,21.94093023255816,22.0,20.61000000000001,-0.012744,51.104500479999984,21.94397011328556
512,2021-12-20 12:31:17.326027264,21.96489795918369,22.0,20.61000000000001,-0.01213,51.228529151999986,21.945224662836797
513,2021-12-20 12:31:17.480069888,21.953695652173934,22.0,20.61000000000001,-0.011253,51.382571775999985,21.946451761136576
514,2021-12-20 12:31:17.541596416,21.961847826086974,22.0,20.61000000000001,-0.00723,51.444098303999986,21.947651426192287
515,2021-12-20 12:31:17.603122944,21.970000000000017,22.0,20.61000000000001,-0.012283,51.50562483199999,21.94882370201671
516,2021-12-20 12:31:17.707708928,21.903673469387773,22.0,20.61000000000001,-0.008264,51.61021081599999,21.94996865825947
517,2021-12-20 12:31:17.827332096,21.952142857142878,22.0,20.61000000000001,-0.005723,51.72983398399999,21.95108638980525
518,2021-12-20 12:31:17.976778240,21.970000000000017,22.0,20.61000000000001,-0.005426,51.87928012799999,21.952177016339597
519,2021-12-20 12:31:18.065431808,21.97,22.0,20.61,-0.00788,51.96793369599999,21.95324068188307
520,2021-12-20 12:31:18.112997376,21.989230769230787,22.0,20.61000000000001,-0.003075,52.01549926399999,21.95427755429474
521,2021-12-20 12:31:18.206871552,21.938750000000017,22.0,20.615625000000005,-0.007853,52.10937343999999,21.9552878247459
522,2021-12-20 12:31:18.312996352,21.958095238095257,22.0,20.767857142857157,-0.002647,52.215498239999995,21.95627170716492
523,2021-12-20 12:31:18.448602112,21.970000000000017,22.0,20.723265306122453,-0.009033,52.35110399999999,21.95722943765437
524,2021-12-20 12:31:18.543421696,21.970000000000002,22.0,20.62,-0.007303,52.44592358399999,21.95816127388138
525,2021-12-20 12:31:18.608538880,21.94093023255816,22.0,20.7093023255814,-0.003066,52.511040767999994,21.959067494442476
526,2021-12-20 12:31:18.708286976,21.970000000000017,22.0,20.625510204081632,-0.002877,52.61078886399999,21.959948398204045
527,2021-12-20 12:31:18.821724160,21.97000000000002,22.0,20.63,-0.006753,52.72422604799999,21.960804303619657
528,2021-12-20 12:31:18.965436928,21.970000000000017,22.0,20.63,-0.006702,52.86793881599999,21.96163554802551
529,2021-12-20 12:31:19.057329408,21.97,22.0,20.63,-0.006409,52.95983129599999,21.96244248691529
530,2021-12-20 12:31:19.111855360,21.945000000000018,22.0,20.63,-0.010519,53.01435724799999,21.96322549319586
531,2021-12-20 12:31:19.207439360,21.970000000000017,22.0,20.63,-0.014512,53.10994124799999,21.963984956425126
532,2021-12-20 12:31:19.320353536,21.97000000000002,22.0,20.63,-0.007391,53.22285542399999,21.96472128203354
533,2021-12-20 12:31:19.460445440,21.980416666666684,22.0,20.63,-0.0037,53.36294732799999,21.96543489053074
534,2021-12-20 12:31:19.548364800,21.97,22.0,20.63,-0.00135,53.45086668799999,21.966126216698747
535,2021-12-20 12:31:19.607316480,21.964186046511646,22.0,20.63,-0.004822,53.50981836799999,21.96679570877329
536,2021-12-20 12:31:19.706571520,21.970000000000017,22.0,20.63,-0.004016,53.60907340799999,21.9674438276148
537,2021-12-20 12:31:19.821758976,21.94222222222224,22.0,20.63555555555555,0.002372,53.724260863999994,21.968071045870627
538,2021-12-20 12:31:19.963379712,21.954693877551037,22.0,20.63999999999999,-0.002065,53.865881599999994,21.968677847130024
539,2021-12-20 12:31:20.046451200,21.97,22.0,20.64,-0.011758,53.948953087999996,21.969264725073515
540,2021-12-20 12:31:20.104376832,21.980638297872357,22.0,20.63999999999999,-0.005518,54.006878719999996,21.969832182618255
541,2021-12-20 12:31:20.209455616,21.970000000000017,22.0,20.63999999999999,-0.005118,54.111957503999996,21.970380731061017
542,2021-12-20 12:31:20.327660544,21.981627906976765,22.0,20.63999999999999,-0.008433,54.23016243199999,21.97091088922031
543,2021-12-20 12:31:20.471463936,21.970000000000017,22.0,20.63999999999999,0.000351,54.373965823999995,21.971423182579237
544,2021-12-20 12:31:20.554313984,21.97,22.0,20.64,-0.006089,54.45681587199999,21.97191814243074
545,2021-12-20 12:31:20.605852672,21.992727272727294,22.0,20.63999999999999,-0.003374,54.508354559999994,21.972396305026834
546,2021-12-20 12:31:20.707159552,21.98020408163267,22.0,20.63999999999999,-0.002896,54.609661439999996,21.972858210733342
547,2021-12-20 12:31:20.822940416,21.947272727272747,22.0,20.63999999999999,-0.003005,54.725442304,21.973304403191733
548,2021-12-20 12:31:20.965104384,21.970000000000017,22.0,20.63999999999999,-0.002849,54.867606271999996,21.973735428489565
549,2021-12-20 12:31:21.049342464,21.97,22.0,20.64,-0.00754,54.951844351999995,21.974151834341086
550,2021-12-20 12:31:21.105397248,21.98111111111113,22.0,20.63999999999999,-0.003592,55.00789913599999,21.974554169279546
551,2021-12-20 12:31:21.207689984,21.959583333333352,22.0,20.63999999999999,-0.00729,55.110191871999994,21.974942981862583
552,2021-12-20 12:31:21.319869952,21.9759523809524,22.0,20.63999999999999,-0.001791,55.222371839999994,21.975318819892177
553,2021-12-20 12:31:21.458976000,21.970000000000017,22.0,20.644489795918354,-0.006806,55.361477887999996,21.975682229650555
554,2021-12-20 12:31:21.546262016,21.97,22.0,20.650000000000002,-0.000176,55.448763903999996,21.97603375515345
555,2021-12-20 12:31:21.605786880,22.018913043478282,22.0,20.53521739130433,-0.006412,55.50828876799999,21.976373937422004
556,2021-12-20 12:31:21.708793600,21.98020408163267,22.0,20.517755102040812,-0.014848,55.611295487999996,21.976703313774667
557,2021-12-20 12:31:21.828346368,21.97000000000002,22.0,20.64499999999999,-0.003005,55.730848255999994,21.977022417140233
558,2021-12-20 12:31:21.985165056,21.990408163265325,22.0,20.63999999999999,-0.002265,55.887666943999996,21.977331775393292
559,2021-12-20 12:31:22.085657600,21.97,22.0,20.64,-0.007394,55.988159487999994,21.97763191071314
560,2021-12-20 12:31:22.124844544,21.970000000000013,22.0,20.63999999999999,-0.004644,56.027346431999995,21.97792333896726
561,2021-12-20 12:31:22.205381120,21.98020408163267,22.0,20.63999999999999,-0.000368,56.107883007999995,21.978206569120438
562,2021-12-20 12:31:22.306547456,21.97581395348839,22.0,20.644186046511614,-0.002319,56.20904934399999,21.97848210267045
563,2021-12-20 12:31:22.429409280,21.970000000000017,22.0,20.649999999999984,-0.003338,56.33191116799999,21.978750433111195
564,2021-12-20 12:31:22.532999680,21.970000000000013,22.0,20.64999999999999,-0.004512,56.43550156799999,21.979012045424117
565,2021-12-20 12:31:22.610951424,21.95170731707319,22.0,20.74536585365853,-0.005439,56.513453311999996,21.979267415598684
566,2021-12-20 12:31:22.707581184,21.98020408163267,22.0,20.809591836734686,-0.002293,56.610083071999995,21.979517010182548
567,2021-12-20 12:31:22.819187968,21.97000000000002,22.0,20.649999999999984,-0.010624,56.721689856,21.979761285862025
568,2021-12-20 12:31:22.960778496,21.98020408163267,22.0,20.649999999999984,-0.008575,56.863280384,21.980000689073407
569,2021-12-20 12:31:23.052077568,21.97,22.0,20.650000000000002,-0.007227,56.954579456,21.98023565564542
570,2021-12-20 12:31:23.109158400,21.9578048780488,22.0,20.653414634146323,-0.003506,57.011660287999995,21.980466610473286
571,2021-12-20 12:31:23.206270976,21.959795918367366,22.0,20.65999999999999,-0.00039,57.108772863999995,21.980693967224575
572,2021-12-20 12:31:23.318098944,21.986666666666686,22.0,20.65999999999999,-0.006738,57.220600831999995,21.98091812807696
573,2021-12-20 12:31:23.453996544,21.970000000000017,22.0,20.65999999999999,0.000463,57.356498431999995,21.981139483488015
574,2021-12-20 12:31:23.540185856,22.015454545454546,22.0,20.66,-0.004869,57.442687744,21.98135841199694
575,2021-12-20 12:31:23.604468480,21.970000000000017,22.0,20.65999999999999,-0.001243,57.506970368,21.98157528005812
576,2021-12-20 12:31:23.705292544,21.98111111111113,22.0,20.65999999999999,-0.004102,57.607794432,21.981790441906288
577,2021-12-20 12:31:23.826877184,21.97000000000002,22.0,20.65999999999999,0.003438,57.729379072,21.982004239453047
578,2021-12-20 12:31:23.984681472,21.970000000000017,22.0,20.65999999999999,-0.011311,57.88718336,21.982217002214313
579,2021-12-20 12:31:24.070317824,21.97,22.0,20.66,-0.008293,57.972819712,21.982429047268184
580,2021-12-20 12:31:24.113598720,21.98282051282053,22.0,20.659999999999993,-0.003675,58.016100608,21.982640679242774
581,2021-12-20 12:31:24.208850688,21.970000000000017,22.0,20.65999999999999,-0.006971,58.111352576,21.982852190333283
582,2021-12-20 12:31:24.312400640,21.97000000000002,22.0,20.659999999999993,0.002345,58.214902528,21.983063860347606
583,2021-12-20 12:31:24.435413504,21.970000000000017,22.0,20.65999999999999,-0.008608,58.337915392000006,21.983275956779764
584,2021-12-20 12:31:24.528221184,21.97000000000001,22.0,20.660000000000007,0.000952,58.430723072000006,21.983488734910196
585,2021-12-20 12:31:24.603728640,21.98020408163267,22.0,20.65999999999999,-0.013613,58.506230528,21.983702437932006
586,2021-12-20 12:31:24.705106176,21.958888888888907,22.0,20.66177777777777,-0.006164,58.607608064000004,21.98391729710219
587,2021-12-20 12:31:24.832102144,21.970000000000017,22.0,20.669999999999984,0.006093,58.73460403200001,21.984133531916793
588,2021-12-20 12:31:24.976911104,21.97000000000002,22.0,20.669999999999987,4.7e-05,58.879412992000006,21.984351350308838
589,2021-12-20 12:31:25.046242816,22.095,22.0,20.67,-0.005956,58.948744704000006,21.984570948867848
590,2021-12-20 12:31:25.103434240,21.98020408163267,22.0,20.669999999999984,0.00448,59.00593612800001,21.98479251307978
591,2021-12-20 12:31:25.204771584,21.98111111111113,22.0,20.669999999999987,-0.004873,59.10727347200001,21.985016217586093
592,2021-12-20 12:31:25.326014208,22.000612244897976,22.0,20.669999999999984,0.003245,59.22851609600001,21.985242226460684
593,2021-12-20 12:31:25.467011072,21.992222222222242,22.0,20.669999999999987,0.000653,59.36951296000001,21.98547069350334
594,2021-12-20 12:31:25.541764352,21.97,22.0,20.67,-0.001389,59.44426624000001,21.98570176254846
595,2021-12-20 12:31:25.605252096,21.970000000000017,22.0,20.669999999999984,-0.007083,59.50775398400001,21.98593556778768
596,2021-12-20 12:31:25.705945600,22.016511627906997,22.0,20.669999999999987,-0.0021,59.60844748800001,21.986172234105105
597,2021-12-20 12:31:25.833806592,21.970000000000017,22.0,20.669999999999984,0.004337,59.73630848000001,21.986411877423702
598,2021-12-20 12:31:25.979400192,21.97000000000002,22.0,20.669999999999987,-0.003856,59.88190208000001,21.98665460506163
599,2021-12-20 12:31:26.048218880,21.97,22.0,20.67,0.006329,59.95072076800001,21.98690051609706
600,2021-12-20 12:31:26.104042496,21.985625000000017,22.0,20.669999999999984,-0.002214,60.00654438400001,21.987149701740115
601,2021-12-20 12:31:26.202844928,22.009772727272747,22.0,20.669999999999987,-0.001237,60.10534681600001,21.987402245710683
602,2021-12-20 12:31:26.326954240,21.980638297872357,22.0,20.671914893617004,-0.006166,60.22945612800001,21.987658224620706
603,2021-12-20 12:31:26.489646848,21.970000000000017,22.0,20.67999999999998,-0.003021,60.39214873600001,21.98791770835964
604,2021-12-20 12:31:26.551565568,21.982500000000016,22.0,20.679999999999982,-0.007132,60.45406745600001,21.988180760481782
605,2021-12-20 12:31:26.613484544,21.99500000000002,22.0,20.679999999999986,-0.001309,60.51598643200001,21.98844743859419
606,2021-12-20 12:31:26.709370112,22.022083333333352,22.0,20.67999999999998,-0.001027,60.61187200000001,21.988717794743938
607,2021-12-20 12:31:26.816018176,22.03250000000002,22.0,20.679999999999986,-0.000728,60.71852006400001,21.98899187580353
608,2021-12-20 12:31:26.956602624,21.99551020408165,22.0,20.67999999999998,0.001567,60.85910451200001,21.98926972385323
609,2021-12-20 12:31:27.058674176,21.970000000000006,22.0,20.680000000000003,-0.002966,60.96117606400001,21.989551376559238
610,2021-12-20 12:31:27.117877248,21.998571428571445,22.0,20.67999999999999,0.002416,61.02037913600001,21.9898368675466
611,2021-12-20 12:31:27.208924928,22.02612244897961,22.0,20.67999999999998,0.008784,61.11142681600001,21.990126226765863
612,2021-12-20 12:31:27.310724608,22.049268292682946,22.0,20.65658536585365,0.003214,61.21322649600001,21.990419480852452
613,2021-12-20 12:31:27.432621056,21.985306122448996,22.0,20.459591836734713,0.000632,61.33512294400001,21.990716653477886
614,2021-12-20 12:31:27.527098624,21.99500000000001,22.0,20.680000000000003,0.00245,61.429600512000015,21.991017765691918
615,2021-12-20 12:31:27.603833088,21.970000000000017,22.0,20.67999999999998,-0.000967,61.50633497600001,21.991322836254813
616,2021-12-20 12:31:27.704768000,22.014444444444464,22.0,20.679999999999982,-0.003699,61.60726988800001,21.991631881959016
617,2021-12-20 12:31:27.826583808,22.047777777777796,22.0,20.679999999999982,0.003952,61.72908569600001,21.991944917939534
618,2021-12-20 12:31:27.984177152,21.980416666666684,22.0,20.67999999999998,0.004027,61.88667904000001,21.99226195797233
619,2021-12-20 12:31:28.070618112,21.97,22.0,20.68,0.008068,61.97312000000001,21.99258301476016
620,2021-12-20 12:31:28.113918976,21.970000000000017,22.0,20.679999999999986,-0.000765,62.01642086400001,21.992908100205256
621,2021-12-20 12:31:28.207782912,21.970000000000017,22.0,20.67999999999998,0.002362,62.11028480000001,21.993237225668345
622,2021-12-20 12:31:28.314833152,21.986666666666686,22.0,20.679999999999982,-0.003548,62.21733504000001,21.99357040221356
623,2021-12-20 12:31:28.440038656,21.98020408163267,22.0,20.67999999999998,0.009911,62.34254054400001,21.993907640838778
624,2021-12-20 12:31:28.530472704,21.99500000000001,22.0,20.680000000000003,0.005415,62.43297459200001,21.99424895269096
625,2021-12-20 12:31:28.604521728,21.98020408163267,22.0,20.67999999999998,-0.003131,62.507023616000005,21.9945943492661
626,2021-12-20 12:31:28.705144832,22.008888888888908,22.0,20.679999999999982,-0.002867,62.607646720000005,21.99494384259342
627,2021-12-20 12:31:28.838487552,21.985306122448996,22.0,20.680204081632635,0.002562,62.74098944000001,21.995297445403335
628,2021-12-20 12:31:28.984161536,21.988750000000017,22.0,20.69000000000002,0.003584,62.886663424000005,21.99565517127894
629,2021-12-20 12:31:29.049097984,21.97,22.0,20.69,0.004927,62.951599872,21.996017034790622
630,2021-12-20 12:31:29.103563520,21.980416666666684,22.0,20.690000000000026,-0.010245,63.006065408000005,21.996383051613506
631,2021-12-20 12:31:29.205976832,21.9917391304348,22.0,20.690000000000026,0.010599,63.10847872000001,21.996753238627413
632,2021-12-20 12:31:29.323809792,22.049545454545473,22.0,20.450000000000014,0.004069,63.22631168000001,21.997127613998973
633,2021-12-20 12:31:29.472601856,21.970000000000017,22.0,20.690000000000026,0.009606,63.37510374400001,21.997506197245656
634,2021-12-20 12:31:29.555804160,21.97,22.0,20.683333333333334,0.00299,63.458306048000004,21.997889009281476
635,2021-12-20 12:31:29.607181824,21.986666666666686,22.0,20.679999999999982,0.009988,63.509683712000005,21.998276072444067
636,2021-12-20 12:31:29.708971520,21.990833333333352,22.0,20.689375000000027,0.001088,63.611473408,21.998667410502858
637,2021-12-20 12:31:29.836289280,22.005714285714305,22.0,20.690000000000023,-0.000336,63.738791168,21.999063048648146
638,2021-12-20 12:31:30.015025152,21.99551020408165,22.0,20.690000000000026,0.004579,63.917527039999996,21.99946301346088
639,2021-12-20 12:31:30.127225344,22.0325,22.0,20.57,0.001907,64.029727232,21.99986733286291
640,2021-12-20 12:31:30.146386176,21.97,22.0,20.69,0.010016,64.048888064,22.00027603604759
641,2021-12-20 12:31:30.205730048,22.015918367346956,22.0,20.46551020408166,0.008783,64.108231936,22.000689153390528
642,2021-12-20 12:31:30.305930752,22.0268181818182,22.0,20.65272727272725,0.005649,64.20843264,22.001106716340388
643,2021-12-20 12:31:30.404270592,21.975102040816346,22.0,20.67999999999998,0.003244,64.30677247999999,22.001528757289694
644,2021-12-20 12:31:30.505637888,22.008888888888908,22.0,20.472000000000026,0.010443,64.408139776,22.0019553094256
645,2021-12-20 12:31:30.604933376,21.990408163265325,22.0,20.650612244897935,0.011362,64.507435264,22.002386406560547
646,2021-12-20 12:31:30.707447296,21.98086956521741,22.0,20.67999999999998,0.008661,64.609949184,22.00282208294288
647,2021-12-20 12:31:30.827975680,21.987045454545473,22.0,20.445454545454567,0.004604,64.730477568,22.00326237304745
648,2021-12-20 12:31:30.981937920,21.970000000000017,22.0,20.649999999999977,0.006916,64.884439808,22.003707311346325
649,2021-12-20 12:31:31.068972288,22.0325,22.0,20.68,0.006404,64.971474176,22.00415693205982
650,2021-12-20 12:31:31.114103808,21.98315789473686,22.0,20.66999999999999,0.007341,65.016605696,22.00461126888796
651,2021-12-20 12:31:31.208440320,22.015918367346956,22.0,20.669999999999984,0.005103,65.110942208,22.005070354722672
652,2021-12-20 12:31:31.318297088,22.010697674418623,22.0,20.669999999999987,0.004961,65.220798976,22.00553422134103
653,2021-12-20 12:31:31.458268160,21.99551020408165,22.0,20.677959183673448,0.007571,65.36077004799999,22.00600289907986
654,2021-12-20 12:31:31.553550336,22.00846153846154,22.0,20.680000000000003,0.012716,65.45605222399999,22.006476416492244
655,2021-12-20 12:31:31.613195776,22.02128205128207,22.0,20.679999999999986,0.005273,65.51569766399999,22.006954799986374
656,2021-12-20 12:31:31.708618752,22.005714285714305,22.0,20.67999999999998,0.014141,65.61112063999998,22.007438073447368
657,2021-12-20 12:31:31.816775424,22.053333333333352,22.0,20.679999999999982,0.00332,65.71927731199999,22.00792625784273
658,2021-12-20 12:31:31.952612608,22.021020408163285,22.0,20.67999999999998,0.005214,65.85511449599998,22.008419370812202
659,2021-12-20 12:31:32.045923328,22.02769230769231,22.0,20.680000000000003,0.009451,65.94842521599999,22.0089174262429
660,2021-12-20 12:31:32.109763328,22.004883720930252,22.0,20.679999999999982,0.006754,66.01226521599999,22.009420433830705
661,2021-12-20 12:31:32.209974016,22.015918367346956,22.0,20.67999999999998,0.010553,66.112475904,22.009928398628983
662,2021-12-20 12:31:32.318261504,22.03547619047621,22.0,20.48571428571431,0.013006,66.220763392,22.01044132058574
663,2021-12-20 12:31:32.447208704,21.99551020408165,22.0,20.606530612244875,0.003031,66.349710592,22.010959194070583
664,2021-12-20 12:31:32.536365312,22.15333333333334,22.0,20.680000000000003,0.007083,66.43886719999999,22.011482007392818
665,2021-12-20 12:31:32.606370816,22.02612244897961,22.0,20.67999999999998,0.005331,66.50887270399998,22.01200974231228
666,2021-12-20 12:31:32.704429056,22.037073170731727,22.0,20.679999999999982,0.005499,66.60693094399998,22.012542373544473
667,2021-12-20 12:31:32.833718272,22.071063829787253,22.0,20.511489361702154,0.005975,66.73622015999999,22.013079868261748
668,2021-12-20 12:31:33.012584704,22.04142857142859,22.0,20.440000000000026,0.010205,66.915086592,22.01362218559236
669,2021-12-20 12:31:33.070299136,22.015714285714303,22.0,20.555000000000017,0.007468,66.97280102399999,22.014169276119375
670,2021-12-20 12:31:33.128013568,21.990000000000013,22.0,20.67000000000001,0.013386,67.03051545599999,22.014721081381456
671,2021-12-20 12:31:33.208238592,22.000612244897976,22.0,20.669999999999984,0.012389,67.11074047999999,22.015277533377674
672,2021-12-20 12:31:33.306487808,22.006585365853677,22.0,20.66999999999999,0.002611,67.20898969599999,22.015838554078574
673,2021-12-20 12:31:33.418426368,21.99551020408165,22.0,20.669999999999984,0.006515,67.32092825599999,22.0164040549457
674,2021-12-20 12:31:33.517309440,22.103928571428586,22.0,20.584285714285716,0.005101,67.419811328,22.01697393646192
675,2021-12-20 12:31:33.604041984,22.026326530612263,22.0,20.581836734693862,0.005373,67.506543872,22.01754808767498
676,2021-12-20 12:31:33.708125184,21.991276595744697,22.0,20.669999999999984,0.007746,67.610627072,22.01812638575654
677,2021-12-20 12:31:33.826913536,22.018913043478282,22.0,20.669999999999987,0.014781,67.729415424,22.018708695579164
678,2021-12-20 12:31:33.970907904,21.980416666666684,22.0,20.669999999999984,0.014771,67.87340979199999,22.019294869313693
679,2021-12-20 12:31:34.048769024,21.97,22.0,20.67,0.009958,67.95127091199998,22.019884746049247
680,2021-12-20 12:31:34.105377024,22.005714285714305,22.0,20.669999999999984,0.014583,68.00787891199998,22.020478151438287
681,2021-12-20 12:31:34.207317760,22.025555555555574,22.0,20.531333333333315,0.016005,68.10981964799998,22.021074897369058
682,2021-12-20 12:31:34.325995520,22.011666666666684,22.0,20.574999999999985,0.011508,68.22849740799998,22.021674781667624
683,2021-12-20 12:31:34.471025920,22.027291666666684,22.0,20.669999999999984,0.020305,68.37352780799998,22.02227758783167
684,2021-12-20 12:31:34.547408384,22.095,22.0,20.430000000000003,0.008786,68.44991027199998,22.022883084798163
685,2021-12-20 12:31:34.605967872,22.016875000000017,22.0,20.569999999999983,0.00978,68.50846975999998,22.02349102674688
686,2021-12-20 12:31:34.704579072,22.010697674418623,22.0,20.664883720930224,0.017394,68.60708095999998,22.024101152941764
687,2021-12-20 12:31:34.828477184,22.036326530612264,22.0,20.66571428571427,0.009139,68.73097907199998,22.024713187611916
688,2021-12-20 12:31:34.981554176,22.00804347826089,22.0,20.669999999999987,0.011336,68.88405606399998,22.025326839873888
689,2021-12-20 12:31:35.043925504,22.006878881987596,22.0,20.669999999999987,0.020421,68.94642739199998,22.025941803696877
690,2021-12-20 12:31:35.106297088,22.005714285714305,22.0,20.669999999999984,0.01003,69.00879897599998,22.02655775791226
691,2021-12-20 12:31:35.210893056,21.980638297872357,22.0,20.669999999999984,0.010783,69.11339494399998,22.02717436626873
692,2021-12-20 12:31:35.327538944,22.00409090909093,22.0,20.669999999999987,0.011373,69.23004083199997,22.02779127753417
693,2021-12-20 12:31:35.471442944,21.99551020408165,22.0,20.669999999999984,0.009733,69.37394483199998,22.028408125645193
694,2021-12-20 12:31:35.551899136,21.97,22.0,20.67,0.006331,69.45440102399998,22.029024529905158
695,2021-12-20 12:31:35.606203648,22.042916666666684,22.0,20.669999999999984,0.00769,69.50870553599998,22.029640095231258
696,2021-12-20 12:31:35.710779648,22.037708333333352,22.0,20.54499999999998,0.020712,69.61328153599997,22.030254412451054
697,2021-12-20 12:31:35.825021696,22.01375000000002,22.0,20.57999999999999,0.013527,69.72752358399997,22.030867058648646
698,2021-12-20 12:31:35.968804864,21.990408163265325,22.0,20.669999999999984,0.016459,69.87130675199997,22.031477597560464
699,2021-12-20 12:31:36.059299328,21.97,22.0,20.669999999999998,0.016445,69.96180121599997,22.032085580020503
700,2021-12-20 12:31:36.112366848,22.018780487804896,22.0,20.66999999999999,0.014174,70.01486873599997,22.03269054445455
701,2021-12-20 12:31:36.209952256,22.051632653061244,22.0,20.669999999999984,0.006781,70.11245414399997,22.03329201742277
702,2021-12-20 12:31:36.319698176,22.04142857142859,22.0,20.669999999999987,0.014118,70.22220006399996,22.033889514209847
703,2021-12-20 12:31:36.455384320,21.996041666666684,22.0,20.669999999999984,0.01447,70.35788620799997,22.034482539461592
704,2021-12-20 12:31:36.546331392,21.97,22.0,20.670000000000005,0.007269,70.44883327999997,22.035070587866823
705,2021-12-20 12:31:36.608531968,22.010697674418623,22.0,20.669999999999987,0.008447,70.51103385599997,22.03565314488307
706,2021-12-20 12:31:36.708300032,22.04142857142859,22.0,20.557346938775492,0.018058,70.61080191999997,22.036229687504555
707,2021-12-20 12:31:36.823477248,22.022325581395368,22.0,20.55837209302324,0.007941,70.72597913599998,22.036799685070537
708,2021-12-20 12:31:36.969292288,22.01081632653063,22.0,20.669999999999984,0.013648,70.87179417599998,22.037362600112097
709,2021-12-20 12:31:37.059877120,22.06375,22.0,20.67,0.01704,70.96237900799998,22.03791788923522
710,2021-12-20 12:31:37.112884480,22.04500000000002,22.0,20.66999999999999,0.015867,71.01538636799998,22.038465004037914
711,2021-12-20 12:31:37.208418048,22.07204081632655,22.0,20.669999999999984,0.015385,71.11091993599997,22.039003392058877
712,2021-12-20 12:31:37.316061696,22.033953488372113,22.0,20.669999999999987,0.018966,71.21856358399998,22.03953249775518
713,2021-12-20 12:31:37.447432960,22.05673469387757,22.0,20.567142857142837,0.025158,71.34993484799998,22.040051763506227
714,2021-12-20 12:31:37.537172992,22.059285714285718,22.0,20.481428571428577,0.023842,71.43967487999997,22.040560630641252
715,2021-12-20 12:31:37.605187072,22.053333333333352,22.0,20.569999999999983,0.024156,71.50768895999997,22.041058540487445
716,2021-12-20 12:31:37.705528576,22.014444444444464,22.0,20.509999999999984,0.01606,71.60803046399997,22.041544935435677
717,2021-12-20 12:31:37.827475200,22.0893181818182,22.0,20.66568181818181,0.026149,71.72997708799997,22.042019260020844
718,2021-12-20 12:31:37.988488192,22.015918367346956,22.0,20.65999999999999,0.023832,71.89099007999997,22.042480962013627
719,2021-12-20 12:31:38.078540032,22.05333333333333,22.0,20.66,0.022058,71.98104191999997,22.04292949352059
720,2021-12-20 12:31:38.118682624,22.048571428571446,22.0,20.659999999999997,0.013254,72.02118451199996,22.043364312089288
721,2021-12-20 12:31:38.208221440,22.027291666666684,22.0,20.663541666666653,0.021914,72.11072332799996,22.0437848818152
722,2021-12-20 12:31:38.311459584,22.064444444444465,22.0,20.669999999999987,0.021289,72.21396147199997,22.044190674447133
723,2021-12-20 12:31:38.430217728,21.985306122448996,22.0,20.669999999999984,0.020644,72.33271961599996,22.044581170487824
724,2021-12-20 12:31:38.524282880,22.04692307692309,21.78846153846154,20.475384615384616,0.016827,72.42678476799996,22.044955860286354
725,2021-12-20 12:31:38.606257920,22.036326530612264,21.5,20.206530612244915,0.033175,72.50875980799997,22.04531424511904
726,2021-12-20 12:31:38.700976640,22.062105263157914,21.5,20.198684210526327,0.02336,72.60347852799997,22.045655838255453
727,2021-12-20 12:31:38.833906944,22.016875000000017,21.5,20.186874999999993,0.025812,72.73640883199997,22.04598016600621
728,2021-12-20 12:31:39.012491776,22.10586956521741,21.5,20.177608695652157,0.013929,72.91499366399997,22.046286768749226
729,2021-12-20 12:31:39.069341184,22.05645330112723,21.5,20.166396940418664,0.023133,72.97184307199997,22.046575201931102
730,2021-12-20 12:31:39.126180608,22.00703703703705,21.5,20.155185185185175,0.016632,73.02868249599997,22.046845037040402
731,2021-12-20 12:31:39.208598272,22.005714285714305,21.5,20.08367346938774,0.021045,73.11110015999998,22.047095862549586
732,2021-12-20 12:31:39.310679808,22.06090909090911,21.5,19.89704545454544,0.01817,73.21318169599998,22.047327284822472
733,2021-12-20 12:31:39.425505024,21.985625000000017,21.5,19.947499999999994,0.018221,73.32800691199998,22.047538928984043
734,2021-12-20 12:31:39.521089024,22.00703703703705,21.5,20.11777777777778,0.014553,73.42359091199998,22.047730439749614
735,2021-12-20 12:31:39.606121728,22.092448979591854,21.5,20.043877551020422,0.019801,73.50862361599998,22.04790148221044
736,2021-12-20 12:31:39.707921664,22.043863636363657,21.5,19.87613636363638,0.026151,73.61042355199999,22.048051742572934
737,2021-12-20 12:31:39.825331968,22.134634146341483,21.5,20.01902439024391,0.025129,73.72783385599999,22.04818092884869
738,2021-12-20 12:31:39.983518464,22.05673469387757,21.5,19.872244897959177,0.021246,73.88602035199999,22.048288771492786
739,2021-12-20 12:31:40.080218880,22.095,21.5,20.06,0.013943,73.982720768,22.048375023987763
740,2021-12-20 12:31:40.121528320,22.08290322580647,21.5,20.04741935483871,0.015129,74.024030208,22.048439463371096
741,2021-12-20 12:31:40.208270848,22.036326530612264,21.5,20.038367346938763,0.021657,74.110772736,22.04848189070388
742,2021-12-20 12:31:40.312967680,22.07600000000002,21.5,20.028444444444425,0.01816,74.215469568,22.048502131478806
743,2021-12-20 12:31:40.434481664,22.015918367346956,21.5,20.018979591836725,0.017468,74.336983552,22.048500035965585
744,2021-12-20 12:31:40.528446208,22.10043478260871,21.5,19.95565217391304,0.026279,74.43094809600001,22.048475479492186
745,2021-12-20 12:31:40.606800128,22.042916666666684,21.5,19.774374999999996,0.025104,74.509302016,22.048428362660506
746,2021-12-20 12:31:40.706498048,22.015454545454563,21.5,19.989772727272733,0.023236,74.608999936,22.048358611495246
747,2021-12-20 12:31:40.829420288,22.036326530612264,21.5,19.979387755102053,0.014062,74.731922176,22.048266177524976
748,2021-12-20 12:31:40.978413568,22.029782608695673,21.5,19.97000000000002,0.021415,74.880915456,22.04815103779456
749,2021-12-20 12:31:41.050098944,22.22,21.5,19.71,0.01838,74.952600832,22.048013194808398
750,2021-12-20 12:31:41.105932544,22.066938775510224,21.5,19.71448979591838,0.036552,75.008434432,22.04785267640409
751,2021-12-20 12:31:41.208818688,22.097777777777797,21.5,19.929999999999982,0.022539,75.111320576,22.04766953555645
752,2021-12-20 12:31:41.321300480,22.089047619047637,21.5,19.91999999999999,0.033592,75.223802368,22.04746385011192
753,2021-12-20 12:31:41.464057600,22.036326530612264,21.5,19.669999999999987,0.027225,75.366559488,22.047235722453742
754,2021-12-20 12:31:41.548728320,21.97,21.5,19.854000000000003,0.030013,75.451230208,22.0469852790984
755,2021-12-20 12:31:41.606694144,22.074166666666684,21.5,19.63999999999999,0.027934,75.50919603199999,22.04671267022418
756,2021-12-20 12:31:41.712316160,22.089791666666684,21.5,19.63999999999999,0.033511,75.61481804799999,22.0464180691328
757,2021-12-20 12:31:41.829857280,22.05750000000002,21.5,19.62,0.024487,75.73235916799999,22.046101671645378
758,2021-12-20 12:31:41.980218624,22.046530612244915,21.5,19.831224489795936,0.027858,75.88272051199999,22.045763695434154
759,2021-12-20 12:31:42.074846976,22.041428571428572,21.5,19.84142857142857,0.021449,75.97734886399999,22.045404379291643
760,2021-12-20 12:31:42.120773120,22.01411764705884,21.5,19.580000000000002,0.026189,76.023275008,22.04502398233905
761,2021-12-20 12:31:42.210754560,22.046530612244915,21.5,19.571020408163285,0.032493,76.113256448,22.044622783176
762,2021-12-20 12:31:42.313399296,22.124761904761925,21.5,19.561190476190454,0.02282,76.215901184,22.04420107897386
763,2021-12-20 12:31:42.434702336,22.068958333333352,21.5,19.54208333333332,0.02142,76.337204224,22.043759184514958
764,2021-12-20 12:31:42.527580416,22.07000000000001,21.5,19.533499999999993,0.030498,76.43008230400001,22.043297431180314
765,2021-12-20 12:31:42.605210368,22.077142857142874,21.5,19.512857142857136,0.020935,76.507712256,22.042816165888688
766,2021-12-20 12:31:42.708217088,22.040652173913063,21.5,19.501739130434782,0.025956,76.610718976,22.042315749989754
767,2021-12-20 12:31:42.831340544,22.025555555555574,21.5,19.491111111111117,0.029162,76.733842432,22.041796558114456
768,2021-12-20 12:31:42.990170880,21.985306122448996,21.5,19.669591836734707,0.032541,76.892672768,22.04125897698573
769,2021-12-20 12:31:43.076310016,21.97,21.5,19.71,0.022667,76.978811904,22.040703404192854
770,2021-12-20 12:31:43.117408256,22.030810810810827,21.5,19.690000000000015,0.027564,77.019910144,22.040130246932847
771,2021-12-20 12:31:43.211543808,22.04142857142859,21.5,19.682244897959162,0.033594,77.11404569599999,22.03953992072238
772,2021-12-20 12:31:43.316160000,22.12000000000002,21.5,19.672499999999992,0.03441,77.21866188799999,22.038932848083768
773,2021-12-20 12:31:43.447993856,21.990408163265325,21.5,19.66244897959183,0.025181,77.35049574399999,22.03830945720868
774,2021-12-20 12:31:43.546987520,21.970000000000006,21.5,19.657647058823525,0.031241,77.44948940799999,22.037670180603218
775,2021-12-20 12:31:43.614579200,22.055365853658557,21.5,19.641219512195114,0.027101,77.517081088,22.037015453718123
776,2021-12-20 12:31:43.711540992,22.048125000000017,21.5,19.63270833333333,0.029125,77.61404288,22.036345713567883
777,2021-12-20 12:31:43.819657472,22.03250000000002,21.5,19.43681818181818,0.028008,77.72215936,22.03566139734254
778,2021-12-20 12:31:43.950093312,22.04142857142859,21.5,19.5395918367347,0.026904,77.85259520000001,22.034962941016033
779,2021-12-20 12:31:44.037861888,22.005714285714287,21.5,19.607142857142858,0.031042,77.94036377600001,22.03425077795487
780,2021-12-20 12:31:44.106409216,22.04142857142859,21.5,19.593265306122458,0.035312,78.008911104,22.033525337531028
781,2021-12-20 12:31:44.206720256,22.0268181818182,21.5,19.583636363636376,0.034438,78.109222144,22.032787043743003
782,2021-12-20 12:31:44.326303232,22.068958333333352,21.5,19.573333333333352,0.033294,78.22880512,22.03203631384883
783,2021-12-20 12:31:44.472309248,22.001914893617037,21.5,19.563829787234017,0.03372,78.374811136,22.031273557014902
784,2021-12-20 12:31:44.547404544,22.119999999999997,21.5,19.55,0.029333,78.449906432,22.030499172984353
785,2021-12-20 12:31:44.606798592,22.051632653061244,21.5,19.39183673469386,0.024887,78.50930048000001,22.029713550768903
786,2021-12-20 12:31:44.706898688,22.005714285714305,21.5,19.42595238095237,0.030967,78.60940057600001,22.02891706736789
787,2021-12-20 12:31:44.828966144,22.07326086956524,21.5,19.366956521739112,0.025093,78.73146803200001,22.028110086518232
788,2021-12-20 12:31:44.989757696,21.996041666666684,21.5,19.418958333333325,0.03013,78.89225958400002,22.0272929574791
789,2021-12-20 12:31:45.075293440,21.97,21.5,19.51,0.032317,78.97779532800001,22.02646601385485
790,2021-12-20 12:31:45.117316864,22.0884210526316,21.5,19.305789473684218,0.032617,79.01981875200002,22.02562957245981
791,2021-12-20 12:31:45.212086016,22.036326530612264,21.5,19.377142857142868,0.030619,79.11458790400002,22.024783932228466
792,2021-12-20 12:31:45.316601600,22.098048780487822,21.5,19.46682926829269,0.037129,79.21910348800002,22.023929373174415
793,2021-12-20 12:31:45.443738368,21.98020408163267,21.5,19.454489795918384,0.035051,79.34624025600002,22.023066155401395
794,2021-12-20 12:31:45.535037440,22.036666666666672,21.5,19.449999999999996,0.038959,79.43753932800001,22.022194518169627
795,2021-12-20 12:31:45.605968384,21.985625000000017,21.5,19.434791666666644,0.031906,79.50847027200001,22.02131467902047
796,2021-12-20 12:31:45.710031360,21.985625000000017,21.5,19.424999999999986,0.032078,79.612533248,22.020426832962407
797,2021-12-20 12:31:45.827230464,21.98111111111113,21.5,19.414444444444438,0.033066,79.729732352,22.019531151721125
798,2021-12-20 12:31:45.968740608,21.970000000000017,21.5,19.405102040816324,0.029131,79.871242496,22.018627783056314
799,2021-12-20 12:31:46.048673792,21.97,21.5,19.400000000000002,0.041838,79.95117567999999,22.017716850147675
800,2021-12-20 12:31:46.106629632,21.970000000000017,21.5,19.395208333333322,0.030463,80.00913152,22.01679845105237
801,2021-12-20 12:31:46.206367488,21.99840909090911,21.5,19.386136363636357,0.027936,80.108869376,22.015872658235924
802,2021-12-20 12:31:46.328304128,22.005714285714305,21.5,19.375510204081635,0.031997,80.230806016,22.014939518178505
803,2021-12-20 12:31:46.478866688,22.044468085106402,21.5,19.36574468085107,0.034841,80.381368576,22.013999051058168
804,2021-12-20 12:31:46.552080896,21.97,21.5,19.35,0.040546,80.454582784,22.01305125051249
805,2021-12-20 12:31:46.606838016,22.046530612244915,21.5,19.242857142857158,0.02465,80.509339904,22.01209608347976
806,2021-12-20 12:31:46.707762944,21.9977777777778,21.5,19.186888888888912,0.037377,80.610264832,22.011133490120717
807,2021-12-20 12:31:46.830554368,21.997173913043497,21.5,19.321739130434754,0.034223,80.733056256,22.010163383821546
808,2021-12-20 12:31:46.990048768,21.990408163265325,21.5,19.309999999999974,0.037131,80.892550656,22.009185651278667
809,2021-12-20 12:31:47.073995008,21.97,21.5,19.31,0.037363,80.976496896,22.00820015266555
810,2021-12-20 12:31:47.116089088,21.99500000000002,21.5,19.295499999999993,0.036597,81.018590976,22.007206721881655
811,2021-12-20 12:31:47.212105472,22.000612244897976,21.5,19.286326530612236,0.032688,81.11460736,22.00620516688333
812,2021-12-20 12:31:47.317445888,22.049268292682946,21.5,19.276097560975597,0.0398,81.219947776,22.005195270096273
813,2021-12-20 12:31:47.446885888,22.005714285714305,21.5,19.26673469387754,0.040214,81.349387776,22.00417678890886
814,2021-12-20 12:31:47.536625920,22.00846153846154,21.5,19.259999999999998,0.037876,81.439127808,22.003149456245602
815,2021-12-20 12:31:47.606289408,21.970000000000017,21.5,19.246938775510205,0.034172,81.508791296,22.002112981219554
816,2021-12-20 12:31:47.710885632,21.996595744680867,21.5,19.2372340425532,0.047459,81.61338752,22.001067049862506
817,2021-12-20 12:31:47.832088064,21.98111111111113,21.5,19.22666666666668,0.04423,81.73458995200001,22.00001132593136
818,2021-12-20 12:31:47.982358784,21.990833333333352,21.5,19.217291666666686,0.033781,81.884860672,21.99894545178907
819,2021-12-20 12:31:48.064776192,21.97,21.5,19.21,0.050275,81.96727808,21.997869049358194
820,2021-12-20 12:31:48.112009984,21.987857142857163,21.5,19.19690476190478,0.038369,82.014511872,21.996781721144977
821,2021-12-20 12:31:48.209726208,21.990408163265325,21.5,19.18755102040816,0.045972,82.112228096,21.995683051331596
822,2021-12-20 12:31:48.318566912,21.987857142857163,21.5,19.177142857142844,0.035315,82.2210688,21.994572606934103
823,2021-12-20 12:31:48.453076224,21.985306122448996,21.5,19.16755102040815,0.047377,82.355578112,21.99344993902333
824,2021-12-20 12:31:48.540653824,21.97,21.5,19.16,0.039363,82.443155712,21.992314584005843
825,2021-12-20 12:31:48.606545664,21.970000000000017,21.5,19.157959183673462,0.048472,82.50904755200001,21.99116606496195
826,2021-12-20 12:31:48.711634688,21.970000000000017,21.5,19.148510638297857,0.04205,82.614136576,21.990003893037414
827,2021-12-20 12:31:48.830533632,21.981627906976765,21.5,19.137906976744176,0.041931,82.73303552,21.988827568885572
828,2021-12-20 12:31:48.980643328,21.970000000000017,21.5,19.128367346938774,0.041799,82.883145216,21.987636584156192
829,2021-12-20 12:31:49.067114496,21.97,21.5,19.12,0.040609,82.969616384,21.986430423027446
830,2021-12-20 12:31:49.114710272,22.00125000000002,21.5,19.108500000000014,0.038347,83.01721216,21.98520856377715
831,2021-12-20 12:31:49.212124672,22.01081632653063,21.5,19.098979591836752,0.039655,83.11462656,21.983970480389303
832,2021-12-20 12:31:49.318450944,22.01375000000002,21.5,19.088750000000005,0.040671,83.22095283200001,21.98271564419183
833,2021-12-20 12:31:49.450998784,21.985306122448996,21.5,19.07897959183675,0.042728,83.35350067200001,21.981443525521357
834,2021-12-20 12:31:49.545496576,21.970000000000002,21.5,19.069999999999997,0.049432,83.44799846400001,21.980153595410734
835,2021-12-20 12:31:49.611156992,21.992727272727294,21.5,19.058863636363615,0.039894,83.51365888000001,21.978845327295026
836,2021-12-20 12:31:49.709949440,21.980416666666684,21.5,19.04916666666665,0.045379,83.612451328,21.97751819873151
837,2021-12-20 12:31:49.822431232,21.97000000000002,21.5,19.039285714285704,0.045456,83.72493312,21.97617169312926
838,2021-12-20 12:31:49.968075264,21.970000000000017,21.5,19.02938775510202,0.04097,83.87057715200001,21.974805301483833
839,2021-12-20 12:31:50.061164544,21.97,21.5,19.02,0.040065,83.96366643200001,21.973418524112542
840,2021-12-20 12:31:50.116072704,21.98250000000002,21.5,19.009999999999994,0.050906,84.01857459200001,21.972010872385717
841,2021-12-20 12:31:50.212109312,21.954693877551037,21.5,19.009387755102036,0.040415,84.11461120000001,21.970581870449408
842,2021-12-20 12:31:50.315790080,21.98250000000002,21.5,18.99975,0.044812,84.21829196800002,21.96913105693496
843,2021-12-20 12:31:50.442806016,21.98020408163267,21.5,18.989795918367353,0.043515,84.34530790400002,21.96765798665092
844,2021-12-20 12:31:50.534577920,21.920000000000005,21.5,18.97933333333333,0.04314,84.43707980800002,21.966162232252756
845,2021-12-20 12:31:50.606474496,21.939387755102057,21.5,18.969795918367364,0.043636,84.50897638400002,21.964643385885815
846,2021-12-20 12:31:50.709964032,21.953695652173934,21.5,18.960000000000008,0.051339,84.61246592000002,21.96310106079702
847,2021-12-20 12:31:50.834596352,21.97000000000002,21.5,18.95000000000001,0.049038,84.73709824000002,21.96153489291089
848,2021-12-20 12:31:50.998405632,21.970000000000017,21.5,18.940000000000023,0.049649,84.90090752000002,21.95994454236551
849,2021-12-20 12:31:51.093808384,21.97,21.5,18.932,0.053622,84.99631027200002,21.958329695004075
850,2021-12-20 12:31:51.127976448,21.931538461538477,21.5,18.920000000000012,0.044864,85.03047833600002,21.95669006381786
851,2021-12-20 12:31:51.208895232,21.918979591836752,21.5,18.9104081632653,0.048342,85.11139712000002,21.955025390336427
852,2021-12-20 12:31:51.304297984,21.97000000000002,21.5,18.90051282051281,0.042927,85.20679987200002,21.953335445961024
853,2021-12-20 12:31:51.412132864,21.970000000000017,21.5,18.890612244897948,0.051304,85.31463475200002,21.951620033237255
854,2021-12-20 12:31:51.515310848,21.92454545454547,21.5,18.88090909090909,0.050683,85.41781273600002,21.94987898706319
855,2021-12-20 12:31:51.606720512,21.954693877551037,21.5,18.870816326530615,0.056342,85.50922240000001,21.948112175829262
856,2021-12-20 12:31:51.706468352,21.97000000000002,21.5,18.861162790697684,0.055877,85.60897024000002,21.946319502486467
857,2021-12-20 12:31:51.830195456,21.970000000000017,21.5,18.850638297872354,0.05711,85.73269734400002,21.94450090553956
858,2021-12-20 12:31:51.993411072,21.970000000000017,21.5,18.850000000000016,0.06046,85.89591296000002,21.942656359962054
859,2021-12-20 12:31:52.054917632,21.97000000000002,21.5,18.84000000000001,0.049795,85.95741952000002,21.940785878030084
860,2021-12-20 12:31:52.116423936,21.97000000000002,21.5,18.830000000000002,0.059219,86.01892582400002,21.938889510072386
861,2021-12-20 12:31:52.212289536,21.929183673469407,21.5,18.82142857142859,0.057974,86.11479142400002,21.936967345133912
862,2021-12-20 12:31:52.317509120,21.96390243902441,21.5,18.811951219512178,0.060482,86.22001100800001,21.935019511550795
863,2021-12-20 12:31:52.445782528,21.970000000000017,21.5,18.80163265306121,0.066519,86.34828441600001,21.93304617743458
864,2021-12-20 12:31:52.536317184,21.970000000000002,21.5,18.795714285714286,0.071842,86.43881907200002,21.931047551063937
865,2021-12-20 12:31:52.607046912,21.898571428571447,21.5,18.977755102040803,0.065002,86.50954880000002,21.929023881182378
866,2021-12-20 12:31:52.711120128,21.916808510638315,21.5,18.81787234042552,0.066111,86.61362201600002,21.926975457200655
867,2021-12-20 12:31:52.826870784,21.952558139534904,21.5,18.76999999999999,0.064563,86.72937267200003,21.924902609302844
868,2021-12-20 12:31:52.971156736,21.924081632653078,21.5,18.762244897959178,0.070325,86.87365862400003,21.922805708455424
869,2021-12-20 12:31:53.054288640,21.97,21.5,18.76,0.062614,86.95679052800003,21.920685166318897
870,2021-12-20 12:31:53.108744192,21.899347826086977,21.5,18.74173913043479,0.072273,87.01124608000002,21.918541435061844
871,2021-12-20 12:31:53.213732352,21.878163265306142,21.5,18.913673469387774,0.063193,87.11623424000003,21.916375007077484
872,2021-12-20 12:31:53.326898176,21.93590909090911,21.5,18.96159090909092,0.066998,87.22940006400003,21.914186414603193
873,2021-12-20 12:31:53.456599808,21.954375000000017,21.5,18.77250000000001,0.073259,87.35910169600004,21.911976229243674
874,2021-12-20 12:31:53.540556288,21.934285714285718,21.5,18.710000000000004,0.071275,87.44305817600004,21.909745061398713
875,2021-12-20 12:31:53.608550400,21.929183673469407,21.5,18.70285714285716,0.060747,87.51105228800003,21.90749355959683
876,2021-12-20 12:31:53.703922944,21.918717948717966,21.5,18.693589743589758,0.064058,87.60642483200003,21.905222409736385
877,2021-12-20 12:31:53.839337728,21.970000000000017,21.5,18.682857142857124,0.062522,87.74183961600004,21.90293233423602
878,2021-12-20 12:31:54.022307840,21.937391304347845,21.5,18.673260869565205,0.068366,87.92480972800004,21.90062409109656
879,2021-12-20 12:31:54.077638400,21.964565217391318,21.5,18.661630434782598,0.077813,87.98014028800004,21.898298472876835
880,2021-12-20 12:31:54.132968960,21.991739130434794,21.5,18.64999999999999,0.060558,88.03547084800005,21.89595630558613
881,2021-12-20 12:31:54.211393536,21.85265306122451,21.5,18.80020408163265,0.067407,88.11389542400005,21.893598447496256
882,2021-12-20 12:31:54.311614208,21.923488372093043,21.5,18.734883720930224,0.064706,88.21411609600005,21.891225787876532
883,2021-12-20 12:31:54.419660288,21.898571428571447,21.5,18.633469387755095,0.059964,88.32216217600005,21.888839245655134
884,2021-12-20 12:31:54.519156992,21.947941176470607,21.5,18.62529411764706,0.060762,88.42165888000005,21.886439768010636
885,2021-12-20 12:31:54.608957184,21.891875000000017,21.5,18.613750000000007,0.070887,88.51145907200005,21.884028328897713
886,2021-12-20 12:31:54.706552832,21.952142857142878,21.5,18.604523809523826,0.05884,88.60905472000005,21.88160592751127
887,2021-12-20 12:31:54.830340096,21.937391304347845,21.5,18.745000000000015,0.071967,88.73284198400005,21.879173586693376
888,2021-12-20 12:31:54.997850624,21.89346938775512,21.5,18.824081632653076,0.064418,88.90035251200004,21.87673235128757
889,2021-12-20 12:31:55.086001408,21.72,21.5,18.82,0.061298,88.98850329600005,21.874283286445284
890,2021-12-20 12:31:55.121607936,21.86705882352943,21.5,18.62235294117647,0.059911,89.02410982400005,21.871827475889294
891,2021-12-20 12:31:55.210080512,21.855416666666684,21.5,18.709374999999973,0.062665,89.11258240000005,21.8693660201391
892,2021-12-20 12:31:55.313851904,21.93511627906979,21.5,18.653023255813935,0.060345,89.21635379200005,21.866900034703352
893,2021-12-20 12:31:55.444981760,21.878163265306142,21.5,18.559999999999974,0.057478,89.34748364800005,21.86443064824438
894,2021-12-20 12:31:55.542315776,21.84500000000001,21.5,18.56,0.073102,89.44481766400006,21.861959000719978
895,2021-12-20 12:31:55.612301312,21.803333333333352,21.5,18.692380952380937,0.061122,89.51480320000006,21.859486241507536
896,2021-12-20 12:31:55.712894208,21.750612244897976,21.5,18.77489795918366,0.065891,89.61539609600005,21.857013527515694
897,2021-12-20 12:31:55.823645952,21.8072093023256,21.5,18.76441860465116,0.053707,89.72614784000005,21.854542021288516
898,2021-12-20 12:31:55.955811840,21.801632653061244,21.5,18.759999999999994,0.059596,89.85831372800006,21.85207288910724
899,2021-12-20 12:31:56.041759744,21.901818181818182,21.5,18.71636363636364,0.061773,89.94426163200005,21.849607299094554
900,2021-12-20 12:31:56.107369984,21.842448979591854,21.5,18.515510204081625,0.066037,90.00987187200005,21.847146419326133
901,2021-12-20 12:31:56.209290496,21.83111111111113,21.5,18.602,0.062275,90.11179238400005,21.844691415954145
902,2021-12-20 12:31:56.329024256,21.797777777777796,21.5,18.735111111111124,0.058327,90.23152614400006,21.842243451347244
903,2021-12-20 12:31:56.481226240,21.808541666666684,21.5,18.73000000000001,0.063993,90.38372812800006,21.83980368225147
904,2021-12-20 12:31:56.564730112,21.72,21.5,18.73,0.057975,90.46723200000005,21.83737325797629
905,2021-12-20 12:31:56.613311744,21.813023255813974,21.5,18.720000000000017,0.056336,90.51581363200005,21.83495331860976
906,2021-12-20 12:31:56.712576768,21.827142857142874,21.5,18.716122448979615,0.061319,90.61507865600005,21.832544993266737
907,2021-12-20 12:31:56.829071872,21.797380952380973,21.5,18.710000000000008,0.062989,90.73157376000005,21.830149398373738
908,2021-12-20 12:31:56.981837056,21.80673469387757,21.5,18.70632653061226,0.063245,90.88433894400005,21.82776763599391
909,2021-12-20 12:31:57.079533312,21.80333333333333,21.5,18.7,0.067636,90.98203520000006,21.825400792195357
910,2021-12-20 12:31:57.124594432,21.90333333333335,21.5,18.571999999999992,0.061212,91.02709632000006,21.823049935465818
911,2021-12-20 12:31:57.210673152,21.781224489795935,21.5,18.535102040816344,0.068953,91.11317504000006,21.820716115176605
912,2021-12-20 12:31:57.314293504,21.886666666666684,21.5,18.600714285714304,0.068437,91.21679539200005,21.81840036009832
913,2021-12-20 12:31:57.446479616,21.801632653061244,21.5,18.440000000000026,0.068096,91.34898150400005,21.81610367697083
914,2021-12-20 12:31:57.552594432,21.765454545454556,21.5,18.44,0.055338,91.45509632000005,21.813827049129685
915,2021-12-20 12:31:57.620296704,21.793529411764723,21.5,18.66617647058824,0.070981,91.52279859200006,21.811571435190903
916,2021-12-20 12:31:57.711595776,21.801632653061244,21.5,18.596326530612235,0.072806,91.61409766400006,21.809337767795995
917,2021-12-20 12:31:57.814854144,21.87625000000002,21.5,18.489,0.071048,91.71735603200005,21.807126952418784
918,2021-12-20 12:31:57.944917760,21.765918367346956,21.5,18.647551020408148,0.069224,91.84741964800006,21.80493986623542
919,2021-12-20 12:31:58.047693312,21.74500000000001,21.5,18.639999999999993,0.065266,91.95019520000005,21.802777357058762
920,2021-12-20 12:31:58.117397248,21.803333333333352,21.5,18.63717948717948,0.068422,92.01989913600005,21.800640242338094
921,2021-12-20 12:31:58.212176384,21.730416666666684,21.5,18.63,0.064836,92.11467827200005,21.798529308224925
922,2021-12-20 12:31:58.316510976,21.799545454545473,21.5,18.627954545454546,0.063874,92.21901286400005,21.79644530870546
923,2021-12-20 12:31:58.437009408,21.740408163265325,21.5,18.62,0.069527,92.33951129600005,21.794388964800117
924,2021-12-20 12:31:58.529796864,21.772083333333345,21.5,18.61666666666667,0.067991,92.43229875200005,21.792360963830205
925,2021-12-20 12:31:58.609076480,21.83734693877553,21.5,18.61000000000001,0.067254,92.51157836800004,21.790361958751852
926,2021-12-20 12:31:58.705605632,21.85750000000002,21.5,18.61000000000001,0.069494,92.60810752000005,21.788392567556958
927,2021-12-20 12:31:58.838073344,21.813750000000017,21.5,18.60875000000001,0.068137,92.74057523200004,21.786453372740805
928,2021-12-20 12:31:58.999488768,21.760697674418623,21.5,18.600000000000016,0.076234,92.90199065600004,21.784544920835813
929,2021-12-20 12:31:59.057987584,21.76847383720932,21.5,18.580000000000005,0.071888,92.96048947200003,21.782667722010714
930,2021-12-20 12:31:59.116486656,21.77625000000002,21.5,18.56,0.067104,93.01898854400004,21.780822249734346
931,2021-12-20 12:31:59.213458432,21.76081632653063,21.5,18.3687755102041,0.07549,93.11596032000004,21.779008940503044
932,2021-12-20 12:31:59.317642240,21.81375000000002,21.5,18.556000000000004,0.064968,93.22014412800004,21.77722819363055
933,2021-12-20 12:31:59.442777344,21.746041666666684,21.5,18.34958333333334,0.071904,93.34527923200004,21.775480371099185
934,2021-12-20 12:31:59.534207232,21.751250000000006,21.5,18.569374999999997,0.071028,93.43670912000003,21.7737657974709
935,2021-12-20 12:31:59.607984640,21.750612244897976,21.5,18.559999999999974,0.07469,93.51048652800003,21.77208475985677
936,2021-12-20 12:31:59.712500224,21.752608695652192,21.5,18.559999999999977,0.067393,93.61500211200003,21.770437507943313
937,2021-12-20 12:31:59.827888896,21.74439024390246,21.5,18.54999999999999,0.071349,93.73039078400002,21.76882425407388
938,2021-12-20 12:31:59.976157952,21.755714285714305,21.5,18.549999999999983,0.07585,93.87865984000003,21.767245173383337
939,2021-12-20 12:32:00.066753024,21.761666666666667,21.5,18.539999999999996,0.071626,93.96925491200003,21.765700403984155
940,2021-12-20 12:32:00.116400640,21.784102564102582,21.5,18.539999999999996,0.074309,94.01890252800003,21.764190047201954
941,2021-12-20 12:32:00.212276224,21.801632653061244,21.5,18.53999999999999,0.0769,94.11477811200002,21.7627141678584
942,2021-12-20 12:32:00.320352512,21.761666666666684,21.5,18.530476190476172,0.073598,94.22285440000003,21.76127279459945
943,2021-12-20 12:32:00.454761472,21.73020408163267,21.5,18.529999999999983,0.07105,94.35726336000003,21.75986592026665
944,2021-12-20 12:32:00.547126528,21.75846153846154,21.5,18.522307692307695,0.061917,94.44962841600004,21.75849350230938
945,2021-12-20 12:32:00.612062976,21.759772727272747,21.5,18.279999999999983,0.070944,94.51456486400004,21.757155463235826
946,2021-12-20 12:32:00.713882880,21.73020408163267,21.5,18.48653061224489,0.072052,94.61638476800003,21.75585169110039
947,2021-12-20 12:32:00.830669568,21.801250000000017,21.5,18.50075,0.070333,94.73317145600004,21.75458204002536
948,2021-12-20 12:32:00.984883200,21.765918367346956,21.5,18.289387755102034,0.063199,94.88738508800003,21.753346330754564
949,2021-12-20 12:32:01.087367168,21.845,21.5,18.259999999999998,0.061461,94.98986905600003,21.75214435123681
950,2021-12-20 12:32:01.131191040,21.738518518518532,21.5,18.490000000000006,0.068985,95.03369292800004,21.750975857236842
951,2021-12-20 12:32:01.212512256,21.740833333333352,21.5,18.481458333333343,0.074669,95.11501414400004,21.7498405729717
952,2021-12-20 12:32:01.309504256,21.757500000000018,21.5,18.472250000000017,0.072777,95.21200614400004,21.748738191770354
953,2021-12-20 12:32:01.428503808,21.740408163265325,21.5,18.470000000000017,0.067526,95.33100569600005,21.747668376754483
954,2021-12-20 12:32:01.535483648,21.73785714285716,21.5,18.46321428571428,0.067383,95.43798553600004,21.746630761538427
955,2021-12-20 12:32:01.616593664,21.750487804878066,21.5,18.460000000000004,0.07557,95.51909555200004,21.74562495094636
956,2021-12-20 12:32:01.714641920,21.750612244897976,21.5,18.46000000000001,0.074288,95.61714380800004,21.744650521744806
957,2021-12-20 12:32:01.823331840,21.79500000000002,21.5,18.45150000000001,0.068511,95.72583372800004,21.743707023388612
958,2021-12-20 12:32:01.960969216,21.756458333333352,21.5,18.450000000000014,0.073079,95.86347110400004,21.742793978778742
959,2021-12-20 12:32:02.058554624,21.720000000000002,21.5,18.44928571428571,0.069528,95.96105651200004,21.741910885030155
960,2021-12-20 12:32:02.118230528,21.767297297297315,21.5,18.206486486486494,0.068743,96.02073241600004,21.741057214248205
961,2021-12-20 12:32:02.211923456,21.704693877551037,21.5,18.364285714285693,0.069665,96.11442534400004,21.740232414312107
962,2021-12-20 12:32:02.315976448,21.817560975609776,21.5,18.248536585365873,0.066885,96.21847833600005,21.73943590966408
963,2021-12-20 12:32:02.442912000,21.74551020408165,21.5,18.182857142857124,0.064066,96.34541388800005,21.738667102102838
964,2021-12-20 12:32:02.535609088,21.751250000000006,21.5,18.194375000000004,0.075271,96.43811097600005,21.73792537158022
965,2021-12-20 12:32:02.608199680,21.746041666666684,21.5,18.403124999999985,0.062907,96.51070156800004,21.737210076999922
966,2021-12-20 12:32:02.712805888,21.735625000000017,21.5,18.399999999999984,0.071441,96.61530777600005,21.736520557017194
967,2021-12-20 12:32:02.830699008,21.75333333333335,21.5,18.39288888888888,0.067111,96.73320089600006,21.735856130838723
968,2021-12-20 12:32:02.973174528,21.720000000000017,21.5,18.38999999999999,0.063211,96.87567641600006,21.735216099021834
969,2021-12-20 12:32:03.052675328,21.77,21.5,18.383999999999997,0.071259,96.95517721600007,21.73459974427231
970,2021-12-20 12:32:03.108619520,21.725208333333352,21.5,18.38,0.074389,97.01112140800007,21.73400633224019
971,2021-12-20 12:32:03.207995392,21.73111111111113,21.5,18.38,0.067268,97.11049728000006,21.733435112313035
972,2021-12-20 12:32:03.332114432,21.77000000000002,21.5,18.37355555555556,0.061844,97.23461632000006,21.732885318406144
973,2021-12-20 12:32:03.496879360,21.73020408163267,21.5,18.37,0.06502,97.39938124800005,21.73235616974942
974,2021-12-20 12:32:03.586247168,21.72,21.5,18.37,0.068147,97.48874905600006,21.731846871670488
975,2021-12-20 12:32:03.623774464,21.73470588235296,21.5,18.36000000000001,0.06617,97.52627635200005,21.731356616373915
976,2021-12-20 12:32:03.712679680,21.720000000000017,21.5,18.35458333333335,0.061992,97.61518156800005,21.73088458371633
977,2021-12-20 12:32:03.816058880,21.702954545454563,21.5,18.480681818181832,0.079482,97.71856076800006,21.73042994197734
978,2021-12-20 12:32:03.938950912,21.720000000000017,21.5,18.457551020408168,0.072723,97.84145280000006,21.729991848626266
979,2021-12-20 12:32:04.032231424,21.72000000000001,21.5,18.34190476190476,0.067164,97.93473331200006,21.72956945108461
980,2021-12-20 12:32:04.110002176,21.73020408163267,21.5,18.345102040816343,0.06598,98.01250406400007,21.729161887484356
981,2021-12-20 12:32:04.211268864,21.75409090909093,21.5,18.340000000000003,0.075814,98.11377075200006,21.728768287422138
982,2021-12-20 12:32:04.327442176,21.740833333333352,21.5,18.335416666666678,0.072776,98.22994406400007,21.728387772709496
983,2021-12-20 12:32:04.465944576,21.72000000000002,21.5,18.33000000000001,0.068493,98.36844646400006,21.728019458119306
984,2021-12-20 12:32:04.544047104,21.72,21.5,18.319999999999997,0.067617,98.44654899200006,21.727662452128587
985,2021-12-20 12:32:04.610371584,21.720000000000017,21.5,18.32000000000002,0.073208,98.51287347200007,21.727315857657864
986,2021-12-20 12:32:04.704315904,21.720000000000017,21.5,18.320000000000007,0.063418,98.60681779200007,21.726978772807332
987,2021-12-20 12:32:04.829441024,21.72000000000002,21.5,18.316170212765936,0.063875,98.73194291200008,21.726650291590055
988,2021-12-20 12:32:05.007915008,21.746041666666684,21.5,18.309999999999977,0.063348,98.91041689600007,21.72632950466248
989,2021-12-20 12:32:05.099998720,21.72,21.5,18.31,0.06891,99.00250060800008,21.72601550005253
990,2021-12-20 12:32:05.128473600,21.720000000000013,21.5,18.300000000000008,0.070993,99.03097548800008,21.725707363885515
991,2021-12-20 12:32:05.211655680,21.704693877551037,21.5,18.296938775510192,0.062239,99.11415756800008,21.725404181108203
992,2021-12-20 12:32:05.313174016,21.738292682926847,21.5,18.289999999999996,0.064817,99.21567590400008,21.725105036211307
993,2021-12-20 12:32:05.442523392,21.720000000000017,21.5,18.28714285714285,0.067489,99.34502528000007,21.724809013950647
994,2021-12-20 12:32:05.554643200,21.720000000000013,21.5,18.27999999999999,0.070723,99.45714508800008,21.724515200067245
995,2021-12-20 12:32:05.624367104,21.73612903225808,21.5,18.279999999999987,0.07364,99.52686899200008,21.72422268200656
996,2021-12-20 12:32:05.710677248,21.73020408163267,21.5,18.277551020408147,0.066233,99.61317913600007,21.723930549637206
997,2021-12-20 12:32:05.818894336,21.72000000000002,21.5,18.26999999999999,0.071533,99.72139622400007,21.723637895969325
998,2021-12-20 12:32:05.959398656,21.73020408163267,21.5,18.26775510204081,0.063643,99.86190054400008,21.723343817872806
999,2021-12-20 12:32:06.060474368,21.720000000000006,21.5,18.259999999999998,0.069031,99.96297625600008,21.72304741679551
1000,2021-12-20 12:32:06.121980672,21.720000000000017,21.5,18.257714285714282,0.061821,100.02448256000008,21.722747799481706
1001,2021-12-20 12:32:06.213380352,21.720000000000017,21.5,18.25,0.069285,100.11588224000008,21.722444078690838
1002,2021-12-20 12:32:06.319444992,21.726097560975628,21.5,18.25,0.064779,100.22194688000008,21.72213537391668
1003,2021-12-20 12:32:06.450866432,21.720000000000017,21.5,18.249387755102042,0.072623,100.35336832000007,21.721820812106984
1004,2021-12-20 12:32:06.541300480,21.720000000000002,21.5,18.240000000000002,0.068851,100.44380236800008,21.721499528383667
1005,2021-12-20 12:32:06.610038784,21.709795918367366,21.5,18.240000000000006,0.070677,100.51254067200007,21.72117066676347
1006,2021-12-20 12:32:06.707372800,21.72000000000002,21.5,18.23000000000001,0.072718,100.60987468800008,21.720833380879057
1007,2021-12-20 12:32:06.828524800,21.725208333333352,21.5,17.995000000000008,0.072828,100.73102668800007,21.72048683470044
1008,2021-12-20 12:32:06.982175232,21.72000000000002,21.5,18.199090909090927,0.071046,100.88467712000008,21.72013020325663
1009,2021-12-20 12:32:07.054001408,21.72,21.5,18.21,0.068714,100.95650329600008,21.719762673357284
1010,2021-12-20 12:32:07.108939776,21.704693877551037,21.5,18.21000000000001,0.069922,101.01144166400007,21.719383444314076
1011,2021-12-20 12:32:07.211061504,21.680227272727294,21.5,18.210000000000008,0.061687,101.11356339200007,21.718991728661457
1012,2021-12-20 12:32:07.329950464,21.704375000000017,21.5,18.201666666666682,0.077099,101.23245235200008,21.718586752876437
1013,2021-12-20 12:32:07.463936768,21.72000000000002,21.5,18.20000000000001,0.067964,101.36643865600008,21.718167758096993
1014,2021-12-20 12:32:07.540309248,21.720000000000006,21.5,18.19,0.075424,101.44281113600009,21.71773400083854
1015,2021-12-20 12:32:07.610284800,21.69959183673471,21.5,18.190000000000023,0.08106,101.51278668800009,21.717284753707926
1016,2021-12-20 12:32:07.717083648,21.675555555555576,21.5,18.343333333333323,0.078429,101.61958553600009,21.716819306114292
1017,2021-12-20 12:32:07.879444480,21.709795918367366,21.5,18.25836734693876,0.076721,101.78194636800009,21.71633696497609
1018,2021-12-20 12:32:08.021618432,21.720000000000013,21.5,18.180000000000003,0.076324,101.92412032000009,21.715837055423467
1019,2021-12-20 12:32:08.067956992,21.720000000000017,21.5,18.176785714285714,0.06743,101.97045888000008,21.715318921495246
1020,2021-12-20 12:32:08.114285312,21.72000000000002,21.5,18.17357142857142,0.077012,102.01678720000008,21.71478192682955
1021,2021-12-20 12:32:08.214777600,21.704693877551037,21.5,18.169999999999987,0.075636,102.11727948800008,21.714225455347126
1022,2021-12-20 12:32:08.328416000,21.72000000000002,21.5,18.164,0.072292,102.23091788800008,21.713648911926423
1023,2021-12-20 12:32:08.468699136,21.720000000000017,21.5,18.159999999999993,0.073298,102.37120102400007,21.71305172306929
1024,2021-12-20 12:32:08.552263168,21.72,21.5,18.16,0.075633,102.45476505600007,21.712433337556263
1025,2021-12-20 12:32:08.608951808,21.709795918367366,21.5,18.149999999999988,0.068253,102.51145369600007,21.711793227090237
1026,2021-12-20 12:32:08.708538880,21.69674418604653,21.5,18.208837209302317,0.082533,102.61104076800008,21.711130886927386
1027,2021-12-20 12:32:08.838190080,21.699166666666684,21.5,18.299999999999994,0.081462,102.74069196800008,21.710445836494042
1028,2021-12-20 12:32:09.002984960,21.708636363636383,21.5,18.13999999999999,0.068559,102.90548684800008,21.709737619988264
1029,2021-12-20 12:32:09.060971008,21.700804668304688,21.5,18.171081081081073,0.074378,102.96347289600008,21.70900580696486
1030,2021-12-20 12:32:09.118967040,21.692972972972992,21.5,18.202162162162157,0.074614,103.02146892800009,21.708249992902573
1031,2021-12-20 12:32:09.212056576,21.720000000000017,21.5,18.32591836734694,0.076873,103.11455846400008,21.70746979975203
1032,2021-12-20 12:32:09.317175552,21.726250000000018,21.5,18.13,0.072197,103.21967744000008,21.70666487646319
1033,2021-12-20 12:32:09.446535168,21.679183673469407,21.5,18.13,0.076979,103.34903705600009,21.705834899490885
1034,2021-12-20 12:32:09.539302656,21.720000000000006,21.5,18.125625,0.063183,103.44180454400009,21.704979573277086
1035,2021-12-20 12:32:09.611149056,21.720000000000017,21.5,18.12,0.073847,103.51365094400009,21.70409863070856
1036,2021-12-20 12:32:09.707789056,21.694358974358995,21.5,18.137692307692312,0.074521,103.61029094400008,21.703191833548498
1037,2021-12-20 12:32:09.843022592,21.689387755102057,21.5,18.32551020408165,0.069349,103.74552448000009,21.702258972840742
1038,2021-12-20 12:32:10.007767296,21.68875000000002,21.5,18.11000000000001,0.070885,103.91026918400009,21.701299869285297
1039,2021-12-20 12:32:10.064013312,21.70437500000002,21.5,18.10500000000001,0.076156,103.96651520000009,21.700314373583772
1040,2021-12-20 12:32:10.120259072,21.720000000000017,21.5,18.100000000000012,0.07446,104.02276096000008,21.699302366753475
1041,2021-12-20 12:32:10.214897664,21.689387755102057,21.5,18.100000000000012,0.069726,104.11739955200008,21.698263760408842
1042,2021-12-20 12:32:10.323677952,21.673488372093043,21.5,18.330000000000005,0.069854,104.22617984000009,21.697198497008948
1043,2021-12-20 12:32:10.453107968,21.709795918367366,21.5,18.099795918367352,0.075551,104.35560985600009,21.696106550069885
1044,2021-12-20 12:32:10.540806144,21.720000000000006,21.5,18.09,0.072317,104.44330803200009,21.69498792434083
1045,2021-12-20 12:32:10.611908096,21.694489795918386,21.5,18.090000000000007,0.06922,104.5144099840001,21.693842655942642
1046,2021-12-20 12:32:10.714140416,21.679302325581414,21.5,18.081627906976752,0.075979,104.6166423040001,21.692670812467945
1047,2021-12-20 12:32:10.858074624,21.668979591836752,21.5,18.080000000000013,0.07395,104.7605765120001,21.691472493041598
1048,2021-12-20 12:32:11.000489728,21.704375000000017,21.5,18.0728125,0.074423,104.9029916160001,21.69024782834064
1049,2021-12-20 12:32:11.054995456,21.72,21.5,18.07,0.073333,104.95749734400009,21.688996980572835
1050,2021-12-20 12:32:11.109119232,21.674081632653078,21.5,18.070000000000018,0.081769,105.01162112000009,21.68772014341295
1051,2021-12-20 12:32:11.207609856,21.72000000000002,21.5,18.06357142857141,0.081064,105.11011174400008,21.686417541896024
1052,2021-12-20 12:32:11.327917056,21.662708333333352,21.5,18.059999999999977,0.07915,105.23041894400008,21.685089432266906
1053,2021-12-20 12:32:11.476518144,21.640454545454563,21.5,18.195909090909083,0.077338,105.37902003200008,21.683736101785517
1054,2021-12-20 12:32:11.551422208,21.72,21.5,18.28,0.079049,105.45392409600008,21.682357868487266
1055,2021-12-20 12:32:11.609850624,21.673125000000017,21.5,18.279999999999983,0.079438,105.51235251200008,21.680955080898322
1056,2021-12-20 12:32:11.710795776,21.64222222222224,21.5,18.167555555555538,0.080781,105.61329766400007,21.679528117705342
1057,2021-12-20 12:32:11.849288192,21.638367346938793,21.5,18.049999999999983,0.074977,105.75179008000008,21.678077387379474
1058,2021-12-20 12:32:11.994992384,21.69222222222224,21.5,18.049999999999997,0.081853,105.89749427200007,21.67660332775452
1059,2021-12-20 12:32:12.056086528,21.72,21.5,18.28,0.075229,105.95858841600007,21.675106405559262
1060,2021-12-20 12:32:12.111286272,21.725102040816346,21.5,18.18204081632651,0.080327,106.01378816000008,21.673587115904052
1061,2021-12-20 12:32:12.208700928,21.67731707317075,21.5,18.039999999999996,0.079311,106.11120281600007,21.672045981721865
1062,2021-12-20 12:32:12.321715712,21.708636363636383,21.5,18.03636363636363,0.076998,106.22421760000007,21.67048355316425
1063,2021-12-20 12:32:12.470819840,21.699166666666684,21.5,18.029999999999983,0.073352,106.37332172800008,21.66890040695262
1064,2021-12-20 12:32:12.551376640,21.72,21.5,18.26,0.080437,106.45387852800008,21.667297145685573
1065,2021-12-20 12:32:12.610418688,21.720000000000017,21.5,18.206122448979585,0.080089,106.51292057600007,21.665674397102972
1066,2021-12-20 12:32:12.707662080,21.676250000000017,21.5,18.01999999999999,0.072052,106.61016396800007,21.664032813307678
1067,2021-12-20 12:32:12.839606784,21.709583333333352,21.5,18.01999999999999,0.082008,106.74210867200007,21.662373069946064
1068,2021-12-20 12:32:13.004753664,21.648571428571447,21.5,18.01999999999999,0.070852,106.90725555200007,21.66069586534844
1069,2021-12-20 12:32:13.062397696,21.664548872180468,21.5,18.12052631578947,0.087149,106.96489958400007,21.659001919630832
1070,2021-12-20 12:32:13.120041728,21.680526315789493,21.5,18.221052631578953,0.083937,107.02254361600006,21.65729197375948
1071,2021-12-20 12:32:13.214207488,21.653673469387773,21.5,18.004897959183673,0.078558,107.11670937600006,21.655566788579723
1072,2021-12-20 12:32:13.322494976,21.630714285714305,21.5,18.240000000000006,0.080568,107.22499686400006,21.65382714381094
1073,2021-12-20 12:32:13.452518400,21.589791666666684,21.5,18.0,0.075209,107.35502028800006,21.652073837009343
1074,2021-12-20 12:32:13.540980992,21.58666666666667,21.5,18.192000000000004,0.073663,107.44348288000006,21.65030768250054
1075,2021-12-20 12:32:13.610272512,21.663877551020427,21.5,18.019591836734694,0.079752,107.51277440000005,21.648529510283836
1076,2021-12-20 12:32:13.703291392,21.699729729729746,21.5,18.0,0.078981,107.60579328000006,21.6467401649104
1077,2021-12-20 12:32:13.832570624,21.679183673469407,21.5,17.991428571428578,0.085774,107.73507251200006,21.644940504337306
1078,2021-12-20 12:32:13.996238848,21.665121951219533,21.5,17.990000000000006,0.074733,107.89874073600006,21.64313139875968
1079,2021-12-20 12:32:14.055472128,21.614072603516753,21.5,18.10500000000001,0.071197,107.95797401600007,21.64131372942321
1080,2021-12-20 12:32:14.114695424,21.563023255813974,21.5,18.220000000000017,0.075436,108.01719731200006,21.639488387419206
1081,2021-12-20 12:32:14.214785280,21.648571428571447,21.5,18.220000000000017,0.076692,108.11728716800006,21.63765627246463
1082,2021-12-20 12:32:14.327438080,21.69560975609758,21.5,18.220000000000017,0.076555,108.22993996800007,21.635818291669313
1083,2021-12-20 12:32:14.463426048,21.612857142857163,21.5,18.06326530612246,0.074754,108.36592793600006,21.633975358292783
1084,2021-12-20 12:32:14.547774976,21.645,21.5,18.172,0.06704,108.45027686400006,21.63212839049307
1085,2021-12-20 12:32:14.610548736,21.605416666666684,21.5,18.21416666666668,0.072903,108.51305062400006,21.630278310069855
1086,2021-12-20 12:32:14.711051008,21.572272727272747,21.5,18.210000000000008,0.062881,108.61355289600006,21.628426041204353
1087,2021-12-20 12:32:14.850770688,21.607755102040834,21.5,18.092653061224496,0.072144,108.75327257600006,21.62657250919828
1088,2021-12-20 12:32:14.996173056,21.555714285714302,21.5,18.041714285714296,0.078548,108.89867494400006,21.624718639214272
1089,2021-12-20 12:32:15.056090368,21.595,21.5,17.98,0.077079,108.95859225600006,21.62286535502011
1090,2021-12-20 12:32:15.111280128,21.674081632653078,21.5,17.98000000000001,0.064883,109.01378201600006,21.621013577739053
1091,2021-12-20 12:32:15.208704768,21.622439024390264,21.5,18.036097560975623,0.068274,109.11120665600006,21.61916422460856
1092,2021-12-20 12:32:15.332813824,21.667916666666684,21.5,18.13500000000001,0.069258,109.23531571200006,21.61731820774967
1093,2021-12-20 12:32:15.491040768,21.56659090909093,21.5,18.017045454545475,0.069974,109.39354265600006,21.615476432949226
1094,2021-12-20 12:32:15.552074496,21.607184343434362,21.5,18.08041161616163,0.081535,109.45457638400006,21.61363979845723
1095,2021-12-20 12:32:15.613107968,21.647777777777797,21.5,18.143777777777785,0.072876,109.51560985600007,21.611809193801413
1096,2021-12-20 12:32:15.713711104,21.640212765957468,21.5,18.004255319148957,0.073548,109.61621299200007,21.60998549862118
1097,2021-12-20 12:32:15.833243648,21.604146341463434,21.5,18.20000000000001,0.072386,109.73574553600007,21.608169581523
1098,2021-12-20 12:32:15.988996096,21.546530612244915,21.5,18.200000000000017,0.068671,109.89149798400007,21.606362298959358
1099,2021-12-20 12:32:16.077267712,21.72,21.5,18.2,0.075471,109.97976960000007,21.60456449413328
1100,2021-12-20 12:32:16.120136192,21.572564102564122,21.5,17.972307692307698,0.075663,110.02263808000006,21.602776995930448
1101,2021-12-20 12:32:16.215398144,21.582244897959203,21.5,18.19979591836736,0.071649,110.11790003200007,21.601000617880786
1102,2021-12-20 12:32:16.328473344,21.65452380952383,21.5,18.190000000000015,0.073424,110.23097523200006,21.59923615715155
1103,2021-12-20 12:32:16.469973248,21.636666666666684,21.5,18.190000000000023,0.069628,110.37247513600006,21.597484393573716
1104,2021-12-20 12:32:16.555126784,21.595,21.5,18.075000000000003,0.07762,110.45762867200007,21.595746088703475
1105,2021-12-20 12:32:16.611835392,21.586666666666687,21.5,17.960000000000008,0.075649,110.51433728000006,21.594021984920683
1106,2021-12-20 12:32:16.713957120,21.597659574468103,21.5,17.96000000000001,0.070346,110.61645900800006,21.59231280456594
1107,2021-12-20 12:32:16.833570048,21.622439024390264,21.5,18.190000000000015,0.074338,110.73607193600006,21.59061924911795
1108,2021-12-20 12:32:16.987854080,21.536326530612264,21.5,18.18183673469386,0.072176,110.89035596800007,21.588941998412775
1109,2021-12-20 12:32:17.075290880,21.47,21.5,18.18,0.073212,110.97779276800007,21.587281709906396
1110,2021-12-20 12:32:17.118752768,21.61102564102566,21.5,17.967692307692314,0.065409,111.02125465600007,21.585639017982043
1111,2021-12-20 12:32:17.215463168,21.582244897959203,21.5,18.11653061224492,0.06745,111.11796505600007,21.58401453330358
1112,2021-12-20 12:32:17.325953280,21.598048780487822,21.5,18.181951219512182,0.066853,111.22845516800007,21.582408842216207
1113,2021-12-20 12:32:17.462011648,21.638367346938793,21.5,18.179999999999982,0.073133,111.36451353600006,21.580822506195492
1114,2021-12-20 12:32:17.548673792,21.55333333333333,21.5,18.103333333333335,0.063296,111.45117568000006,21.57925606134576
1115,2021-12-20 12:32:17.610944768,21.595000000000017,21.5,18.079374999999978,0.071075,111.51344665600006,21.57771001794864
1116,2021-12-20 12:32:17.711467264,21.577954545454563,21.5,18.065454545454568,0.072343,111.61396915200005,21.57618486006257
1117,2021-12-20 12:32:17.838644224,21.623061224489813,21.5,18.057551020408145,0.06772,111.74114611200005,21.574681045173836
1118,2021-12-20 12:32:17.981421568,21.538750000000018,21.5,18.176499999999994,0.068694,111.88392345600005,21.573199003899607
1119,2021-12-20 12:32:18.050532096,21.47,21.5,17.94,0.077725,111.95303398400004,21.571739139743283
1120,2021-12-20 12:32:18.111454976,21.54142857142859,21.5,17.940000000000023,0.07044,112.01395686400005,21.570301828902416
1121,2021-12-20 12:32:18.211675648,21.563023255813974,21.5,18.00418604651162,0.070609,112.11417753600006,21.568887420129226
1122,2021-12-20 12:32:18.341115904,21.577142857142874,21.5,18.016530612244914,0.06469,112.24361779200005,21.56749623464356
1123,2021-12-20 12:32:18.477053440,21.497777777777795,21.5,17.713055555555556,0.071304,112.37955532800005,21.566128566098005
1124,2021-12-20 12:32:18.545077760,21.5325,21.5,18.16,0.073604,112.44757964800006,21.56478468059479
1125,2021-12-20 12:32:18.612105984,21.58734693877553,21.5,18.106122448979583,0.072137,112.51460787200006,21.563464816753857
1126,2021-12-20 12:32:18.714569728,21.533953488372113,21.5,17.97023255813953,0.06828,112.61707161600006,21.562169185831323
1127,2021-12-20 12:32:18.856270848,21.527291666666684,21.5,18.159999999999993,0.069061,112.75877273600005,21.5608979718874
1128,2021-12-20 12:32:18.995175936,21.509062500000017,21.5,18.160000000000007,0.075138,112.89767782400006,21.55965133200271
1129,2021-12-20 12:32:19.052276736,21.47,21.5,18.16,0.064488,112.95477862400006,21.558429396541733
1130,2021-12-20 12:32:19.110222336,21.592448979591854,21.5,18.159999999999993,0.070943,113.01272422400005,21.55723226946198
1131,2021-12-20 12:32:19.208562176,21.555365853658557,21.5,18.16,0.063698,113.11106406400005,21.55606002866741
1132,2021-12-20 12:32:19.336855808,21.64346938775512,21.5,18.159999999999993,0.072285,113.23935769600004,21.554912726404385
1133,2021-12-20 12:32:19.490657024,21.506585365853677,21.5,17.92585365853658,0.067314,113.39315891200005,21.553790389698417
1134,2021-12-20 12:32:19.550664704,21.524751016260183,21.5,17.932926829268286,0.068656,113.45316659200004,21.55269302082976
1135,2021-12-20 12:32:19.610672384,21.542916666666684,21.5,17.93999999999999,0.063304,113.51317427200004,21.551620597845865
1136,2021-12-20 12:32:19.711748096,21.56659090909093,21.5,18.12181818181818,0.068168,113.61424998400004,21.550573075108563
1137,2021-12-20 12:32:19.837637632,21.562391304347845,21.5,18.151304347826073,0.06802,113.74013952000004,21.549550383873875
1138,2021-12-20 12:32:19.998388992,21.502608695652192,21.5,18.149999999999988,0.064603,113.90089088000005,21.548552432902174
1139,2021-12-20 12:32:20.058789120,21.556817168338924,21.5,18.046794871794866,0.06446,113.96129100800005,21.547579109096414
1140,2021-12-20 12:32:20.119188992,21.61102564102566,21.5,17.94358974358974,0.067135,114.02169088000005,21.546630278166113
1141,2021-12-20 12:32:20.216844800,21.551632653061244,21.5,18.074897959183662,0.068928,114.11934668800005,21.545705785314674
1142,2021-12-20 12:32:20.325102336,21.559743589743608,21.5,17.961282051282048,0.066643,114.22760422400005,21.544805455947742
1143,2021-12-20 12:32:20.458585600,21.54142857142859,21.5,18.060816326530603,0.062823,114.36108748800005,21.543929096400188
1144,2021-12-20 12:32:20.546515200,21.55333333333333,21.5,18.150000000000002,0.070498,114.44901708800005,21.543076494679358
1145,2021-12-20 12:32:20.610938624,21.582244897959203,21.5,18.149999999999988,0.066756,114.51344051200005,21.542247421222257
1146,2021-12-20 12:32:20.710958080,21.565238095238115,21.5,18.04142857142856,0.067077,114.61345996800004,21.541441629664323
1147,2021-12-20 12:32:20.836022784,21.597777777777797,21.5,18.03266666666666,0.059979,114.73852467200004,21.54065885761748
1148,2021-12-20 12:32:21.003352320,21.52851063829789,21.5,18.145744680851056,0.066236,114.90585420800004,21.539898827455204
1149,2021-12-20 12:32:21.063581440,21.531398176291813,21.5,18.080443768996957,0.065776,114.96608332800004,21.539161247102474
1150,2021-12-20 12:32:21.123800320,21.534285714285733,21.5,18.015142857142855,0.062966,115.02630220800003,21.538445810828442
1151,2021-12-20 12:32:21.214727168,21.561836734693895,21.5,17.993265306122446,0.071695,115.11722905600003,21.537752200039805
1152,2021-12-20 12:32:21.321143808,21.579756097560995,21.5,18.062195121951206,0.061788,115.22364569600003,21.53708008407285
1153,2021-12-20 12:32:21.455019520,21.500612244897976,21.5,17.971020408163263,0.069359,115.35752140800004,21.536429120982262
1154,2021-12-20 12:32:21.544729344,21.47,21.5,18.139999999999997,0.066701,115.44723123200004,21.535798958324822
1155,2021-12-20 12:32:21.611144192,21.54142857142859,21.5,18.13999999999999,0.063845,115.51364608000003,21.53518923393625
1156,2021-12-20 12:32:21.709635072,21.547380952380973,21.5,18.13999999999999,0.071617,115.61213696000003,21.534599576699488
1157,2021-12-20 12:32:21.838179840,21.589791666666684,21.5,18.13999999999999,0.060592,115.74068172800003,21.534029607302788
1158,2021-12-20 12:32:22.002974720,21.5268181818182,21.5,18.134772727272715,0.066127,115.90547660800003,21.533478938986054
1159,2021-12-20 12:32:22.061614592,21.54446172248806,21.5,18.131070574162667,0.067162,115.96411648000003,21.532947178273986
1160,2021-12-20 12:32:22.120254464,21.562105263157914,21.5,18.12736842105262,0.066005,116.02275635200003,21.53243392569468
1161,2021-12-20 12:32:22.214923008,21.546530612244915,21.5,17.899999999999988,0.064894,116.11742489600003,21.53193877648243
1162,2021-12-20 12:32:22.324528128,21.52625000000002,21.5,18.13999999999999,0.074073,116.22703001600003,21.53146132126352
1163,2021-12-20 12:32:22.464730624,21.566938775510224,21.5,17.90489795918366,0.062896,116.36723251200003,21.531001146723888
1164,2021-12-20 12:32:22.554923264,21.47,21.5,18.04375,0.076403,116.45742515200003,21.530557836257756
1165,2021-12-20 12:32:22.613009664,21.56659090909093,21.5,17.895454545454534,0.063183,116.51551155200002,21.53013097059624
1166,2021-12-20 12:32:22.713592576,21.537708333333352,21.5,17.898541666666652,0.067499,116.61609446400001,21.529720128415164
1167,2021-12-20 12:32:22.837782272,21.53547619047621,21.5,17.890238095238082,0.067112,116.74028416000002,21.52932488692137
1168,2021-12-20 12:32:22.999298048,21.51081632653063,21.5,18.0730612244898,0.059807,116.90179993600002,21.52894482241688
1169,2021-12-20 12:32:23.088002048,21.47,21.5,18.12,0.074011,116.99050393600002,21.528579510840427
1170,2021-12-20 12:32:23.124262144,21.52147058823531,21.5,17.88,0.065687,117.02676403200003,21.528228528285844
1171,2021-12-20 12:32:23.215470848,21.521020408163285,21.5,18.056326530612246,0.066813,117.11797273600003,21.52789145149691
1172,2021-12-20 12:32:23.321716480,21.549545454545473,21.5,17.929090909090906,0.0708,117.22421836800002,21.52756785833842
1173,2021-12-20 12:32:23.442938880,21.51081632653063,21.5,18.044285714285724,0.06526,117.34544076800002,21.527257328243262
1174,2021-12-20 12:32:23.534861568,21.615833333333345,21.5,18.11000000000001,0.06908,117.43736345600001,21.526959442635366
1175,2021-12-20 12:32:23.614482944,21.536326530612264,21.5,18.11000000000001,0.067112,117.51698483200002,21.526673785328445
1176,2021-12-20 12:32:23.712963584,21.5020512820513,21.5,18.11000000000001,0.069997,117.61546547200003,21.526399942900618
1177,2021-12-20 12:32:23.867639808,21.57204081632655,21.5,17.959795918367348,0.06883,117.77014169600002,21.52613750504503
1178,2021-12-20 12:32:24.024991744,21.542580645161305,21.5,17.88,0.076988,117.92749363200002,21.525886064896614
1179,2021-12-20 12:32:24.073985536,21.543452484742822,21.5,17.99135135135136,0.07174,117.97648742400003,21.525645219335367
1180,2021-12-20 12:32:24.122969344,21.544324324324343,21.5,18.102702702702718,0.069403,118.02547123200003,21.52541456926641
1181,2021-12-20 12:32:24.216058880,21.531224489795935,21.5,18.105306122448987,0.072004,118.11856076800002,21.525193719877343
1182,2021-12-20 12:32:24.321640704,21.58875000000002,21.5,18.11000000000001,0.067171,118.22414259200002,21.524982280873367
1183,2021-12-20 12:32:24.452448512,21.490408163265325,21.5,18.11000000000001,0.064795,118.35495040000002,21.52477986669073
1184,2021-12-20 12:32:24.543928576,21.470000000000002,21.5,18.110000000000007,0.072659,118.44643046400002,21.52458609668918
1185,2021-12-20 12:32:24.612143872,21.561836734693895,21.5,18.11000000000001,0.063297,118.51464576000002,21.524400595324067
1186,2021-12-20 12:32:24.708522496,21.543170731707335,21.5,18.11000000000001,0.06653,118.61102438400002,21.52422299229882
1187,2021-12-20 12:32:24.841724160,21.51081632653063,21.5,18.11000000000001,0.071888,118.74422604800002,21.524052922698555
1188,2021-12-20 12:32:25.001137920,21.47000000000002,21.5,18.11000000000001,0.063693,118.90363980800002,21.52389002710561
1189,2021-12-20 12:32:25.058912768,21.49034883720932,21.5,18.11000000000001,0.06976,118.96141465600002,21.523733951697817
1190,2021-12-20 12:32:25.116687616,21.510697674418623,21.5,18.11000000000001,0.06483,119.01918950400001,21.523584348330292
1191,2021-12-20 12:32:25.216777472,21.515918367346956,21.5,18.11000000000001,0.06767,119.11927936000001,21.523440874601597
1192,2021-12-20 12:32:25.330928896,21.49500000000002,21.5,18.11000000000001,0.074772,119.233430784,21.523303193904983
1193,2021-12-20 12:32:25.472247808,21.485306122448996,21.5,18.11000000000001,0.074081,119.37474969600001,21.52317097546556
1194,2021-12-20 12:32:25.554816256,21.47,21.5,18.11,0.070196,119.45731814400001,21.523043894364136
1195,2021-12-20 12:32:25.610740480,21.551632653061244,21.5,18.11000000000001,0.070784,119.51324236800001,21.522921631548478
1196,2021-12-20 12:32:25.711856384,21.504883720930252,21.5,18.11000000000001,0.075038,119.614358272,21.522803873832707
1197,2021-12-20 12:32:25.836086272,21.52000000000002,21.5,18.12,0.068078,119.73858816,21.522690313885484
1198,2021-12-20 12:32:25.999392512,21.533829787234062,21.5,18.104680851063833,0.065533,119.9018944,21.522580650207647
1199,2021-12-20 12:32:26.060215040,21.518362262038092,21.5,18.11234042553192,0.070594,119.962716928,21.522474587099975
1200,2021-12-20 12:32:26.121047552,21.502894736842123,21.5,18.12,0.066611,120.02354944000001,21.52237183462164
1201,2021-12-20 12:32:26.215203072,21.546530612244915,21.5,18.11000000000001,0.067338,120.11770496000001,21.522272108539976
1202,2021-12-20 12:32:26.323902976,21.530975609756116,21.5,18.11000000000001,0.067428,120.22640486400002,21.522175130272036
1203,2021-12-20 12:32:26.459307520,21.500612244897976,21.5,18.11000000000001,0.06796,120.36180940800001,21.522080626818585
1204,2021-12-20 12:32:26.547297280,21.544999999999998,21.5,17.971999999999998,0.060455,120.44979916800001,21.52198833069101
1205,2021-12-20 12:32:26.611449088,21.500612244897976,21.5,18.09061224489796,0.068836,120.51395097600002,21.52189797983168
1206,2021-12-20 12:32:26.707787264,21.507500000000018,21.5,18.111750000000008,0.058709,120.61028915200002,21.52180931752833
1207,2021-12-20 12:32:26.838313728,21.542916666666684,21.5,18.11000000000001,0.071412,120.74081561600002,21.521722092322893
1208,2021-12-20 12:32:27.011215616,21.50409090909093,21.5,18.11000000000001,0.068384,120.91371750400002,21.521636057915433
1209,2021-12-20 12:32:27.069020672,21.49840909090911,21.5,18.11000000000001,0.064904,120.97152256000003,21.52155097306356
1210,2021-12-20 12:32:27.126825472,21.49272727272729,21.5,18.11000000000001,0.068732,121.02932736000002,21.521466601477865
1211,2021-12-20 12:32:27.216032512,21.551632653061244,21.5,18.11000000000001,0.075078,121.11853440000003,21.52138271171388
1212,2021-12-20 12:32:27.317420032,21.59500000000002,21.5,18.117500000000003,0.0724,121.21992192000003,21.52129907706111
1213,2021-12-20 12:32:27.438340608,21.49551020408165,21.5,17.958367346938775,0.067578,121.34084249600004,21.52121547542965
1214,2021-12-20 12:32:27.533874176,21.526818181818193,21.5,17.978181818181817,0.07501,121.43637606400003,21.521131689234945
1215,2021-12-20 12:32:27.612892160,21.531224489795935,21.5,18.113877551020416,0.062135,121.51539404800003,21.521047505281242
1216,2021-12-20 12:32:27.710195968,21.553333333333352,21.5,18.11000000000001,0.06454,121.61269785600004,21.520962714644348
1217,2021-12-20 12:32:27.848084992,21.546530612244915,21.5,18.11000000000001,0.067807,121.75058688000004,21.520877112554327
1218,2021-12-20 12:32:28.008685568,21.509473684210544,21.5,18.11000000000001,0.06086,121.91118745600004,21.52079049827879
1219,2021-12-20 12:32:28.064066560,21.51473684210528,21.5,18.113125000000007,0.071408,121.96656844800003,21.520702675007396
1220,2021-12-20 12:32:28.119437312,21.520000000000017,21.5,18.116250000000004,0.065083,122.02193920000003,21.520613449738278
1221,2021-12-20 12:32:28.216248320,21.55673469387757,21.5,18.12,0.061749,122.11875020800004,21.520522633167143
1222,2021-12-20 12:32:28.331475968,21.553333333333352,21.5,18.12,0.061851,122.23397785600004,21.52043003957985
1223,2021-12-20 12:32:28.477180416,21.485306122448996,21.5,18.12,0.065927,122.37968230400004,21.520335486749204
1224,2021-12-20 12:32:28.562192896,21.47,21.5,18.12,0.064168,122.46469478400005,21.520238795836836
1225,2021-12-20 12:32:28.614486016,21.549545454545473,21.5,18.12,0.064098,122.51698790400005,21.52013979130095
1226,2021-12-20 12:32:28.716084736,21.558541666666684,21.5,18.12,0.071952,122.61858662400005,21.520038300810825
1227,2021-12-20 12:32:28.829532160,21.537073170731727,21.5,18.12,0.061262,122.73203404800005,21.51993415516896
1228,2021-12-20 12:32:28.967994368,21.49551020408165,21.5,18.12,0.055916,122.87049625600005,21.519827188241777
1229,2021-12-20 12:32:29.050683648,21.648571428571426,21.5,18.12,0.060837,122.95318553600005,21.51971723689974
1230,2021-12-20 12:32:29.110319104,21.501250000000017,21.5,18.05770833333333,0.05483,123.01282099200004,21.51960414096787
1231,2021-12-20 12:32:29.205440256,21.5020512820513,21.5,17.895897435897425,0.063369,123.10794214400005,21.519487743187515
1232,2021-12-20 12:32:29.326552064,21.527291666666684,21.5,18.12,0.059082,123.22905395200004,21.519367889190317
1233,2021-12-20 12:32:29.482203904,21.492727272727294,21.5,18.12,0.061161,123.38470579200005,21.519244427485337
1234,2021-12-20 12:32:29.556092160,21.595,21.5,18.12,0.065081,123.45859404800005,21.519117209460212
1235,2021-12-20 12:32:29.611855360,21.485306122448996,21.5,18.12,0.068954,123.51435724800005,21.51898608939731
1236,2021-12-20 12:32:29.710265600,21.506585365853677,21.5,18.12,0.066295,123.61276748800006,21.5188509245057
1237,2021-12-20 12:32:29.831990784,21.522083333333352,21.5,17.894791666666656,0.071304,123.73449267200006,21.51871157496973
1238,2021-12-20 12:32:29.984645376,21.487045454545473,21.5,18.12,0.064348,123.88714726400006,21.518567904015047
1239,2021-12-20 12:32:30.057095168,21.47,21.5,18.12,0.059906,123.95959705600006,21.51841977799278
1240,2021-12-20 12:32:30.112858368,21.515918367346956,21.5,18.12,0.06482,124.01536025600006,21.5182670664825
1241,2021-12-20 12:32:30.214447104,21.509772727272747,21.5,18.12,0.056775,124.11694899200006,21.51810964241462
1242,2021-12-20 12:32:30.337500160,21.475102040816346,21.5,18.12,0.062811,124.24000204800006,21.51794738221266
1243,2021-12-20 12:32:30.473457920,21.47000000000002,21.5,18.12,0.063412,124.37595980800006,21.517780165955916
1244,2021-12-20 12:32:30.545998336,21.50846153846154,21.5,18.12,0.065771,124.44850022400006,21.517607877562696
1245,2021-12-20 12:32:30.613107200,21.490408163265325,21.5,18.12,0.0653,124.51560908800006,21.517430404994453
1246,2021-12-20 12:32:30.717331200,21.52000000000002,21.5,18.12,0.062941,124.61983308800006,21.51724764048085
1247,2021-12-20 12:32:30.867571712,21.500612244897976,21.5,18.12,0.058267,124.77007360000006,21.517059480765795
1248,2021-12-20 12:32:31.003398656,21.55928571428573,21.5,17.99678571428571,0.051479,124.90590054400006,21.51686582737435
1249,2021-12-20 12:32:31.054273536,21.47,21.5,18.12,0.059303,124.95677542400006,21.51666658690029
1250,2021-12-20 12:32:31.111927552,21.485306122448996,21.5,18.12,0.065635,125.01442944000006,21.51646167131402
1251,2021-12-20 12:32:31.209764608,21.524878048780508,21.5,18.12,0.067716,125.11226649600006,21.516250998290374
1252,2021-12-20 12:32:31.336156928,21.500612244897976,21.5,18.12,0.062728,125.23865881600005,21.516034491555857
1253,2021-12-20 12:32:31.486970880,21.500487804878066,21.5,18.12,0.058704,125.38947276800005,21.51581208125471
1254,2021-12-20 12:32:31.556211968,21.636666666666667,21.5,18.12,0.050758,125.45871385600005,21.515583704333057
1255,2021-12-20 12:32:31.612538368,21.511666666666684,21.5,18.12,0.064778,125.51504025600005,21.515349304940365
1256,2021-12-20 12:32:31.710838016,21.488292682926847,21.5,18.12,0.05483,125.61333990400004,21.515108834847336
1257,2021-12-20 12:32:31.832734464,21.501250000000017,21.5,18.12,0.058152,125.73523635200004,21.514862253879276
1258,2021-12-20 12:32:31.984896256,21.515454545454563,21.5,18.12,0.056959,125.88739814400004,21.514609530363916
1259,2021-12-20 12:32:32.057104640,21.47,21.5,18.13,0.055258,125.95960652800005,21.514350641592568
1260,2021-12-20 12:32:32.113139200,21.485306122448996,21.5,18.13,0.055865,126.01564108800005,21.514085574293432
1261,2021-12-20 12:32:32.212032256,21.537073170731727,21.5,18.13,0.054617,126.11453414400005,21.513814325115796
1262,2021-12-20 12:32:32.328688384,21.513478260869586,21.5,18.13,0.052636,126.23119027200005,21.51353690112379
1263,2021-12-20 12:32:32.477299456,21.497173913043497,21.5,18.13,0.060975,126.37980134400004,21.51325332029834
1264,2021-12-20 12:32:32.554375936,21.47,21.5,18.13,0.053909,126.45687782400005,21.51296361204585
1265,2021-12-20 12:32:32.613428224,21.52612244897961,21.5,18.085918367346935,0.060644,126.51593011200005,21.512667817712096
1266,2021-12-20 12:32:32.715358976,21.538181818181837,21.5,17.891363636363625,0.060854,126.61786086400005,21.512365991099763
1267,2021-12-20 12:32:32.860831744,21.548125000000017,21.5,17.92395833333332,0.063354,126.76333363200006,21.512058198988026
1268,2021-12-20 12:32:33.023866624,21.522631578947387,21.5,18.13,0.051346,126.92636851200005,21.51174452165251
1269,2021-12-20 12:32:33.076079104,21.4963157894737,21.5,18.125,0.0568,126.97858099200005,21.511425053384034
1270,2021-12-20 12:32:33.128291584,21.470000000000017,21.5,18.12,0.058561,127.03079347200004,21.51109990300436
1271,2021-12-20 12:32:33.216150784,21.531224489795935,21.5,18.12,0.056504,127.11865267200004,21.51076919437719
1272,2021-12-20 12:32:33.317990912,21.505714285714305,21.5,18.12,0.046259,127.22049280000005,21.510433066912675
1273,2021-12-20 12:32:33.435984640,21.511666666666684,21.5,18.12,0.058075,127.33848652800005,21.510091676063688
1274,2021-12-20 12:32:33.530924800,21.518076923076936,21.5,18.12,0.056637,127.43342668800004,21.50974519381207
1275,2021-12-20 12:32:33.613111040,21.470000000000017,21.5,18.12877551020408,0.062032,127.51561292800004,21.509393809143088
1276,2021-12-20 12:32:33.717485824,21.492727272727294,21.5,18.13,0.061002,127.61998771200004,21.509037728506332
1277,2021-12-20 12:32:33.870432000,21.515918367346956,21.5,18.13,0.050752,127.77293388800004,21.508677176261287
1278,2021-12-20 12:32:34.010061056,21.49678571428573,21.5,18.13,0.052113,127.91256294400004,21.508312395105847
1279,2021-12-20 12:32:34.060905728,21.514005102040834,21.5,18.13,0.067706,127.96340761600004,21.507943646486016
1280,2021-12-20 12:32:34.111750400,21.531224489795935,21.5,18.13,0.057746,128.01425228800005,21.507571210985073
1281,2021-12-20 12:32:34.212846336,21.516511627906997,21.5,17.979302325581386,0.051292,128.11534822400006,21.50719538869052
1282,2021-12-20 12:32:34.331554048,21.539148936170232,21.5,18.04829787234042,0.056319,128.23405593600006,21.506816499537194
1283,2021-12-20 12:32:34.476604672,21.4977777777778,21.5,18.13,0.060145,128.37910656000005,21.506434883624983
1284,2021-12-20 12:32:34.552494336,21.47,21.5,18.13,0.057344,128.45499622400004,21.50605090150958
1285,2021-12-20 12:32:34.612039424,21.501250000000017,21.5,18.13,0.057605,128.51454131200003,21.5056649344649
1286,2021-12-20 12:32:34.707220992,21.520000000000017,21.5,18.13,0.045984,128.60972288000002,21.505277384715626
1287,2021-12-20 12:32:34.843279360,21.551632653061244,21.5,18.13,0.054721,128.74578124800001,21.504888675638703
1288,2021-12-20 12:32:35.008577280,21.551250000000017,21.5,18.13,0.061721,128.91107916800001,21.504499251932394
1289,2021-12-20 12:32:35.065245440,21.545881410256428,21.5,18.13,0.063024,128.967747328,21.504109579751823
1290,2021-12-20 12:32:35.121913856,21.540512820512838,21.5,18.13,0.062418,129.024415744,21.503720146809943
1291,2021-12-20 12:32:35.215617024,21.490833333333352,21.5,18.13,0.054607,129.118118912,21.50333146244294
1292,2021-12-20 12:32:35.326418944,21.50333333333335,21.5,18.13,0.058558,129.228920832,21.50294405763925
1293,2021-12-20 12:32:35.461270272,21.470000000000017,21.5,18.13,0.057766,129.36377216,21.502558485031372
1294,2021-12-20 12:32:35.546001408,21.52769230769231,21.5,18.13,0.053242,129.44850329599998,21.502175318849833
1295,2021-12-20 12:32:35.614085888,21.515918367346956,21.5,18.08306122448979,0.054021,129.516587776,21.50179515483877
1296,2021-12-20 12:32:35.712888320,21.53250000000002,21.5,17.940249999999992,0.057901,129.615390208,21.50141861013261
1297,2021-12-20 12:32:35.858994944,21.522083333333352,21.5,18.13,0.063325,129.761496832,21.50104632309351
1298,2021-12-20 12:32:36.024765696,21.483513513513532,21.5,18.13,0.056338,129.927267584,21.50067895310926
1299,2021-12-20 12:32:36.076837376,21.488475506756775,21.5,18.13,0.051959,129.979339264,21.500317180351473
1300,2021-12-20 12:32:36.128899072,21.493437500000017,21.5,18.13,0.058945,130.03140096,21.499961705493966
1301,2021-12-20 12:32:36.217462272,21.500612244897976,21.5,18.13,0.057158,130.11996416000002,21.499613249391277
1302,2021-12-20 12:32:36.321666048,21.499761904761925,21.5,18.13,0.055546,130.22416793600001,21.499272552717414
1303,2021-12-20 12:32:36.444316672,21.470000000000017,21.5,18.13,0.057703,130.34681856,21.498940375565013
1304,2021-12-20 12:32:36.536531200,21.50750000000001,21.5,17.945999999999994,0.05498,130.439033088,21.498617497005064
1305,2021-12-20 12:32:36.612440832,21.459795918367366,21.5,18.101836734693876,0.06481,130.51494272,21.498304714607492
1306,2021-12-20 12:32:36.715327232,21.508888888888908,21.5,18.13,0.050735,130.61782911999998,21.49800284392295
1307,2021-12-20 12:32:36.858315776,21.48020408163267,21.5,18.13,0.05701,130.76081766399997,21.4977127179262
1308,2021-12-20 12:32:37.003335936,21.49205882352943,21.5,18.13,0.064153,130.90583782399997,21.497435186421527
1309,2021-12-20 12:32:37.057741312,21.48623774509806,21.5,18.13,0.058355,130.96024319999998,21.497171115410772
1310,2021-12-20 12:32:37.112136448,21.480416666666684,21.5,18.13,0.057854,131.014638336,21.496921386424457
1311,2021-12-20 12:32:37.212226560,21.492727272727294,21.5,18.13,0.072042,131.114728448,21.4966868958167
1312,2021-12-20 12:32:37.322073088,21.537073170731727,21.5,18.13,0.050663,131.22457497599999,21.496468554024563
1313,2021-12-20 12:32:37.463995392,21.48020408163267,21.5,18.13,0.055801,131.36649727999998,21.49626728479256
1314,2021-12-20 12:32:37.550758144,21.55333333333333,21.5,18.137777777777778,0.055637,131.45326003199997,21.496084024363114
1315,2021-12-20 12:32:37.612707072,21.501250000000017,21.5,18.13999999999999,0.054419,131.51520895999997,21.49591972063382
1316,2021-12-20 12:32:37.707737856,21.495641025641046,21.5,18.13999999999999,0.052515,131.61023974399995,21.49577533228231
1317,2021-12-20 12:32:37.838998272,21.475102040816346,21.5,18.13999999999999,0.048966,131.74150015999996,21.495651827859746
1318,2021-12-20 12:32:38.001691136,21.47000000000002,21.5,18.13999999999999,0.063188,131.90419302399997,21.495550184853915
1319,2021-12-20 12:32:38.060692992,21.47000000000002,21.5,18.13999999999999,0.061785,131.96319487999997,21.49547138872302
1320,2021-12-20 12:32:38.119694848,21.47000000000002,21.5,18.13999999999999,0.058922,132.02219673599998,21.49541643190121
1321,2021-12-20 12:32:38.218698496,21.548125000000017,21.5,18.13999999999999,0.061462,132.121200384,21.495386312777047
1322,2021-12-20 12:32:38.326080768,21.508461538461557,21.5,18.05153846153845,0.062075,132.228582656,21.495382034646095
1323,2021-12-20 12:32:38.457995264,21.470000000000017,21.96938775510204,18.215102040816316,0.056835,132.360497152,21.495404604638846
1324,2021-12-20 12:32:38.547403264,21.50846153846154,22.5,19.07230769230768,0.059979,132.44990515199999,21.495455032625294
1325,2021-12-20 12:32:38.614984960,21.500612244897976,22.5,19.08408163265307,0.058171,132.51748684799998,21.495534330097467
1326,2021-12-20 12:32:38.712429568,21.50125000000002,22.5,19.102500000000013,0.054295,132.61493145599997,21.495643509031346
1327,2021-12-20 12:32:38.854583296,21.521020408163285,22.5,19.12326530612245,0.065175,132.75708518399998,21.49578358072956
1328,2021-12-20 12:32:39.020474624,21.48973684210528,22.5,19.13999999999999,0.056012,132.92297651199996,21.49595555464637
1329,2021-12-20 12:32:39.073783552,21.47986842105265,22.5,19.160588235294114,0.062996,132.97628543999997,21.49616043719641
1330,2021-12-20 12:32:39.127082240,21.470000000000017,22.5,19.181176470588234,0.061165,133.02958412799998,21.496399230548818
1331,2021-12-20 12:32:39.217818112,21.51081632653063,22.5,19.200408163265323,0.057846,133.12032,21.49667293140832
1332,2021-12-20 12:32:39.320442624,21.508461538461557,22.5,19.220000000000017,0.054729,133.222944512,21.496982529784923
1333,2021-12-20 12:32:39.447247616,21.470000000000017,22.5,19.2395918367347,0.054079,133.349749504,21.497329007753947
1334,2021-12-20 12:32:39.540005120,21.503333333333337,22.5,19.25733333333333,0.063012,133.44250700799998,21.497713338208115
1335,2021-12-20 12:32:39.611861504,21.51081632653063,22.5,19.277959183673453,0.064146,133.51436339199998,21.498136483603382
1336,2021-12-20 12:32:39.710261504,21.555365853658557,22.5,19.100731707317088,0.061338,133.61276339199998,21.498599394700385
1337,2021-12-20 12:32:39.836643840,21.52851063829789,22.5,19.296808510638307,0.051583,133.73914572799998,21.49910300930331
1338,2021-12-20 12:32:40.001951744,21.486666666666686,22.5,19.338000000000005,0.047515,133.90445363199998,21.499648250998135
1339,2021-12-20 12:32:40.062251264,21.49756410256412,22.5,19.358230769230772,0.060486,133.964753152,21.50023602789206
1340,2021-12-20 12:32:40.122550528,21.508461538461557,22.5,19.378461538461536,0.060745,134.025052416,21.50086723135613
1341,2021-12-20 12:32:40.218768128,21.52612244897961,22.5,19.234285714285697,0.054858,134.12127001599998,21.501542734772936
1342,2021-12-20 12:32:40.326583040,21.48250000000002,22.5,19.37624999999999,0.061238,134.229084928,21.502263392291503
1343,2021-12-20 12:32:40.458678272,21.470000000000017,22.5,19.432653061224517,0.058212,134.36118016,21.503030037591305
1344,2021-12-20 12:32:40.547613696,21.5325,22.5,19.448333333333338,0.05252,134.450115584,21.503843482657466
1345,2021-12-20 12:32:40.614420736,21.470000000000017,22.5,19.47142857142858,0.061644,134.516922624,21.504704516569195
1346,2021-12-20 12:32:40.715013632,21.516511627906997,22.5,19.48976744186047,0.069035,134.61751551999998,21.5056139043035
1347,2021-12-20 12:32:40.846566144,21.536326530612264,22.5,19.509795918367338,0.058411,134.749068032,21.506572385556222
1348,2021-12-20 12:32:40.991415296,21.48973684210528,22.5,19.52631578947367,0.061734,134.893917184,21.507580673582382
1349,2021-12-20 12:32:41.056261120,21.47,22.5,19.56,0.05297,134.958763008,21.508639454057978
1350,2021-12-20 12:32:41.113935360,21.546530612244915,22.5,19.568163265306136,0.056865,135.01643724800002,21.509749383965204
1351,2021-12-20 12:32:41.210695936,21.507500000000018,22.5,19.584500000000002,0.060245,135.11319782400003,21.510911090503097
1352,2021-12-20 12:32:41.331777536,21.516875000000017,22.5,19.610000000000007,0.053979,135.23427942400002,21.512125170025595
1353,2021-12-20 12:32:41.481766656,21.481627906976765,22.5,19.634186046511623,0.055596,135.384268544,21.513392187008993
1354,2021-12-20 12:32:41.555353088,21.619999999999997,22.5,19.67,0.058272,135.45785497600002,21.51471267305071
1355,2021-12-20 12:32:41.614113792,21.566938775510224,22.5,19.6161224489796,0.055801,135.51661568000003,21.51608712590124
1356,2021-12-20 12:32:41.710854144,21.488750000000017,22.5,19.46300000000001,0.053871,135.61335603200004,21.51751600853118
1357,2021-12-20 12:32:41.848712960,21.536326530612264,22.5,19.71183673469389,0.051231,135.75121484800005,21.518999748235135
1358,2021-12-20 12:32:42.021293056,21.506585365853677,22.5,19.72000000000002,0.05352,135.92379494400004,21.520538735774227
1359,2021-12-20 12:32:42.075799040,21.500389457120395,22.5,19.741451612903234,0.05232,135.97830092800004,21.52213332455897
1360,2021-12-20 12:32:42.130314752,21.494193548387113,22.5,19.762903225806443,0.049354,136.03281664000005,21.523783829874155
1361,2021-12-20 12:32:42.216453888,21.521020408163285,22.5,19.7908163265306,0.051265,136.11895577600006,21.52549052814735
1362,2021-12-20 12:32:42.321402112,21.53111111111113,22.5,19.809999999999977,0.050467,136.22390400000006,21.527253656262488
1363,2021-12-20 12:32:42.442433536,21.470000000000017,22.5,19.830000000000013,0.05238,136.34493542400006,21.529073410919942
1364,2021-12-20 12:32:42.534406400,21.553333333333345,22.5,19.849166666666676,0.056465,136.43690828800007,21.53094994804444
1365,2021-12-20 12:32:42.614098176,21.515918367346956,22.5,19.86836734693878,0.04909,136.51660006400007,21.532883382241952
1366,2021-12-20 12:32:42.718191360,21.53250000000002,22.5,19.674999999999986,0.053709,136.62069324800007,21.534873786306672
1367,2021-12-20 12:32:42.866732032,21.49551020408165,22.5,19.872857142857132,0.057994,136.76923392000006,21.53692119077904
1368,2021-12-20 12:32:43.001654016,21.48785714285716,22.5,19.924285714285713,0.056502,136.90415590400005,21.539025583555617
1369,2021-12-20 12:32:43.054490112,21.47,22.5,19.95,0.056657,136.95699200000004,21.541186909551538
1370,2021-12-20 12:32:43.113833984,21.511666666666684,22.5,19.965416666666687,0.059112,137.01633587200004,21.543405070416107
1371,2021-12-20 12:32:43.211560192,21.585853658536603,22.5,19.983170731707325,0.060011,137.11406208000005,21.545679924301936
1372,2021-12-20 12:32:43.339199744,21.51081632653063,22.5,20.003877551020402,0.047171,137.24170163200006,21.548011285687963
1373,2021-12-20 12:32:43.487861248,21.507500000000018,22.5,20.021499999999982,0.055005,137.39036313600005,21.550398925256463
1374,2021-12-20 12:32:43.557333760,21.619999999999997,22.5,20.05,0.052608,137.45983564800005,21.552842569824115
1375,2021-12-20 12:32:43.615782656,21.551632653061244,22.5,20.0618367346939,0.053063,137.51828454400004,21.555341902327
1376,2021-12-20 12:32:43.715379712,21.574651162790715,22.5,20.080232558139542,0.063649,137.61788160000003,21.55789656185935
1377,2021-12-20 12:32:43.845292544,21.658775510204098,22.5,20.10061224489796,0.052279,137.74779443200003,21.560506143765632
1378,2021-12-20 12:32:43.988220672,21.4963157894737,22.5,20.116842105263164,0.056497,137.89072256000003,21.563170199785553
1379,2021-12-20 12:32:44.054444544,21.47,22.5,20.150000000000002,0.060491,137.95694643200002,21.56588823825146
1380,2021-12-20 12:32:44.114281216,21.54142857142859,22.5,20.158571428571406,0.059585,138.016783104,21.56865972433739
1381,2021-12-20 12:32:44.207833344,21.584864864864883,22.5,20.12459459459461,0.062411,138.110335232,21.571484080359085
1382,2021-12-20 12:32:44.332727040,21.678333333333352,22.5,19.96708333333334,0.055814,138.235228928,21.574360686124123
1383,2021-12-20 12:32:44.500559616,21.53250000000002,22.5,19.985000000000007,0.054456,138.403061504,21.57728887933122
1384,2021-12-20 12:32:44.561100288,21.56375000000002,22.5,20.038125,0.054242,138.463602176,21.580267956017664
1385,2021-12-20 12:32:44.621641216,21.59500000000002,22.5,20.091249999999995,0.048389,138.524143104,21.583297171053847
1386,2021-12-20 12:32:44.718955008,21.566938775510224,22.5,20.264489795918358,0.061178,138.62145689599998,21.586375738683703
1387,2021-12-20 12:32:44.833096448,21.582500000000017,22.5,20.284999999999975,0.060045,138.73559833599998,21.58950283310985
1388,2021-12-20 12:32:44.978770432,21.558541666666684,22.5,20.302916666666665,0.05118,138.88127232,21.592677589122182
1389,2021-12-20 12:32:45.070029312,21.61285714285714,22.5,20.319999999999997,0.050862,138.9725312,21.59589910276857
1390,2021-12-20 12:32:45.122624000,21.62000000000002,22.5,20.126000000000012,0.052457,139.025125888,21.599166432066262
1391,2021-12-20 12:32:45.219948032,21.54142857142859,22.5,20.34653061224491,0.044003,139.12244991999998,21.602478597752665
1392,2021-12-20 12:32:45.327591936,21.577954545454563,22.5,20.14590909090908,0.054669,139.230093824,21.60583458407398
1393,2021-12-20 12:32:45.448985344,21.566938775510224,22.5,20.399999999999984,0.054428,139.35148723199998,21.6092333396103
1394,2021-12-20 12:32:45.536643072,21.578695652173927,22.5,20.41000000000001,0.044484,139.43914496,21.61267377813573
1395,2021-12-20 12:32:45.614423808,21.653673469387773,22.5,20.21285714285716,0.04394,139.516925696,21.616154779511994
1396,2021-12-20 12:32:45.720146432,21.630714285714305,22.5,20.218095238095255,0.049316,139.62264832,21.619675190614103
1397,2021-12-20 12:32:45.889518080,21.64346938775512,22.5,20.228775510204095,0.051122,139.792019968,21.623233826286643
1398,2021-12-20 12:32:46.033130240,21.676521739130447,22.5,20.243913043478262,0.044452,139.935632128,21.626829470329277
1399,2021-12-20 12:32:46.076722688,21.673870625662794,22.5,20.270005302226927,0.041275,139.979224576,21.630460876510053
1400,2021-12-20 12:32:46.120305408,21.67121951219514,22.5,20.296097560975593,0.047573,140.022807296,21.634126769605217
1401,2021-12-20 12:32:46.217729792,21.69959183673471,22.5,20.294693877551,0.046505,140.12023168,21.637825846464356
1402,2021-12-20 12:32:46.326298880,21.687948717948736,22.5,20.31794871794873,0.051994,140.22880076799999,21.641556777099645
1403,2021-12-20 12:32:46.461019648,21.668979591836752,22.5,20.32673469387757,0.037537,140.36352153599998,21.64531820579817
1404,2021-12-20 12:32:46.550799872,21.651818181818182,22.5,20.339090909090906,0.039722,140.45330176,21.649108752256357
1405,2021-12-20 12:32:46.615786496,21.704693877551037,22.5,20.3561224489796,0.042656,140.518288384,21.65292701273567
1406,2021-12-20 12:32:46.710988032,21.68153846153848,22.5,20.369743589743592,0.054494,140.61348991999998,21.656771561238834
1407,2021-12-20 12:32:46.845034752,21.653673469387773,22.5,20.512653061224487,0.049767,140.74753663999996,21.660640950705922
1408,2021-12-20 12:32:47.018067456,21.690238095238115,22.5,20.53571428571427,0.041862,140.92056934399997,21.66453371422978
1409,2021-12-20 12:32:47.073981440,21.689494047619064,22.5,20.527232142857137,0.036044,140.97648332799997,21.668448366290356
1410,2021-12-20 12:32:47.129895424,21.688750000000017,22.5,20.518750000000008,0.034697,141.03239731199997,21.67238340400762
1411,2021-12-20 12:32:47.218468608,21.638367346938793,22.5,20.55204081632655,0.044386,141.12097049599998,21.676337308412794
1412,2021-12-20 12:32:47.323768832,21.68511627906979,22.5,20.60790697674419,0.03605,141.22627071999997,21.680308545737773
1413,2021-12-20 12:32:47.448209920,21.720000000000017,22.5,20.486530612244902,0.033545,141.35071180799997,21.68429556872261
1414,2021-12-20 12:32:47.539307776,21.72000000000001,22.5,20.508421052631576,0.041906,141.44180966399998,21.688296817941165
1415,2021-12-20 12:32:47.613980672,21.69959183673471,22.5,20.525306122448963,0.035219,141.51648256,21.692310723144857
1416,2021-12-20 12:32:47.713929728,21.708095238095257,22.5,20.541666666666654,0.033524,141.616431616,21.696335704624733
1417,2021-12-20 12:32:47.861192960,21.709795918367366,22.5,20.554081632653062,0.041858,141.763694848,21.700370174591985
1418,2021-12-20 12:32:48.023262208,21.740833333333352,22.5,20.57000000000001,0.026762,141.925764096,21.704412538577127
1419,2021-12-20 12:32:48.075122688,21.730416666666684,22.5,20.585714285714296,0.023112,141.97762457599998,21.708461196848038
1420,2021-12-20 12:32:48.126993152,21.720000000000017,22.5,20.601428571428585,0.02525,142.02949503999997,21.71251454584715
1421,2021-12-20 12:32:48.218392832,21.709795918367366,22.5,20.61122448979593,0.029009,142.12089471999997,21.71657097964801
1422,2021-12-20 12:32:48.326760704,21.743809523809542,22.5,20.63095238095238,0.019959,142.22926259199997,21.72062889143148
1423,2021-12-20 12:32:48.462648320,21.720000000000017,22.5,20.649999999999984,0.026927,142.36515020799996,21.72468667498172
1424,2021-12-20 12:32:48.549964288,21.72,22.5,20.66,0.028704,142.45246617599997,21.728742726202192
1425,2021-12-20 12:32:48.613904640,21.714791666666684,22.5,20.679583333333312,0.022515,142.51640652799998,21.732795444651813
1426,2021-12-20 12:32:48.715503360,21.725681818181837,22.5,20.689090909090933,0.027261,142.61800524799997,21.736843235101226
1427,2021-12-20 12:32:48.838405632,21.704375000000017,22.5,20.708333333333346,0.031906,142.74090751999998,21.740884509109232
1428,2021-12-20 12:32:48.985990912,21.737045454545473,22.5,20.71840909090911,0.019579,142.88849279999997,21.744917686619203
1429,2021-12-20 12:32:49.057203456,21.72,22.5,20.74,0.023263,142.95970534399996,21.748941197575174
1430,2021-12-20 12:32:49.114344448,21.750612244897976,22.5,20.755918367346933,0.019627,143.01684633599996,21.7529534835573
1431,2021-12-20 12:32:49.212141312,21.738750000000017,22.5,20.767249999999986,0.028398,143.11464319999996,21.75695299943607
1432,2021-12-20 12:32:49.332800512,21.750612244897976,22.5,20.7842857142857,0.014856,143.23530239999997,21.760938215044586
1433,2021-12-20 12:32:49.481934592,21.72000000000002,22.5,20.79651162790696,0.020369,143.38443647999998,21.764907616867973
1434,2021-12-20 12:32:49.555470592,21.72,22.5,20.819999999999997,0.016347,143.45797247999997,21.768859709748856
1435,2021-12-20 12:32:49.615599104,21.720000000000017,22.5,20.82632653061226,0.015104,143.51810099199997,21.77279301860764
1436,2021-12-20 12:32:49.712892928,21.757500000000018,22.5,20.840000000000007,0.012654,143.61539481599996,21.7767060901761
1437,2021-12-20 12:32:49.854131456,21.777291666666684,22.5,20.72625,0.017336,143.75663334399997,21.780597494742604
1438,2021-12-20 12:32:50.030644224,21.738292682926847,22.5,20.733658536585363,0.019903,143.93314611199997,21.784465827907034
1439,2021-12-20 12:32:50.083782144,21.733954033771123,22.5,20.820290806754223,0.01144,143.986284032,21.788309712343242
1440,2021-12-20 12:32:50.136930048,21.7296153846154,22.5,20.906923076923086,0.017887,144.039431936,21.792127799566714
1441,2021-12-20 12:32:50.217698048,21.80673469387757,22.5,20.811428571428554,0.018737,144.120199936,21.79591877170483
1442,2021-12-20 12:32:50.315716096,21.756585365853677,22.5,20.800487804878074,0.017576,144.218217984,21.79968134326686
1443,2021-12-20 12:32:50.425009408,21.746041666666684,22.5,20.94354166666669,0.012732,144.327511296,21.803414262910696
1444,2021-12-20 12:32:50.525833472,21.75676470588237,22.5,20.95411764705883,0.014476,144.42833536,21.807116315202965
1445,2021-12-20 12:32:50.616690176,21.77612244897961,22.5,20.965714285714295,0.018528,144.519192064,21.810786322369164
1446,2021-12-20 12:32:50.715251200,21.820000000000018,22.5,20.985500000000005,0.008576,144.617753088,21.814423146030006
1447,2021-12-20 12:32:50.867774976,21.811836734693895,22.5,21.00224489795918,0.014802,144.770276864,21.818025688920123
1448,2021-12-20 12:32:51.024905472,21.821562500000017,22.5,21.009999999999994,0.010618,144.92740736000002,21.821592896585102
1449,2021-12-20 12:32:51.074643712,21.81132179054056,22.5,21.026891891891886,0.008,144.97714560000003,21.825123759052655
1450,2021-12-20 12:32:51.124371968,21.8010810810811,22.5,21.043783783783773,0.001055,145.02687385600004,21.828617312473522
1451,2021-12-20 12:32:51.218396672,21.781224489795935,22.5,21.03755102040814,0.019682,145.12089856000003,21.832072640727656
1452,2021-12-20 12:32:51.327388160,21.880714285714305,22.5,20.863809523809532,0.012566,145.22989004800002,21.8354888769911
1453,2021-12-20 12:32:51.460700672,21.811836734693895,22.5,21.090408163265316,0.012635,145.36320256000002,21.83886520525882
1454,2021-12-20 12:32:51.548670464,21.7825,22.5,21.101666666666663,-0.000198,145.45117235200001,21.842200861818725
1455,2021-12-20 12:32:51.614320896,21.803333333333352,22.5,21.12,0.00441,145.51682278400003,21.845495136672103
1456,2021-12-20 12:32:51.709462272,21.873846153846173,22.5,20.895897435897425,0.002403,145.61196416,21.848747374895616
1457,2021-12-20 12:32:51.837242624,21.883265306122468,22.5,20.908775510204073,0.00611,145.73974451200002,21.851956977940052
1458,2021-12-20 12:32:52.002540544,21.83046511627909,22.5,20.91906976744185,0.012566,145.90504243200002,21.855123404860958
1459,2021-12-20 12:32:52.062226432,21.87344684385384,22.5,20.929534883720937,0.005639,145.96472832,21.858246173476378
1460,2021-12-20 12:32:52.121922304,21.91642857142859,22.5,20.940000000000023,0.012025,146.024424192,21.861324861446974
1461,2021-12-20 12:32:52.218351104,21.839791666666684,22.5,21.143125000000026,0.005081,146.120852992,21.86435910727393
1462,2021-12-20 12:32:52.331617280,21.900232558139553,22.5,21.19883720930234,0.00802,146.234119168,21.867348611210126
1463,2021-12-20 12:32:52.472996608,21.89346938775512,22.5,21.21469387755104,0.006263,146.375498496,21.87029313608019
1464,2021-12-20 12:32:52.554669824,21.886666666666667,22.5,21.066666666666663,-0.000338,146.45717171200002,21.873192508005282
1465,2021-12-20 12:32:52.614224896,21.959795918367366,22.5,21.0034693877551,0.00952,146.516726784,21.87604661702861
1466,2021-12-20 12:32:52.713691392,21.922380952380973,22.5,21.01595238095237,0.003449,146.61619328,21.878855417637833
1467,2021-12-20 12:32:52.849276928,21.923125000000017,22.5,21.026249999999983,0.007722,146.751778816,21.88161892918086
1468,2021-12-20 12:32:53.012593408,21.841951219512215,22.5,21.151951219512178,0.002749,146.915095296,21.88433723617176
1469,2021-12-20 12:32:53.068879616,21.89921885299936,22.5,21.107732366512856,0.00539,146.971381504,21.887010488483728
1470,2021-12-20 12:32:53.125165824,21.956486486486504,22.5,21.06351351351353,0.006089,147.02766771199998,21.889638901426395
1471,2021-12-20 12:32:53.218727936,21.924081632653078,22.5,21.074897959183687,0.010604,147.12122982399998,21.892222755705067
1472,2021-12-20 12:32:53.325255168,21.97000000000002,22.5,21.085609756097565,0.003314,147.22775705599997,21.894762397259797
1473,2021-12-20 12:32:53.453719552,21.949166666666684,22.5,21.094166666666673,0.007639,147.35622143999998,21.897258236982548
1474,2021-12-20 12:32:53.544324608,21.970000000000006,22.5,21.104375000000005,0.005621,147.44682649599997,21.89971075031101
1475,2021-12-20 12:32:53.615104768,21.929183673469407,22.5,21.113673469387763,0.002655,147.51760665599997,21.902120476697938
1476,2021-12-20 12:32:53.712640000,21.94560975609758,22.5,21.121951219512194,-0.006059,147.61514188799998,21.904488018955337
1477,2021-12-20 12:32:53.853023232,21.939387755102057,22.5,21.13306122448979,0.00448,147.75552512,21.90681404247315
1478,2021-12-20 12:32:54.015082496,21.930526315789493,22.5,21.14052631578946,0.003198,147.91758438399998,21.909099274312453
1479,2021-12-20 12:32:54.069457408,21.90750000000002,22.5,21.179868421052625,0.001762,147.97195929599997,21.911344502173442
1480,2021-12-20 12:32:54.123842560,21.884473684210544,22.5,21.219210526315784,0.003086,148.02634444799997,21.913550573238933
1481,2021-12-20 12:32:54.217535488,21.89346938775512,22.5,21.372448979591827,0.009574,148.12003737599997,21.915718392894462
1482,2021-12-20 12:32:54.325984000,21.897777777777797,22.5,21.214666666666663,0.004455,148.22848588799997,21.91784892332633
1483,2021-12-20 12:32:54.451611904,21.913877551020427,22.5,21.416530612244923,-0.000928,148.35411379199996,21.91994318199932
1484,2021-12-20 12:32:54.540637696,21.87909090909092,22.5,21.244090909090904,-0.005787,148.44313958399997,21.922002240016088
1485,2021-12-20 12:32:54.616940032,21.928333333333352,22.5,21.45541666666668,-0.000727,148.51944191999996,21.924027220360568
1486,2021-12-20 12:32:54.718458112,21.93341463414636,22.5,21.240000000000006,0.000665,148.62095999999997,21.926019296028024
1487,2021-12-20 12:32:54.879481344,21.959795918367366,22.5,21.249795918367347,0.001785,148.78198323199996,21.927979688044672
1488,2021-12-20 12:32:55.028142592,21.970000000000013,22.5,21.259259259259256,0.00191,148.93064447999996,21.929909663380144
1489,2021-12-20 12:32:55.075436800,21.970000000000017,22.5,21.26962962962962,0.007476,148.97793868799997,21.931810532756224
1490,2021-12-20 12:32:55.122730752,21.97000000000002,22.5,21.27999999999998,-0.004243,149.02523263999996,21.933683648355697
1491,2021-12-20 12:32:55.220034560,21.928333333333352,22.5,21.297083333333315,-0.002745,149.12253644799995,21.935530401435386
1492,2021-12-20 12:32:55.329056256,21.95125000000002,22.5,21.30924999999998,-0.007387,149.23155814399996,21.93735221984773
1493,2021-12-20 12:32:55.465698048,21.94959183673471,22.5,21.317755102040838,-0.003129,149.36819993599997,21.93915056547544
1494,2021-12-20 12:32:55.552511232,21.9075,22.5,21.322499999999998,-0.002989,149.45501311999996,21.940926931584084
1495,2021-12-20 12:32:55.615134208,21.94959183673471,22.5,21.50857142857144,-0.001321,149.51763609599996,21.942682840097692
1496,2021-12-20 12:32:55.714037248,21.97000000000002,22.5,21.434146341463425,-0.000722,149.61653913599997,21.944419838802723
1497,2021-12-20 12:32:55.844432896,21.948723404255336,22.5,21.514893617021293,-0.003953,149.74693478399996,21.946139498485852
1498,2021-12-20 12:32:56.017324544,21.97000000000002,22.5,21.467111111111116,-0.001401,149.91982643199995,21.94784341001143
1499,2021-12-20 12:32:56.075059200,21.97000000000002,22.5,21.432910394265228,0.006243,149.97756108799996,21.949533181344457
1500,2021-12-20 12:32:56.132803840,21.970000000000017,22.5,21.398709677419344,-0.005041,150.03530572799997,21.951210434525184
1501,2021-12-20 12:32:56.220270592,21.96489795918369,22.5,21.405306122448962,0.001394,150.12277247999998,21.95287680260162
1502,2021-12-20 12:32:56.324454400,21.97000000000002,22.5,21.415454545454534,-0.001001,150.22695628799997,21.954533926526345
1503,2021-12-20 12:32:56.440506880,21.970000000000017,22.5,21.424583333333317,0.003755,150.34300876799998,21.956183452024277
1504,2021-12-20 12:32:56.533314560,21.942222222222238,22.5,21.435555555555563,-0.000429,150.43581644799997,21.95782702643798
1505,2021-12-20 12:32:56.616717824,21.959795918367366,22.5,21.44387755102043,-0.00259,150.51921971199997,21.95946629555737
1506,2021-12-20 12:32:56.715268864,21.957179487179506,22.5,21.520512820512835,0.002158,150.61777075199996,21.961102900440682
1507,2021-12-20 12:32:56.869452288,21.959795918367366,22.5,21.62816326530613,-0.002936,150.77195417599995,21.962738474233646
1508,2021-12-20 12:32:57.029680896,21.970000000000017,22.5,21.480000000000008,0.003199,150.93218278399996,21.96437463899387
1509,2021-12-20 12:32:57.078735104,21.970000000000017,22.5,21.491571428571433,-0.003387,150.98123699199996,21.966013002527546
1510,2021-12-20 12:32:57.127799296,21.970000000000017,22.5,21.503142857142855,0.00489,151.03030118399997,21.967655155245474
1511,2021-12-20 12:32:57.218706176,21.929183673469407,22.5,21.512040816326525,-3.9e-05,151.12120806399997,21.96930266704549
1512,2021-12-20 12:32:57.331037184,21.9759523809524,22.5,21.52190476190475,0.00334,151.23353907199999,21.970957084228374
1513,2021-12-20 12:32:57.481126912,21.970000000000017,22.5,21.531428571428552,0.008027,151.3836288,21.972619926454243
1514,2021-12-20 12:32:57.577686272,21.97,22.5,21.539999999999996,0.002415,151.48018815999998,21.97429268374639
1515,2021-12-20 12:32:57.627997952,21.99142857142859,22.5,21.552285714285716,-0.000911,151.53049983999998,21.975976813549437
1516,2021-12-20 12:32:57.718290944,21.964791666666684,22.5,21.570208333333355,-0.001492,151.62079283199998,21.97767373784859
1517,2021-12-20 12:32:57.828298496,21.987857142857163,22.5,21.580000000000013,0.000752,151.730800384,21.97938484035679
1518,2021-12-20 12:32:57.975652352,21.970000000000017,22.5,21.590000000000007,0.000292,151.87815424,21.98111146377624
1519,2021-12-20 12:32:58.072262144,21.994999999999997,22.5,21.781999999999993,-0.002716,151.974764032,21.98285490714084
1520,2021-12-20 12:32:58.127049728,21.98315789473686,22.5,21.61000000000001,-0.004964,152.029551616,21.984616423245768
1521,2021-12-20 12:32:58.221205248,21.96489795918369,22.5,21.618979591836734,0.002599,152.12370713599998,21.98639721617035
1522,2021-12-20 12:32:58.331766016,22.018780487804896,22.5,21.628780487804875,-0.001909,152.23426790399998,21.988198438900156
1523,2021-12-20 12:32:58.472561664,21.970000000000017,22.5,21.63816326530612,-0.000858,152.37506355199997,21.990021191054087
1524,2021-12-20 12:32:58.560571648,21.97,22.5,21.640000000000004,0.000431,152.46307353599997,21.991866516721966
1525,2021-12-20 12:32:58.618105088,22.00333333333335,22.5,21.66822222222221,0.004834,152.52060697599995,21.993735402417986
1526,2021-12-20 12:32:58.718707968,21.970000000000017,22.5,21.67723404255317,-0.001816,152.62120985599995,21.995628775154977
1527,2021-12-20 12:32:58.844014080,22.005714285714305,22.5,21.68809523809526,0.002491,152.74651596799995,21.997547500644327
1528,2021-12-20 12:32:59.008688384,21.970000000000017,22.5,21.696666666666687,0.007534,152.91119027199994,21.99949238162602
1529,2021-12-20 12:32:59.100168448,21.97,22.5,21.7,-0.001003,153.00267033599994,22.001464156333025
1530,2021-12-20 12:32:59.133380864,21.970000000000017,22.5,21.719666666666683,-0.006434,153.03588275199994,22.003463497093936
1531,2021-12-20 12:32:59.218906624,22.000612244897976,22.5,21.725510204081644,0.001781,153.12140851199993,22.005491009077367
1532,2021-12-20 12:32:59.321742336,21.993809523809542,22.5,21.73619047619048,-0.002606,153.22424422399993,22.00754722918139
1533,2021-12-20 12:32:59.445781248,21.98020408163267,22.5,21.744897959183675,-0.003157,153.34828313599994,22.009632625070875
1534,2021-12-20 12:32:59.540037376,22.00750000000001,22.5,21.752999999999997,0.003906,153.44253926399995,22.011747594365247
1535,2021-12-20 12:32:59.615947264,21.985306122448996,22.5,21.764081632653053,0.004089,153.51844915199996,22.013892463978856
1536,2021-12-20 12:32:59.718048768,21.986666666666686,22.5,21.77333333333332,0.010733,153.62055065599995,22.01606748961569
1537,2021-12-20 12:32:59.855254016,21.975102040816346,22.5,21.78346938775508,0.005698,153.75775590399994,22.018272855419795
1538,2021-12-20 12:32:59.996019712,21.977142857142876,22.5,21.790571428571422,0.003572,153.89852159999992,22.020508673782377
1539,2021-12-20 12:33:00.057435392,22.119999999999997,22.5,21.81,0.005696,153.95993727999993,22.022774985306178
1540,2021-12-20 12:33:00.116276480,21.980416666666684,22.5,21.812499999999996,0.003683,154.01877836799994,22.025071758927336
1541,2021-12-20 12:33:00.212815872,21.989230769230787,22.5,21.820000000000018,0.000138,154.11531775999995,22.027398892194444
1542,2021-12-20 12:33:00.337568768,22.021020408163285,22.5,21.84183673469388,-0.00199,154.24007065599994,22.02975621170426
1543,2021-12-20 12:33:00.495775488,21.97000000000002,22.5,21.85023255813955,0.000157,154.39827737599995,22.03214347369292
1544,2021-12-20 12:33:00.556990208,21.989021739130457,22.5,21.86055106167847,-0.00262,154.45949209599996,22.034560364781264
1545,2021-12-20 12:33:00.618204928,22.00804347826089,22.5,21.870869565217394,0.007335,154.52070681599997,22.03700650287237
1546,2021-12-20 12:33:00.720809472,22.013478260869586,22.5,21.88,0.000995,154.62331135999997,22.039481438199022
1547,2021-12-20 12:33:00.838692608,22.037073170731727,22.5,21.88999999999999,0.001689,154.74119449599996,22.041984654518448
1548,2021-12-20 12:33:00.990995200,22.005714285714305,22.5,21.899999999999988,0.005042,154.89349708799998,22.04451557045113
1549,2021-12-20 12:33:01.077305344,21.97,22.5,21.905,-0.001012,154.97980723199998,22.047073540960255
1550,2021-12-20 12:33:01.122728448,22.055365853658557,22.5,21.91999999999999,0.001814,155.025230336,22.049657858967915
1551,2021-12-20 12:33:01.221148672,22.01081632653063,22.5,21.929183673469367,-0.000707,155.12365056,22.052267757103746
1552,2021-12-20 12:33:01.332011264,22.0572093023256,22.5,21.710697674418622,-0.002889,155.23451315199998,22.05490240958139
1553,2021-12-20 12:33:01.462286080,22.000612244897976,22.5,21.909183673469407,0.003146,155.36478796799997,22.0575609341978
1554,2021-12-20 12:33:01.547087360,22.020000000000003,22.5,21.958666666666666,0.002768,155.44958924799997,22.060242394450007
1555,2021-12-20 12:33:01.616097280,22.02612244897961,22.5,21.967755102040837,-0.000536,155.51859916799998,22.062945801763732
1556,2021-12-20 12:33:01.711379456,22.04236842105265,22.5,21.97684210526317,0.00071,155.613881344,22.06567011782779
1557,2021-12-20 12:33:01.869807360,22.061836734693895,22.5,21.98714285714286,-0.007445,155.772309248,22.068414257028092
1558,2021-12-20 12:33:02.049327616,22.105714285714303,22.5,21.858571428571427,-0.008178,155.951829504,22.07117708897471
1559,2021-12-20 12:33:02.096108800,22.087857142857157,22.5,21.93928571428571,-0.001219,155.99861068799999,22.073957441115244
1560,2021-12-20 12:33:02.142879744,22.07000000000001,22.5,22.019999999999996,0.007064,156.045381632,22.076754101427493
1561,2021-12-20 12:33:02.218689024,22.015918367346956,22.5,22.025714285714272,0.000237,156.12119091199997,22.07956582118425
1562,2021-12-20 12:33:02.314866432,22.1213157894737,22.5,22.03421052631577,0.000927,156.21736831999996,22.08239131778288
1563,2021-12-20 12:33:02.427851008,22.005714285714305,22.5,22.04510204081631,9.675e-07,156.33035289599997,22.085229277632184
1564,2021-12-20 12:33:02.532366848,22.086071428571444,22.5,22.051071428571426,0.000516,156.43486873599997,22.088078359088982
1565,2021-12-20 12:33:02.617600512,22.14222222222224,22.5,21.947555555555574,-0.001326,156.52010239999996,22.09093719543668
1566,2021-12-20 12:33:02.719199232,22.118936170212784,22.5,21.92574468085108,-0.002187,156.62170111999995,22.09380439789816
1567,2021-12-20 12:33:02.850309120,22.1618604651163,22.5,21.97837209302326,-0.01067,156.75281100799995,22.096678558675098
1568,2021-12-20 12:33:03.026248704,22.097551020408183,22.5,21.93673469387756,-0.002921,156.92875059199994,22.099558254006006
1569,2021-12-20 12:33:03.083610880,22.11332096474955,22.5,21.950412801484234,0.00776,156.98611276799994,22.10244204723521
1570,2021-12-20 12:33:03.140963328,22.12909090909092,22.5,21.96409090909091,-0.006036,157.04346521599993,22.105328491885047
1571,2021-12-20 12:33:03.218603264,22.133265306122468,22.5,21.931224489795916,-0.006139,157.12110515199993,22.10821613472363
1572,2021-12-20 12:33:03.308574464,22.166969696969716,22.5,22.05030303030303,-0.011432,157.21107635199994,22.111103518820734
1573,2021-12-20 12:33:03.415916544,22.107755102040834,22.5,21.935918367346932,-0.003942,157.31841843199993,22.11398918658431
1574,2021-12-20 12:33:03.525783296,22.042580645161305,22.5,22.13999999999999,-0.008496,157.42828518399992,22.116871682770466
1575,2021-12-20 12:33:03.617544960,22.177446808510656,22.5,22.110638297872327,-0.004032,157.5200468479999,22.119749557459734
1576,2021-12-20 12:33:03.718650880,22.153333333333354,22.5,21.90999999999999,-0.010325,157.62115276799992,22.122621368992746
1577,2021-12-20 12:33:03.837650432,22.117727272727294,22.5,22.159090909090896,-0.004047,157.7401523199999,22.125485686858713
1578,2021-12-20 12:33:03.988786176,22.141875000000017,22.5,21.92999999999998,-0.00765,157.8912880639999,22.128341094530196
1579,2021-12-20 12:33:04.052706560,22.160104166666684,22.5,21.939999999999998,-0.002767,157.9552084479999,22.131186192237916
1580,2021-12-20 12:33:04.116616960,22.178333333333352,22.5,21.950000000000017,-0.005278,158.0191188479999,22.134019599679686
1581,2021-12-20 12:33:04.215691008,22.163181818181837,22.5,21.959318181818194,-0.005444,158.1181928959999,22.136839958657756
1582,2021-12-20 12:33:04.336812800,22.21531914893619,22.5,21.735319148936192,-0.000873,158.2393146879999,22.13964593563923
1583,2021-12-20 12:33:04.486439936,22.17000000000002,22.5,21.931111111111132,-0.011185,158.3889418239999,22.142436224234498
1584,2021-12-20 12:33:04.560177152,22.22,22.5,21.97,-0.015185,158.4626790399999,22.145209547588923
1585,2021-12-20 12:33:04.616754944,22.168979591836752,22.5,22.161020408163278,-0.000375,158.5192568319999,22.14796466068342
1586,2021-12-20 12:33:04.714611968,22.14073170731709,22.5,22.217317073170754,-0.006037,158.61711385599992,22.150700352539797
1587,2021-12-20 12:33:04.844715776,22.168979591836752,22.5,22.227346938775522,-0.005121,158.74721766399992,22.153415448327237
1588,2021-12-20 12:33:05.006231808,22.196190476190495,22.5,22.076666666666668,-0.00709,158.90873369599993,22.15610881136656
1589,2021-12-20 12:33:05.064489472,22.189802555168427,22.5,22.047113821138204,-0.013628,158.96699135999992,22.158779345029295
1590,2021-12-20 12:33:05.122746880,22.18341463414636,22.5,22.017560975609744,-0.004814,159.02524876799993,22.16142599452897
1591,2021-12-20 12:33:05.221137152,22.158775510204098,22.5,22.162040816326527,-0.006005,159.12363903999992,22.164047748602385
1592,2021-12-20 12:33:05.333840128,22.186363636363655,22.5,22.113636363636346,-0.006447,159.23634201599992,22.166643641078956
1593,2021-12-20 12:33:05.466589440,22.179183673469407,22.5,22.035306122448958,-0.001436,159.3690913279999,22.169212752336566
1594,2021-12-20 12:33:05.549047296,22.220000000000002,22.5,22.04,-0.017652,159.4515491839999,22.17175421064286
1595,2021-12-20 12:33:05.616327168,22.209795918367366,22.5,22.04448979591835,-0.009383,159.5188290559999,22.1742671933811
1596,2021-12-20 12:33:05.714365184,22.22000000000002,22.5,22.052999999999983,-0.006723,159.6168670719999,22.17675092816018
1597,2021-12-20 12:33:05.870188032,22.189387755102057,22.5,22.059999999999974,-0.009306,159.77268991999992,22.179204693808632
1598,2021-12-20 12:33:06.038925824,22.205294117647075,22.5,22.060882352941167,-0.006421,159.94142771199992,22.181627821252892
1599,2021-12-20 12:33:06.087074816,22.203718487394973,22.5,22.067941176470583,-0.00859,159.98957670399992,22.18401969428022
1600,2021-12-20 12:33:06.135223808,22.20214285714287,22.5,22.075,-0.010755,160.0377256959999,22.186379750187292
1601,2021-12-20 12:33:06.218566912,22.19959183673471,22.5,22.080000000000013,-0.009973,160.1210687999999,22.188707480315554
1602,2021-12-20 12:33:06.320718848,22.196190476190495,22.5,22.082619047619055,-0.008255,160.22322073599992,22.191002430474747
1603,2021-12-20 12:33:06.444224512,22.220000000000017,22.5,22.090000000000007,-0.007562,160.3467263999999,22.193264201256355
1604,2021-12-20 12:33:06.539033856,22.22000000000001,22.5,22.092,-0.011188,160.4415357439999,22.195492448238895
1605,2021-12-20 12:33:06.615929344,22.209795918367366,22.5,22.100000000000012,-0.007131,160.5184312319999,22.19768688208722
1606,2021-12-20 12:33:06.712700160,22.22000000000002,22.5,22.100250000000013,-0.008533,160.6152020479999,22.1998472685483
1607,2021-12-20 12:33:06.841838336,22.205000000000016,22.5,22.11062500000001,-0.009123,160.7443402239999,22.201973428346083
1608,2021-12-20 12:33:07.006844672,22.19674418604653,22.5,22.12,-0.011615,160.9093465599999,22.20406523697818
1609,2021-12-20 12:33:07.065926912,22.177122093023275,22.5,22.125,-0.0132,160.9684287999999,22.206122624417436
1610,2021-12-20 12:33:07.125009408,22.15750000000002,22.5,22.13,-0.005782,161.02751129599991,22.2081455747214
1611,2021-12-20 12:33:07.220834560,22.163877551020427,22.5,22.130000000000003,-0.013838,161.12333644799992,22.21013412555296
1612,2021-12-20 12:33:07.336454656,22.17000000000002,22.5,22.139333333333322,-0.002608,161.2389565439999,22.212088367615408
1613,2021-12-20 12:33:07.476214272,22.209583333333352,22.5,22.13999999999999,-0.010703,161.3787161599999,22.214008444005334
1614,2021-12-20 12:33:07.555664896,22.22,22.5,22.14714285714286,-0.012793,161.4581667839999,22.21589454948674
1615,2021-12-20 12:33:07.615773184,22.19959183673471,22.5,22.149999999999988,-0.009837,161.5182750719999,22.217746929689937
1616,2021-12-20 12:33:07.713167360,22.2078048780488,22.5,22.15756097560975,-0.015202,161.6156692479999,22.219565880238637
1617,2021-12-20 12:33:07.857403136,22.209795918367366,22.5,22.167755102040804,-0.010346,161.7599050239999,22.221351745808786
1618,2021-12-20 12:33:08.034428928,22.207500000000017,22.5,22.16999999999999,-0.007774,161.9369308159999,22.223104919122587
1619,2021-12-20 12:33:08.086400256,22.203750000000014,22.5,22.174999999999997,-0.005955,161.9889021439999,22.224825839881223
1620,2021-12-20 12:33:08.138371328,22.200000000000014,22.5,22.18,-0.004369,162.04087321599988,22.226514993639658
1621,2021-12-20 12:33:08.219692544,22.220408163265322,22.5,22.186326530612273,-0.010865,162.12219443199987,22.228172910626927
1622,2021-12-20 12:33:08.321321472,22.202142857142878,22.5,22.190000000000026,-0.005933,162.22382335999987,22.229800164515268
1623,2021-12-20 12:33:08.438580992,22.220000000000017,22.5,22.195714285714306,-0.006614,162.34108287999987,22.231397371141313
1624,2021-12-20 12:33:08.535271168,22.220000000000013,22.5,22.199999999999996,-0.006809,162.43777305599988,22.232965187182575
1625,2021-12-20 12:33:08.616843776,22.220000000000017,22.5,22.205000000000013,-0.009948,162.51934566399987,22.23450430879228
1626,2021-12-20 12:33:08.714580224,22.2078048780488,22.5,22.21000000000001,-0.008421,162.61708211199988,22.236015470195543
1627,2021-12-20 12:33:08.849914368,22.220000000000017,22.5,22.214285714285722,-0.006531,162.7524162559999,22.23749944224987
1628,2021-12-20 12:33:09.011289600,22.22000000000002,22.5,22.222750000000016,-0.008492,162.9137914879999,22.238957030972745
1629,2021-12-20 12:33:09.068410624,22.22000000000002,22.5,22.228448170731717,-0.011219,162.9709125119999,22.24038907603903
1630,2021-12-20 12:33:09.125521408,22.22000000000002,22.5,22.234146341463422,-0.015228,163.0280232959999,22.241796449250735
1631,2021-12-20 12:33:09.222332416,22.252500000000015,22.5,22.240000000000006,-0.006394,163.1248343039999,22.243180052981725
1632,2021-12-20 12:33:09.339762944,22.22000000000002,22.5,22.24317073170732,-0.006183,163.2422648319999,22.244540818599674
1633,2021-12-20 12:33:09.496662016,22.235918367346954,22.5,22.25,-0.016439,163.3991639039999,22.245879704867516
1634,2021-12-20 12:33:09.591008768,22.22,22.5,22.25,-0.010249,163.4935106559999,22.24719769632656
1635,2021-12-20 12:33:09.631885568,22.220000000000017,22.5,22.259999999999994,-0.014256,163.5343874559999,22.248495801663307
1636,2021-12-20 12:33:09.720448768,22.262448979591852,22.5,22.22714285714285,-0.016662,163.62295065599992,22.24977505206192
1637,2021-12-20 12:33:09.827790848,22.23300000000002,22.5,22.054999999999982,-0.01263,163.7302927359999,22.251036499544078
1638,2021-12-20 12:33:09.973454848,22.220000000000017,22.5,22.279999999999983,-0.011725,163.87595673599992,22.25228121529801
1639,2021-12-20 12:33:10.078352640,22.275714285714287,22.5,22.279999999999998,-0.012015,163.98085452799992,22.25351028799831
1640,2021-12-20 12:33:10.132959232,22.245161290322596,22.5,22.279999999999983,-0.015203,164.03546111999992,22.254724822118064
1641,2021-12-20 12:33:10.220858624,22.235918367346954,22.5,22.28999999999999,-0.012686,164.12336051199992,22.25592593623471
1642,2021-12-20 12:33:10.320013056,22.25333333333335,22.5,22.28999999999999,-0.009572,164.22251494399993,22.257114761331056
1643,2021-12-20 12:33:10.433178880,22.220000000000017,22.5,22.29937499999998,-0.014626,164.33568076799992,22.25829243909269
1644,2021-12-20 12:33:10.532554752,22.220000000000017,22.5,22.299999999999997,-0.020157,164.4350566399999,22.259460120203034
1645,2021-12-20 12:33:10.617929472,22.304897959183688,22.5,22.308571428571405,-0.012085,164.52043135999992,22.260618962637242
1646,2021-12-20 12:33:10.712889600,22.315789473684227,22.5,22.309999999999977,-0.007141,164.61539148799991,22.261770129956027
1647,2021-12-20 12:33:10.870201088,22.273061224489812,22.5,22.317959183673487,-0.00909,164.77270297599992,22.26291478960058
1648,2021-12-20 12:33:11.052809472,22.292222222222236,22.5,22.326666666666675,-0.018189,164.9553113599999,22.264054111189594
1649,2021-12-20 12:33:11.099550208,22.292222222222232,22.5,22.333333333333332,-0.015095,165.00205209599991,22.265189264819504
1650,2021-12-20 12:33:11.146290944,22.29222222222223,22.5,22.33999999999999,-0.021059,165.04879283199992,22.26632141936895
1651,2021-12-20 12:33:11.218459136,22.273061224489812,22.5,22.183265306122454,-0.013397,165.1209610239999,22.267451740808564
1652,2021-12-20 12:33:11.314314752,22.324000000000016,22.5,22.231250000000014,-0.009802,165.2168166399999,22.268581390517102
1653,2021-12-20 12:33:11.419997184,22.246530612244914,22.5,22.350000000000005,-0.010353,165.3224990719999,22.269711523605007
1654,2021-12-20 12:33:11.523858944,22.277777777777793,22.5,22.350000000000012,-0.019181,165.42636083199992,22.27084328724658
1655,2021-12-20 12:33:11.616888064,22.24708333333335,22.5,22.355208333333337,-0.00975,165.51938995199993,22.271977819021885
1656,2021-12-20 12:33:11.714362880,22.27073170731709,22.5,22.36000000000001,-0.012577,165.6168647679999,22.273116245269502
1657,2021-12-20 12:33:11.859171840,22.27836734693879,22.5,22.364489795918367,-0.013249,165.76167372799992,22.27425967945139
1658,2021-12-20 12:33:12.027437056,22.220000000000017,22.5,22.37236842105263,-0.012588,165.92993894399993,22.275409220531028
1659,2021-12-20 12:33:12.080252928,22.248437500000016,22.5,22.378840460526312,-0.007129,165.98275481599993,22.276565951366113
1660,2021-12-20 12:33:12.133069056,22.276875000000015,22.5,22.385312499999994,-0.00712,166.03557094399991,22.277730937117138
1661,2021-12-20 12:33:12.220968448,22.312083333333348,22.5,22.389999999999997,-0.013738,166.1234703359999,22.27890522367316
1662,2021-12-20 12:33:12.323200768,22.382500000000014,22.5,22.393249999999988,-0.016708,166.22570265599992,22.280089836096113
1663,2021-12-20 12:33:12.452137984,22.315510204081647,22.5,22.399999999999995,-0.010615,166.35463987199992,22.281285777085127
1664,2021-12-20 12:33:12.546384128,22.30666666666667,22.5,22.399999999999995,-0.014554,166.44888601599993,22.282494025462324
1665,2021-12-20 12:33:12.618149888,22.285000000000014,22.5,22.409999999999997,-0.010769,166.52065177599994,22.283715534681573
1666,2021-12-20 12:33:12.718229760,22.31454545454547,22.5,22.410454545454538,-0.003076,166.62073164799995,22.28495123136183
1667,2021-12-20 12:33:12.844581888,22.299130434782622,22.5,22.393913043478243,-0.010387,166.74708377599995,22.286202013846623
1668,2021-12-20 12:33:13.007405568,22.231304347826107,22.5,22.17999999999998,-0.005026,166.90990745599996,22.287468750791362
1669,2021-12-20 12:33:13.067423232,22.246178489702537,22.5,22.30499999999998,-0.006174,166.96992511999994,22.288752279780354
1670,2021-12-20 12:33:13.127451136,22.261052631578963,22.5,22.429999999999982,-0.006787,167.02995302399995,22.29005340597517
1671,2021-12-20 12:33:13.222592512,22.28367346938777,22.5,22.440000000000026,-0.005509,167.12509439999994,22.291372900796265
1672,2021-12-20 12:33:13.331070976,22.346829268292698,22.5,22.440000000000023,-0.007835,167.23357286399994,22.292711500639726
1673,2021-12-20 12:33:13.462542848,22.24708333333335,22.5,22.215000000000018,-0.002368,167.36504473599993,22.29406990563103
1674,2021-12-20 12:33:13.550190592,22.349999999999994,22.5,22.205833333333334,-0.006893,167.45269247999994,22.295448778417814
1675,2021-12-20 12:33:13.617551104,22.28897959183675,22.5,22.415714285714305,-0.007557,167.52005299199993,22.29684874300354
1676,2021-12-20 12:33:13.719743232,22.355909090909105,22.5,22.253636363636375,-0.015206,167.62224511999995,22.29827038362412
1677,2021-12-20 12:33:13.853850368,22.304897959183688,22.5,22.408979591836747,-0.003208,167.75635225599996,22.299714243669516
1678,2021-12-20 12:33:14.000590592,22.288421052631595,22.5,22.460000000000008,-0.006598,167.90309247999997,22.3011808246524
1679,2021-12-20 12:33:14.058305024,22.30196562835662,22.5,22.46346938775511,-0.001773,167.96080691199998,22.30267058522603
1680,2021-12-20 12:33:14.116009472,22.315510204081647,22.5,22.46693877551022,-0.001629,168.01851136,22.304183940253402
1681,2021-12-20 12:33:14.217618176,22.346976744186062,22.5,22.47604651162792,-0.0042,168.120120064,22.305721259929843
1682,2021-12-20 12:33:14.334113280,22.370222222222235,22.5,22.31466666666667,-0.008292,168.236615168,22.30728286896123
1683,2021-12-20 12:33:14.480702720,22.247659574468102,22.5,22.3836170212766,-0.00566,168.383204608,22.3088690458
1684,2021-12-20 12:33:14.558372608,22.375999999999998,22.5,22.49,-0.006879,168.460874496,22.310480021941167
1685,2021-12-20 12:33:14.616328448,22.333750000000013,22.5,22.365,-0.007509,168.518830336,22.312115981280545
1686,2021-12-20 12:33:14.716961792,22.279090909090925,22.5,22.25,-0.005581,168.61946368,22.31377705953736
1687,2021-12-20 12:33:14.852748544,22.315510204081647,22.5,22.362244897959183,-0.007252,168.755250432,22.315463343743353
1688,2021-12-20 12:33:15.002365440,22.281578947368438,22.5,22.5,-0.006353,168.904867328,22.31717487180061
1689,2021-12-20 12:33:15.060130304,22.315789473684227,22.5,22.381874999999994,-0.008443,168.962632192,22.318911632110193
1690,2021-12-20 12:33:15.117894912,22.350000000000012,22.5,22.26374999999999,-0.010158,169.02039680000001,22.32067356327364
1691,2021-12-20 12:33:15.219503616,22.426818181818195,22.5,22.26999999999999,-0.000447,169.12200550400001,22.322460553869384
1692,2021-12-20 12:33:15.335234304,22.355652173913057,22.5,22.343043478260864,-0.005035,169.23773619200003,22.324272442306025
1693,2021-12-20 12:33:15.474752768,22.282173913043493,22.5,22.509999999999994,-0.004056,169.37725465600002,22.326109016754298
1694,2021-12-20 12:33:15.553830912,22.33818181818182,22.5,22.270000000000007,0.003592,169.4563328,22.327970015159526
1695,2021-12-20 12:33:15.618767360,22.336734693877563,22.5,22.31591836734693,-0.005503,169.521269248,22.329855125336262
1696,2021-12-20 12:33:15.712027648,22.353513513513526,22.5,22.519999999999992,0.000663,169.61452953600002,22.3317639851467
1697,2021-12-20 12:33:15.852501760,22.273061224489812,22.5,22.49061224489795,0.002006,169.755003648,22.33369618276433
1698,2021-12-20 12:33:16.021239552,22.29526315789475,22.5,22.279999999999983,0.002221,169.92374144000001,22.335651257024146
1699,2021-12-20 12:33:16.075695104,22.309631578947382,22.5,22.40171428571427,-0.004697,169.97819699200002,22.3376286978605
1700,2021-12-20 12:33:16.130160640,22.324000000000012,22.5,22.523428571428553,-0.004191,170.03266252800003,22.339627946833637
1701,2021-12-20 12:33:16.222032896,22.39510204081634,22.5,22.299999999999983,-0.00644,170.12453478400002,22.341648397745704
1702,2021-12-20 12:33:16.326488320,22.369500000000013,22.5,22.53399999999999,-0.005019,170.22899020800003,22.34368939734681
1703,2021-12-20 12:33:16.454429696,22.326122448979607,22.5,22.309795918367325,-0.003342,170.35693158400002,22.345750246131544
1704,2021-12-20 12:33:16.546231552,22.324000000000005,22.5,22.307333333333336,-0.010431,170.44873344,22.347830199226106
1705,2021-12-20 12:33:16.617222912,22.29959183673471,22.5,22.309999999999974,0.001304,170.5197248,22.34992846736596
1706,2021-12-20 12:33:16.713460736,22.306666666666683,22.5,22.500769230769215,-0.004949,170.61596262400002,22.352044217963662
1707,2021-12-20 12:33:16.841774080,22.304897959183688,22.5,22.549999999999983,-0.003392,170.744275968,22.354176576266354
1708,2021-12-20 12:33:17.008077824,22.286511627906993,22.5,22.557441860465094,0.00354,170.91057971200001,22.356324626602003
1709,2021-12-20 12:33:17.066808064,22.306589147286836,22.5,22.563079904591532,-0.005801,170.969309952,22.358487413713274
1710,2021-12-20 12:33:17.125538560,22.326666666666682,22.5,22.568717948717968,-0.002434,171.028040448,22.36066394417766
1711,2021-12-20 12:33:17.221766144,22.320816326530625,22.5,22.570000000000014,0.002157,171.124268032,22.362853187912105
1712,2021-12-20 12:33:17.331059456,22.410243902439035,22.5,22.396097560975615,-0.003837,171.233561344,22.365054079760174
1713,2021-12-20 12:33:17.464643328,22.251836734693896,22.5,22.48693877551021,0.001196,171.367145216,22.367265521159393
1714,2021-12-20 12:33:17.553085952,22.39333333333333,22.5,22.579999999999995,0.001976,171.45558784000002,22.369486381886187
1715,2021-12-20 12:33:17.621271040,22.3791836734694,22.5,22.45326530612245,0.001631,171.52377292800003,22.371715501875588
1716,2021-12-20 12:33:17.717619200,22.360540540540555,22.5,22.350000000000012,0.002287,171.62012108800002,22.373951693112446
1717,2021-12-20 12:33:17.839867648,22.37166666666668,22.5,22.35000000000001,0.000675,171.742369536,22.376193741590754
1718,2021-12-20 12:33:18.000096256,22.290909090909107,22.5,22.440909090909106,-0.000418,171.90259814400002,22.378440409337383
1719,2021-12-20 12:33:18.061059328,22.34704545454547,22.5,22.471363636363648,0.00505,171.96356121600002,22.380690436496256
1720,2021-12-20 12:33:18.122022656,22.40318181818183,22.5,22.501818181818194,0.005217,172.02452454400003,22.3829425434687
1721,2021-12-20 12:33:18.222605568,22.409583333333345,22.5,22.360000000000003,0.012257,172.12510745600002,22.385195433105622
1722,2021-12-20 12:33:18.337641984,22.415000000000013,22.5,22.36000000000001,0.004716,172.24014387200003,22.38744779294674
1723,2021-12-20 12:33:18.482893824,22.357959183673483,22.5,22.360000000000003,0.009671,172.38539571200002,22.389698297502044
1724,2021-12-20 12:33:18.567745536,22.22,22.5,22.36,0.009026,172.470247424,22.391945610570296
1725,2021-12-20 12:33:18.619968000,22.366956521739144,22.5,22.42217391304348,0.001736,172.52246988800002,22.39418838758952
1726,2021-12-20 12:33:18.720047872,22.39521739130436,22.5,22.61000000000001,0.004352,172.62254976000003,22.396425278013876
1727,2021-12-20 12:33:18.843815168,22.362380952380967,22.5,22.57000000000001,0.004724,172.74631705600004,22.398654927711426
1728,2021-12-20 12:33:19.007976448,22.37166666666668,22.5,22.37083333333334,0.004352,172.91047833600004,22.400875981377105
1729,2021-12-20 12:33:19.099174912,22.48,22.5,22.38,0.004062,173.00167680000004,22.40308708495511
1730,2021-12-20 12:33:19.133644544,22.45483870967743,22.5,22.38774193548387,0.004287,173.03614643200004,22.405286888064783
1731,2021-12-20 12:33:19.220678912,22.432244897959194,22.5,22.619999999999994,0.005098,173.12318080000003,22.407474046424053
1732,2021-12-20 12:33:19.321694208,22.447500000000012,22.5,22.38,0.00664,173.22419609600004,22.409647224264436
1733,2021-12-20 12:33:19.443560448,22.38448979591838,22.5,22.619795918367355,0.001916,173.34606233600005,22.41180509673164
1734,2021-12-20 12:33:19.539677440,22.430476190476195,22.5,22.415714285714284,0.001648,173.44217932800004,22.41394635226584
1735,2021-12-20 12:33:19.618262784,22.421632653061234,22.5,22.38877551020408,0.015833,173.52076467200004,22.416069694955695
1736,2021-12-20 12:33:19.715365376,22.420000000000012,22.5,22.38999999999999,0.007946,173.61786726400004,22.41817384686024
1737,2021-12-20 12:33:19.844735232,22.426938775510216,22.5,22.389999999999997,0.010441,173.74723712000005,22.42025755029283
1738,2021-12-20 12:33:20.003454720,22.41658536585367,22.5,22.38999999999999,0.00766,173.90595660800005,22.422319570061585
1739,2021-12-20 12:33:20.062124800,22.43056541019957,22.5,22.38999999999999,0.007151,173.96462668800007,22.424358695660697
1740,2021-12-20 12:33:20.120794880,22.444545454545466,22.5,22.38999999999999,0.008784,174.02329676800008,22.426373743407254
1741,2021-12-20 12:33:20.220864512,22.44750000000001,22.5,22.389999999999997,0.009241,174.12336640000007,22.42836355851837
1742,2021-12-20 12:33:20.335518976,22.44829268292684,22.5,22.57731707317073,-0.00029,174.23802086400008,22.430327017123606
1743,2021-12-20 12:33:20.478427136,22.448163265306132,22.5,22.4830612244898,0.009504,174.38092902400007,22.43226302820779
1744,2021-12-20 12:33:20.561669376,22.48,22.5,22.396000000000004,0.007601,174.46417126400007,22.43417053547958
1745,2021-12-20 12:33:20.619746048,22.453469387755113,22.5,22.399999999999995,0.009017,174.52224793600007,22.436048519161506
1746,2021-12-20 12:33:20.716577024,22.48000000000001,22.5,22.399999999999984,0.012518,174.61907891200008,22.437895997697247
1747,2021-12-20 12:33:20.848732928,22.468936170212775,22.5,22.399999999999988,0.010564,174.75123481600008,22.439712029372362
1748,2021-12-20 12:33:21.028182784,22.48000000000001,22.5,22.399999999999984,0.000145,174.93068467200007,22.44149571384487
1749,2021-12-20 12:33:21.084690176,22.480000000000008,22.5,22.399999999999988,0.003275,174.98719206400006,22.44324619358245
1750,2021-12-20 12:33:21.141197568,22.480000000000004,22.5,22.39999999999999,0.004812,175.04369945600004,22.444962655203238
1751,2021-12-20 12:33:21.222790400,22.480000000000008,22.5,22.399999999999995,0.010912,175.12529228800005,22.446644330717607
1752,2021-12-20 12:33:21.319993600,22.500526315789482,22.5,22.399999999999988,0.00608,175.22249548800005,22.44829049866861
1753,2021-12-20 12:33:21.440562432,22.480000000000008,22.5,22.399999999999995,0.009915,175.34306432000005,22.44990048516911
1754,2021-12-20 12:33:21.542000128,22.480000000000004,22.5,22.39999999999999,0.004062,175.44450201600006,22.451473664833973
1755,2021-12-20 12:33:21.620595456,22.48000000000001,22.5,22.399999999999984,0.008251,175.52309734400006,22.453009461605934
1756,2021-12-20 12:33:21.722194176,22.468936170212775,22.5,22.399999999999988,0.006875,175.62469606400006,22.454507349474223
1757,2021-12-20 12:33:21.842199552,22.48000000000001,22.5,22.399999999999984,0.000352,175.74470144000006,22.455966853085318
1758,2021-12-20 12:33:21.998364672,22.480000000000008,22.5,22.39999999999999,0.004438,175.90086656000005,22.45738754824543
1759,2021-12-20 12:33:22.090679552,22.48,22.5,22.4,0.00909,175.99318144000006,22.45876906231481
1760,2021-12-20 12:33:22.132079360,22.480000000000008,22.5,22.399999999999988,0.000888,176.03458124800005,22.46011107449427
1761,2021-12-20 12:33:22.222845440,22.442857142857154,22.5,22.399999999999995,0.005226,176.12534732800006,22.461413316004425
1762,2021-12-20 12:33:22.327380992,22.49268292682928,22.5,22.399999999999984,0.012314,176.22988288000005,22.462675570158652
1763,2021-12-20 12:33:22.453773568,22.480000000000008,22.5,22.399999999999995,0.009292,176.35627545600005,22.463897672331022
1764,2021-12-20 12:33:22.545736448,22.48,22.5,22.399999999999995,0.007139,176.44823833600006,22.465079509820644
1765,2021-12-20 12:33:22.617934592,22.46408163265307,22.5,22.399999999999995,0.014865,176.52043648000006,22.46622102161426
1766,2021-12-20 12:33:22.720106752,22.445333333333345,22.5,22.399999999999984,0.010366,176.62260864000007,22.4673221980491
1767,2021-12-20 12:33:22.860409856,22.46938775510205,22.5,22.399999999999995,0.007804,176.76291174400006,22.46838308037826
1768,2021-12-20 12:33:23.005329408,22.502285714285726,22.5,22.399999999999988,0.00399,176.90783129600007,22.469403760241075
1769,2021-12-20 12:33:23.065095936,22.48,22.5,22.41,0.007406,176.96759782400008,22.470384379041175
1770,2021-12-20 12:33:23.120054272,22.44750000000001,22.5,22.409999999999997,0.010978,177.02255616000008,22.471325127235115
1771,2021-12-20 12:33:23.219993344,22.48604651162792,22.5,22.409999999999993,0.01354,177.1224952320001,22.47222624353469
1772,2021-12-20 12:33:23.337353472,22.46408163265307,22.5,22.409999999999997,-0.001805,177.2398553600001,22.473088014026125
1773,2021-12-20 12:33:23.470846976,22.46761904761906,22.5,22.409999999999993,0.014328,177.3733488640001,22.47391077120959
1774,2021-12-20 12:33:23.549402112,22.480000000000004,22.5,22.41000000000001,0.01078,177.4519040000001,22.474694892962475
1775,2021-12-20 12:33:23.621922560,22.437551020408172,22.5,22.409999999999997,0.001917,177.5244244480001,22.47544080143014
1776,2021-12-20 12:33:23.726377728,22.44372093023257,22.5,22.53837209302325,0.01449,177.6288796160001,22.47614896184779
1777,2021-12-20 12:33:23.887229696,22.480000000000008,22.5,22.517755102040805,0.008646,177.7897315840001,22.476819881297402
1778,2021-12-20 12:33:24.027492608,22.480000000000004,22.5,22.41000000000001,0.014057,177.9299944960001,22.477454107403556
1779,2021-12-20 12:33:24.074424576,22.488666666666674,22.5,22.41,0.009532,177.9769264640001,22.478052226972203
1780,2021-12-20 12:33:24.121356544,22.497333333333344,22.5,22.40999999999999,0.011596,178.02385843200008,22.478614864576286
1781,2021-12-20 12:33:24.222442240,22.44680851063831,22.5,22.409999999999993,0.004509,178.1249441280001,22.4791426810923
1782,2021-12-20 12:33:24.333878016,22.467317073170744,22.5,22.409999999999993,0.009824,178.2363799040001,22.47963637219181
1783,2021-12-20 12:33:24.470851584,22.47469387755103,22.5,22.413469387755097,0.008698,178.3733534720001,22.4800966667921
1784,2021-12-20 12:33:24.555763712,22.453999999999997,22.5,22.420000000000005,0.000893,178.45826560000012,22.48052432546989
1785,2021-12-20 12:33:24.619261696,22.480000000000008,22.5,22.419999999999987,0.007214,178.52176358400013,22.480920138842233
1786,2021-12-20 12:33:24.714553856,22.453333333333344,22.5,22.419999999999987,0.004772,178.61705574400014,22.48128492591863
1787,2021-12-20 12:33:24.851618048,22.45877551020409,22.5,22.419999999999987,0.007318,178.75411993600014,22.481619532428343
1788,2021-12-20 12:33:25.016010752,22.466666666666676,22.5,22.419999999999987,0.010665,178.91851264000013,22.481924829126868
1789,2021-12-20 12:33:25.071824128,22.466491228070183,22.5,22.419999999999987,0.008445,178.97432601600013,22.482201710085395
1790,2021-12-20 12:33:25.127647488,22.466315789473693,22.5,22.419999999999987,0.01254,179.03014937600014,22.482451090967086
1791,2021-12-20 12:33:25.223251456,22.453469387755113,22.5,22.419999999999987,0.004203,179.12575334400015,22.482673907293865
1792,2021-12-20 12:33:25.331408128,22.47350000000001,22.5,22.419999999999987,0.004788,179.23391001600015,22.482871112707468
1793,2021-12-20 12:33:25.465294080,22.442857142857154,22.5,22.419999999999987,0.016762,179.36779596800017,22.48304367722825
1794,2021-12-20 12:33:25.553766656,22.558,22.5,22.420000000000005,0.013101,179.45626854400015,22.483192585515262
1795,2021-12-20 12:33:25.618049280,22.469166666666677,22.5,22.419999999999987,0.011713,179.52055116800014,22.48331883513098
1796,2021-12-20 12:33:25.716952320,22.46761904761906,22.5,22.419999999999987,0.007873,179.61945420800015,22.48342343481395
1797,2021-12-20 12:33:25.843606272,22.496250000000014,22.5,22.419999999999987,0.00398,179.74610816000015,22.483507402762534
1798,2021-12-20 12:33:26.003341824,22.497727272727282,22.5,22.419999999999984,0.008353,179.90584371200015,22.483571764932805
1799,2021-12-20 12:33:26.063631104,22.47677061310783,22.5,22.419999999999984,0.013656,179.96613299200015,22.483617553353632
1800,2021-12-20 12:33:26.123920640,22.455813953488384,22.5,22.419999999999984,0.004891,180.02642252800015,22.483645804461776
1801,2021-12-20 12:33:26.223427072,22.458333333333343,22.5,22.419999999999987,0.012698,180.12592896000015,22.483657557459743
1802,2021-12-20 12:33:26.335959296,22.48000000000001,22.5,22.419999999999987,0.011359,180.23846118400016,22.483653852699092
1803,2021-12-20 12:33:26.475336960,22.49061224489797,22.5,22.419999999999987,0.005718,180.37783884800015,22.4836357300917
1804,2021-12-20 12:33:26.559524608,22.479999999999997,22.5,22.419999999999998,0.011869,180.46202649600016,22.483604227551346
1805,2021-12-20 12:33:26.619612928,22.46938775510205,22.5,22.419999999999987,0.01354,180.52211481600017,22.483560379468027
1806,2021-12-20 12:33:26.716966912,22.473658536585376,22.5,22.419999999999987,0.012545,180.61946880000016,22.483505215217097
1807,2021-12-20 12:33:26.849595648,22.480000000000008,22.5,22.419999999999987,0.016097,180.75209753600015,22.483439757705284
1808,2021-12-20 12:33:27.014772736,22.486190476190487,22.5,22.419999999999987,0.023012,180.91727462400016,22.483365021955567
1809,2021-12-20 12:33:27.072074752,22.48309523809525,22.5,22.419999999999987,0.011693,180.97457664000015,22.48328201373267
1810,2021-12-20 12:33:27.129366784,22.48000000000001,22.5,22.41999999999999,0.011238,181.03186867200014,22.4831917282109
1811,2021-12-20 12:33:27.223401472,22.51183673469389,22.5,22.419999999999987,0.018563,181.12590336000014,22.483095148685884
1812,2021-12-20 12:33:27.333167616,22.51170731707318,22.5,22.419999999999987,0.017303,181.23566950400013,22.482993245331627
1813,2021-12-20 12:33:27.470292224,22.496250000000014,22.5,22.419999999999987,0.017217,181.37279411200012,22.48288697400433
1814,2021-12-20 12:33:27.558604032,22.479999999999997,22.5,22.42,0.008821,181.4611059200001,22.48277727509409
1815,2021-12-20 12:33:27.620190720,22.491304347826098,22.5,22.42999999999998,0.017784,181.5226926080001,22.482665072425622
1816,2021-12-20 12:33:27.720783616,22.480000000000008,22.5,22.42999999999998,0.013365,181.6232855040001,22.48255127220899
1817,2021-12-20 12:33:27.845375744,22.46818181818183,22.5,22.42999999999998,0.017162,181.7478776320001,22.482436762041193
1818,2021-12-20 12:33:28.006620160,22.469166666666677,22.5,22.429999999999982,0.018067,181.90912204800009,22.482322409959355
1819,2021-12-20 12:33:28.067693824,22.474583333333342,22.5,22.429999999999986,0.016854,181.97019571200008,22.48220906354619
1820,2021-12-20 12:33:28.128767744,22.480000000000008,22.5,22.429999999999986,0.018625,182.0312696320001,22.482097549088184
1821,2021-12-20 12:33:28.223738112,22.490612244897967,22.5,22.429999999999986,0.020051,182.12624000000008,22.481988670786947
1822,2021-12-20 12:33:28.330325760,22.46700000000001,22.5,22.429999999999982,0.020877,182.23282764800007,22.481883210023902
1823,2021-12-20 12:33:28.460178176,22.46938775510205,22.5,22.429999999999986,0.01208,182.36268006400007,22.48178192467847
1824,2021-12-20 12:33:28.551034624,22.479999999999997,22.5,22.430000000000003,0.016369,182.45353651200008,22.481685548499733
1825,2021-12-20 12:33:28.619642368,22.496250000000007,22.5,22.429999999999982,0.010802,182.52214425600008,22.48159479053138
1826,2021-12-20 12:33:28.719591424,22.48604651162792,22.5,22.42999999999998,0.020081,182.6220933120001,22.48151033458966
1827,2021-12-20 12:33:28.852682752,22.453469387755113,22.5,22.429999999999986,0.019795,182.7551846400001,22.481432838794024
1828,2021-12-20 12:33:29.003074048,22.473333333333343,22.5,22.429999999999982,0.021276,182.9055759360001,22.481362935149754
1829,2021-12-20 12:33:29.061784320,22.46870748299321,22.5,22.429999999999986,0.015978,182.96428620800012,22.481301229181994
1830,2021-12-20 12:33:29.120494592,22.464081632653077,22.5,22.429999999999986,0.016508,183.02299648000013,22.48124829962038
1831,2021-12-20 12:33:29.221077248,22.431627906976757,22.5,22.42999999999998,0.01925,183.12357913600013,22.48120469813322
1832,2021-12-20 12:33:29.334655488,22.458333333333343,22.5,22.429999999999982,0.017936,183.23715737600014,22.481170949110208
1833,2021-12-20 12:33:29.467102976,22.456363636363648,22.5,22.42999999999998,0.024329,183.36960486400014,22.481147549492448
1834,2021-12-20 12:33:29.547780352,22.480000000000004,22.5,22.430000000000003,0.021209,183.45028224000015,22.481134968648416
1835,2021-12-20 12:33:29.621759232,22.46938775510205,22.5,22.429999999999986,0.019717,183.52426112000015,22.48113364829438
1836,2021-12-20 12:33:29.729614080,22.432727272727284,22.5,22.57727272727271,0.027927,183.63211596800014,22.481144002457714
1837,2021-12-20 12:33:29.890657280,22.458333333333343,22.5,22.519999999999982,0.015791,183.79315916800013,22.48116641748136
1838,2021-12-20 12:33:30.028646912,22.480000000000004,22.5,22.431600000000007,0.013809,183.93114880000013,22.481201252067713
1839,2021-12-20 12:33:30.075619072,22.49733333333334,22.5,22.435800000000015,0.016981,183.97812096000013,22.481248837359917
1840,2021-12-20 12:33:30.122591232,22.514666666666677,22.5,22.440000000000026,0.032363,184.02509312000012,22.48130947705867
1841,2021-12-20 12:33:30.224210176,22.491063829787244,22.5,22.32297872340428,0.025028,184.12671206400012,22.4813834475724
1842,2021-12-20 12:33:30.337637376,22.455238095238105,22.5,22.320952380952406,0.017752,184.2401392640001,22.481470998198706
1843,2021-12-20 12:33:30.475073792,22.480000000000008,22.5,22.435833333333324,0.018333,184.37757568000012,22.481572351334773
1844,2021-12-20 12:33:30.556777216,22.479999999999997,22.5,22.430000000000003,0.017465,184.45927910400013,22.48168770271464
1845,2021-12-20 12:33:30.619591168,22.480000000000008,22.5,22.429999999999986,0.023067,184.52209305600013,22.481817221670983
1846,2021-12-20 12:33:30.718313216,22.499500000000012,22.5,22.431499999999996,0.022652,184.62081510400014,22.481961051419155
1847,2021-12-20 12:33:30.852913152,22.46938775510205,22.5,22.440000000000026,0.025792,184.75541504000014,22.482119309361217
1848,2021-12-20 12:33:31.014288384,22.48000000000001,22.5,22.440000000000023,0.016471,184.91679027200016,22.482292087407558
1849,2021-12-20 12:33:31.070745344,22.48000000000001,22.5,22.440000000000023,0.024095,184.97324723200015,22.482479452313903
1850,2021-12-20 12:33:31.127202560,22.48000000000001,22.5,22.440000000000023,0.008428,185.02970444800016,22.482681446031407
1851,2021-12-20 12:33:31.223540736,22.495918367346945,22.5,22.440000000000026,0.016106,185.12604262400015,22.48289808606759
1852,2021-12-20 12:33:31.336736768,22.486190476190487,22.5,22.440000000000026,0.031383,185.23923865600014,22.483129365855945
1853,2021-12-20 12:33:31.477924864,22.495918367346952,22.5,22.440000000000026,0.020194,185.38042675200015,22.48337525513211
1854,2021-12-20 12:33:31.561267712,22.48,22.5,22.44,0.024184,185.46376960000015,22.48363570031448
1855,2021-12-20 12:33:31.618056960,22.550416666666678,22.5,22.440000000000026,0.021083,185.52055884800015,22.4839106248873
1856,2021-12-20 12:33:31.716537600,22.48604651162792,22.5,22.440000000000026,0.015308,185.61903948800014,22.484199929784342
1857,2021-12-20 12:33:31.840395264,22.513913043478272,22.5,22.440000000000026,0.018257,185.74289715200015,22.484503493771353
1858,2021-12-20 12:33:32.000613632,22.491304347826095,22.5,22.440000000000026,0.020039,185.90311552000014,22.484821173825626
1859,2021-12-20 12:33:32.062763776,22.488675429727007,22.5,22.440000000000026,0.024209,185.96526566400013,22.485152805511095
1860,2021-12-20 12:33:32.124913920,22.48604651162792,22.5,22.440000000000026,0.0171,186.02741580800011,22.485498203347476
1861,2021-12-20 12:33:32.224420608,22.534166666666675,22.5,22.440000000000026,0.018237,186.1269224960001,22.48585716117211
1862,2021-12-20 12:33:32.334186496,22.53850000000001,22.5,22.440000000000023,0.021405,186.2366883840001,22.486229452493443
1863,2021-12-20 12:33:32.469068288,22.480000000000008,22.5,22.440000000000026,0.019748,186.3715701760001,22.486614830834963
1864,2021-12-20 12:33:32.555458816,22.479999999999997,22.5,22.44,0.023424,186.4579607040001,22.48701303006874
1865,2021-12-20 12:33:32.619600384,22.506530612244912,22.5,22.440000000000026,0.014322,186.5221022720001,22.487423764737866
1866,2021-12-20 12:33:32.716884224,22.519000000000013,22.5,22.440000000000023,0.027312,186.6193861120001,22.487846730367153
1867,2021-12-20 12:33:32.854944256,22.523333333333344,22.5,22.440000000000026,0.019115,186.75744614400008,22.48828160376166
1868,2021-12-20 12:33:33.026085888,22.499024390243914,22.5,22.440000000000023,0.016087,186.9285877760001,22.48872804329269
1869,2021-12-20 12:33:33.080943872,22.502092840283254,22.5,22.339354838709692,0.028055,186.98344576000008,22.489185689171173
1870,2021-12-20 12:33:33.135801600,22.50516129032259,22.5,22.23870967741936,0.021216,187.03830348800008,22.489654163708366
1871,2021-12-20 12:33:33.223288576,22.495918367346945,22.5,22.317551020408185,0.026212,187.1257904640001,22.490133071564006
1872,2021-12-20 12:33:33.330912256,22.54341463414635,22.5,22.440000000000023,0.019135,187.23341414400008,22.49062199998223
1873,2021-12-20 12:33:33.473921024,22.480000000000008,22.5,22.440000000000026,0.018842,187.37642291200007,22.49112051901564
1874,2021-12-20 12:33:33.577078528,22.48,22.5,22.44,0.022734,187.47958041600006,22.491628181738008
1875,2021-12-20 12:33:33.634229760,22.480000000000008,22.5,22.440000000000015,0.022645,187.53673164800006,22.492144524446292
1876,2021-12-20 12:33:33.723688192,22.511836734693887,22.5,22.440000000000026,0.019253,187.62619008000004,22.49266906685275
1877,2021-12-20 12:33:33.829954048,22.51250000000001,22.5,22.440000000000023,0.02527,187.73245593600004,22.493201312267928
1878,2021-12-20 12:33:33.968134656,22.49061224489797,22.5,22.440000000000026,0.027825,187.87063654400004,22.493740747775547
1879,2021-12-20 12:33:34.067500544,22.479999999999997,22.5,22.44,0.025886,187.97000243200003,22.494286844400253
1880,2021-12-20 12:33:34.128453632,22.507368421052643,22.5,22.440000000000023,0.023493,188.03095552000002,22.49483905726942
1881,2021-12-20 12:33:34.223585024,22.480000000000008,22.5,22.440000000000026,0.018945,188.12608691200003,22.49539682577009
1882,2021-12-20 12:33:34.328492800,22.50666666666668,22.5,22.440000000000023,0.034926,188.23099468800004,22.4959595737023
1883,2021-12-20 12:33:34.456554752,22.480000000000008,22.5,22.440000000000026,0.019356,188.35905664000003,22.496526709430103
1884,2021-12-20 12:33:34.549322496,22.5125,22.5,22.44,0.025022,188.45182438400005,22.497097626031508
1885,2021-12-20 12:33:34.621138688,22.46408163265307,22.5,22.44510204081635,0.022887,188.52364057600005,22.497671701448677
1886,2021-12-20 12:33:34.722496000,22.46186046511629,22.5,22.690000000000026,0.024247,188.62499788800005,22.498248298639737
1887,2021-12-20 12:33:34.859962368,22.48530612244899,22.5,22.44510204081635,0.027059,188.76246425600004,22.498826765733533
1888,2021-12-20 12:33:35.006612224,22.480000000000008,22.5,22.449166666666677,0.026663,188.90911411200005,22.499406436188714
1889,2021-12-20 12:33:35.063039232,22.47469387755103,22.5,22.449583333333347,0.027322,188.96554112000007,22.4999866289584
1890,2021-12-20 12:33:35.119476224,22.46938775510205,22.5,22.450000000000017,0.018169,189.02197811200006,22.50056664866173
1891,2021-12-20 12:33:35.221125376,22.48000000000001,22.5,22.450000000000017,0.02848,189.12362726400005,22.50114578576359
1892,2021-12-20 12:33:35.338414848,22.50708333333334,22.5,22.450000000000017,0.022267,189.24091673600006,22.501723316763744
1893,2021-12-20 12:33:35.472924416,22.492093023255823,22.5,22.450000000000017,0.02346,189.37542630400006,22.502298504396578
1894,2021-12-20 12:33:35.551479552,22.56125,22.5,22.449999999999992,0.026827,189.45398144000006,22.502870597842573
1895,2021-12-20 12:33:35.622913536,22.506530612244905,22.5,22.27142857142859,0.030765,189.52541542400007,22.503438832952664
1896,2021-12-20 12:33:35.722238976,22.493333333333343,22.5,22.34743589743591,0.018744,189.62474086400007,22.50400243248653
1897,2021-12-20 12:33:35.884137216,22.51183673469389,22.5,22.450000000000017,0.028565,189.78663910400007,22.504560606365878
1898,2021-12-20 12:33:36.049847296,22.480000000000008,22.5,22.450000000000006,0.026122,189.95234918400007,22.505112551943633
1899,2021-12-20 12:33:36.095059456,22.49444444444445,22.5,22.450000000000003,0.026453,189.99756134400008,22.505657454290006
1900,2021-12-20 12:33:36.140281344,22.508888888888894,22.5,22.45,0.024997,190.04278323200006,22.506194486496295
1901,2021-12-20 12:33:36.222960384,22.52244897959185,22.5,22.450000000000017,0.025655,190.12546227200005,22.506722809997225
1902,2021-12-20 12:33:36.325554944,22.48000000000001,22.5,22.450000000000017,0.02588,190.22805683200005,22.507241574912616
1903,2021-12-20 12:33:36.450659840,22.495918367346952,22.5,22.450000000000017,0.025221,190.35316172800006,22.5077499204091
1904,2021-12-20 12:33:36.543487744,22.48,22.5,22.449999999999992,0.031884,190.44598963200005,22.50824697508247
1905,2021-12-20 12:33:36.618733824,22.495918367346945,22.5,22.450000000000017,0.024039,190.52123571200005,22.508731857361308
1906,2021-12-20 12:33:36.719849728,22.510232558139545,22.5,22.391860465116295,0.024993,190.62235161600006,22.509203675932362
1907,2021-12-20 12:33:36.852679424,22.562978723404267,22.5,22.200000000000017,0.031194,190.75518131200005,22.509661530188215
1908,2021-12-20 12:33:37.026074112,22.514666666666677,22.5,22.24800000000002,0.032243,190.92857600000005,22.510104510697563
1909,2021-12-20 12:33:37.082450944,22.506619047619058,22.5,22.344000000000015,0.025066,190.98495283200006,22.510531699698454
1910,2021-12-20 12:33:37.138827520,22.498571428571438,22.5,22.44000000000001,0.031605,191.04132940800005,22.51094217161477
1911,2021-12-20 12:33:37.223870464,22.495918367346945,22.5,22.440000000000026,0.0294,191.12637235200006,22.51133499359613
1912,2021-12-20 12:33:37.325489152,22.510232558139545,22.5,22.440000000000026,0.031518,191.22799104000006,22.511709226081354
1913,2021-12-20 12:33:37.433424640,22.480000000000008,22.5,22.440000000000026,0.031726,191.33592652800007,22.512063923385586
1914,2021-12-20 12:33:37.530919680,22.53942857142858,22.5,22.44000000000002,0.031277,191.43342156800009,22.512398134311116
1915,2021-12-20 12:33:37.623677184,22.580816326530623,22.5,22.440000000000026,0.028427,191.52617907200008,22.51271090278187
1916,2021-12-20 12:33:37.724883456,22.527894736842114,22.5,22.440000000000023,0.030965,191.6273853440001,22.51300126850148
1917,2021-12-20 12:33:37.892565248,22.543673469387766,22.5,22.440000000000026,0.036425,191.79506713600009,22.51326826763477
1918,2021-12-20 12:33:38.055036672,22.498571428571434,22.5,22.44000000000001,0.0317,191.95753856000007,22.51351093351245
1919,2021-12-20 12:33:38.097874944,22.48928571428572,22.5,22.44000000000001,0.038221,192.0003768320001,22.51372829735874
1920,2021-12-20 12:33:38.140713216,22.480000000000004,22.5,22.44000000000001,0.041419,192.0432151040001,22.51391938904161
1921,2021-12-20 12:33:38.224639488,22.543673469387766,22.5,22.234285714285733,0.038914,192.1271413760001,22.514083237845224
1922,2021-12-20 12:33:38.318785024,22.537777777777784,22.5,22.386666666666684,0.038567,192.22128691200012,22.514218873264074
1923,2021-12-20 12:33:38.422747392,22.490612244897967,22.5,22.440000000000026,0.037626,192.32524928000012,22.514325325818394
1924,2021-12-20 12:33:38.528329216,22.508108108108118,21.81081081081081,22.44000000000002,0.033569,192.43083110400013,22.51440162789016
1925,2021-12-20 12:33:38.623510784,22.480000000000008,21.0,21.454285714285685,0.034187,192.52601267200012,22.51444681457899
1926,2021-12-20 12:33:38.727392768,22.498139534883734,21.0,21.04046511627905,0.034058,192.62989465600012,22.514459924577203
1927,2021-12-20 12:33:38.886162688,22.495918367346952,21.0,21.00979591836735,0.039422,192.78866457600012,22.51444000106316
1928,2021-12-20 12:33:39.036141824,22.497931034482765,21.0,20.987586206896562,0.03724,192.93864371200013,22.51438609261197
1929,2021-12-20 12:33:39.083093760,22.516333938294018,21.0,20.952740471869333,0.035269,192.98559564800013,22.514297254122575
1930,2021-12-20 12:33:39.130045952,22.534736842105275,21.0,20.9178947368421,0.036269,193.03254784000012,22.514172547760065
1931,2021-12-20 12:33:39.224211456,22.495918367346945,21.0,20.761224489795914,0.044454,193.1267133440001,22.514011043912035
1932,2021-12-20 12:33:39.333032192,22.525500000000008,21.0,20.771250000000013,0.039931,193.23553408000012,22.513811822157727
1933,2021-12-20 12:33:39.471776000,22.480000000000008,21.0,20.83530612244901,0.038963,193.3742778880001,22.513573972248647
1934,2021-12-20 12:33:39.561033216,22.479999999999997,21.0,20.819999999999997,0.042134,193.4635351040001,22.513296595099156
1935,2021-12-20 12:33:39.621704960,22.519565217391317,21.0,20.776956521739127,0.046795,193.5242068480001,22.512978803785526
1936,2021-12-20 12:33:39.723303680,22.51391304347827,21.0,20.75021739130435,0.034813,193.6258055680001,22.51261972455183
1937,2021-12-20 12:33:39.850631424,22.491304347826098,21.0,20.71891304347828,0.048932,193.7531333120001,22.51221849782103
1938,2021-12-20 12:33:40.009351168,22.50260869565218,21.0,20.626956521739125,0.039728,193.9118530560001,22.511774279209515
1939,2021-12-20 12:33:40.068845824,22.50463768115943,21.0,20.627837235228537,0.045782,193.9713477120001,22.51128624054319
1940,2021-12-20 12:33:40.128350720,22.506666666666675,21.0,20.62871794871795,0.039576,194.0308526080001,22.51075357087336
1941,2021-12-20 12:33:40.224075264,22.51183673469389,21.0,20.59387755102043,0.041868,194.1265771520001,22.510175477490368
1942,2021-12-20 12:33:40.332523776,22.52439024390245,21.0,20.56341463414634,0.046607,194.2350256640001,22.509551186933017
1943,2021-12-20 12:33:40.464629248,22.495918367346952,21.0,20.535714285714274,0.039584,194.3671311360001,22.508879945991733
1944,2021-12-20 12:33:40.553172480,22.6,21.0,20.38538461538462,0.044452,194.4556743680001,22.508161022703394
1945,2021-12-20 12:33:40.621478144,22.501224489795927,21.0,20.257959183673478,0.040068,194.5239800320001,22.507393707335698
1946,2021-12-20 12:33:40.718610944,22.48000000000001,21.0,20.45794871794872,0.030461,194.6211128320001,22.5065773133589
1947,2021-12-20 12:33:40.860221696,22.480000000000008,21.0,20.419999999999987,0.050097,194.7627235840001,22.505711178402752
1948,2021-12-20 12:33:41.035286016,22.493000000000013,21.0,20.38999999999999,0.04225,194.9377879040001,22.504794665196506
1949,2021-12-20 12:33:41.087850752,22.500944444444457,21.0,20.359999999999992,0.047795,194.99035264000008,22.503827162489735
1950,2021-12-20 12:33:41.140425216,22.508888888888897,21.0,20.32999999999999,0.035984,195.04292710400009,22.50280808595175
1951,2021-12-20 12:33:41.223536896,22.480000000000008,21.0,20.30244897959182,0.044153,195.1260387840001,22.501736879047392
1952,2021-12-20 12:33:41.324461824,22.51170731707318,21.0,20.274390243902427,0.041015,195.2269637120001,22.500613013886976
1953,2021-12-20 12:33:41.444004352,22.49061224489797,21.0,20.24489795918368,0.038843,195.3465062400001,22.499435992048163
1954,2021-12-20 12:33:41.539729152,22.50363636363637,21.0,20.223636363636356,0.040973,195.4422310400001,22.498205345367566
1955,2021-12-20 12:33:41.619853312,22.480000000000008,21.0,20.18673469387753,0.037812,195.5223552000001,22.496920636699908
1956,2021-12-20 12:33:41.717046528,22.493333333333343,21.0,20.159999999999986,0.039162,195.6195484160001,22.49558146064248
1957,2021-12-20 12:33:41.843801088,22.480000000000008,21.0,20.12717391304348,0.044103,195.7463029760001,22.49418744422283
1958,2021-12-20 12:33:42.017195776,22.480000000000008,21.0,20.100434782608705,0.0416,195.9196976640001,22.49273824754745
1959,2021-12-20 12:33:42.076539648,22.480000000000008,21.0,20.066154891304343,0.045002,195.9790415360001,22.491233564409434
1960,2021-12-20 12:33:42.135883520,22.480000000000008,21.0,20.031874999999985,0.048827,196.0383854080001,22.489673122853066
1961,2021-12-20 12:33:42.224456704,22.46938775510205,21.0,20.01857142857142,0.049749,196.1269585920001,22.48805668569331
1962,2021-12-20 12:33:42.326136064,22.526666666666674,21.0,19.816153846153856,0.04318,196.2286379520001,22.486384050988324
1963,2021-12-20 12:33:42.452427776,22.480000000000008,21.0,19.846734693877575,0.046777,196.3549296640001,22.484655052463133
1964,2021-12-20 12:33:42.545607680,22.48,21.0,19.949999999999996,0.046608,196.44810956800012,22.4828695598826
1965,2021-12-20 12:33:42.618469888,22.480000000000008,21.0,19.896530612244902,0.044172,196.52097177600012,22.4810274793721
1966,2021-12-20 12:33:42.720119040,22.456363636363648,21.0,19.869772727272736,0.050967,196.62262092800012,22.479128753684208
1967,2021-12-20 12:33:42.849076224,22.51183673469389,21.0,19.838367346938803,0.039905,196.75157811200012,22.47717336241
1968,2021-12-20 12:33:43.002072832,22.48000000000001,21.0,19.812142857142852,0.051084,196.9045747200001,22.47516132213347
1969,2021-12-20 12:33:43.061688320,22.48000000000001,21.0,19.781603343465044,0.046467,196.9641902080001,22.473092686527917
1970,2021-12-20 12:33:43.121293568,22.480000000000008,21.0,19.751063829787235,0.04118,197.0237954560001,22.470967546393133
1971,2021-12-20 12:33:43.221886464,22.468444444444454,21.0,19.724666666666682,0.055122,197.1243883520001,22.468786029632412
1972,2021-12-20 12:33:43.337576960,22.48000000000001,21.0,19.692499999999992,0.050956,197.2400788480001,22.466548301168544
1973,2021-12-20 12:33:43.482154752,22.480000000000008,21.0,19.664999999999992,0.059653,197.38465664000012,22.4642545627981
1974,2021-12-20 12:33:43.561504512,22.48,21.0,19.61,0.059994,197.46400640000013,22.46190505298354
1975,2021-12-20 12:33:43.621914624,22.480000000000008,21.0,19.60632653061226,0.04983,197.52441651200013,22.459500046582786
1976,2021-12-20 12:33:43.716432128,22.465945945945954,21.0,19.580000000000005,0.05701,197.61893401600014,22.45703985451615
1977,2021-12-20 12:33:43.838197760,22.48000000000001,21.0,19.549111111111095,0.041023,197.74069964800015,22.45452482337055
1978,2021-12-20 12:33:44.010063616,22.480000000000008,21.0,19.529999999999983,0.057131,197.91256550400016,22.451955334941363
1979,2021-12-20 12:33:44.071529984,22.472571428571435,21.0,19.5,0.052861,197.97403187200015,22.449331805712237
1980,2021-12-20 12:33:44.132996096,22.465142857142865,21.0,19.470000000000013,0.056808,198.03549798400016,22.44665468627355
1981,2021-12-20 12:33:44.224375552,22.448163265306132,21.0,19.441224489795943,0.059137,198.12687744000016,22.44392446068029
1982,2021-12-20 12:33:44.328036352,22.441951219512205,21.0,19.41292682926829,0.054508,198.23053824000016,22.44114164575039
1983,2021-12-20 12:33:44.449842176,22.425833333333344,21.0,19.383124999999996,0.057846,198.35234406400016,22.43830679030478
1984,2021-12-20 12:33:44.543605248,22.45636363636364,21.0,19.3609090909091,0.06262,198.44610713600017,22.435420474350604
1985,2021-12-20 12:33:44.621929216,22.411020408163278,21.0,19.325510204081652,0.063839,198.52443110400017,22.432483308209218
1986,2021-12-20 12:33:44.726213632,22.456363636363648,21.0,19.29749999999999,0.060441,198.62871552000018,22.42949593159081
1987,2021-12-20 12:33:44.888594432,22.46938775510205,21.0,19.267346938775503,0.058471,198.79109632000018,22.426459012617688
1988,2021-12-20 12:33:45.048169216,22.480000000000008,21.0,19.243548387096784,0.067191,198.95067110400018,22.423373246798437
1989,2021-12-20 12:33:45.093542144,22.462068965517247,21.0,19.206774193548394,0.059038,198.99604403200019,22.420239355955427
1990,2021-12-20 12:33:45.138925056,22.44413793103449,21.0,19.170000000000005,0.059033,199.0414269440002,22.417058087108284
1991,2021-12-20 12:33:45.225064192,22.432244897959194,21.0,19.15163265306122,0.065506,199.1275660800002,22.41383021131611
1992,2021-12-20 12:33:45.324470272,22.500000000000007,21.0,19.120769230769238,0.060412,199.2269721600002,22.410556522481457
1993,2021-12-20 12:33:45.440411904,22.3791836734694,21.0,19.22571428571431,0.061033,199.3429137920002,22.40723783611918
1994,2021-12-20 12:33:45.539586816,22.440000000000005,21.0,19.236923076923077,0.068971,199.44208870400018,22.403874988093527
1995,2021-12-20 12:33:45.621893632,22.41500000000001,21.0,19.155416666666664,0.059228,199.52439552000018,22.400468833326933
1996,2021-12-20 12:33:45.722898944,22.39727272727274,21.0,19.165681818181813,0.056662,199.6254008320002,22.397020244484093
1997,2021-12-20 12:33:45.863111424,22.37387755102042,21.0,19.0857142857143,0.06191,199.7656133120002,22.393530110635066
1998,2021-12-20 12:33:46.008966656,22.41314285714287,21.0,19.207142857142863,0.065097,199.9114685440002,22.389999335901233
1999,2021-12-20 12:33:46.067998720,22.48,21.0,19.16,0.065103,199.9705006080002,22.386428838088015
2000,2021-12-20 12:33:46.122675456,22.347346938775523,21.0,19.1534693877551,0.063521,200.0251773440002,22.382819547308312
2001,2021-12-20 12:33:46.222171904,22.380952380952394,21.0,19.08857142857142,0.064745,200.1246737920002,22.379172404600713
2002,2021-12-20 12:33:46.336393984,22.48000000000001,21.0,18.86200000000001,0.077119,200.2388958720002,22.375488360546523
2003,2021-12-20 12:33:46.481484544,22.363829787234057,21.0,18.882127659574458,0.065716,200.3839864320002,22.371768373889672
2004,2021-12-20 12:33:46.561659136,22.3175,21.0,18.78,0.062551,200.4641610240002,22.36801341016351
2005,2021-12-20 12:33:46.623970304,22.336734693877563,21.0,18.815918367346924,0.077986,200.5264721920002,22.364224440328496
2006,2021-12-20 12:33:46.720207872,22.333333333333346,21.0,18.972307692307695,0.067152,200.6227097600002,22.360402439424774
2007,2021-12-20 12:33:46.856668672,22.27958333333335,21.0,18.728333333333346,0.076958,200.7591705600002,22.356548385243478
2008,2021-12-20 12:33:47.022499584,22.298000000000016,21.0,18.710000000000004,0.070144,200.9250014720002,22.352663257020435
2009,2021-12-20 12:33:47.078373376,22.295111111111126,21.0,18.799999999999997,0.07083,200.9808752640002,22.34874803415589
2010,2021-12-20 12:33:47.134247168,22.292222222222236,21.0,18.88999999999999,0.071504,201.0367490560002,22.344803694963623
2011,2021-12-20 12:33:47.227215872,22.326122448979607,21.0,18.87,0.076337,201.12971776000018,22.34083121545281
2012,2021-12-20 12:33:47.330413824,22.321463414634163,21.0,18.84146341463415,0.074614,201.23291571200016,22.336831568145563
2013,2021-12-20 12:33:47.448538368,22.26333333333335,21.0,18.586875000000017,0.069487,201.35104025600018,22.332805720933
2014,2021-12-20 12:33:47.542372096,22.29280000000001,21.0,18.554800000000007,0.07348,201.44487398400017,22.328754635972473
2015,2021-12-20 12:33:47.623280896,22.336734693877563,21.0,18.729999999999993,0.072915,201.52578278400017,22.32467926862825
2016,2021-12-20 12:33:47.721298944,22.320000000000014,21.0,18.736923076923087,0.070493,201.62380083200017,22.320580566457775
2017,2021-12-20 12:33:47.872334080,22.251836734693896,21.0,18.71408163265307,0.064089,201.77483596800016,22.316459468245338
2018,2021-12-20 12:33:48.029042176,22.260625000000015,21.0,18.691249999999997,0.074944,201.93154406400015,22.31231690308467
2019,2021-12-20 12:33:48.079906816,22.25697916666668,21.0,18.66293269230769,0.071443,201.98240870400014,22.308153789511834
2020,2021-12-20 12:33:48.130761472,22.25333333333335,21.0,18.634615384615383,0.078432,202.03326336000015,22.303971034689404
2021,2021-12-20 12:33:48.227461888,22.29428571428573,21.0,18.61693877551021,0.07219,202.12996377600015,22.299769533642774
2022,2021-12-20 12:33:48.334421760,22.31333333333335,21.0,18.594615384615388,0.084306,202.23692364800016,22.29555016854903
2023,2021-12-20 12:33:48.466004224,22.230612244897976,21.0,18.57224489795916,0.077087,202.36850611200015,22.291313808078634
2024,2021-12-20 12:33:48.554969600,22.338181818181816,21.0,18.55454545454545,0.080574,202.45747148800015,22.28706130678991
2025,2021-12-20 12:33:48.620821248,22.236250000000016,21.0,18.524375,0.065779,202.52332313600016,22.282793504576095
2026,2021-12-20 12:33:48.719603712,22.245853658536603,21.0,18.50268292682927,0.078247,202.62210560000017,22.278511226164394
2027,2021-12-20 12:33:48.848671488,22.22595744680853,21.0,18.47595744680853,0.077412,202.75117337600017,22.274215280666244
2028,2021-12-20 12:33:49.018002688,22.22000000000002,21.0,18.452888888888904,0.078793,202.92050457600016,22.26990646117789
2029,2021-12-20 12:33:49.077085184,22.238571428571447,21.0,18.426587301587308,0.079173,202.97958707200016,22.265585544430063
2030,2021-12-20 12:33:49.136177408,22.257142857142874,21.0,18.40028571428571,0.077463,203.03867929600017,22.26125329048539
2031,2021-12-20 12:33:49.226933504,22.236250000000016,21.0,18.305624999999996,0.081004,203.12943539200018,22.256910442481928
2032,2021-12-20 12:33:49.326852352,22.31333333333335,21.0,18.11333333333334,0.078534,203.22935424000016,22.252557726421138
2033,2021-12-20 12:33:49.447531776,22.220000000000017,21.0,18.151428571428568,0.073322,203.35003366400016,22.2481958509983
2034,2021-12-20 12:33:49.543739136,22.255454545454555,21.0,18.297727272727265,0.083372,203.44624102400016,22.243825507473492
2035,2021-12-20 12:33:49.621801472,22.251836734693896,21.0,18.27632653061223,0.081943,203.52430336000015,22.239447369580855
2036,2021-12-20 12:33:49.724265216,22.22000000000002,21.0,18.25522727272727,0.087212,203.62676710400015,22.23506209347397
2037,2021-12-20 12:33:49.879042048,22.24708333333335,21.0,18.22791666666668,0.085029,203.78154393600016,22.230670317705034
2038,2021-12-20 12:33:50.039431424,22.242941176470605,21.0,18.21,0.073096,203.94193331200017,22.22627266323546
2039,2021-12-20 12:33:50.088586240,22.23147058823531,21.0,18.185000000000002,0.086647,203.99108812800017,22.221869733475526
2040,2021-12-20 12:33:50.137731072,22.220000000000017,21.0,18.160000000000007,0.081067,204.04023296000017,22.21746211435059
2041,2021-12-20 12:33:50.225851648,22.205102040816342,21.0,18.37,0.084701,204.12835353600016,22.213050374391507
2042,2021-12-20 12:33:50.324895744,22.220750000000017,21.0,18.11650000000001,0.090039,204.22739763200016,22.208635064846813
2043,2021-12-20 12:33:50.435828480,22.220000000000017,21.0,18.091250000000006,0.082667,204.33833036800016,22.204216719814262
2044,2021-12-20 12:33:50.534922752,22.244375000000016,21.0,17.8621875,0.081157,204.43742464000016,22.199795856389503
2045,2021-12-20 12:33:50.623656960,22.220000000000017,21.0,18.013061224489785,0.079675,204.52615884800016,22.195372974829656
2046,2021-12-20 12:33:50.725929472,22.2078048780488,21.0,18.015853658536578,0.088094,204.62843136000018,22.190948558729527
2047,2021-12-20 12:33:50.889416960,22.209795918367366,21.0,17.993673469387762,0.091095,204.79191884800017,22.186523075208473
2048,2021-12-20 12:33:51.043841792,22.220000000000017,21.0,17.970714285714276,0.086784,204.94634368000015,22.182096975105967
2049,2021-12-20 12:33:51.089053696,22.212647058823546,21.0,17.94035714285714,0.082529,204.99155558400017,22.177670693184048
2050,2021-12-20 12:33:51.134265600,22.205294117647075,21.0,17.910000000000004,0.084189,205.03676748800018,22.173244648335018
2051,2021-12-20 12:33:51.225474304,22.209795918367366,21.0,17.89653061224489,0.082228,205.12797619200018,22.16881924379282
2052,2021-12-20 12:33:51.331277312,22.207179487179506,21.0,17.866923076923086,0.086006,205.23377920000019,22.1643948673468
2053,2021-12-20 12:33:51.468894720,22.194489795918386,21.0,17.994693877551036,0.08496,205.3713966080002,22.159971891556673
2054,2021-12-20 12:33:51.567013376,22.162307692307692,21.0,18.07999999999999,0.091035,205.4695152640002,22.15555067396769
2055,2021-12-20 12:33:51.628640256,22.18875000000002,21.0,17.80649999999999,0.085116,205.5311421440002,22.151131557325165
2056,2021-12-20 12:33:51.725964288,22.14346938775512,21.0,17.784693877551014,0.083707,205.6284661760002,22.14671486978774
2057,2021-12-20 12:33:51.841202176,22.20125000000002,21.0,17.758000000000003,0.087843,205.74370406400018,22.14230092513891
2058,2021-12-20 12:33:51.991452672,22.19959183673471,21.0,17.73653061224491,0.093763,205.8939545600002,22.13789002299655
2059,2021-12-20 12:33:52.084531968,22.136666666666667,21.0,17.72,0.090936,205.9870338560002,22.133482449020363
2060,2021-12-20 12:33:52.133053184,22.180526315789493,21.0,17.68499999999999,0.092718,206.03555507200022,22.129078475117247
2061,2021-12-20 12:33:52.226122496,22.100208333333352,21.0,17.662916666666664,0.085486,206.12862438400023,22.124678359644907
2062,2021-12-20 12:33:52.330034688,22.18951219512197,21.0,17.638292682926824,0.088575,206.23253657600023,22.12028234761401
2063,2021-12-20 12:33:52.455984384,22.082244897959203,21.0,17.61428571428572,0.084386,206.35848627200022,22.115890670889495
2064,2021-12-20 12:33:52.548168704,22.127894736842116,21.0,17.727368421052628,0.085696,206.45067059200022,22.111503548391656
2065,2021-12-20 12:33:52.622549760,22.168979591836752,21.0,17.813265306122446,0.093814,206.52505164800021,22.10712118629785
2066,2021-12-20 12:33:52.720527360,22.163750000000018,21.0,17.737999999999996,0.087216,206.62302924800022,22.102743778245703
2067,2021-12-20 12:33:52.865960192,22.14346938775512,21.0,17.526734693877536,0.082137,206.76846208000023,22.09837150553885
2068,2021-12-20 12:33:53.024730112,22.070000000000018,21.0,17.509999999999994,0.095946,206.92723200000023,22.09400453735631
2069,2021-12-20 12:33:53.077646848,22.055256410256426,21.0,17.595,0.084711,206.98014873600022,22.089643030966577
2070,2021-12-20 12:33:53.130553344,22.040512820512838,21.0,17.680000000000007,0.088179,207.0330552320002,22.08528713194767
2071,2021-12-20 12:33:53.226780928,22.10265306122451,21.0,17.439183673469405,0.096631,207.1292828160002,22.08093697441431
2072,2021-12-20 12:33:53.332101376,22.122439024390264,21.0,17.419999999999998,0.08723,207.23460326400019,22.07659268125346
2073,2021-12-20 12:33:53.454882816,21.98020408163267,21.0,17.63999999999999,0.089991,207.3573847040002,22.072254364369375
2074,2021-12-20 12:33:53.546996480,22.00409090909092,21.0,17.620909090909095,0.085132,207.4494983680002,22.067922124939372
2075,2021-12-20 12:33:53.624022784,22.02612244897961,21.0,17.601632653061237,0.09491,207.5265246720002,22.063596053681312
2076,2021-12-20 12:33:53.722372608,22.046923076923097,21.0,17.37333333333333,0.094421,207.6248744960002,22.059276231133833
2077,2021-12-20 12:33:53.882953216,22.01081632653063,21.0,17.533061224489774,0.092163,207.7854551040002,22.05496272795018
2078,2021-12-20 12:33:54.047355904,21.970000000000017,21.0,17.537741935483858,0.088497,207.9498577920002,22.050655605206437
2079,2021-12-20 12:33:54.093493248,21.978620689655187,21.0,17.51387096774193,0.098296,207.99599513600018,22.04635491472472
2080,2021-12-20 12:33:54.139620608,21.987241379310362,21.0,17.490000000000006,0.096089,208.0421224960002,22.042060699411884
2081,2021-12-20 12:33:54.224904704,21.99551020408165,21.0,17.482653061224504,0.096393,208.1274065920002,22.037772993613995
2082,2021-12-20 12:33:54.324783360,22.09179487179489,21.0,17.46717948717949,0.08314,208.2272852480002,22.033491823486685
2083,2021-12-20 12:33:54.447434240,21.970000000000017,21.0,17.44653061224492,0.096216,208.3499361280002,22.02921720738136
2084,2021-12-20 12:33:54.545331456,21.97000000000001,21.0,17.437000000000005,0.089945,208.4478333440002,22.024949156247036
2085,2021-12-20 12:33:54.623846400,21.985306122448996,21.0,17.407755102040806,0.09611,208.5263482880002,22.020687674047412
2086,2021-12-20 12:33:54.722266624,21.98219512195124,21.0,17.389756097560973,0.088249,208.6247685120002,22.01643275819265
2087,2021-12-20 12:33:54.835945472,22.0020512820513,21.0,17.366153846153853,0.094793,208.7384473600002,22.012184399985088
2088,2021-12-20 12:33:54.997914112,21.98020408163267,21.0,17.349387755102054,0.091712,208.9004160000002,22.007942585077977
2089,2021-12-20 12:33:55.095479296,21.97,21.0,17.34,0.099129,208.9979811840002,22.003707293946178
2090,2021-12-20 12:33:55.136899328,21.977352941176488,21.0,17.306470588235292,0.102962,209.0394012160002,21.999478502367577
2091,2021-12-20 12:33:55.227202560,21.99551020408165,21.0,17.29102040816326,0.089561,209.12970444800018,21.995256181913923
2092,2021-12-20 12:33:55.330802944,21.981627906976765,21.0,17.270697674418596,0.091217,209.2333048320002,21.991040300449573
2093,2021-12-20 12:33:55.448132864,21.970000000000017,21.0,17.252244897959184,0.100772,209.3506347520002,21.9868308226365
2094,2021-12-20 12:33:55.541041152,21.970000000000013,21.0,17.22692307692309,0.092851,209.44354304000018,21.9826277104439
2095,2021-12-20 12:33:55.624022016,21.970000000000017,21.0,17.213469387755126,0.096678,209.5265239040002,21.97843092366055
2096,2021-12-20 12:33:55.718650368,21.984285714285733,21.0,17.19485714285713,0.091506,209.6211522560002,21.974240420408076
2097,2021-12-20 12:33:55.872059392,21.970000000000017,21.0,17.174285714285702,0.088819,209.7745612800002,21.97005615765322
2098,2021-12-20 12:33:56.044458240,22.01411764705884,21.0,17.160000000000004,0.098176,209.9469601280002,21.965878091717126
2099,2021-12-20 12:33:56.093482496,21.983130252100857,21.0,17.174999999999997,0.097635,209.9959843840002,21.961706178779643
2100,2021-12-20 12:33:56.142516480,21.95214285714287,21.0,17.18999999999999,0.096232,210.0450183680002,21.957540375376702
2101,2021-12-20 12:33:56.226724352,21.959795918367366,21.0,17.304285714285722,0.096886,210.1292262400002,21.953380638888717
2102,2021-12-20 12:33:56.322338560,21.970000000000017,21.0,17.087368421052634,0.107555,210.2248404480002,21.949226928018177
2103,2021-12-20 12:33:56.427678976,21.94959183673471,21.0,17.068367346938786,0.102305,210.3301808640002,21.945079203254473
2104,2021-12-20 12:33:56.530333696,21.956111111111127,21.0,17.04888888888889,0.095683,210.4328355840002,21.94093742732411
2105,2021-12-20 12:33:56.623916032,21.939387755102057,21.0,17.03448979591835,0.106908,210.5264179200002,21.93680156562459
2106,2021-12-20 12:33:56.731569920,21.9643181818182,21.0,17.25,0.099424,210.6340718080002,21.932671586640318
2107,2021-12-20 12:33:56.909913344,21.970000000000017,21.0,17.0,0.093171,210.81241523200018,21.928547462338894
2108,2021-12-20 12:33:57.068985088,21.970000000000013,21.0,16.981538461538467,0.088152,210.97148697600016,21.92442916854647
2109,2021-12-20 12:33:57.107578624,21.97543478260871,21.0,16.960769230769234,0.101125,211.01008051200017,21.920316685300758
2110,2021-12-20 12:33:57.146162176,21.980869565217404,21.0,16.94,0.097882,211.04866406400018,21.916209997180584
2111,2021-12-20 12:33:57.225290752,21.944489795918386,21.0,16.922857142857133,0.092576,211.12779264000017,21.91210909361094
2112,2021-12-20 12:33:57.326366464,21.97000000000002,21.0,16.903636363636352,0.098765,211.22886835200018,21.908013969142665
2113,2021-12-20 12:33:57.428025600,21.929183673469407,21.0,16.88408163265306,0.105727,211.33052748800017,21.903924623706057
2114,2021-12-20 12:33:57.527170048,21.934285714285732,21.0,16.865238095238105,0.095143,211.42967193600018,21.899841062837844
2115,2021-12-20 12:33:57.625781504,21.918979591836752,21.0,16.852448979591852,0.098833,211.52828339200016,21.89576329788113
2116,2021-12-20 12:33:57.736352256,21.929302325581414,21.0,16.83604651162791,0.100872,211.63885414400016,21.89169134615811
2117,2021-12-20 12:33:57.913629440,21.867959183673488,21.0,16.97142857142856,0.104341,211.81613132800015,21.88762523111548
2118,2021-12-20 12:33:58.054264320,21.84500000000001,21.0,17.036999999999995,0.100999,211.95676620800015,21.883564982442586
2119,2021-12-20 12:33:58.093964288,21.87460526315791,21.0,17.019684210526314,0.095603,211.99646617600015,21.87951063616257
2120,2021-12-20 12:33:58.133664512,21.904210526315808,21.0,17.002368421052633,0.097173,212.03616640000016,21.875462234696798
2121,2021-12-20 12:33:58.229258240,21.816938775510224,21.0,16.851428571428578,0.09945,212.13176012800017,21.87141982690306
2122,2021-12-20 12:33:58.333321472,21.839047619047637,21.0,16.88238095238097,0.100746,212.23582336000015,21.867383468088136
2123,2021-12-20 12:33:58.449856512,21.771020408163285,21.0,16.959795918367366,0.106563,212.35235840000016,21.863353219995307
2124,2021-12-20 12:33:58.542584064,21.80333333333335,21.0,16.75555555555555,0.106344,212.44508595200017,21.859329150767596
2125,2021-12-20 12:33:58.625403904,21.913877551020427,21.0,16.691020408163244,0.10498,212.52790579200018,21.855311334887517
2126,2021-12-20 12:33:58.735743232,21.930227272727294,21.0,16.784999999999993,0.105596,212.6382451200002,21.85129985309425
2127,2021-12-20 12:33:58.912024832,21.908775510204098,21.0,16.892244897959177,0.096903,212.8145267200002,21.847294792279147
2128,2021-12-20 12:33:59.053554944,21.862857142857155,21.0,16.88,0.099609,212.9560568320002,21.843296245360595
2129,2021-12-20 12:33:59.093566720,21.855617760617776,21.0,16.817702702702707,0.10285,212.9960686080002,21.839304311139298
2130,2021-12-20 12:33:59.133568512,21.848378378378396,21.0,16.755405405405416,0.103679,213.0360704000002,21.83531909413512
2131,2021-12-20 12:33:59.228066048,21.888367346938793,21.0,16.597346938775527,0.101241,213.1305679360002,21.831340704406596
2132,2021-12-20 12:33:59.334784512,21.895000000000017,21.0,16.584500000000002,0.099913,213.23728640000022,21.827369257354334
2133,2021-12-20 12:33:59.466105344,21.786326530612264,21.0,16.61285714285714,0.102304,213.36860723200022,21.82340487350955
2134,2021-12-20 12:33:59.555634176,21.80333333333333,21.0,16.777500000000003,0.105241,213.45813606400023,21.819447678308997
2135,2021-12-20 12:33:59.622149632,21.77612244897961,21.0,16.767551020408153,0.101205,213.52465152000022,21.815497801857553
2136,2021-12-20 12:33:59.719021056,21.793170731707335,21.0,16.749756097560976,0.108523,213.62152294400022,21.81155537867966
2137,2021-12-20 12:33:59.853952768,21.765918367346956,21.0,16.73877551020409,0.100278,213.75645465600022,21.807620547460903
2138,2021-12-20 12:34:00.024953600,21.72000000000002,21.0,16.720000000000017,0.104893,213.92745548800022,21.803693450780912
2139,2021-12-20 12:34:00.080978432,21.72000000000002,21.0,16.70500000000001,0.100864,213.9834803200002,21.79977423483867
2140,2021-12-20 12:34:00.137003008,21.720000000000017,21.0,16.69,0.098221,214.0395048960002,21.795863049171338
2141,2021-12-20 12:34:00.226652416,21.79142857142859,21.0,16.680612244897944,0.114158,214.12915430400022,21.791960046367596
2142,2021-12-20 12:34:00.320425728,21.830294117647075,21.0,16.662352941176476,0.103169,214.22292761600022,21.788065381776335
2143,2021-12-20 12:34:00.432867328,21.73020408163267,21.0,16.440612244897956,0.110674,214.33536921600023,21.784179213211523
2144,2021-12-20 12:34:00.537041152,21.74678571428573,21.0,16.58249999999999,0.10837,214.43954304000022,21.780301700653972
2145,2021-12-20 12:34:00.623150080,21.74551020408165,21.0,16.623673469387757,0.105094,214.5256519680002,21.776433005950608
2146,2021-12-20 12:34:00.719558656,21.758461538461557,21.0,16.605128205128217,0.103379,214.6220605440002,21.772573292511723
2147,2021-12-20 12:34:00.863784448,21.781224489795935,21.0,16.592653061224492,0.10802,214.76628633600018,21.768722725006636
2148,2021-12-20 12:34:01.034423296,21.759473684210544,21.0,16.57736842105264,0.11175,214.9369251840002,21.764881469058096
2149,2021-12-20 12:34:01.087198976,21.75989813242786,21.0,16.558684210526323,0.103027,214.98970086400018,21.76104969093569
2150,2021-12-20 12:34:01.139974912,21.760322580645177,21.0,16.540000000000006,0.106739,215.04247680000017,21.757227557248367
2151,2021-12-20 12:34:01.227884288,21.720000000000017,21.0,16.53367346938774,0.103717,215.13038617600017,21.75341523463625
2152,2021-12-20 12:34:01.327139328,21.767297297297315,21.0,16.523243243243236,0.101926,215.22964121600018,21.749612889461687
2153,2021-12-20 12:34:01.452375040,21.73020408163267,21.0,16.508979591836734,0.107026,215.35487692800018,21.74582068749953
2154,2021-12-20 12:34:01.551781120,21.72000000000001,21.0,16.5,0.106242,215.45428300800017,21.742038793626584
2155,2021-12-20 12:34:01.625830144,21.758888888888908,21.0,16.47933333333335,0.112031,215.52833203200018,21.738267371510094
2156,2021-12-20 12:34:01.727941888,21.72000000000002,21.0,16.46553191489363,0.108202,215.6304437760002,21.734506583295108
2157,2021-12-20 12:34:01.845382400,21.72000000000002,21.0,16.44923076923078,0.10983,215.7478842880002,21.730756589290515
2158,2021-12-20 12:34:01.999163392,21.735306122448996,21.0,16.435918367346922,0.110518,215.9016652800002,21.727017547653563
2159,2021-12-20 12:34:02.091760128,21.72,21.0,16.43,0.111449,215.9942620160002,21.72328961407263
2160,2021-12-20 12:34:02.134366976,21.720000000000017,21.0,16.41085714285714,0.110295,216.03686886400018,21.719572941448046
2161,2021-12-20 12:34:02.226681856,21.709795918367366,21.0,16.397142857142846,0.108007,216.1291837440002,21.715867679570763
2162,2021-12-20 12:34:02.327304960,21.720000000000017,21.0,16.38297297297297,0.105067,216.22980684800018,21.71217397479866
2163,2021-12-20 12:34:02.451343616,21.720000000000017,21.0,16.36755102040817,0.107075,216.3538455040002,21.70849196973031
2164,2021-12-20 12:34:02.549200640,21.72000000000001,21.0,16.354736842105265,0.111783,216.4517025280002,21.70482180287617
2165,2021-12-20 12:34:02.624315904,21.725208333333352,21.0,16.33833333333334,0.111019,216.5268177920002,21.701163608327064
2166,2021-12-20 12:34:02.723832576,21.708372093023275,21.0,16.32906976744186,0.118999,216.6263344640002,21.697517515420028
2167,2021-12-20 12:34:02.863160064,21.709795918367366,21.0,16.317959183673477,0.105821,216.7656619520002,21.693883648401506
2168,2021-12-20 12:34:03.023690240,21.72000000000002,21.0,16.299999999999997,0.10526,216.9261921280002,21.690262126088076
2169,2021-12-20 12:34:03.078678784,21.72000000000002,21.0,16.284868421052625,0.111449,216.9811806720002,21.686653061524908
2170,2021-12-20 12:34:03.133677568,21.720000000000017,21.0,16.269736842105253,0.111347,217.03617945600018,21.683056561642356
2171,2021-12-20 12:34:03.228154880,21.693958333333352,21.0,16.259999999999994,0.108377,217.1306567680002,21.679472726911037
2172,2021-12-20 12:34:03.327178752,21.69222222222224,21.0,16.241111111111117,0.10935,217.2296806400002,21.675901650995872
2173,2021-12-20 12:34:03.449638400,21.709795918367366,21.0,16.23061224489797,0.115385,217.3521402880002,21.67234342040978
2174,2021-12-20 12:34:03.546831616,21.693684210526325,21.0,16.222631578947368,0.099557,217.44933350400018,21.668798114167803
2175,2021-12-20 12:34:03.623274496,21.648571428571447,21.0,16.202448979591846,0.114559,217.52577638400018,21.665265803442438
2176,2021-12-20 12:34:03.720367104,21.66230769230771,21.0,16.192051282051292,0.117414,217.62286899200018,21.6617465512212
2177,2021-12-20 12:34:03.853257216,21.693958333333352,21.0,16.173749999999995,0.101348,217.7557591040002,21.65824041196748
2178,2021-12-20 12:34:04.021401600,21.66047619047621,21.0,16.332380952380944,0.115721,217.92390348800018,21.65474743128586
2179,2021-12-20 12:34:04.078935040,21.672876984127,21.0,16.23132936507936,0.107169,217.98143692800016,21.6512676455932
2180,2021-12-20 12:34:04.136458240,21.685277777777795,21.0,16.130277777777778,0.109972,218.03896012800016,21.647801081796874
2181,2021-12-20 12:34:04.229879552,21.653673469387773,21.0,16.123265306122452,0.115203,218.13238144000016,21.644347756981574
2182,2021-12-20 12:34:04.335723008,21.644418604651182,21.0,16.112558139534894,0.110718,218.23822489600016,21.640907678106327
2183,2021-12-20 12:34:04.455587584,21.621041666666684,21.0,16.24291666666668,0.107829,218.35808947200016,21.63748084171329
2184,2021-12-20 12:34:04.545860608,21.63304347826088,21.0,16.316956521739133,0.114051,218.44836249600016,21.634067233650054
2185,2021-12-20 12:34:04.625149952,21.684285714285732,21.0,16.304693877551006,0.110464,218.52765184000015,21.630666828807293
2186,2021-12-20 12:34:04.729484544,21.656046511627927,21.0,16.193953488372085,0.113785,218.63198643200013,21.627279590873556
2187,2021-12-20 12:34:04.882259968,21.607755102040834,21.0,16.055102040816312,0.113709,218.78476185600013,21.62390547210905
2188,2021-12-20 12:34:05.022754048,21.61285714285716,21.0,16.049285714285723,0.113592,218.92525593600013,21.620544413140365
2189,2021-12-20 12:34:05.073196288,21.60392857142859,21.0,16.10516369047619,0.110132,218.97569817600012,21.61719634277804
2190,2021-12-20 12:34:05.123648768,21.595000000000017,21.0,16.16104166666666,0.108114,219.0261506560001,21.613861177858972
2191,2021-12-20 12:34:05.224724224,21.617727272727294,21.0,16.007272727272724,0.103209,219.1272261120001,21.610538823115586
2192,2021-12-20 12:34:05.339791104,21.674545454545473,21.0,15.99272727272728,0.114985,219.2422929920001,21.60722917107376
2193,2021-12-20 12:34:05.484871680,21.563750000000017,21.0,15.977083333333347,0.106809,219.3873735680001,21.603932101981403
2194,2021-12-20 12:34:05.564473088,21.67833333333333,21.0,15.950000000000001,0.104593,219.4669749760001,21.600647483769535
2195,2021-12-20 12:34:05.623515136,21.610625000000017,21.0,15.947708333333345,0.109835,219.5260170240001,21.597375172047762
2196,2021-12-20 12:34:05.718596096,21.585384615384633,21.0,15.939487179487186,0.116107,219.6210979840001,21.594115010135884
2197,2021-12-20 12:34:05.854151680,21.597551020408183,21.0,15.957551020408156,0.113475,219.7566535680001,21.590866829133333
2198,2021-12-20 12:34:06.029165824,21.511666666666684,21.0,16.149999999999988,0.102863,219.9316677120001,21.5876304480281
2199,2021-12-20 12:34:06.084989184,21.54325268817206,21.0,16.134354838709672,0.11236,219.9874910720001,21.5844056738467
2200,2021-12-20 12:34:06.140812800,21.574838709677437,21.0,16.118709677419357,0.111564,220.0433146880001,21.581192301846475
2201,2021-12-20 12:34:06.227193344,21.568958333333352,21.0,16.109791666666677,0.10453,220.1296952320001,21.57799011575159
2202,2021-12-20 12:34:06.329737472,21.59500000000002,21.0,16.100000000000012,0.110585,220.2322393600001,21.57479888803381
2203,2021-12-20 12:34:06.463924992,21.54142857142859,21.0,16.090000000000003,0.108901,220.36642688000012,21.57161838023901
2204,2021-12-20 12:34:06.563934464,21.548125000000006,21.0,16.08062499999999,0.107239,220.46643635200013,21.568448343360142
2205,2021-12-20 12:34:06.630510336,21.549268292682946,21.0,16.070000000000007,0.116132,220.53301222400012,21.565288518257354
2206,2021-12-20 12:34:06.728427776,21.551632653061244,21.0,15.849591836734705,0.112869,220.63092966400012,21.56213863612554
2207,2021-12-20 12:34:06.846894080,21.591951219512215,21.0,15.820487804878054,0.113411,220.74939596800013,21.558998419009573
2208,2021-12-20 12:34:07.001007104,21.51081632653063,21.0,16.004081632653055,0.109367,220.90350899200013,21.555867580367195
2209,2021-12-20 12:34:07.091863552,21.47,21.0,16.04,0.10946,220.99436544000014,21.55274582567927
2210,2021-12-20 12:34:07.135074048,21.518611111111127,21.0,16.009999999999994,0.109594,221.03757593600014,21.549632853106928
2211,2021-12-20 12:34:07.227559936,21.531224489795935,21.0,16.002448979591836,0.10707,221.13006182400014,21.546528354194866
2212,2021-12-20 12:34:07.330566912,21.555365853658557,21.0,15.991707317073175,0.097331,221.23306880000013,21.54343201461979
2213,2021-12-20 12:34:07.449174272,21.470000000000017,21.0,15.990000000000007,0.107835,221.35167616000012,21.5403435149828
2214,2021-12-20 12:34:07.543369984,21.470000000000013,21.0,15.984000000000004,0.110116,221.4458718720001,21.537262531644227
2215,2021-12-20 12:34:07.624278784,21.505714285714305,21.0,15.973673469387773,0.103364,221.52678067200011,21.53418873759912
2216,2021-12-20 12:34:07.722739456,21.527692307692327,21.0,15.841794871794887,0.106973,221.6252413440001,21.53112180339147
2217,2021-12-20 12:34:07.885291264,21.49551020408165,21.0,15.851428571428587,0.112354,221.7877931520001,21.528061398064867
2218,2021-12-20 12:34:08.055738880,21.470000000000017,21.0,15.943749999999998,0.110265,221.95824076800008,21.525007190147058
2219,2021-12-20 12:34:08.101292800,21.485000000000014,21.0,15.821475000000001,0.109519,222.00379468800008,21.5219588486657
2220,2021-12-20 12:34:08.146846976,21.500000000000014,21.0,15.699200000000005,0.104577,222.04934886400008,21.51891604419227
2221,2021-12-20 12:34:08.226528512,21.485306122448996,21.0,15.778571428571423,0.107835,222.1290304000001,21.515878449910918
2222,2021-12-20 12:34:08.324938752,21.543170731707335,21.0,15.788048780487806,0.105428,222.22744064000008,21.51284574270888
2223,2021-12-20 12:34:08.438436608,21.485306122448996,21.0,15.740816326530618,0.108152,222.3409384960001,21.509817604284777
2224,2021-12-20 12:34:08.538938880,21.486666666666682,21.0,15.876666666666667,0.103809,222.4414407680001,21.50679372227094
2225,2021-12-20 12:34:08.625259008,21.511666666666684,21.0,15.867083333333339,0.105957,222.5277608960001,21.503773791365838
2226,2021-12-20 12:34:08.719344384,21.509473684210544,21.0,15.833684210526327,0.099188,222.6218462720001,21.500757514472422
2227,2021-12-20 12:34:08.862383104,21.500612244897976,21.0,15.66163265306124,0.102134,222.7648849920001,21.49774460383814
2228,2021-12-20 12:34:09.037417472,21.47000000000002,21.0,15.839999999999996,0.104577,222.93991936000012,21.494734782192168
2229,2021-12-20 12:34:09.090595584,21.47000000000002,21.0,15.828793103448273,0.10725,222.99309747200013,21.49172778387548
2230,2021-12-20 12:34:09.143763712,21.470000000000017,21.0,15.817586206896548,0.099185,223.04626560000014,21.488723355959074
2231,2021-12-20 12:34:09.228393984,21.454375000000017,21.0,15.80916666666665,0.099073,223.13089587200014,21.485721259345766
2232,2021-12-20 12:34:09.326060032,21.534102564102582,21.0,15.780769230769229,0.102967,223.22856192000015,21.48272126985087
2233,2021-12-20 12:34:09.441700096,21.470000000000017,21.0,15.559387755102032,0.101874,223.34420198400014,21.479723179257093
2234,2021-12-20 12:34:09.541136128,21.489230769230783,21.0,15.77999999999999,0.102571,223.44363801600014,21.47672679633892
2235,2021-12-20 12:34:09.624791040,21.48020408163267,21.0,15.759999999999993,0.099821,223.52729292800012,21.47373194785185
2236,2021-12-20 12:34:09.722115072,21.47000000000002,21.0,15.75025,0.108646,223.6246169600001,21.470738479481813
2237,2021-12-20 12:34:09.861472512,21.470000000000017,21.0,15.75,0.105444,223.7639744000001,21.467746256750225
2238,2021-12-20 12:34:10.030220288,21.445000000000018,21.0,15.741250000000004,0.097455,223.9327221760001,21.464755165870187
2239,2021-12-20 12:34:10.085017856,21.457500000000017,21.0,15.730625000000009,0.108052,223.9875197440001,21.461765114549486
2240,2021-12-20 12:34:10.139815424,21.470000000000017,21.0,15.720000000000013,0.116555,224.0423173120001,21.458776032736083
2241,2021-12-20 12:34:10.229022208,21.470000000000017,21.0,15.712040816326537,0.100987,224.1315240960001,21.455787873302008
2242,2021-12-20 12:34:10.328629504,21.470000000000017,21.0,15.70263157894737,0.110803,224.2311313920001,21.452800612661733
2243,2021-12-20 12:34:10.449017088,21.470000000000017,21.0,15.69270833333335,0.10828,224.3515189760001,21.449814251321303
2244,2021-12-20 12:34:10.545838080,21.446190476190488,21.0,15.687142857142858,0.111081,224.4483399680001,21.446828814354706
2245,2021-12-20 12:34:10.624403456,21.470000000000017,21.0,15.673469387755095,0.109707,224.5269053440001,21.44384435180412
2246,2021-12-20 12:34:10.720590848,21.47000000000002,21.0,15.664615384615386,0.116304,224.6230927360001,21.440860939001006
2247,2021-12-20 12:34:10.853963520,21.470000000000017,21.0,15.654081632653048,0.113708,224.7564654080001,21.437878676805237
2248,2021-12-20 12:34:11.024954368,21.47000000000002,21.0,15.644999999999992,0.119287,224.9274562560001,21.434897691759772
2249,2021-12-20 12:34:11.080978944,21.47000000000002,21.0,15.633863636363634,0.100763,224.9834808320001,21.43191813615871
2250,2021-12-20 12:34:11.137003776,21.470000000000017,21.0,15.622727272727275,0.11014,225.0395056640001,21.428940188026804
2251,2021-12-20 12:34:11.226653184,21.44959183673471,21.0,15.61551020408164,0.105368,225.12915507200012,21.425964051008894
2252,2021-12-20 12:34:11.329267712,21.500487804878066,21.0,15.61000000000001,0.104737,225.23176960000012,21.42298995416812
2253,2021-12-20 12:34:11.449705728,21.439387755102057,21.0,15.695306122448999,0.102213,225.35220761600013,21.420018151692016
2254,2021-12-20 12:34:11.545611520,21.470000000000013,21.0,15.709999999999994,0.113175,225.44811340800013,21.41704892250605
2255,2021-12-20 12:34:11.626107904,21.439387755102057,21.0,15.661836734693853,0.103316,225.52860979200014,21.414082569794523
2256,2021-12-20 12:34:11.722335488,21.42394736842107,21.0,15.765789473684217,0.102674,225.62483737600013,21.411119420429113
2257,2021-12-20 12:34:11.872012800,21.459795918367366,21.0,15.570000000000013,0.103445,225.77451468800012,21.408159824305805
2258,2021-12-20 12:34:12.043426048,21.44222222222224,21.0,15.57,0.094649,225.94592793600012,21.40520415359118
2259,2021-12-20 12:34:12.093476096,21.447182539682558,21.0,15.558571428571433,0.102414,225.99597798400012,21.402252801879552
2260,2021-12-20 12:34:12.143536128,21.45214285714287,21.0,15.547142857142868,0.105241,226.04603801600013,21.399306183262855
2261,2021-12-20 12:34:12.227713792,21.424081632653078,21.0,15.538775510204074,0.105172,226.13021568000013,21.396364731315387
2262,2021-12-20 12:34:12.328105728,21.43875000000002,21.0,15.528999999999986,0.110068,226.23060761600013,21.39342889799603
2263,2021-12-20 12:34:12.449247488,21.424081632653078,21.0,15.519591836734683,0.114784,226.35174937600013,21.390499152470827
2264,2021-12-20 12:34:12.546058496,21.446190476190488,21.0,15.509523809523806,0.111965,226.44856038400013,21.387575979859243
2265,2021-12-20 12:34:12.625046272,21.39346938775512,21.0,15.5,0.108959,226.52754816000012,21.38465987990769
2266,2021-12-20 12:34:12.726685184,21.418863636363657,21.0,15.49022727272728,0.102237,226.62918707200012,21.381751365594287
2267,2021-12-20 12:34:12.859454720,21.357755102040834,21.0,15.710612244897977,0.104813,226.76195660800013,21.378850961668984
2268,2021-12-20 12:34:13.007884800,21.36102564102566,21.0,15.498461538461546,0.116171,226.91038668800013,21.37595920313365
2269,2021-12-20 12:34:13.066454016,21.36194139194141,21.0,15.479945054945063,0.111255,226.96895590400013,21.37307663366682
2270,2021-12-20 12:34:13.125013504,21.362857142857163,21.0,15.461428571428577,0.110505,227.0275153920001,21.370203803998137
2271,2021-12-20 12:34:13.226612224,21.301627906976762,21.0,15.452093023255818,0.111409,227.1291141120001,21.367341270237635
2272,2021-12-20 12:34:13.342201856,21.381458333333352,21.0,15.636874999999987,0.107341,227.2447037440001,21.364489592165267
2273,2021-12-20 12:34:13.477697024,21.293863636363657,21.0,15.672727272727268,0.103338,227.3801989120001,21.361649331486245
2274,2021-12-20 12:34:13.556312576,21.35333333333334,21.0,15.659999999999998,0.108555,227.4588144640001,21.358821050057884
2275,2021-12-20 12:34:13.626288128,21.32204081632655,21.0,15.498367346938766,0.108268,227.5287900160001,21.35600530809372
2276,2021-12-20 12:34:13.724698368,21.418717948717966,21.0,15.42,0.095897,227.6272002560001,21.35320266235078
2277,2021-12-20 12:34:13.886496000,21.39346938775512,21.0,15.554693877551012,0.098526,227.7889978880001,21.350413664305965
2278,2021-12-20 12:34:14.056098560,21.368437500000017,21.0,15.636249999999993,0.088684,227.95860044800008,21.347638858327624
2279,2021-12-20 12:34:14.101612544,21.374218750000015,21.0,15.513124999999992,0.098809,228.00411443200008,21.3448787798483
2280,2021-12-20 12:34:14.147126272,21.380000000000013,21.0,15.389999999999992,0.098924,228.04962816000008,21.3421339535448
2281,2021-12-20 12:34:14.227632640,21.296530612244915,21.0,15.497959183673467,0.091492,228.13013452800007,21.339404891531675
2282,2021-12-20 12:34:14.328798976,21.327954545454563,21.0,15.5,0.090188,228.23130086400008,21.336692091574218
2283,2021-12-20 12:34:14.436583424,21.271020408163285,21.0,15.473877551020411,0.097125,228.33908531200007,21.333996035326933
2284,2021-12-20 12:34:14.534551040,21.268611111111127,21.0,15.604722222222238,0.095401,228.43705292800007,21.33131718660353
2285,2021-12-20 12:34:14.627499776,21.301632653061244,21.0,15.596530612244914,0.094342,228.53000166400008,21.328655989684354
2286,2021-12-20 12:34:14.729903104,21.37625000000002,21.0,15.50375,0.098033,228.6324049920001,21.32601286766705
2287,2021-12-20 12:34:14.893873152,21.30673469387757,21.0,15.422857142857161,0.098265,228.7963750400001,21.32338822086615
2288,2021-12-20 12:34:15.046728960,21.27555555555557,21.0,15.579999999999997,0.09099,228.9492308480001,21.3207824252671
2289,2021-12-20 12:34:15.091810304,21.30333333333335,21.0,15.575,0.0937,228.9943121920001,21.31819583104017
2290,2021-12-20 12:34:15.136881408,21.331111111111127,21.0,15.57,0.092305,229.0393832960001,21.31562876111938
2291,2021-12-20 12:34:15.228894464,21.35265306122451,21.0,15.530816326530624,0.095947,229.1313963520001,21.313081509851493
2292,2021-12-20 12:34:15.328803584,21.322564102564122,21.0,15.359487179487168,0.105269,229.23130547200012,21.310554341719843
2293,2021-12-20 12:34:15.445550080,21.24551020408165,21.0,15.559183673469372,0.09626,229.3480519680001,21.30804749014763
2294,2021-12-20 12:34:15.543296512,21.26629629629631,21.0,15.549259259259268,0.103367,229.44579840000011,21.305561156384986
2295,2021-12-20 12:34:15.626458368,21.26081632653063,21.0,15.539999999999992,0.095125,229.52896025600012,21.30309550848399
2296,2021-12-20 12:34:15.723138560,21.325263157894756,21.0,15.54,0.092664,229.62564044800013,21.30065068036546
2297,2021-12-20 12:34:15.866851328,21.26081632653063,21.0,15.530204081632634,0.095,229.76935321600013,21.298226770981056
2298,2021-12-20 12:34:16.015935232,21.266875000000017,21.0,15.529999999999987,0.091887,229.91843712000014,21.295823843573974
2299,2021-12-20 12:34:16.069897984,21.264270833333352,21.0,15.52552083333332,0.09509,229.97239987200012,21.293441925041208
2300,2021-12-20 12:34:16.123860480,21.261666666666688,21.0,15.521041666666656,0.097617,230.02636236800012,21.291081005400073
2301,2021-12-20 12:34:16.223457792,21.265454545454563,21.0,15.33181818181818,0.095899,230.1259596800001,21.288741037361337
2302,2021-12-20 12:34:16.338273024,21.305227272727294,21.0,15.489999999999993,0.090851,230.24077491200012,21.286421936010935
2303,2021-12-20 12:34:16.484359424,21.225208333333352,21.0,15.502291666666666,0.094039,230.38686131200012,21.284123578601985
2304,2021-12-20 12:34:16.564413440,21.345,21.0,15.5,0.094244,230.4669153280001,21.281845804458495
2305,2021-12-20 12:34:16.623938304,21.255714285714305,21.0,15.493061224489802,0.097398,230.5264401920001,21.279588414991743
2306,2021-12-20 12:34:16.720246272,21.32625000000002,21.0,15.490000000000006,0.094817,230.6227481600001,21.277351173830006
2307,2021-12-20 12:34:16.861625600,21.220000000000017,21.0,15.490000000000007,0.095654,230.7641274880001,21.27513380706197
2308,2021-12-20 12:34:17.035694336,21.22000000000002,21.0,15.48475000000001,0.104614,230.9381962240001,21.27293600359377
2309,2021-12-20 12:34:17.089073664,21.22000000000002,21.0,15.47789224137932,0.099668,230.9915755520001,21.270757415619343
2310,2021-12-20 12:34:17.142452992,21.220000000000017,21.0,15.47103448275863,0.104428,231.04495488000012,21.26859765920327
2311,2021-12-20 12:34:17.227324672,21.24551020408165,21.0,15.3526530612245,0.105028,231.1298265600001,21.266456314975144
2312,2021-12-20 12:34:17.320755968,21.255714285714305,21.0,15.371999999999993,0.100195,231.22325785600012,21.26433292893402
2313,2021-12-20 12:34:17.433127168,21.23020408163267,21.0,15.455510204081643,0.098434,231.33562905600013,21.26222701336111
2314,2021-12-20 12:34:17.538779392,21.245862068965533,21.0,15.449999999999992,0.098998,231.44128128000014,21.260138047838648
2315,2021-12-20 12:34:17.625773568,21.250612244897976,21.0,15.450000000000008,0.095773,231.52827545600013,21.258065480372462
2316,2021-12-20 12:34:17.719386112,21.252894736842123,21.0,15.448421052631579,0.102038,231.62188800000013,21.256008728615395
2317,2021-12-20 12:34:17.857275136,21.235306122448996,21.0,15.440000000000017,0.090056,231.75977702400013,21.253967181188507
2318,2021-12-20 12:34:18.034320896,21.238292682926847,21.0,15.438780487804875,0.098806,231.93682278400013,21.251940199096627
2319,2021-12-20 12:34:18.089048064,21.242077375946188,21.0,15.432666105971407,0.093936,231.99154995200013,21.249927117234492
2320,2021-12-20 12:34:18.143775232,21.245862068965533,21.0,15.426551724137939,0.093385,232.04627712000013,21.24792724597942
2321,2021-12-20 12:34:18.229481728,21.24551020408165,21.0,15.419999999999991,0.096741,232.13198361600013,21.245939872866188
2322,2021-12-20 12:34:18.329591808,21.226923076923097,21.0,15.42,0.095932,232.23209369600013,21.243964264339603
2323,2021-12-20 12:34:18.451387648,21.21020408163267,21.0,15.418979591836727,0.105649,232.35388953600014,21.241999667579826
2324,2021-12-20 12:34:18.547273216,21.22000000000001,21.0,15.410000000000002,0.091168,232.44977510400014,21.240045312395456
2325,2021-12-20 12:34:18.625214976,21.220408163265322,21.0,15.400204081632651,0.093287,232.52771686400013,21.238100413179012
2326,2021-12-20 12:34:18.726773504,21.20348837209304,21.0,15.169999999999996,0.101023,232.62927539200012,21.236164170919267
2327,2021-12-20 12:34:18.856163072,21.220000000000017,21.0,15.399999999999986,0.095306,232.75866496000012,21.23423577526474
2328,2021-12-20 12:34:19.011151360,21.22000000000002,21.0,15.390238095238086,0.101448,232.91365324800012,21.232314406632447
2329,2021-12-20 12:34:19.069821184,21.228522727272747,21.0,15.270119047619037,0.106986,232.9723230720001,21.230399238355847
2330,2021-12-20 12:34:19.128481024,21.237045454545473,21.0,15.149999999999988,0.101001,233.0309829120001,21.228489438865704
2331,2021-12-20 12:34:19.230080000,21.22000000000002,21.0,15.34645833333333,0.09751,233.1325818880001,21.2265841738976
2332,2021-12-20 12:34:19.335450368,21.239230769230787,21.0,15.370000000000001,0.111697,233.23795225600009,21.224682608719643
2333,2021-12-20 12:34:19.459227648,21.200408163265323,21.0,15.55306122448981,0.100243,233.3617295360001,21.222783910373863
2334,2021-12-20 12:34:19.550426112,21.22000000000001,21.0,15.408000000000007,0.10297,233.4529280000001,21.220887249924683
2335,2021-12-20 12:34:19.626366208,21.21020408163267,21.0,15.360000000000012,0.099309,233.5288680960001,21.218991804707834
2336,2021-12-20 12:34:19.722905600,21.207027027027046,21.0,15.36000000000001,0.100148,233.62540748800012,21.217096760573007
2337,2021-12-20 12:34:19.874996992,21.21020408163267,21.0,15.35346938775512,0.0962,233.7774988800001,21.215201314113695
2338,2021-12-20 12:34:20.038997248,21.20545454545456,21.0,15.350000000000009,0.103977,233.94149913600012,21.213304674877573
2339,2021-12-20 12:34:20.089308672,21.223756684491995,21.0,15.344999999999999,0.10301,233.99181056000012,21.211406067550868
2340,2021-12-20 12:34:20.139630336,21.24205882352943,21.0,15.33999999999999,0.096023,234.0421322240001,21.209504734110173
2341,2021-12-20 12:34:20.230627584,21.195000000000018,21.0,15.340000000000002,0.103308,234.13312947200012,21.207599935935328
2342,2021-12-20 12:34:20.324561920,21.220000000000017,21.0,15.333142857142853,0.103192,234.2270638080001,21.205690955877103
2343,2021-12-20 12:34:20.433151232,21.21020408163267,21.0,15.330000000000009,0.100093,234.3356531200001,21.203777100273513
2344,2021-12-20 12:34:20.536741376,21.243437500000017,21.0,15.325624999999999,0.094491,234.4392432640001,21.201857700908757
2345,2021-12-20 12:34:20.626521600,21.211020408163282,21.0,15.409183673469371,0.095398,234.52902348800012,21.199932116909025
2346,2021-12-20 12:34:20.731349248,21.214772727272745,21.0,15.468181818181808,0.102833,234.63385113600012,21.19799973656958
2347,2021-12-20 12:34:20.882193152,21.180000000000017,21.0,15.381874999999988,0.103997,234.78469504000012,21.19605997910775
2348,2021-12-20 12:34:21.021389824,21.21172413793105,21.0,15.540000000000004,0.1018,234.9238917120001,21.19411229633669
2349,2021-12-20 12:34:21.072003072,21.47,21.0,15.31,0.1034,234.9745049600001,21.1921561742551
2350,2021-12-20 12:34:21.126679808,21.20551020408165,21.0,15.309999999999983,0.100683,235.0291816960001,21.19019113454835
2351,2021-12-20 12:34:21.226166528,21.185714285714305,21.0,15.3095238095238,0.09612,235.1286684160001,21.188216735996736
2352,2021-12-20 12:34:21.348143104,21.225869565217412,21.0,15.299999999999994,0.090858,235.2506449920001,21.186232575786928
2353,2021-12-20 12:34:21.505867264,21.183478260869585,21.0,15.314347826086953,0.107273,235.4083691520001,21.184238290723066
2354,2021-12-20 12:34:21.567514368,21.18499494438829,21.0,15.30752275025278,0.101343,235.4700162560001,21.182233558334193
2355,2021-12-20 12:34:21.629161728,21.186511627906995,21.0,15.300697674418604,0.094458,235.5316636160001,21.180218097875137
2356,2021-12-20 12:34:21.730257408,21.151428571428585,21.0,15.515102040816314,0.109458,235.63275929600007,21.178191671218265
2357,2021-12-20 12:34:21.852013056,21.196585365853675,21.0,15.279999999999983,0.095353,235.75451494400008,21.176154083633858
2358,2021-12-20 12:34:22.007282688,21.1857142857143,21.0,15.289795918367341,0.107556,235.90978457600008,21.174105184457286
2359,2021-12-20 12:34:22.095272448,21.22,21.0,15.29,0.096869,235.99777433600008,21.172044867641382
2360,2021-12-20 12:34:22.136762880,21.15513513513515,21.0,15.279999999999985,0.097128,236.03926476800007,21.169973072192843
2361,2021-12-20 12:34:22.231733248,21.14163265306124,21.0,15.271224489795909,0.098833,236.13423513600006,21.167889782491788
2362,2021-12-20 12:34:22.334921216,21.196500000000018,21.0,15.26999999999999,0.098854,236.23742310400004,21.165795028493974
2363,2021-12-20 12:34:22.454141952,21.14163265306124,21.0,15.26183673469387,0.099728,236.35664384000003,21.163688885815496
2364,2021-12-20 12:34:22.548418304,21.200000000000014,21.0,15.259999999999996,0.104625,236.45092019200004,21.16157147570014
2365,2021-12-20 12:34:22.626349824,21.160000000000018,21.0,15.2525,0.108134,236.52885171200003,21.15944296486993
2366,2021-12-20 12:34:22.725504512,21.19073170731709,21.0,15.25,0.091417,236.62800640000003,21.157303565259664
2367,2021-12-20 12:34:22.895479552,21.18081632653063,21.0,15.25,0.101185,236.79798144000003,21.155153533636636
2368,2021-12-20 12:34:23.068220416,21.204516129032275,21.0,15.245806451612907,0.092925,236.97072230400002,21.152993171107024
2369,2021-12-20 12:34:23.110998272,21.212258064516142,21.0,15.352903225806454,0.11399,237.01350016,21.150822822510783
2370,2021-12-20 12:34:23.153776128,21.22000000000001,21.0,15.460000000000003,0.102222,237.056278016,21.148642875707154
2371,2021-12-20 12:34:23.228116992,21.20000000000002,21.0,15.335416666666676,0.092167,237.13061888,21.146453760753218
2372,2021-12-20 12:34:23.318812416,21.192571428571444,21.0,15.302285714285713,0.095781,237.22131430399997,21.144255948978238
2373,2021-12-20 12:34:23.422362624,21.136734693877568,21.0,15.347346938775521,0.093335,237.32486451199998,21.142049951956835
2374,2021-12-20 12:34:23.530569472,21.11714285714287,21.0,15.266000000000009,0.097232,237.43307135999999,21.139836320384326
2375,2021-12-20 12:34:23.626042880,21.11714285714287,21.0,15.450000000000008,0.09116,237.528544768,21.137615642857757
2376,2021-12-20 12:34:23.724392704,21.12634146341465,21.0,15.388292682926831,0.09419,237.62689459199999,21.1353885445665
2377,2021-12-20 12:34:23.854315520,21.15500000000002,21.0,15.220000000000018,0.098921,237.756817408,21.13315568589638
2378,2021-12-20 12:34:24.018305792,21.119534883720945,21.0,15.220000000000017,0.095565,237.92080768,21.130917760951622
2379,2021-12-20 12:34:24.076724224,21.12387000596304,21.0,15.330000000000013,0.101928,237.979226112,21.12867549599898
2380,2021-12-20 12:34:24.135142912,21.128205128205142,21.0,15.440000000000008,0.098359,238.03764479999998,21.126429647838645
2381,2021-12-20 12:34:24.230384640,21.08775510204083,21.0,15.38836734693879,0.104617,238.13288652799997,21.124181002106642
2382,2021-12-20 12:34:24.337736704,21.160000000000018,21.0,15.209999999999999,0.101449,238.24023859199997,21.121930371513532
2383,2021-12-20 12:34:24.468856576,21.035000000000014,21.0,15.242083333333326,0.106114,238.37135846399997,21.1196785940243
2384,2021-12-20 12:34:24.558234368,21.035384615384615,21.0,15.430000000000005,0.09398,238.46073625599996,21.117426530984442
2385,2021-12-20 12:34:24.625785856,21.122040816326546,21.0,15.429999999999987,0.098117,238.52828774399995,21.115175065197242
2386,2021-12-20 12:34:24.724377088,21.100000000000016,21.0,15.419047619047618,0.108198,238.62687897599994,21.11292509895739
2387,2021-12-20 12:34:24.878148096,21.097551020408176,21.0,15.200000000000008,0.10331,238.78064998399995,21.110677552045974
2388,2021-12-20 12:34:25.063824128,21.07846153846155,21.0,15.2,0.104367,238.96632601599995,21.108433359691986
2389,2021-12-20 12:34:25.111128320,21.097802197802203,21.0,15.309999999999999,0.09797,239.01363020799997,21.106193470505396
2390,2021-12-20 12:34:25.158432256,21.117142857142856,21.0,15.419999999999996,0.109902,239.06093414399996,21.103958844386856
2391,2021-12-20 12:34:25.228337408,21.03387755102042,21.0,15.208775510204099,0.102791,239.13083929599995,21.101730450419108
2392,2021-12-20 12:34:25.329674752,21.074883720930245,21.0,15.387906976744182,0.1074,239.23217663999995,21.099509264745084
2393,2021-12-20 12:34:25.429100800,21.092653061224503,21.0,15.419999999999991,0.106154,239.33160268799995,21.097296268437617
2394,2021-12-20 12:34:25.529985280,21.10545454545456,21.0,15.419999999999995,0.096436,239.43248716799994,21.095092445365587
2395,2021-12-20 12:34:25.628355328,21.040000000000013,21.0,15.237916666666683,0.095993,239.53085721599993,21.092898780061372
2396,2021-12-20 12:34:25.727298816,21.078181818181832,21.0,15.352045454545449,0.101222,239.62980070399993,21.090716255594323
2397,2021-12-20 12:34:25.828143104,21.107346938775525,21.0,15.419999999999991,0.095673,239.73064499199992,21.088545851454935
2398,2021-12-20 12:34:25.926221312,21.140000000000015,21.0,15.284358974358979,0.096559,239.82872319999993,21.086388541454276
2399,2021-12-20 12:34:26.058014976,21.136734693877568,21.0,15.190000000000017,0.098304,239.96051686399994,21.08424529164315
2400,2021-12-20 12:34:26.191066112,21.03250000000001,21.0,15.185937500000003,0.10423,240.09356799999995,21.08211705825533
2401,2021-12-20 12:34:26.256354304,21.117142857142856,21.0,15.409999999999998,0.09552,240.15885619199994,21.08000478567923
2402,2021-12-20 12:34:26.325937664,21.07306122448981,21.0,15.404693877551011,0.09878,240.22843955199994,21.077909404462208
2403,2021-12-20 12:34:26.422979840,21.121538461538478,21.0,15.311538461538458,0.097275,240.32548172799994,21.075831829351646
2404,2021-12-20 12:34:26.530804736,21.04857142857144,21.0,15.282653061224481,0.097155,240.43330662399995,21.073772957376786
2405,2021-12-20 12:34:26.636678144,21.067272727272737,21.0,15.399999999999991,0.104532,240.53918003199996,21.0717336659752
2406,2021-12-20 12:34:26.727695616,21.021739130434796,21.0,15.399999999999988,0.101564,240.63019750399997,21.069714811167696
2407,2021-12-20 12:34:26.829304320,21.068695652173925,21.0,15.399999999999988,0.104637,240.73180620799997,21.067717225785355
2408,2021-12-20 12:34:26.940750080,21.050243902439036,21.0,15.399999999999988,0.098919,240.84325196799998,21.065741717752193
2409,2021-12-20 12:34:27.079705344,21.0191836734694,21.0,15.399999999999986,0.107462,240.98220723199998,21.06378906842682
2410,2021-12-20 12:34:27.164758272,20.98,21.0,15.400000000000002,0.108074,241.06726016,21.061860031006354
2411,2021-12-20 12:34:27.227793408,21.068163265306136,21.0,15.399999999999986,0.104172,241.13029529599999,21.059955328995677
2412,2021-12-20 12:34:27.324916224,21.17200000000002,21.0,15.371249999999986,0.103262,241.22741811199998,21.058075654745082
2413,2021-12-20 12:34:27.425478912,21.050000000000015,21.0,15.227499999999997,0.112998,241.32798079999998,21.056221668058996
2414,2021-12-20 12:34:27.531845376,20.99200000000001,21.0,15.399999999999988,0.101007,241.43434726399997,21.05439399487841
2415,2021-12-20 12:34:27.628455168,21.011304347826098,21.0,15.399999999999988,0.100708,241.53095705599998,21.05259322603953
2416,2021-12-20 12:34:27.729550848,21.126086956521757,21.0,15.399999999999988,0.104853,241.63205273599996,21.050819916110925
2417,2021-12-20 12:34:27.827890688,21.05636363636365,21.0,15.399999999999988,0.105113,241.73039257599996,21.049074582311334
2418,2021-12-20 12:34:27.932527104,21.070000000000014,21.0,15.376041666666652,0.096432,241.83502899199996,21.047357703510112
2419,2021-12-20 12:34:28.034548224,21.03250000000001,21.0,15.19875,0.098741,241.93705011199995,21.045669719312166
2420,2021-12-20 12:34:28.161383168,21.024081632653072,21.0,15.399999999999986,0.099845,242.06388505599995,21.04401102922904
2421,2021-12-20 12:34:28.256655360,21.06,21.0,15.380833333333335,0.092626,242.15915724799996,21.042381991937667
2422,2021-12-20 12:34:28.325685248,21.058367346938788,21.0,15.169999999999991,0.094418,242.22818713599995,21.04078292462808
2423,2021-12-20 12:34:28.425161728,21.037142857142868,21.0,15.399999999999988,0.094047,242.32766361599994,21.0392141024413
2424,2021-12-20 12:34:28.526599680,21.01063829787235,21.0,15.389999999999988,0.089904,242.42910156799994,21.037675757998375
2425,2021-12-20 12:34:28.639845888,21.001333333333346,21.0,15.39933333333332,0.100183,242.54234777599993,21.036168081021422
2426,2021-12-20 12:34:28.735339008,21.060000000000013,21.0,15.39999999999999,0.095036,242.63784089599991,21.03469121804723
2427,2021-12-20 12:34:28.831084032,21.043673469387766,21.0,15.399999999999986,0.091113,242.7335859199999,21.033245272233955
2428,2021-12-20 12:34:28.939954688,20.98000000000001,21.0,15.192999999999998,0.09727,242.8424565759999,21.031830303261223
2429,2021-12-20 12:34:29.075952896,20.980000000000008,21.0,15.357755102040802,0.094542,242.9784547839999,21.03044632732367
2430,2021-12-20 12:34:29.164093696,21.03333333333333,21.0,15.39777777777778,0.10472,243.06659558399988,21.02909331721788
2431,2021-12-20 12:34:29.227863040,20.99469387755103,21.0,15.389999999999988,0.099084,243.1303649279999,21.02777120252247
2432,2021-12-20 12:34:29.328345344,21.058139534883733,21.0,15.389999999999988,0.095202,243.2308472319999,21.02647986987078
2433,2021-12-20 12:34:29.427711232,21.00938775510205,21.0,15.389999999999988,0.095213,243.33021311999988,21.025219163315672
2434,2021-12-20 12:34:29.528656128,20.99714285714287,21.0,15.38999999999999,0.099144,243.43115801599987,21.023988884785485
2435,2021-12-20 12:34:29.626935552,21.03387755102042,21.0,15.396326530612228,0.099302,243.52943743999987,21.02278879463022
2436,2021-12-20 12:34:29.726935040,21.02000000000001,21.0,15.399999999999988,0.095425,243.62943692799988,21.021618612256702
2437,2021-12-20 12:34:29.822317824,21.012727272727286,21.0,15.399999999999988,0.088794,243.72481971199988,21.02047801685141
2438,2021-12-20 12:34:29.930001664,21.010000000000012,21.0,15.399999999999986,0.0903,243.83250355199988,21.019366648189447
2439,2021-12-20 12:34:30.045973760,21.01076923076924,21.0,15.39999999999999,0.097922,243.94847564799989,21.018284107527943
2440,2021-12-20 12:34:30.187121664,21.014285714285723,21.0,15.399999999999986,0.090377,244.0896235519999,21.01722995858209
2441,2021-12-20 12:34:30.272184576,20.98,21.0,15.4,0.094504,244.1746864639999,21.016203728581747
2442,2021-12-20 12:34:30.328651776,21.050625000000014,21.0,15.399999999999986,0.085323,244.2311536639999,21.015204909406506
2443,2021-12-20 12:34:30.429757696,20.996363636363647,21.0,15.399999999999988,0.088354,244.3322595839999,21.014232958796914
2444,2021-12-20 12:34:30.533106432,21.015744680851075,21.0,15.399999999999986,0.097093,244.4356083199999,21.013287301639448
2445,2021-12-20 12:34:30.645336832,21.01200000000001,21.0,15.399999999999988,0.100716,244.54783871999987,21.012367331322746
2446,2021-12-20 12:34:30.738345728,21.012432432432444,21.0,15.39999999999999,0.092993,244.64084761599986,21.011472411162362
2447,2021-12-20 12:34:30.832390656,21.028979591836745,21.0,15.399999999999986,0.092203,244.73489254399985,21.01060187589129
2448,2021-12-20 12:34:30.941482752,21.023076923076935,21.0,15.39999999999999,0.09812,244.84398463999986,21.009755033213306
2449,2021-12-20 12:34:31.084652544,20.989795918367356,21.0,15.399999999999986,0.096678,244.98715443199987,21.008931165416172
2450,2021-12-20 12:34:31.181272320,21.003999999999998,21.0,15.400000000000002,0.094716,245.08377420799988,21.00812953104164
2451,2021-12-20 12:34:31.236452096,21.0242105263158,21.0,15.39999999999999,0.087631,245.13895398399987,21.00734936660914
2452,2021-12-20 12:34:31.331573248,21.0191836734694,21.0,15.399999999999986,0.105191,245.23407513599986,21.006589888389843
2453,2021-12-20 12:34:31.432457984,21.009268292682936,21.0,15.399999999999988,0.095534,245.33495987199987,21.005850294227763
2454,2021-12-20 12:34:31.543360512,20.980000000000008,21.0,15.399999999999986,0.102488,245.44586239999987,21.00512976540459
2455,2021-12-20 12:34:31.641277952,21.008235294117657,21.0,15.40205882352941,0.093692,245.54377983999987,21.004427468544783
2456,2021-12-20 12:34:31.731550976,20.99500000000001,21.0,15.409999999999998,0.086515,245.63405286399987,21.003742557557462
2457,2021-12-20 12:34:31.826772736,21.072307692307707,21.0,15.410000000000005,0.090519,245.72927462399986,21.00307417561157
2458,2021-12-20 12:34:31.925625600,20.980000000000008,21.0,15.409999999999998,0.090069,245.82812748799986,21.00242145714069
2459,2021-12-20 12:34:32.029256192,20.98000000000001,21.0,15.410000000000005,0.096202,245.93175807999987,21.001783529873947
2460,2021-12-20 12:34:32.160778240,20.989795918367356,21.0,15.179999999999987,0.090608,246.06328012799986,21.001159516889295
2461,2021-12-20 12:34:32.273481216,20.980000000000008,21.0,15.400416666666672,0.099245,246.17598310399987,21.000548538685603
2462,2021-12-20 12:34:32.343064576,21.01750000000001,21.0,15.399999999999991,0.09948,246.24556646399986,20.9999497152698
2463,2021-12-20 12:34:32.432070144,20.989795918367356,21.0,15.399999999999986,0.095702,246.33457203199987,20.999362168255413
2464,2021-12-20 12:34:32.531657216,21.052558139534895,21.0,15.399999999999988,0.097989,246.43415910399986,20.99878502296884
2465,2021-12-20 12:34:32.632682752,20.980000000000008,21.0,15.399999999999986,0.091415,246.53518463999987,20.998217410559622
2466,2021-12-20 12:34:32.732652032,21.019069767441874,21.0,15.408139534883723,0.08235,246.63515391999988,20.997658470111002
2467,2021-12-20 12:34:32.833697536,21.004489795918378,21.0,15.409999999999998,0.098495,246.7361994239999,20.997107350747104
2468,2021-12-20 12:34:32.937599488,20.998461538461548,21.0,15.410000000000005,0.089345,246.8401013759999,20.996563213733047
2469,2021-12-20 12:34:33.070429184,20.980000000000008,21.0,15.409999999999998,0.098177,246.97293107199988,20.99602523456436
2470,2021-12-20 12:34:33.168537856,20.98,21.0,15.409999999999998,0.09485,247.07103974399988,20.995492605042063
2471,2021-12-20 12:34:33.234610688,20.99714285714287,21.0,15.410000000000004,0.093137,247.13711257599988,20.99496453532984
2472,2021-12-20 12:34:33.333594112,21.03387755102042,21.0,15.409999999999998,0.092563,247.2360959999999,20.994440255989712
2473,2021-12-20 12:34:33.433784832,20.990909090909103,21.0,15.410000000000002,0.097886,247.3362867199999,20.993919019992738
2474,2021-12-20 12:34:33.536359168,20.98000000000001,21.0,15.409999999999998,0.091648,247.4388610559999,20.993400104701184
2475,2021-12-20 12:34:33.633029376,21.009268292682936,21.0,15.410000000000004,0.084729,247.5355312639999,20.992882813818827
2476,2021-12-20 12:34:33.732375040,20.980000000000008,21.0,15.409999999999998,0.093161,247.6348769279999,20.992366479305904
2477,2021-12-20 12:34:33.830845696,21.009268292682936,21.0,15.410000000000004,0.0926,247.7333475839999,20.991850463255428
2478,2021-12-20 12:34:33.933057792,20.980000000000008,21.0,15.409999999999998,0.091802,247.83555967999988,20.991334159727568
2479,2021-12-20 12:34:34.042723328,20.98000000000001,21.0,15.410000000000005,0.091673,247.94522521599987,20.99081699653886
2480,2021-12-20 12:34:34.173209344,20.990000000000013,21.0,15.409999999999998,0.090576,248.07571123199986,20.9902984370031
2481,2021-12-20 12:34:34.260444928,20.979999999999997,21.0,15.409999999999998,0.096151,248.16294681599987,20.98977798162082
2482,2021-12-20 12:34:34.327151360,20.99469387755103,21.0,15.409999999999998,0.097867,248.22965324799986,20.989255169714344
2483,2021-12-20 12:34:34.429182720,20.979545454545466,21.0,15.410000000000002,0.088761,248.33168460799988,20.988729581005483
2484,2021-12-20 12:34:34.531093248,20.980000000000008,21.0,15.409999999999998,0.092755,248.43359513599987,20.988200837132894
2485,2021-12-20 12:34:34.631877120,20.98000000000001,21.0,15.410000000000005,0.088478,248.53437900799986,20.987668603106382
2486,2021-12-20 12:34:34.727390720,21.020000000000014,21.0,15.373333333333347,0.097976,248.62989260799986,20.987132588695385
2487,2021-12-20 12:34:34.827973632,20.962954545454554,21.0,15.200227272727284,0.093554,248.73047551999986,20.986592549748977
2488,2021-12-20 12:34:34.943482880,20.98000000000001,21.0,15.614999999999986,0.087232,248.84598476799985,20.986048289444923
2489,2021-12-20 12:34:35.083504128,20.98000000000001,21.0,15.41,0.092493,248.98600601599986,20.9854996594653
2490,2021-12-20 12:34:35.163970560,21.019999999999996,21.0,15.419999999999996,0.102328,249.06647244799987,20.984946561096315
2491,2021-12-20 12:34:35.230315008,20.980000000000008,21.0,15.419999999999991,0.098096,249.13281689599987,20.984388946250053
2492,2021-12-20 12:34:35.322629888,20.986666666666675,21.0,15.420000000000003,0.094522,249.22513177599987,20.98382681840603
2493,2021-12-20 12:34:35.428060928,20.980000000000008,21.0,15.419999999999991,0.096799,249.33056281599988,20.983260233470514
2494,2021-12-20 12:34:35.545189632,20.998947368421064,21.0,15.420000000000002,0.09413,249.4476915199999,20.982689300551726
2495,2021-12-20 12:34:35.637172480,20.98000000000001,21.0,15.42,0.104443,249.53967436799988,20.98211418264907
2496,2021-12-20 12:34:35.734858496,20.969795918367357,21.0,15.419999999999991,0.101459,249.6373603839999,20.981535097254778
2497,2021-12-20 12:34:35.830553088,20.980000000000008,21.0,15.420000000000002,0.103175,249.7330549759999,20.980952316866404
2498,2021-12-20 12:34:35.929043712,20.95916666666668,21.0,15.419999999999993,0.093346,249.83154559999988,20.980366169408782
2499,2021-12-20 12:34:36.043637760,20.98000000000001,21.0,15.419999999999996,0.095942,249.94613964799987,20.979777038564126
2500,2021-12-20 12:34:36.196161536,20.980000000000008,21.0,15.419999999999991,0.095568,250.09866342399988,20.97918536400916
2501,2021-12-20 12:34:36.298021888,20.979999999999997,21.0,15.419999999999998,0.095073,250.20052377599987,20.97859164155831
2502,2021-12-20 12:34:36.346864896,21.044000000000008,21.0,15.420000000000005,0.097575,250.24936678399987,20.977996423212023
2503,2021-12-20 12:34:36.433688064,20.969795918367357,21.0,15.419999999999991,0.102974,250.33618995199987,20.977400317109613
2504,2021-12-20 12:34:36.531404288,20.98000000000001,21.0,15.42,0.096136,250.43390617599988,20.97680398738604
2505,2021-12-20 12:34:36.639762176,20.980000000000008,21.0,15.419999999999991,0.095283,250.54226406399988,20.976208153932248
2506,2021-12-20 12:34:36.739681024,20.980000000000008,21.0,15.420000000000005,0.093896,250.64218291199987,20.975613592058796
2507,2021-12-20 12:34:36.829471488,20.99469387755103,21.0,15.419999999999991,0.103635,250.73197337599987,20.975021132062786
2508,2021-12-20 12:34:36.933765888,21.00136363636365,21.0,15.4240909090909,0.095316,250.83626777599986,20.97443165869812
2509,2021-12-20 12:34:37.076613632,20.969795918367357,21.0,15.429999999999987,0.107918,250.97911551999985,20.973846110549406
2510,2021-12-20 12:34:37.200652288,20.960769230769237,21.0,15.430000000000005,0.092232,251.10315417599986,20.97326547930988
2511,2021-12-20 12:34:37.258406912,20.98,21.0,15.430000000000005,0.089564,251.16090879999987,20.972690808964014
2512,2021-12-20 12:34:37.329478912,20.969795918367357,21.0,15.429999999999987,0.090978,251.23198079999986,20.972123194875604
2513,2021-12-20 12:34:37.427677696,20.967804878048792,21.0,15.429999999999994,0.089569,251.33017958399986,20.971563782782198
2514,2021-12-20 12:34:37.533279744,20.964693877551028,21.0,15.429999999999987,0.100648,251.43578163199987,20.971013767697
2515,2021-12-20 12:34:37.635874304,20.993055555555564,21.0,15.43,0.09946,251.53837619199987,20.970474392719527
2516,2021-12-20 12:34:37.728370176,20.98000000000001,21.0,15.429999999999987,0.093088,251.63087206399987,20.969946947756473
2517,2021-12-20 12:34:37.826307840,20.96809523809525,21.0,15.402619047619051,0.092347,251.72880972799987,20.969432768154288
2518,2021-12-20 12:34:37.959117312,20.980000000000008,21.0,15.228163265306119,0.098416,251.86161919999986,20.968933233245313
2519,2021-12-20 12:34:38.107768576,20.980000000000008,21.0,15.429999999999998,0.091276,252.01027046399986,20.968449764809293
2520,2021-12-20 12:34:38.172101376,20.98,21.0,15.43,0.087202,252.07460326399985,20.967983825452457
2521,2021-12-20 12:34:38.228417792,20.980000000000008,21.0,15.429999999999987,0.103061,252.13091967999983,20.967536916906333
2522,2021-12-20 12:34:38.327813632,20.997560975609765,21.0,15.429999999999994,0.098065,252.23031551999983,20.96711057824868
2523,2021-12-20 12:34:38.424926464,20.985227272727283,21.0,15.42999999999999,0.093141,252.32742835199983,20.96670638404904
2524,2021-12-20 12:34:38.538142464,20.98000000000001,21.0,15.429999999999987,0.091708,252.44064435199982,20.966325942441642
2525,2021-12-20 12:34:38.637548544,20.954358974358986,22.794871794871796,15.429999999999996,0.097486,252.54005043199982,20.965970893128443
2526,2021-12-20 12:34:38.733776128,20.91877551020409,23.0,17.04469387755101,0.094871,252.6362780159998,20.9656429053153
2527,2021-12-20 12:34:38.833473792,20.973636363636373,23.0,17.306363636363617,0.097179,252.7359756799998,20.965343675584332
2528,2021-12-20 12:34:38.934961920,20.928979591836743,23.0,17.342653061224507,0.097405,252.8374638079998,20.965074925705718
2529,2021-12-20 12:34:39.044677632,20.962558139534895,23.0,17.385348837209293,0.096197,252.9471795199998,20.964838400392228
2530,2021-12-20 12:34:39.173333248,20.99469387755103,23.0,17.419387755102022,0.100481,253.0758351359998,20.964635864999973
2531,2021-12-20 12:34:39.259180544,20.94875,23.0,17.4625,0.10058,253.1616824319998,20.964469103178896
2532,2021-12-20 12:34:39.330312960,20.979591836734702,23.0,17.49775510204081,0.105346,253.2328148479998,20.964339914476643
2533,2021-12-20 12:34:39.430131200,20.955238095238105,23.0,17.67071428571427,0.089155,253.3326330879998,20.964250111899627
2534,2021-12-20 12:34:39.538408704,20.980000000000008,23.0,17.659795918367355,0.101152,253.4409105919998,20.964201519435047
2535,2021-12-20 12:34:39.637744384,20.980000000000008,23.0,17.607741935483865,0.093907,253.5402462719998,20.964195969537823
2536,2021-12-20 12:34:39.727745792,20.980000000000008,23.0,17.66204081632651,0.092357,253.6302476799998,20.964235300586473
2537,2021-12-20 12:34:39.828851712,20.939302325581405,23.0,17.697674418604663,0.100768,253.7313535999998,20.964321354311974
2538,2021-12-20 12:34:39.947790848,20.995319148936183,23.0,17.74042553191489,0.101526,253.8502927359998,20.96445597320378
2539,2021-12-20 12:34:40.093364480,20.9688888888889,23.0,17.867999999999988,0.089672,253.9958663679998,20.964640997897252
2540,2021-12-20 12:34:40.169596160,21.048571428571428,23.0,17.61,0.102081,254.07209804799982,20.964878264546737
2541,2021-12-20 12:34:40.230026240,20.969583333333343,23.0,17.715,0.095387,254.13252812799982,20.965169602188634
2542,2021-12-20 12:34:40.331021568,20.91750000000001,23.0,17.8981818181818,0.09395,254.23352345599983,20.96551683009885
2543,2021-12-20 12:34:40.446440448,20.969795918367357,23.0,18.002653061224507,0.096609,254.34894233599982,20.96592175514911
2544,2021-12-20 12:34:40.560873472,20.952222222222233,23.0,18.18472222222223,0.102425,254.46337535999982,20.966386169166572
2545,2021-12-20 12:34:40.643180288,20.964848484848492,23.0,18.019696969696966,0.092427,254.54568217599981,20.966911846301127
2546,2021-12-20 12:34:40.733272320,20.969795918367357,23.0,18.110612244897965,0.095254,254.63577420799982,20.96750054040502
2547,2021-12-20 12:34:40.828363520,20.953684210526326,23.0,18.275,0.091173,254.73086540799983,20.968153982429236
2548,2021-12-20 12:34:40.928000768,20.949387755102048,23.0,18.168571428571425,0.097676,254.83050265599982,20.968873877841094
2549,2021-12-20 12:34:41.036137472,20.980000000000008,23.0,18.369999999999994,0.094893,254.93863935999983,20.969661904067568
2550,2021-12-20 12:34:41.191024896,20.959591836734702,23.0,18.215102040816333,0.092484,255.09352678399983,20.970519707968695
2551,2021-12-20 12:34:41.318030848,20.980000000000004,23.0,18.259999999999998,0.094781,255.22053273599983,20.971448903345518
2552,2021-12-20 12:34:41.364972800,21.019999999999996,23.0,18.498333333333335,0.092081,255.26747468799982,20.972451068486876
2553,2021-12-20 12:34:41.430241024,20.94875000000001,23.0,18.340000000000007,0.097206,255.33274291199982,20.973527743759373
2554,2021-12-20 12:34:41.527233024,20.95560975609757,23.0,18.603414634146354,0.09997,255.42973491199982,20.974680429244756
2555,2021-12-20 12:34:41.647469824,20.980000000000008,23.0,18.43734693877549,0.107177,255.5499717119998,20.97591058242887
2556,2021-12-20 12:34:41.768772864,21.001176470588245,23.0,18.465294117647073,0.095976,255.6712747519998,20.97721961594626
2557,2021-12-20 12:34:41.847468800,20.980000000000008,23.0,18.509999999999994,0.095048,255.7499706879998,20.978608895384443
2558,2021-12-20 12:34:41.932320512,20.93408163265307,23.0,18.741428571428553,0.091658,255.83482239999978,20.980079737151687
2559,2021-12-20 12:34:42.037278720,20.98000000000001,23.0,18.62534883720931,0.096189,255.93978060799978,20.98163340641216
2560,2021-12-20 12:34:42.165843712,20.980000000000008,23.0,18.628775510204072,0.092886,256.06834559999976,20.983271115092105
2561,2021-12-20 12:34:42.256730368,20.98,23.0,18.648,0.097692,256.15923225599977,20.984994019960602
2562,2021-12-20 12:34:42.329501952,20.99877551020409,23.0,18.708571428571446,0.091264,256.2320038399998,20.986803220788385
2563,2021-12-20 12:34:42.431553280,20.97953488372094,23.0,18.7460465116279,0.092121,256.3340551679998,20.988699758587966
2564,2021-12-20 12:34:42.530939136,20.989795918367356,23.0,18.786122448979572,0.0953,256.4334410239998,20.990684613938246
2565,2021-12-20 12:34:42.630928640,20.98000000000001,23.0,18.82285714285715,0.089523,256.5334305279998,20.992758705396575
2566,2021-12-20 12:34:42.727659008,21.010000000000012,23.0,18.864166666666662,0.088714,256.63016089599984,20.994922888001128
2567,2021-12-20 12:34:42.828754944,21.01818181818183,23.0,18.900909090909078,0.086642,256.7312568319998,20.997177951866203
2568,2021-12-20 12:34:42.946165248,20.990909090909103,23.0,18.944545454545466,0.091161,256.8486671359998,20.999524620872982
2569,2021-12-20 12:34:43.096315392,20.98000000000001,23.0,18.979999999999997,0.096984,256.9988172799998,21.001963551458037
2570,2021-12-20 12:34:43.174096128,20.98,23.0,19.04,0.090694,257.0765980159998,21.004495331501744
2571,2021-12-20 12:34:43.228762880,20.990000000000013,23.0,19.058333333333355,0.087941,257.1312647679998,21.007120479318534
2572,2021-12-20 12:34:43.327183104,20.97952380952382,23.0,19.09333333333333,0.089808,257.2296849919998,21.009839442750653
2573,2021-12-20 12:34:43.429325056,20.99500000000001,23.0,19.140833333333315,0.07854,257.33182694399983,21.01265259836702
2574,2021-12-20 12:34:43.541555456,20.98000000000001,23.0,19.182727272727288,0.085954,257.4440573439998,21.01556025076842
2575,2021-12-20 12:34:43.636867584,20.99800000000001,23.0,19.226999999999997,0.080909,257.5393694719998,21.018562632000226
2576,2021-12-20 12:34:43.734664448,20.99469387755103,23.0,19.263061224489785,0.079862,257.6371663359998,21.02165990107341
2577,2021-12-20 12:34:43.830751232,21.041538461538472,23.0,19.303333333333352,0.080522,257.7332531199998,21.02485214359457
2578,2021-12-20 12:34:43.931142912,21.024081632653072,23.0,19.33979591836735,0.083368,257.8336447999998,21.028139371505304
2579,2021-12-20 12:34:44.041301248,21.04769230769232,23.0,19.380256410256404,0.084008,257.94380313599976,21.03152152293122
2580,2021-12-20 12:34:44.180477696,20.98448979591838,23.0,19.417346938775516,0.080526,258.08297958399976,21.034998462140454
2581,2021-12-20 12:34:44.276071680,21.11090909090909,23.0,19.449999999999996,0.078227,258.17857356799976,21.038569979611484
2582,2021-12-20 12:34:44.335968768,21.044390243902452,23.0,19.46219512195122,0.079526,258.2384706559998,21.042235792209766
2583,2021-12-20 12:34:44.433755392,21.035000000000014,23.0,19.31687499999999,0.070463,258.33625727999976,21.045995543472436
2584,2021-12-20 12:34:44.532919808,21.038536585365865,23.0,19.571951219512208,0.069481,258.43542169599976,21.049848804000245
2585,2021-12-20 12:34:44.640533504,20.99469387755103,23.0,19.61000000000001,0.074968,258.54303539199975,21.053795071955513
2586,2021-12-20 12:34:44.738822912,21.031891891891902,23.0,19.649999999999988,0.074109,258.6413247999998,21.057833773664807
2587,2021-12-20 12:34:44.833079296,21.028979591836745,23.0,19.68918367346941,0.075017,258.7355811839998,21.061964264324786
2588,2021-12-20 12:34:44.940501760,21.06195121951221,23.0,19.51390243902439,0.070412,258.8430036479998,21.06618582880944
2589,2021-12-20 12:34:45.078722560,21.065000000000015,23.0,19.536666666666655,0.075376,258.9812244479998,21.070497682576736
2590,2021-12-20 12:34:45.176478976,21.014285714285712,23.0,19.688571428571432,0.067215,259.0789808639998,21.07489897267248
2591,2021-12-20 12:34:45.238347520,21.084615384615397,23.0,19.840000000000003,0.075923,259.1408494079998,21.07938877882907
2592,2021-12-20 12:34:45.334072320,21.024081632653072,23.0,19.872653061224486,0.072993,259.2365742079998,21.08396611465655
2593,2021-12-20 12:34:45.434665216,21.050909090909105,23.0,19.71159090909093,0.06867,259.33716710399983,21.088629928923226
2594,2021-12-20 12:34:45.539211008,21.028979591836745,23.0,19.89387755102042,0.069022,259.44171289599984,21.09337910692286
2595,2021-12-20 12:34:45.636434432,21.112000000000016,23.0,19.79374999999999,0.071209,259.53893631999983,21.098212471925425
2596,2021-12-20 12:34:45.734060032,21.06326530612246,23.0,19.951836734693863,0.073303,259.63656191999985,21.103128786708126
2597,2021-12-20 12:34:45.830096640,21.121538461538478,23.0,19.87589743589744,0.071763,259.73259852799987,21.108126755163383
2598,2021-12-20 12:34:45.930297088,21.146530612244913,23.0,19.864489795918363,0.066688,259.8327989759999,21.113205023980267
2599,2021-12-20 12:34:46.036884736,21.150526315789488,23.0,19.909473684210518,0.072755,259.9393866239999,21.118362184395764
2600,2021-12-20 12:34:46.173154304,21.136734693877568,23.0,19.93714285714288,0.064521,260.0756561919999,21.123596774012178
2601,2021-12-20 12:34:46.274773248,21.14,23.0,19.949999999999996,0.075723,260.1772751359999,21.12890727867701
2602,2021-12-20 12:34:46.338764032,21.213846153846173,23.0,20.014615384615368,0.072358,260.2412659199999,21.134292134421493
2603,2021-12-20 12:34:46.435464448,21.171020408163283,23.0,20.146734693877526,0.071378,260.33796633599985,21.139749729454007
2604,2021-12-20 12:34:46.534226688,21.19000000000002,23.0,20.190250000000013,0.066377,260.43672857599984,21.145278406204543
2605,2021-12-20 12:34:46.640080128,21.166122448979607,23.0,20.115510204081634,0.074214,260.5425820159998,21.15087646341647
2606,2021-12-20 12:34:46.739707392,21.220526315789492,23.0,20.154210526315776,0.071862,260.6422092799998,21.156542158281816
2607,2021-12-20 12:34:46.834385920,21.170416666666686,23.0,20.254375000000017,0.070149,260.7368878079998,21.162273708616333
2608,2021-12-20 12:34:46.938660096,21.19600000000002,23.0,20.370000000000005,0.061983,260.84116198399977,21.168069295070655
2609,2021-12-20 12:34:47.077524992,21.190612244897977,23.0,20.306122448979593,0.065498,260.98002687999974,21.173927063373906
2610,2021-12-20 12:34:47.181105152,21.190000000000005,23.0,20.509999999999998,0.068087,261.0836070399997,21.17984512660622
2611,2021-12-20 12:34:47.243265280,21.233888888888906,23.0,20.330000000000002,0.068414,261.14576716799974,21.18582156749672
2612,2021-12-20 12:34:47.336203776,21.210612244897977,23.0,20.366530612244905,0.065839,261.2387056639997,21.191854440743448
2613,2021-12-20 12:34:47.434272000,21.22000000000002,23.0,20.403846153846136,0.061504,261.3367738879997,21.197941775351897
2614,2021-12-20 12:34:47.542469120,21.220000000000017,23.0,20.433265306122433,0.065034,261.4449710079997,21.20408157698889
2615,2021-12-20 12:34:47.639471104,21.213437500000015,23.0,20.486250000000016,0.070431,261.54197299199967,21.21027183034858
2616,2021-12-20 12:34:47.729885184,21.220000000000017,23.0,20.726122448979602,0.057022,261.6323870719997,21.216510501527445
2617,2021-12-20 12:34:47.827772160,21.226923076923097,23.0,20.53999999999999,0.070256,261.73027404799967,21.222795540405148
2618,2021-12-20 12:34:47.927620864,21.24081632653063,23.0,20.5791836734694,0.060502,261.8301227519997,21.229124883028195
2619,2021-12-20 12:34:48.030275584,21.2520512820513,23.0,20.608461538461547,0.062236,261.93277747199966,21.235496453993466
2620,2021-12-20 12:34:48.161727488,21.22000000000002,23.0,20.64666666666665,0.056145,262.0642293759997,21.241908168828726
2621,2021-12-20 12:34:48.290211840,21.220000000000017,23.0,20.68225806451614,0.059744,262.19271372799966,21.248357936367167
2622,2021-12-20 12:34:48.358678784,21.233157894736852,23.0,20.72000000000001,0.055092,262.2611806719997,21.254843661113163
2623,2021-12-20 12:34:48.433039616,21.24081632653063,23.0,20.752653061224482,0.057588,262.3355415039997,21.261363245596385
2624,2021-12-20 12:34:48.530122240,21.258000000000017,23.0,20.94849999999999,0.049902,262.4326241279997,21.267914592711495
2625,2021-12-20 12:34:48.634265600,21.220000000000017,23.0,20.876530612244917,0.049923,262.5367674879997,21.274495608040606
2626,2021-12-20 12:34:48.735743488,21.233888888888906,23.0,20.854444444444443,0.046457,262.6382453759997,21.281104202155777
2627,2021-12-20 12:34:48.829527040,21.250612244897976,23.0,20.735306122448964,0.046822,262.7320289279997,21.287738292898748
2628,2021-12-20 12:34:48.931799552,21.24840909090911,23.0,20.82954545454548,0.056168,262.8343014399997,21.29439580763512
2629,2021-12-20 12:34:49.051151360,21.286326530612264,23.0,20.95836734693879,0.052917,262.9536532479997,21.30107468548019
2630,2021-12-20 12:34:49.164679168,21.27303030303032,23.0,20.984545454545458,0.045429,263.0671810559997,21.30777287949374
2631,2021-12-20 12:34:49.245266176,21.352352941176488,23.0,20.85117647058822,0.058413,263.1477680639997,21.31448835884094
2632,2021-12-20 12:34:49.335358208,21.318958333333352,23.0,20.945000000000018,0.048831,263.2378600959997,21.321219110916697
2633,2021-12-20 12:34:49.434140672,21.351250000000018,23.0,21.097250000000003,0.047564,263.3366425599997,21.3279631434306
2634,2021-12-20 12:34:49.546089216,21.271020408163285,23.0,21.122857142857143,0.043464,263.44859110399966,21.334718486449834
2635,2021-12-20 12:34:49.644569856,21.349032258064533,23.0,21.02967741935484,0.044844,263.54707174399965,21.341483194397338
2636,2021-12-20 12:34:49.733233664,21.35265306122451,23.0,21.045510204081648,0.046228,263.63573555199963,21.348255348002606
2637,2021-12-20 12:34:49.829229824,21.351578947368438,23.0,21.141578947368416,0.050892,263.73173171199966,21.355033056202483
2638,2021-12-20 12:34:49.926624256,21.402291666666684,23.0,21.088749999999987,0.049798,263.82912614399964,21.36181445798947
2639,2021-12-20 12:34:50.027760384,21.39307692307694,23.0,21.238974358974353,0.051116,263.93026227199965,21.3685977242051
2640,2021-12-20 12:34:50.160248064,21.408775510204098,23.0,21.08673469387756,0.036693,264.06274995199965,21.375381059275895
2641,2021-12-20 12:34:50.301023744,21.34142857142859,23.0,21.11000000000001,0.044453,264.20352563199964,21.382162702889698
2642,2021-12-20 12:34:50.367951616,21.32,23.0,21.174000000000003,0.048919,264.27045350399965,21.388940931610094
2643,2021-12-20 12:34:50.433099008,21.434285714285732,23.0,21.184285714285704,0.04163,264.3356008959996,21.39571406042691
2644,2021-12-20 12:34:50.530030848,21.457179487179506,23.0,21.21307692307693,0.038986,264.43253273599964,21.402480444240705
2645,2021-12-20 12:34:50.631538944,21.44959183673471,23.0,21.241836734693884,0.045476,264.5340408319996,21.40923847927942
2646,2021-12-20 12:34:50.735501312,21.442972972972992,23.0,21.269999999999992,0.043497,264.6380031999996,21.41598660444545
2647,2021-12-20 12:34:50.830964480,21.454693877551037,23.0,21.529999999999983,0.04181,264.7334663679996,21.42272330259152
2648,2021-12-20 12:34:50.930531584,21.41767441860467,23.0,21.330000000000013,0.035831,264.8330334719996,21.429447101723834
2649,2021-12-20 12:34:51.048535296,21.45936170212768,23.0,21.600000000000016,0.039145,264.95103718399963,21.43615657613119
2650,2021-12-20 12:34:51.193616128,21.47000000000002,23.0,21.41333333333332,0.053124,265.09611801599965,21.442850347438895
2651,2021-12-20 12:34:51.269626368,21.541428571428572,23.0,21.430000000000003,0.041677,265.17212825599967,21.449527085586457
2652,2021-12-20 12:34:51.331464704,21.454693877551037,23.0,21.455714285714297,0.037708,265.23396659199966,21.456185509728147
2653,2021-12-20 12:34:51.428507136,21.46358974358976,23.0,21.48307692307693,0.029652,265.3310090239997,21.46282438905572
2654,2021-12-20 12:34:51.531664896,21.470000000000017,23.0,21.513877551020396,0.040065,265.4341667839997,21.46944254354267
2655,2021-12-20 12:34:51.643140864,21.47000000000002,23.0,21.540999999999986,0.036701,265.54564275199965,21.476038844609686
2656,2021-12-20 12:34:51.736401152,21.488292682926847,23.0,21.575609756097574,0.038626,265.63890303999966,21.48261221571094
2657,2021-12-20 12:34:51.836280064,21.485306122448996,23.0,21.6069387755102,0.034616,265.73878195199967,21.48916163284109
2658,2021-12-20 12:34:51.947433984,21.489230769230787,23.0,21.64461538461537,0.035081,265.84993587199966,21.49568612496299
2659,2021-12-20 12:34:52.085051648,21.470000000000017,23.0,21.66836734693875,0.033684,265.98755353599967,21.502184774356245
2660,2021-12-20 12:34:52.171160576,21.47,23.0,21.680000000000003,0.034892,266.07366246399965,21.508656716886794
2661,2021-12-20 12:34:52.231480064,21.521020408163285,23.0,21.726530612244897,0.039764,266.13398195199966,21.515101142197892
2662,2021-12-20 12:34:52.332072960,21.539767441860484,23.0,21.64232558139534,0.035789,266.2345748479997,21.521517293822935
2663,2021-12-20 12:34:52.434234880,21.50409090909093,23.0,21.671136363636336,0.05224,266.3367367679997,21.52790446922067
2664,2021-12-20 12:34:52.554542080,21.485625000000017,23.0,21.808750000000018,0.032623,266.4570439679997,21.53426201973343
2665,2021-12-20 12:34:52.648456192,21.52645161290324,23.0,21.847096774193556,0.031782,266.5509580799997,21.54058935046912
2666,2021-12-20 12:34:52.735058176,21.531224489795935,23.0,21.87163265306123,0.03453,266.63756006399973,21.54688592010776
2667,2021-12-20 12:34:52.828117248,21.605135135135153,23.0,21.787837837837817,0.043534,266.73061913599975,21.553151240633568
2668,2021-12-20 12:34:52.926527488,21.516875000000017,23.0,21.764375000000005,0.032987,266.82902937599977,21.559384876993548
2669,2021-12-20 12:34:53.031586304,21.553333333333352,23.0,21.957179487179495,0.034453,266.93408819199976,21.56558644668356
2670,2021-12-20 12:34:53.169123328,21.521020408163285,23.0,21.977346938775526,0.034211,267.07162521599975,21.57175561926314
2671,2021-12-20 12:34:53.286221824,21.491739130434794,23.0,22.0,0.028777,267.1887237119997,21.577892115800275
2672,2021-12-20 12:34:53.350856448,21.64592592592594,23.0,22.044814814814817,0.027928,267.25335833599974,21.583995708247485
2673,2021-12-20 12:34:53.435205120,21.612857142857163,23.0,22.07551020408165,0.02691,267.3377070079997,21.59006621875063
2674,2021-12-20 12:34:53.535204608,21.687948717948736,23.0,22.067692307692315,0.03428,267.4377064959997,21.596103518891894
2675,2021-12-20 12:34:53.654676992,21.577142857142874,23.0,21.917551020408155,0.031889,267.5571788799997,21.602107528868657
2676,2021-12-20 12:34:53.750582528,21.53250000000001,23.0,22.16000000000001,0.034594,267.6530844159997,21.60807821660986
2677,2021-12-20 12:34:53.830274304,21.64346938775512,23.0,22.171836734693855,0.032017,267.7327761919997,21.614015596831763
2678,2021-12-20 12:34:53.932386048,21.632790697674437,23.0,21.98000000000001,0.032579,267.8348879359997,21.619919730034926
2679,2021-12-20 12:34:54.049353984,21.65888888888891,23.0,22.240000000000006,0.031806,267.95185587199967,21.625790721444535
2680,2021-12-20 12:34:54.196456192,21.629574468085128,23.0,22.044255319148924,0.028456,268.09895807999965,21.63162871989612
2681,2021-12-20 12:34:54.273281536,21.72,23.0,22.07,0.030721,268.17578342399963,21.637433916669004
2682,2021-12-20 12:34:54.331237376,21.689387755102057,23.0,22.087959183673473,0.022957,268.2337392639996,21.643206544269773
2683,2021-12-20 12:34:54.427444736,21.604615384615403,23.0,22.115384615384617,0.027678,268.3299466239996,21.64894687516841
2684,2021-12-20 12:34:54.528862464,21.71489795918369,23.0,22.13714285714285,0.026076,268.4313643519996,21.65465522048964
2685,2021-12-20 12:34:54.643597312,21.702558139534904,23.0,22.163720930232543,0.020474,268.5460991999996,21.660331928662323
2686,2021-12-20 12:34:54.738849280,21.707500000000017,23.0,22.18900000000002,0.024887,268.64135116799963,21.665977384029706
2687,2021-12-20 12:34:54.836656128,21.709795918367366,23.0,22.21204081632655,0.023056,268.73915801599964,21.671592005423566
2688,2021-12-20 12:34:54.948343296,21.70125000000002,23.0,22.24625,0.015417,268.85084518399964,21.677176244705354
2689,2021-12-20 12:34:55.088364544,21.694489795918386,23.0,22.26346938775509,0.021306,268.9908664319996,21.682730585277504
2690,2021-12-20 12:34:55.175117312,21.72,23.0,22.27,0.02056,269.0776191999996,21.688255540568278
2691,2021-12-20 12:34:55.233465344,21.70913043478263,23.0,22.313043478260898,0.013744,269.13596723199964,21.693751652493614
2692,2021-12-20 12:34:55.336542720,21.69826086956524,23.0,22.33695652173914,0.013314,269.23904460799963,21.699219489899356
2693,2021-12-20 12:34:55.435435776,21.72000000000002,23.0,22.363000000000003,0.021836,269.33793766399964,21.704659646987448
2694,2021-12-20 12:34:55.545956096,21.735306122448996,23.0,22.385306122448977,0.022905,269.4484579839996,21.710072741729668
2695,2021-12-20 12:34:55.643782912,21.720000000000017,23.0,22.41971428571427,0.019061,269.5462847999996,21.715459414272477
2696,2021-12-20 12:34:55.735464192,21.720000000000017,23.0,22.438979591836752,0.017951,269.6379660799996,21.72082032533667
2697,2021-12-20 12:34:55.831168768,21.707179487179506,23.0,22.583333333333343,0.016595,269.7336706559996,21.726156154615392
2698,2021-12-20 12:34:55.930283264,21.699166666666684,23.0,22.631250000000005,0.027726,269.83278515199964,21.731467599174128
2699,2021-12-20 12:34:56.036237056,21.72000000000002,23.0,22.51199999999999,0.020481,269.9387389439996,21.736755371856212
2700,2021-12-20 12:34:56.175041536,21.720000000000017,23.0,22.53918367346936,0.023952,270.0775434239996,21.742020199697343
2701,2021-12-20 12:34:56.284133632,21.72000000000001,23.0,22.56,0.021542,270.1866355199996,21.747262822352518
2702,2021-12-20 12:34:56.346897152,21.743437500000017,23.0,22.59125,0.011772,270.24939903999956,21.75248399053861
2703,2021-12-20 12:34:56.435460352,21.720000000000017,23.0,22.616122448979606,0.01623,270.33796223999957,21.757684464495835
2704,2021-12-20 12:34:56.528419072,21.727142857142876,23.0,22.644571428571414,0.020059,270.4309209599996,21.762865012471128
2705,2021-12-20 12:34:56.632793856,21.720000000000017,23.0,22.663673469387756,0.024652,270.5352957439996,21.768026409226334
2706,2021-12-20 12:34:56.738496512,21.720000000000017,23.0,22.69270270270272,0.019824,270.6409983999996,21.773169434573877
2707,2021-12-20 12:34:56.833758464,21.69959183673471,23.0,22.71183673469389,0.023305,270.7362603519996,21.77829487194255
2708,2021-12-20 12:34:56.938907648,21.737441860465136,23.0,22.740930232558146,0.020073,270.8414095359996,21.78340350697569
2709,2021-12-20 12:34:57.087388160,21.76081632653063,23.0,22.759999999999994,0.026288,270.9898900479996,21.78849612616396
2710,2021-12-20 12:34:57.215460352,21.720000000000013,23.0,22.790000000000006,0.026346,271.1179622399996,21.79357351551465
2711,2021-12-20 12:34:57.267994624,21.856363636363636,23.0,22.81,0.021117,271.1704965119996,21.79863645925937
2712,2021-12-20 12:34:57.333926656,21.77612244897961,23.0,22.837551020408164,0.020746,271.2364285439996,21.803685738601583
2713,2021-12-20 12:34:57.431482112,21.83875000000002,23.0,22.656249999999996,0.014541,271.3339839999996,21.808722130505373
2714,2021-12-20 12:34:57.536460288,21.771020408163285,23.0,22.852857142857143,0.016945,271.43896217599956,21.813746406526587
2715,2021-12-20 12:34:57.640774656,21.784285714285733,23.0,22.905428571428565,0.022001,271.5432765439996,21.818759331687318
2716,2021-12-20 12:34:57.733552384,21.805106382978742,23.0,22.93553191489364,0.028832,271.63605427199957,21.82376166339448
2717,2021-12-20 12:34:57.834638080,21.84222222222224,23.0,22.781333333333347,0.021786,271.73713996799955,21.828754150403064
2718,2021-12-20 12:34:57.951062784,21.789767441860484,23.0,22.746744186046513,0.019933,271.85356467199955,21.833737531824493
2719,2021-12-20 12:34:58.100186880,21.80673469387757,23.0,22.930408163265298,0.025537,272.00268876799953,21.838712536180395
2720,2021-12-20 12:34:58.165736704,21.83989795918369,23.0,22.911632653061226,0.018598,272.06823859199955,21.843679880501778
2721,2021-12-20 12:34:58.231286528,21.873061224489813,23.0,22.892857142857157,0.020973,272.13378841599956,21.84864026947358
2722,2021-12-20 12:34:58.333378048,21.85953488372095,23.0,22.965116279069782,0.024843,272.23587993599955,21.85359439462446
2723,2021-12-20 12:34:58.434856192,21.847777777777797,23.0,22.94933333333333,0.024289,272.33735807999955,21.858542933561456
2724,2021-12-20 12:34:58.549651456,21.77851063829789,23.0,23.00276595744681,0.023309,272.45215334399956,21.863486549249124
2725,2021-12-20 12:34:58.644380160,21.941428571428588,23.0,22.972857142857137,0.020387,272.54688204799953,21.86842588933256
2726,2021-12-20 12:34:58.736675072,21.924081632653078,23.0,22.92408163265309,0.019141,272.63917695999953,21.87336158550378
2727,2021-12-20 12:34:58.832802048,21.867435897435914,23.0,23.086666666666684,0.022364,272.7353039359995,21.87829425291074
2728,2021-12-20 12:34:58.933314560,21.85265306122451,23.0,23.208163265306133,0.019493,272.83581644799955,21.883224489608242
2729,2021-12-20 12:34:59.039479808,21.926250000000017,23.0,23.22900000000001,0.014103,272.9419816959996,21.88815287604993
2730,2021-12-20 12:34:59.166284544,21.929183673469407,23.0,23.171428571428567,0.010927,273.06878643199957,21.893079974620587
2731,2021-12-20 12:34:59.258780416,21.920000000000005,23.0,23.029999999999994,0.011178,273.16128230399954,21.898006329207927
2732,2021-12-20 12:34:59.332004864,21.929183673469407,23.0,23.065306122448966,0.013405,273.23450675199956,21.902932464812984
2733,2021-12-20 12:34:59.433613568,21.91767441860467,23.0,23.08279069767443,0.022062,273.33611545599956,21.907858887198262
2734,2021-12-20 12:34:59.535775488,21.97000000000002,23.0,23.104545454545466,0.014289,273.4382773759996,21.912786082572868
2735,2021-12-20 12:34:59.655036672,21.938750000000017,23.0,23.12333333333334,0.007531,273.55753855999956,21.917714517313815
2736,2021-12-20 12:34:59.748800000,21.970000000000017,23.0,23.143870967741922,0.018356,273.6513018879996,21.922644637722776
2737,2021-12-20 12:34:59.836286976,21.954693877551037,23.0,23.162040816326527,0.021988,273.73878886399956,21.92757686981751
2738,2021-12-20 12:34:59.942532608,21.94674418604653,23.0,23.19813953488371,0.013517,273.8450344959996,21.93251161915729
2739,2021-12-20 12:35:00.072153600,22.000612244897976,23.0,23.431020408163295,0.010114,273.9746554879996,21.937449270701713
2740,2021-12-20 12:35:00.161692416,21.970000000000002,23.0,23.220000000000002,0.014291,274.0641943039996,21.942390188702355
2741,2021-12-20 12:35:00.231044352,21.959583333333352,23.0,23.25,0.010571,274.1335462399996,21.94733471662665
2742,2021-12-20 12:35:00.329937408,21.958095238095257,23.0,23.26904761904761,0.014624,274.2324392959996,21.952283177113586
2743,2021-12-20 12:35:00.433145344,21.975319148936187,23.0,23.289148936170196,0.013592,274.3356472319996,21.957235871960755
2744,2021-12-20 12:35:00.549399040,21.97000000000002,23.0,23.30777777777775,0.014777,274.4519009279996,21.962193082142353
2745,2021-12-20 12:35:00.643272960,21.970000000000017,23.0,23.33000000000001,0.009403,274.5457748479996,21.967155067857746
2746,2021-12-20 12:35:00.736221696,21.94959183673471,23.0,23.346734693877554,0.01815,274.6387235839996,21.97212206861031
2747,2021-12-20 12:35:00.832751104,21.957500000000017,23.0,23.366500000000002,0.015374,274.7352529919996,21.977094303316164
2748,2021-12-20 12:35:00.933032192,21.98020408163267,23.0,23.385102040816328,0.012982,274.83553407999955,21.98207197044243
2749,2021-12-20 12:35:01.042214656,21.988750000000017,23.0,23.404999999999994,0.021956,274.94471654399956,21.98705524817475
2750,2021-12-20 12:35:01.182678784,21.98020408163267,23.0,23.423877551020393,0.010249,275.0851806719996,21.992044294613656
2751,2021-12-20 12:35:01.281813248,21.970000000000002,23.0,23.430000000000003,0.01195,275.18431513599955,21.997039247999368
2752,2021-12-20 12:35:01.342766336,22.054102564102582,23.0,23.465897435897457,0.010664,275.2452682239996,22.002040226964724
2753,2021-12-20 12:35:01.438360320,22.016875000000017,23.0,23.481666666666673,0.015161,275.3408622079996,22.007047330815674
2754,2021-12-20 12:35:01.535040512,21.98282051282053,23.0,23.50384615384615,0.016373,275.4375423999996,22.012060639838875
2755,2021-12-20 12:35:01.640582144,21.970000000000017,23.0,23.520204081632638,0.007931,275.54308403199957,22.017080215635822
2756,2021-12-20 12:35:01.741195008,22.002894736842123,23.0,23.54894736842103,0.016742,275.6436968959996,22.02210610148286
2757,2021-12-20 12:35:01.836477184,22.031224489795935,23.0,23.568979591836733,0.018166,275.7389790719996,22.027138322716386
2758,2021-12-20 12:35:01.940449792,22.02625000000002,23.0,23.590500000000006,0.020806,275.8429516799996,22.03217688714243
2759,2021-12-20 12:35:02.075019520,21.980416666666684,23.0,23.607499999999998,0.018209,275.9775214079996,22.037221785469725
2760,2021-12-20 12:35:02.178378496,21.997777777777785,23.0,23.62,0.025926,276.08088038399956,22.042272991765316
2761,2021-12-20 12:35:02.243646720,21.970000000000017,23.0,23.648333333333316,0.016637,276.1461486079996,22.047330463931598
2762,2021-12-20 12:35:02.337530624,22.036326530612264,23.0,23.66571428571428,0.020637,276.2400325119996,22.052394144203685
2763,2021-12-20 12:35:02.436313088,22.038750000000018,23.0,23.686000000000007,0.01807,276.3388149759996,22.05746395966573
2764,2021-12-20 12:35:02.541925120,21.970000000000017,23.0,23.704489795918384,0.010155,276.4444270079996,22.062539822784863
2765,2021-12-20 12:35:02.641159936,22.0510810810811,23.0,23.724864864864877,0.0141,276.54366182399957,22.06762163196123
2766,2021-12-20 12:35:02.736210944,22.123061224489813,23.0,23.708571428571435,0.005252,276.63871283199956,22.072709272092485
2767,2021-12-20 12:35:02.832076288,22.1213157894737,23.0,23.561052631578935,0.020255,276.73457817599956,22.07780261515106
2768,2021-12-20 12:35:02.931643392,22.10265306122451,23.0,23.781632653061205,0.021465,276.8341452799996,22.082901520772477
2769,2021-12-20 12:35:03.037315584,22.12000000000002,23.0,23.80149999999999,0.012271,276.93981747199956,22.08800583685281
2770,2021-12-20 12:35:03.171623936,22.05673469387757,23.0,23.820408163265316,0.011623,277.07412582399957,22.093115400153344
2771,2021-12-20 12:35:03.286720768,22.022083333333345,23.0,23.839999999999993,0.008821,277.1892226559996,22.098230036910486
2772,2021-12-20 12:35:03.351435776,22.12740740740742,23.0,23.62,0.012407,277.2539376639996,22.10334956344883
2773,2021-12-20 12:35:03.434537472,22.128163265306142,23.0,23.638775510204084,0.00692,277.3370393599996,22.108473786795404
2774,2021-12-20 12:35:03.533370112,22.134634146341483,23.0,23.658048780487796,0.009062,277.4358719999996,22.113602505292928
2775,2021-12-20 12:35:03.641003776,22.036326530612264,23.0,23.879387755102044,0.010802,277.5435056639996,22.118735509209966
2776,2021-12-20 12:35:03.742109696,22.122777777777795,23.0,23.926111111111094,0.007078,277.6446115839996,22.12387258134583
2777,2021-12-20 12:35:03.835128576,22.100208333333352,23.0,23.94625000000002,0.005018,277.7376304639996,22.129013497628083
2778,2021-12-20 12:35:03.931577600,22.16078947368423,23.0,23.793684210526326,0.008388,277.8340794879996,22.134158027700515
2779,2021-12-20 12:35:04.060494592,22.133265306122468,23.0,23.921020408163272,0.015901,277.96299647999956,22.13930593549943
2780,2021-12-20 12:35:04.188868352,22.171612903225824,23.0,23.863870967741935,0.020871,278.09137023999955,22.14445697981616
2781,2021-12-20 12:35:04.259195904,22.196190476190488,23.0,23.77999999999999,0.007151,278.16169779199953,22.149610914843727
2782,2021-12-20 12:35:04.336876032,22.189387755102057,23.0,23.793061224489772,0.012053,278.2393779199995,22.1547674907057
2783,2021-12-20 12:35:04.435507456,22.207179487179506,23.0,23.810256410256436,0.004404,278.33800934399954,22.159926453965245
2784,2021-12-20 12:35:04.552545792,22.153673469387773,23.0,23.82571428571429,0.005984,278.45504767999955,22.16508754811249
2785,2021-12-20 12:35:04.656387584,22.162307692307706,23.0,23.832307692307687,0.005178,278.5588894719996,22.170250514028456
2786,2021-12-20 12:35:04.736924160,22.19674418604653,23.0,23.855813953488383,0.002166,278.63942604799956,22.17541509042381
2787,2021-12-20 12:35:04.837517056,22.189387755102057,23.0,23.869387755102057,0.004887,278.7400189439996,22.180581014250894
2788,2021-12-20 12:35:04.951708672,22.22000000000002,23.0,23.885499999999993,0.002507,278.8542105599996,22.185748021087523
2789,2021-12-20 12:35:05.090985728,22.199166666666684,23.0,23.992916666666662,6e-05,278.99348761599964,22.190915845491183
2790,2021-12-20 12:35:05.174198016,22.22,23.0,24.104,0.00225,279.07669990399967,22.196084221322398
2791,2021-12-20 12:35:05.232938496,22.209795918367366,23.0,23.92653061224491,0.0016,279.13544038399965,22.201252882036144
2792,2021-12-20 12:35:05.333993984,22.22000000000002,23.0,23.944186046511653,-0.00093,279.23649587199964,22.206421560940317
2793,2021-12-20 12:35:05.435703296,22.241224489795936,23.0,23.965306122448993,-0.000172,279.33820518399966,22.211589991420333
2794,2021-12-20 12:35:05.540701696,22.238571428571447,23.0,23.981190476190488,0.002301,279.44320358399966,22.21675790712911
2795,2021-12-20 12:35:05.634837248,22.244186046511647,23.0,23.994186046511633,0.000726,279.5373391359997,22.2219250421419
2796,2021-12-20 12:35:05.737462016,22.236326530612263,23.0,24.01163265306122,-0.00353,279.63996390399967,22.22709113107542
2797,2021-12-20 12:35:05.834222592,22.22000000000002,23.0,24.023076923076907,0.000698,279.7367244799997,22.232255909170988
2798,2021-12-20 12:35:05.934292480,22.235918367346954,23.0,24.01653061224488,0.003613,279.8367943679997,22.237419112341414
2799,2021-12-20 12:35:06.048544512,22.23902439024392,23.0,23.829024390243884,-0.001204,279.9510463999997,22.242580477181516
2800,2021-12-20 12:35:06.189058816,22.235918367346954,23.0,24.070408163265316,0.001195,280.09156070399973,22.247739740942365
2801,2021-12-20 12:35:06.275167744,22.22,23.0,24.08,-0.001854,280.1776696319997,22.252896641469345
2802,2021-12-20 12:35:06.333566208,22.297446808510653,23.0,24.09,0.000689,280.2360680959997,22.2580509171043
2803,2021-12-20 12:35:06.434651904,22.254666666666687,23.0,24.10911111111112,0.002553,280.3371537919997,22.263202306552046
2804,2021-12-20 12:35:06.534741760,22.249545454545473,23.0,24.13,-0.004635,280.4372436479997,22.268350548711755
2805,2021-12-20 12:35:06.645453312,22.220000000000017,23.0,24.138958333333335,0.006789,280.5479551999997,22.273495382473758
2806,2021-12-20 12:35:06.743079168,22.268421052631595,23.0,24.159999999999993,-0.001016,280.6455810559997,22.27863654648238
2807,2021-12-20 12:35:06.839618560,22.304897959183688,23.0,24.16836734693877,0.002366,280.7421204479997,22.28377377886557
2808,2021-12-20 12:35:06.946417408,22.286666666666683,23.0,24.187435897435922,0.011379,280.8489192959997,22.288906816932098
2809,2021-12-20 12:35:07.077366016,22.257142857142874,23.0,24.197551020408188,-0.00411,280.97986790399966,22.294035396837288
2810,2021-12-20 12:35:07.166422272,22.267272727272726,23.0,24.20363636363636,0.007804,281.06892415999965,22.299159253218264
2811,2021-12-20 12:35:07.233138688,22.28897959183675,23.0,24.226938775510217,0.007075,281.1356405759997,22.304278118799814
2812,2021-12-20 12:35:07.332041984,22.346829268292698,23.0,24.24219512195122,0.000826,281.2345438719997,22.309391723972002
2813,2021-12-20 12:35:07.433841664,22.333043478260887,23.0,24.256739130434777,-0.00325,281.3363435519997,22.3144997963408
2814,2021-12-20 12:35:07.552107008,22.248260869565236,23.0,24.271739130434767,-0.0035,281.4546088959997,22.319602060253022
2815,2021-12-20 12:35:07.646282752,22.342352941176483,23.0,24.09735294117646,-0.003561,281.54878463999967,22.324698236297042
2816,2021-12-20 12:35:07.737481216,22.31020408163267,23.0,24.187959183673442,-0.005173,281.63998310399967,22.329788040780823
2817,2021-12-20 12:35:07.834332416,22.42800000000001,23.0,24.316000000000024,0.006701,281.7368343039997,22.334871185188874
2818,2021-12-20 12:35:07.934533120,22.37387755102042,23.0,24.21204081632653,0.002242,281.83703500799965,22.33994737561981
2819,2021-12-20 12:35:08.041533184,22.389000000000014,23.0,24.100500000000004,-0.003555,281.9440350719996,22.345016312206404
2820,2021-12-20 12:35:08.175599872,22.350000000000012,23.0,24.20895833333333,0.005178,282.07810175999964,22.350077688519992
2821,2021-12-20 12:35:08.274764544,22.333750000000002,23.0,24.360000000000007,0.004493,282.1772664319996,22.355131190961348
2822,2021-12-20 12:35:08.341068800,22.44100000000001,23.0,24.28199999999999,0.00322,282.24357068799964,22.3601764981401
2823,2021-12-20 12:35:08.439358208,22.36326530612246,23.0,24.221428571428568,0.004949,282.34186009599966,22.36521328024499
2824,2021-12-20 12:35:08.539820544,22.42800000000001,23.0,24.32524999999998,0.010439,282.4423224319997,22.370241198407346
2825,2021-12-20 12:35:08.649164032,22.28897959183675,23.0,24.22836734693877,0.005393,282.55166591999966,22.375259904060158
2826,2021-12-20 12:35:08.745271040,22.401212121212133,23.0,24.367272727272738,0.000245,282.64777292799965,22.380269038295445
2827,2021-12-20 12:35:08.835081472,22.368571428571443,23.0,24.237142857142878,-0.000688,282.73758335999963,22.385268231222494
2828,2021-12-20 12:35:08.940713472,22.39727272727274,23.0,24.42727272727274,0.003508,282.84321535999965,22.390257101329706
2829,2021-12-20 12:35:09.066432000,22.38448979591838,23.0,24.221632653061242,-0.000961,282.96893388799964,22.395235254852874
2830,2021-12-20 12:35:09.158274048,22.393333333333334,23.0,24.24166666666667,0.001431,283.06077593599963,22.40020228515277
2831,2021-12-20 12:35:09.233640960,22.421632653061234,23.0,24.255102040816325,-0.000548,283.1361428479996,22.405157772105007
2832,2021-12-20 12:35:09.331920384,22.421500000000012,23.0,24.5,0.0046,283.2344222719996,22.4101012815052
2833,2021-12-20 12:35:09.431618048,22.40808510638299,23.0,24.269999999999985,0.002955,283.33411993599964,22.415032364492443
2834,2021-12-20 12:35:09.544844288,22.445333333333345,23.0,24.28866666666665,-5.2e-05,283.44734617599966,22.419950556994248
2835,2021-12-20 12:35:09.642288896,22.45400000000001,23.0,24.299999999999983,0.004696,283.54479078399964,22.424855379196057
2836,2021-12-20 12:35:09.741071360,22.426938775510216,23.0,24.30877551020405,0.010682,283.64357324799965,22.42974633503853
2837,2021-12-20 12:35:09.840517376,22.413488372093035,23.0,24.31930232558142,0.004296,283.74301926399966,22.434622911745805
2838,2021-12-20 12:35:09.939863040,22.42041666666668,23.0,24.328125000000004,0.001742,283.84236492799965,22.439484579387937
2839,2021-12-20 12:35:10.051107840,22.47409090909092,23.0,24.338636363636372,-0.006076,283.95360972799966,22.444330790480763
2840,2021-12-20 12:35:10.185677568,22.453469387755113,23.0,24.34734693877551,-0.004843,284.08817945599964,22.449160979626434
2841,2021-12-20 12:35:10.268819456,22.57454545454545,23.0,24.357272727272733,-0.001675,284.17132134399964,22.453974563197885
2842,2021-12-20 12:35:10.334670848,22.511836734693887,23.0,24.366734693877543,-0.009624,284.23717273599965,22.458770939070444
2843,2021-12-20 12:35:10.427448576,22.480000000000008,23.0,24.37514285714286,-0.014624,284.32995046399964,22.463549486403807
2844,2021-12-20 12:35:10.525667584,22.474583333333342,23.0,24.386041666666674,-0.007587,284.42816947199964,22.468309565477494
2845,2021-12-20 12:35:10.644455936,22.462272727272737,23.0,24.395227272727265,-0.008385,284.54695782399966,22.473050517582944
2846,2021-12-20 12:35:10.742393600,22.48000000000001,23.0,24.406666666666656,-0.012169,284.6448954879997,22.47777166497535
2847,2021-12-20 12:35:10.840522240,22.495918367346952,23.0,24.415102040816326,-0.004211,284.7430241279997,22.482472310888188
2848,2021-12-20 12:35:10.952168960,22.493000000000013,23.0,24.42574999999998,-0.010041,284.8546708479997,22.48715173961335
2849,2021-12-20 12:35:11.091576832,22.480000000000008,23.0,24.434489795918385,-0.014068,284.9940787199997,22.491809216649713
2850,2021-12-20 12:35:11.179586816,22.479999999999997,23.0,24.44,-0.006453,285.0820887039997,22.49644398892279
2851,2021-12-20 12:35:11.236738048,22.48000000000001,23.0,24.454090909090926,-0.012528,285.13923993599974,22.501055285077975
2852,2021-12-20 12:35:11.338829568,22.480000000000008,23.0,24.463125000000016,-0.008441,285.2413314559997,22.50564231584981
2853,2021-12-20 12:35:11.437903616,22.493000000000013,23.0,24.473750000000017,-0.010868,285.3404055039997,22.510204274509324
2854,2021-12-20 12:35:11.545024512,22.480000000000008,23.0,24.4826530612245,-0.010274,285.44752639999973,22.514740337391547
2855,2021-12-20 12:35:11.644058368,22.53473684210527,23.0,24.493157894736846,0.001123,285.54656025599974,22.519249664504798
2856,2021-12-20 12:35:11.737932288,22.507083333333345,23.0,24.501875,-0.005199,285.64043417599976,22.523731400223326
2857,2021-12-20 12:35:11.834210048,22.518048780487813,23.0,24.4651219512195,-0.004738,285.7367119359998,22.528184674064526
2858,2021-12-20 12:35:11.934551552,22.52244897959185,23.0,24.310612244897943,-0.005165,285.8370534399998,22.532608601551665
2859,2021-12-20 12:35:12.044498688,22.518048780487817,23.0,24.5312195121951,-0.004257,285.9470005759998,22.53700228516282
2860,2021-12-20 12:35:12.188654080,22.480000000000008,23.0,24.54061224489794,-0.008166,286.09115596799984,22.541364815366432
2861,2021-12-20 12:35:12.289478144,22.479999999999997,23.0,24.550000000000008,-0.00967,286.19198003199983,22.545695271743494
2862,2021-12-20 12:35:12.346347776,22.53200000000001,23.0,24.559999999999977,-0.006416,286.2488496639998,22.549992724196116
2863,2021-12-20 12:35:12.438652672,22.52244897959185,23.0,24.569795918367358,-0.004478,286.3411545599998,22.554256234241894
2864,2021-12-20 12:35:12.538561536,22.54651162790699,23.0,24.341162790697688,-0.004192,286.44106342399976,22.55848485639311
2865,2021-12-20 12:35:12.641276672,22.495918367346945,23.0,24.56877551020408,-0.007146,286.54377855999974,22.56267763961946
2866,2021-12-20 12:35:12.739636736,22.499024390243914,23.0,24.37926829268294,-0.015982,286.64213862399976,22.566833628892635
2867,2021-12-20 12:35:12.837654784,22.59142857142858,23.0,24.57285714285714,-0.016679,286.7401566719997,22.57095186681081
2868,2021-12-20 12:35:12.943357184,22.55800000000001,23.0,24.61000000000001,-0.011342,286.8458590719997,22.575031395300563
2869,2021-12-20 12:35:13.079918592,22.51714285714287,23.0,24.617755102040803,-0.01221,286.9824204799997,22.579071257393565
2870,2021-12-20 12:35:13.176337152,22.560000000000002,23.0,24.62076923076923,-0.007502,287.0788390399997,22.583070499074815
2871,2021-12-20 12:35:13.240036352,22.523333333333344,23.0,24.63833333333333,-0.004726,287.1425382399997,22.58702817119902
2872,2021-12-20 12:35:13.340045824,22.60204081632654,23.0,24.480408163265306,-0.008484,287.2425477119997,22.590943331471305
2873,2021-12-20 12:35:13.440779520,22.546666666666678,23.0,24.615128205128197,-0.005558,287.3432814079997,22.59481504648806
2874,2021-12-20 12:35:13.551118848,22.512500000000014,23.0,24.666249999999994,-0.014426,287.4536207359997,22.598642393833433
2875,2021-12-20 12:35:13.648352512,22.606060606060616,23.0,24.678181818181802,-0.007987,287.5508543999997,22.60242446422668
2876,2021-12-20 12:35:13.738645504,22.59142857142858,23.0,24.547755102040846,-0.00665,287.6411473919997,22.606160363715155
2877,2021-12-20 12:35:13.834953728,22.606666666666676,23.0,24.445897435897457,-0.008444,287.7374556159997,22.609849215907612
2878,2021-12-20 12:35:13.933907200,22.59142857142858,23.0,24.45489795918369,-0.010438,287.8364090879997,22.61349016424206
2879,2021-12-20 12:35:14.036843520,22.65333333333334,23.0,24.581794871794884,-0.014381,287.9393454079997,22.61708237428224
2880,2021-12-20 12:35:14.168979200,22.588333333333342,23.0,24.610000000000014,-0.011519,288.0714810879997,22.620625036036525
2881,2021-12-20 12:35:14.284900864,22.532000000000007,23.0,24.470000000000013,-0.010027,288.1874027519997,22.624117366292808
2882,2021-12-20 12:35:14.353619200,22.650344827586217,23.0,24.579310344827597,-0.001271,288.2561210879997,22.627558610962815
2883,2021-12-20 12:35:14.438913280,22.62326530612246,23.0,24.559591836734704,-0.00581,288.3414151679997,22.63094804742897
2884,2021-12-20 12:35:14.536649728,22.681500000000007,23.0,24.656000000000002,-0.013255,288.43915161599966,22.634284986886957
2885,2021-12-20 12:35:14.642865152,22.60734693877552,23.0,24.56122448979592,-0.012869,288.5453670399997,22.637568776676932
2886,2021-12-20 12:35:14.743236864,22.62444444444445,23.0,24.68333333333333,-0.007267,288.6457387519997,22.640798802596173
2887,2021-12-20 12:35:14.836034560,22.649795918367353,23.0,24.55244897959183,-0.005059,288.7385364479997,22.643974491185975
2888,2021-12-20 12:35:14.932885760,22.657894736842113,23.0,24.7257894736842,-0.010649,288.8353876479997,22.647095311985467
2889,2021-12-20 12:35:15.064206592,22.644489795918375,23.0,24.531020408163247,-0.008217,288.9667084799997,22.650160779745075
2890,2021-12-20 12:35:15.190609152,22.623448275862078,23.0,24.539999999999996,-0.01017,289.09311103999966,22.653170456592342
2891,2021-12-20 12:35:15.259920896,22.694782608695657,23.0,24.540869565217395,-0.006939,289.16242278399966,22.65612395414283
2892,2021-12-20 12:35:15.338264832,22.639183673469397,23.0,24.555102040816305,-0.011228,289.24076671999967,22.65902093554893
2893,2021-12-20 12:35:15.426697216,22.707812500000006,23.0,24.79999999999999,-0.016038,289.32919910399966,22.661861117479376
2894,2021-12-20 12:35:15.532098048,22.713877551020413,23.0,24.569795918367316,-0.004511,289.43459993599964,22.664644272022528
2895,2021-12-20 12:35:15.641099520,22.656129032258068,23.0,24.56903225806453,-0.016634,289.54360140799963,22.667370228506527
2896,2021-12-20 12:35:15.734490880,22.702857142857148,23.0,24.578979591836738,-0.00976,289.63699276799963,22.67003887522958
2897,2021-12-20 12:35:15.835073536,22.667441860465125,23.0,24.580000000000013,-0.013723,289.7375754239996,22.672650161093863
2898,2021-12-20 12:35:15.953700864,22.68347826086957,23.0,24.80282608695653,-0.011801,289.8562027519996,22.675204097136696
2899,2021-12-20 12:35:16.102312192,22.68347826086957,23.0,24.838043478260868,-0.011482,290.0048140799996,22.677700757952948
2900,2021-12-20 12:35:16.178302464,22.74,23.0,24.85,-0.011612,290.08080435199963,22.6801402830028
2901,2021-12-20 12:35:16.236549888,22.718775510204086,23.0,24.673673469387747,-0.01227,290.13905177599963,22.68252287779938
2902,2021-12-20 12:35:16.333240320,22.720000000000006,23.0,24.61615384615385,-0.012073,290.23574220799964,22.68484881497102
2903,2021-12-20 12:35:16.433551616,22.729387755102046,23.0,24.626734693877566,-0.00309,290.3360535039996,22.687118435193184
2904,2021-12-20 12:35:16.545761792,22.727906976744194,23.0,24.630000000000003,-0.010446,290.4482636799996,22.68933214798551
2905,2021-12-20 12:35:16.640943360,22.727317073170738,23.0,24.6370731707317,-0.014632,290.5434452479996,22.69149043236973
2906,2021-12-20 12:35:16.739846400,22.713469387755108,23.0,24.640000000000008,-0.011002,290.6423482879996,22.69359383738462
2907,2021-12-20 12:35:16.836164608,22.73333333333334,23.0,24.64666666666665,-0.010964,290.7386664959996,22.69564298245448
2908,2021-12-20 12:35:16.937099520,22.702857142857148,23.0,24.77244897959184,-0.004082,290.8396014079996,22.697638557608098
2909,2021-12-20 12:35:17.056611840,22.740000000000006,23.0,24.768571428571413,-0.000833,290.95911372799964,22.699581323545495
2910,2021-12-20 12:35:17.211700480,22.724081632653068,23.0,24.664285714285715,-0.010963,291.1142023679996,22.701472111550217
2911,2021-12-20 12:35:17.307706880,22.665714285714284,23.0,24.669999999999998,-0.0088,291.21020876799963,22.703311823245325
2912,2021-12-20 12:35:17.351128576,22.766774193548393,23.0,24.80709677419354,-0.009198,291.2536304639996,22.705101430191615
2913,2021-12-20 12:35:17.439480576,22.69224489795919,23.0,24.84163265306122,-0.005258,291.3419824639996,22.70684197332708
2914,2021-12-20 12:35:17.542235904,22.740000000000006,23.0,24.683255813953497,-0.006861,291.4447377919996,22.708534562247017
2915,2021-12-20 12:35:17.654395904,22.740000000000006,23.0,24.69265306122452,-0.012389,291.55689779199963,22.710180374324615
2916,2021-12-20 12:35:17.750975488,22.723750000000006,23.0,24.70000000000001,-0.010216,291.6534773759996,22.711780653672353
2917,2021-12-20 12:35:17.838613248,22.72916666666667,23.0,24.70187500000002,0.001344,291.7411151359996,22.71333670994484
2918,2021-12-20 12:35:17.935112448,22.754210526315795,23.0,24.71000000000001,-0.009342,291.8376143359996,22.714849916984267
2919,2021-12-20 12:35:18.071201024,22.75102040816327,23.0,24.711224489795935,-0.004518,291.9737029119996,22.716321711309973
2920,2021-12-20 12:35:18.202783488,22.758620689655178,23.0,24.720000000000017,-0.010947,292.10528537599964,22.717753590454134
2921,2021-12-20 12:35:18.266553088,22.740000000000006,23.0,24.721875000000004,-0.008478,292.16905497599964,22.719147111145897
2922,2021-12-20 12:35:18.338349056,22.751224489795923,23.0,24.73510204081634,-0.00732,292.24085094399965,22.720503887346787
2923,2021-12-20 12:35:18.438579968,22.74071428571429,23.0,24.98000000000001,0.001796,292.3410818559996,22.721825588140547
2924,2021-12-20 12:35:18.545308416,22.729387755102046,23.0,24.744897959183678,-0.006201,292.44781030399963,22.723113935480995
2925,2021-12-20 12:35:18.645086464,22.724705882352946,23.0,24.749117647058824,-0.008145,292.54758835199965,22.724370701801806
2926,2021-12-20 12:35:18.736264960,22.708163265306126,23.0,24.75,-0.005827,292.63876684799965,22.725597707492604
2927,2021-12-20 12:35:18.837581824,22.70500000000001,23.0,24.758636363636356,-0.011197,292.74008371199966,22.726796818245997
2928,2021-12-20 12:35:18.966780672,22.729387755102046,23.0,24.759999999999994,-0.008019,292.86928255999965,22.727969942280584
2929,2021-12-20 12:35:19.100817408,22.740000000000006,23.0,24.767499999999988,-0.012439,293.00331929599963,22.72911902744518
2930,2021-12-20 12:35:19.169253888,22.740000000000006,23.0,24.779999999999998,-0.012626,293.07175577599963,22.730246058209964
2931,2021-12-20 12:35:19.237730560,22.72428571428572,23.0,24.779999999999983,-0.007217,293.1402324479996,22.731353052550528
2932,2021-12-20 12:35:19.333606144,22.754210526315795,23.0,24.78631578947367,-0.010522,293.2361080319996,22.732442058730925
2933,2021-12-20 12:35:19.438554368,22.740000000000006,23.0,24.78999999999998,-0.00544,293.3410562559996,22.73351515199225
2934,2021-12-20 12:35:19.545665024,22.740000000000006,23.0,24.795142857142842,-0.002062,293.4481669119996,22.734574431153447
2935,2021-12-20 12:35:19.637346304,22.740000000000006,23.0,24.79999999999998,-0.004228,293.53984819199957,22.73562201513131
2936,2021-12-20 12:35:19.738452224,22.740000000000006,23.0,24.805531914893592,-0.010565,293.6409541119996,22.73666003938687
2937,2021-12-20 12:35:19.834720000,22.747073170731714,23.0,24.968536585365825,-0.003307,293.73722188799957,22.73769065230556
2938,2021-12-20 12:35:19.937585920,22.740000000000006,23.0,24.93755102040817,-0.003838,293.84008780799957,22.73871601151865
2939,2021-12-20 12:35:20.053990656,22.73333333333334,23.0,24.825897435897453,0.004181,293.95649254399956,22.739738280173754
2940,2021-12-20 12:35:20.200781056,22.740000000000006,23.0,24.830000000000002,-0.008806,294.10328294399955,22.740759623162223
2941,2021-12-20 12:35:20.292653568,22.74,23.0,24.83,-0.006182,294.19515545599955,22.741782203311622
2942,2021-12-20 12:35:20.343649024,22.760250000000006,23.0,24.972000000000012,-0.004796,294.24615091199956,22.742808177551304
2943,2021-12-20 12:35:20.440942848,22.762448979591845,23.0,24.843469387755096,0.001405,294.3434447359996,22.743839693059346
2944,2021-12-20 12:35:20.541575936,22.740000000000006,23.0,24.853846153846163,-0.003135,294.4440778239996,22.7448788833992
2945,2021-12-20 12:35:20.654983168,22.740000000000006,23.0,24.859999999999992,-0.011253,294.55748505599956,22.745927864654522
2946,2021-12-20 12:35:20.751914752,22.740000000000006,23.0,24.864000000000008,-0.005013,294.65441663999957,22.746988731570635
2947,2021-12-20 12:35:20.838224896,22.72916666666667,23.0,24.869999999999987,-0.001759,294.74072678399955,22.74806355371108
2948,2021-12-20 12:35:20.940326400,22.760250000000006,23.0,24.872,-0.008965,294.84282828799957,22.74915437163777
2949,2021-12-20 12:35:21.087720704,22.740000000000006,23.0,24.880000000000017,-0.006578,294.99022259199955,22.750263193123295
2950,2021-12-20 12:35:21.215682048,22.773750000000003,23.0,24.88,-0.005452,295.1181839359996,22.751391989403885
2951,2021-12-20 12:35:21.269373184,22.781538461538464,23.0,24.889999999999993,4.8e-05,295.1718750719996,22.752542691481434
2952,2021-12-20 12:35:21.338523904,22.756938775510207,23.0,24.890408163265313,-0.007255,295.24102579199956,22.753717186483065
2953,2021-12-20 12:35:21.437688576,22.740000000000006,23.0,24.899999999999984,-0.002286,295.34019046399953,22.754917314086505
2954,2021-12-20 12:35:21.547897088,22.75102040816327,23.0,24.900000000000002,0.000538,295.4503989759995,22.756144863019504
2955,2021-12-20 12:35:21.655158784,22.740000000000006,23.0,24.909393939393937,-5.2e-05,295.55766067199954,22.757401567641498
2956,2021-12-20 12:35:21.741609728,22.779512195121956,23.0,24.90999999999999,-0.000395,295.6441116159995,22.75868910461547
2957,2021-12-20 12:35:21.842021376,22.745918367346945,23.0,24.918979591836734,-0.002529,295.7445232639995,22.76000908967786
2958,2021-12-20 12:35:21.951857920,22.754210526315795,23.0,24.919999999999987,-0.002007,295.8543598079995,22.761363074514268
2959,2021-12-20 12:35:22.086347264,22.740000000000006,23.0,24.928333333333324,-0.00507,295.9888491519995,22.762752543748398
2960,2021-12-20 12:35:22.174035456,22.841249999999995,23.0,24.930000000000003,0.001483,296.07653734399946,22.764178912051623
2961,2021-12-20 12:35:22.236396800,22.740000000000006,23.0,24.93770833333336,-0.003384,296.1388986879995,22.76564352138018
2962,2021-12-20 12:35:22.336979456,22.758409090909097,23.0,24.94000000000003,0.002126,296.23948134399944,22.76714763834688
2963,2021-12-20 12:35:22.438296576,22.740000000000006,23.0,24.94809523809526,0.001551,296.3407984639994,22.76869245173393
2964,2021-12-20 12:35:22.558795008,22.740000000000006,23.0,24.95000000000002,2.7e-05,296.4612968959994,22.77027907015315
2965,2021-12-20 12:35:22.653946368,22.740000000000006,23.0,24.959655172413797,-0.003504,296.5564482559994,22.771908519859643
2966,2021-12-20 12:35:22.740417280,22.718775510204086,23.0,24.96000000000002,0.003779,296.64291916799937,22.773581742724573
2967,2021-12-20 12:35:22.837117696,22.79589743589744,23.0,24.966153846153862,-0.00452,296.73961958399934,22.775299594372488
2968,2021-12-20 12:35:22.936161536,22.784081632653063,23.0,24.842653061224503,0.008614,296.8386634239993,22.77706284248817
2969,2021-12-20 12:35:23.041451776,22.773750000000003,23.0,24.861250000000013,0.001627,296.9439536639993,22.778872165297717
2970,2021-12-20 12:35:23.181352448,22.7565306122449,23.0,24.862653061224503,0.005036,297.0838543359993,22.780728150228075
2971,2021-12-20 12:35:23.297616128,22.740000000000006,23.0,24.730000000000008,0.001326,297.2001180159993,22.78263129274897
2972,2021-12-20 12:35:23.357965824,22.804800000000004,23.0,24.980000000000008,0.009865,297.2604677119993,22.78458199540069
2973,2021-12-20 12:35:23.438070016,22.773061224489798,23.0,24.98346938775511,0.001445,297.3405719039993,22.786580567010883
2974,2021-12-20 12:35:23.535605248,22.773750000000003,23.0,24.990000000000006,0.005784,297.4381071359993,22.78862722210298
2975,2021-12-20 12:35:23.647745024,22.75102040816327,23.0,24.992857142857144,-0.000259,297.5502469119993,22.790722080498384
2976,2021-12-20 12:35:23.749715712,22.809677419354845,23.0,25.0,0.000996,297.6522175999993,22.79286516711426
2977,2021-12-20 12:35:23.837997312,22.773750000000007,23.0,25.002291666666665,-0.001027,297.7404991999993,22.79505641195825
2978,2021-12-20 12:35:23.937694976,22.77214285714286,23.0,25.009999999999998,0.009092,297.8401968639993,22.7972956503209
2979,2021-12-20 12:35:24.069458688,22.7730612244898,23.0,25.01163265306122,-0.003092,297.97196057599933,22.79958262316624
2980,2021-12-20 12:35:24.206512896,22.740000000000006,23.0,25.01999999999999,0.005501,298.1090147839993,22.80191697772038
2981,2021-12-20 12:35:24.272897536,22.740000000000006,23.0,25.024545454545454,0.00369,298.17539942399935,22.804298268257575
2982,2021-12-20 12:35:24.338165760,22.784081632653063,23.0,25.010408163265286,0.005375,298.2406676479994,22.80672595708263
2983,2021-12-20 12:35:24.434131712,22.774615384615387,23.0,24.8028205128205,0.003055,298.33663359999935,22.809199415708093
2984,2021-12-20 12:35:24.562234112,22.807500000000005,23.0,25.03999999999998,0.00517,298.46473599999933,22.811717926224173
2985,2021-12-20 12:35:24.704679424,22.81297297297298,23.0,25.03999999999999,-0.002945,298.60718131199934,22.814280682858826
2986,2021-12-20 12:35:24.773789952,22.830000000000002,23.0,25.050000000000004,0.006428,298.67629183999935,22.81688679372491
2987,2021-12-20 12:35:24.837529344,22.817142857142862,23.0,24.81530612244896,0.004229,298.74003123199935,22.8195352827509
2988,2021-12-20 12:35:24.935346176,22.82775,23.0,24.808749999999975,-0.004986,298.83784806399933,22.822225091791157
2989,2021-12-20 12:35:25.060290048,22.75102040816327,23.0,25.02938775510201,0.007538,298.96279193599935,22.824955082911224
2990,2021-12-20 12:35:25.196841472,22.740000000000006,23.0,25.052162162162144,0.014251,299.09934335999935,22.82772404084314
2991,2021-12-20 12:35:25.268295424,22.85571428571429,23.0,25.06,0.009602,299.17079731199937,22.83053067560541
2992,2021-12-20 12:35:25.337506560,22.811632653061224,23.0,24.873877551020417,0.004417,299.24000844799934,22.833373625281666
2993,2021-12-20 12:35:25.437868032,22.777674418604658,23.0,24.994418604651177,0.008674,299.3403699199993,22.836251458951782
2994,2021-12-20 12:35:25.537092864,22.767551020408167,23.0,25.070000000000007,0.004357,299.4395947519993,22.839162679768588
2995,2021-12-20 12:35:25.638048000,22.795227272727274,23.0,25.076590909090918,0.003473,299.5405498879993,22.842105728173035
2996,2021-12-20 12:35:25.737202432,22.824375000000003,23.0,24.91854166666667,0.012441,299.6397043199993,22.845078985240203
2997,2021-12-20 12:35:25.831710208,22.860789473684207,23.0,24.960000000000008,0.009327,299.7342120959993,22.84808077614818
2998,2021-12-20 12:35:25.959339776,22.83918367346939,23.0,25.089999999999993,0.000766,299.86184166399926,22.851109373761396
2999,2021-12-20 12:35:26.094331904,22.771764705882358,23.0,25.090000000000003,0.00155,299.9968337919993,22.854163002319797
3000,2021-12-20 12:35:26.166691328,22.770000000000007,23.0,24.85000000000001,0.00483,300.0691932159993,22.857239841224743
3001,2021-12-20 12:35:26.240307712,22.850204081632654,23.0,24.849999999999998,0.007574,300.1428095999993,22.860338028912317
3002,2021-12-20 12:35:26.332180224,22.878857142857143,23.0,24.850000000000012,0.007551,300.2346821119993,22.86345566680445
3003,2021-12-20 12:35:26.427592960,22.88326530612245,23.0,24.849999999999998,0.015663,300.3300948479993,22.866590823327986
3004,2021-12-20 12:35:26.529242112,22.867894736842107,23.0,24.89605263157896,0.003334,300.4317439999993,22.869741537991562
3005,2021-12-20 12:35:26.643846144,22.905306122448977,23.0,25.099999999999998,0.002235,300.5463480319993,22.872905825510095
3006,2021-12-20 12:35:26.768146432,22.81105263157895,23.0,25.100000000000012,0.003457,300.67064831999926,22.876081679966397
3007,2021-12-20 12:35:26.854134784,22.9316129032258,23.0,24.991612903225814,0.000314,300.7566366719993,22.879267078999405
3008,2021-12-20 12:35:26.941380352,22.858125,23.0,24.91729166666666,0.005319,300.8438822399993,22.882459988008403
3009,2021-12-20 12:35:27.046418944,22.8615,23.0,25.11000000000001,0.002001,300.9489208319993,22.88565836436251
3010,2021-12-20 12:35:27.188995072,22.850204081632654,23.0,25.111632653061214,0.001398,301.0914969599993,22.88886016160476
3011,2021-12-20 12:35:27.295431936,22.942499999999995,23.0,25.12,0.003445,301.1979338239993,22.89206333364014
3012,2021-12-20 12:35:27.353307136,22.957741935483867,23.0,25.121612903225806,-0.002466,301.2558090239993,22.89526583889691
3013,2021-12-20 12:35:27.442101760,22.92734693877551,23.0,25.110408163265323,0.003143,301.3446036479993,22.898465644450674
3014,2021-12-20 12:35:27.538077952,22.964999999999996,23.0,24.896944444444433,0.002227,301.4405798399993,22.901660730100772
3015,2021-12-20 12:35:27.648065280,22.85571428571429,23.0,25.140000000000008,-0.000203,301.5505671679993,22.904849092388776
3016,2021-12-20 12:35:27.748979968,22.926206896551722,23.0,25.13999999999999,0.004582,301.6514818559993,22.908028748548933
3017,2021-12-20 12:35:27.836869376,22.938367346938772,23.0,25.149591836734697,0.006069,301.7393712639993,22.911197740380757
3018,2021-12-20 12:35:27.936275200,22.955999999999996,23.0,24.918749999999985,0.002027,301.8387770879993,22.914354138034156
3019,2021-12-20 12:35:28.065534208,22.965918367346934,23.0,24.90897959183674,0.014346,301.9680360959993,22.917496043697728
3020,2021-12-20 12:35:28.204690688,22.897499999999997,23.0,24.909999999999993,0.011131,302.1071925759993,22.920621595181213
3021,2021-12-20 12:35:28.271839744,22.955999999999996,23.0,24.91,0.006214,302.1743416319993,22.923728969383422
3022,2021-12-20 12:35:28.336343552,22.987959183673468,23.0,24.910000000000004,0.009558,302.2388454399993,22.926816385637295
3023,2021-12-20 12:35:28.429141248,22.979999999999997,23.0,25.069999999999986,0.009399,302.3316431359993,22.929882108924172
3024,2021-12-20 12:35:28.532802048,22.982448979591833,23.0,24.973673469387762,0.011506,302.4353039359993,22.93292445294973
3025,2021-12-20 12:35:28.651127552,22.982999999999997,23.0,24.90999999999999,0.002042,302.55362943999927,22.935941783074462
3026,2021-12-20 12:35:28.744961280,23.009999999999994,23.0,24.909999999999993,0.008465,302.64746316799926,22.938932519092077
3027,2021-12-20 12:35:28.842164480,22.965918367346937,23.0,25.063061224489804,0.010721,302.7446663679993,22.941895137849624
3028,2021-12-20 12:35:28.954445312,22.99615384615384,23.0,24.974102564102555,-0.002165,302.8569471999993,22.944828175703588
3029,2021-12-20 12:35:29.100451328,22.95489795918367,23.0,25.047755102040824,0.006604,303.0029532159993,22.947730230806794
3030,2021-12-20 12:35:29.195351040,23.009999999999998,23.0,25.16,0.004557,303.09785292799927,22.95059996522139
3031,2021-12-20 12:35:29.247855360,22.995789473684205,23.0,24.919999999999987,0.010213,303.1503572479993,22.953436106853697
3032,2021-12-20 12:35:29.342855936,22.987499999999997,23.0,24.919999999999998,0.002361,303.2453578239993,22.956237451207237
3033,2021-12-20 12:35:29.438892288,23.009999999999994,23.0,24.919999999999984,0.011301,303.3413941759993,22.959002862950758
3034,2021-12-20 12:35:29.539304192,22.9769387755102,23.0,24.919999999999998,0.01054,303.4418060799993,22.96173127729869
3035,2021-12-20 12:35:29.640923136,22.95976744186046,23.0,24.919999999999987,0.0009,303.5434250239993,22.964421701201854
3036,2021-12-20 12:35:29.742119424,22.987959183673468,23.0,24.919999999999998,0.00892,303.6446213119993,22.96707321434681
3037,2021-12-20 12:35:29.834021888,22.994117647058818,23.0,24.919999999999987,0.005934,303.7365237759993,22.969684969962703
3038,2021-12-20 12:35:29.932271360,22.98187499999999,23.0,24.919999999999998,5.4e-05,303.8347732479993,22.972256195435005
3039,2021-12-20 12:35:30.033839872,23.009999999999994,23.0,24.919999999999987,0.010739,303.93634175999927,22.974786192726082
3040,2021-12-20 12:35:30.173458944,22.99897959183673,23.0,24.919999999999998,0.00736,304.0759608319993,22.977274338602932
3041,2021-12-20 12:35:30.310080512,22.971428571428564,23.0,24.919999999999995,0.013343,304.2125823999993,22.979720084672927
3042,2021-12-20 12:35:30.371385856,22.989230769230765,23.0,25.054615384615392,-0.003292,304.2738877439993,22.982122957228867
3043,2021-12-20 12:35:30.440516352,22.965918367346934,23.0,24.919999999999998,0.006936,304.3430182399993,22.984482556905107
3044,2021-12-20 12:35:30.528667136,22.991999999999997,23.0,24.919999999999995,0.00668,304.4311690239993,22.986798558146923
3045,2021-12-20 12:35:30.624532736,23.004374999999996,23.0,24.919999999999998,0.005714,304.5270346239993,22.989070708495746
3046,2021-12-20 12:35:30.748883200,23.028409090909083,23.0,24.91999999999999,0.005467,304.6513850879993,22.991298827693285
3047,2021-12-20 12:35:30.847253248,22.981578947368416,23.0,24.919999999999987,0.01899,304.7497551359993,22.993482806607936
3048,2021-12-20 12:35:30.941881600,23.01551020408163,23.0,24.919999999999998,0.008763,304.84438348799927,22.995622605987233
3049,2021-12-20 12:35:31.053760000,22.99615384615384,23.0,24.919999999999984,0.011703,304.9562618879993,22.99771825504051
3050,2021-12-20 12:35:31.202129664,23.009999999999994,23.0,24.919999999999998,0.012396,305.10463155199926,22.999769849856307
3051,2021-12-20 12:35:31.301565952,23.009999999999998,23.0,24.920000000000005,0.008814,305.20406783999925,23.00177755165928
3052,2021-12-20 12:35:31.351977984,23.034545454545448,23.0,24.91999999999999,0.006219,305.25447987199925,23.003741584911836
3053,2021-12-20 12:35:31.441647616,23.009999999999994,23.0,24.919999999999998,0.009413,305.34414950399923,23.005662235265856
3054,2021-12-20 12:35:31.539786240,23.009999999999994,23.0,24.919999999999984,0.004799,305.44228812799923,23.007539847370285
3055,2021-12-20 12:35:31.649944576,22.99897959183673,23.0,24.919999999999998,0.001566,305.5524464639992,23.00937482254052
3056,2021-12-20 12:35:31.749481216,22.993124999999996,23.0,24.91999999999999,0.005405,305.6519831039992,23.01116761629581
3057,2021-12-20 12:35:31.839673856,23.009999999999994,23.0,24.919999999999998,0.019568,305.7421757439992,23.01291873577118
3058,2021-12-20 12:35:31.932713216,23.009999999999994,23.0,24.919999999999987,0.003431,305.8352151039992,23.014628737010455
3059,2021-12-20 12:35:32.054548992,22.993469387755095,23.0,25.06285714285714,0.005598,305.9570508799992,23.016298222147302
3060,2021-12-20 12:35:32.187237888,22.978235294117642,23.0,25.169999999999987,0.004283,306.0897397759992,23.017927836481224
3061,2021-12-20 12:35:32.263942400,23.009999999999994,23.0,24.93,0.007074,306.1664442879992,23.01951826545569
3062,2021-12-20 12:35:32.341190144,23.009999999999994,23.0,24.92999999999999,0.008725,306.24369203199916,23.0210702315456
3063,2021-12-20 12:35:32.428566272,23.009999999999994,23.0,24.929999999999986,0.010433,306.3310681599992,23.022584491061473
3064,2021-12-20 12:35:32.536853760,23.009999999999994,23.0,24.92999999999999,0.002692,306.43935564799915,23.02406183087787
3065,2021-12-20 12:35:32.651226624,22.993124999999996,23.0,24.929999999999986,0.009467,306.55372851199917,23.025503065093567
3066,2021-12-20 12:35:32.741610240,23.009999999999994,23.0,24.92999999999998,0.004607,306.64411212799916,23.02690903163106
3067,2021-12-20 12:35:32.843721984,23.026530612244894,23.0,24.92999999999999,0.003974,306.7462238719992,23.028280588783087
3068,2021-12-20 12:35:32.957752832,23.023846153846147,23.0,24.92999999999998,0.009292,306.8602547199992,23.029618611713857
3069,2021-12-20 12:35:33.098437888,23.037551020408156,23.0,24.92999999999999,-0.000628,307.0009397759992,23.030923988922652
3070,2021-12-20 12:35:33.183199232,23.01,23.0,24.93,0.001004,307.0857011199992,23.032197618677525
3071,2021-12-20 12:35:33.238539776,23.038723404255315,23.0,24.929999999999986,-0.002022,307.1410416639992,23.03344040542683
3072,2021-12-20 12:35:33.339645696,23.021999999999995,23.0,24.929999999999982,0.002227,307.2421475839992,23.034653256196258
3073,2021-12-20 12:35:33.444030464,23.054999999999996,23.0,24.92999999999999,0.009117,307.3465323519992,23.0358370769791
3074,2021-12-20 12:35:33.553736192,23.028409090909083,23.0,24.929999999999982,0.003768,307.4562380799992,23.036992769127345
3075,2021-12-20 12:35:33.646071296,23.04552631578947,23.0,24.92999999999998,0.000834,307.5485731839992,23.038121225751233
3076,2021-12-20 12:35:33.742640896,23.026530612244894,23.0,24.92999999999999,0.003024,307.64514278399923,23.03922332813485
3077,2021-12-20 12:35:33.842419200,23.066511627906966,23.0,24.92999999999998,-0.003248,307.7449210879992,23.040299942175242
3078,2021-12-20 12:35:33.943263488,23.009999999999994,23.0,24.92999999999999,0.008796,307.84576537599924,23.04135191485252
3079,2021-12-20 12:35:34.056107264,23.009999999999994,23.0,24.929999999999982,2.3e-05,307.9586091519992,23.04238007073832
3080,2021-12-20 12:35:34.192527872,23.037551020408156,23.0,24.705510204081623,0.004731,308.0950297599992,23.043385208549903
3081,2021-12-20 12:35:34.274452480,23.04375,23.0,24.805000000000003,-0.002838,308.1769543679992,23.04436809775707
3082,2021-12-20 12:35:34.337165824,23.087142857142847,23.0,24.921836734693873,0.000429,308.2396677119992,23.045329475248987
3083,2021-12-20 12:35:34.436944128,23.02317073170731,23.0,24.73707317073169,-0.001912,308.33944601599916,23.04627004206792
3084,2021-12-20 12:35:34.546710272,23.09265306122448,23.0,24.669999999999998,0.001843,308.44921215999915,23.04719046021675
3085,2021-12-20 12:35:34.667369472,23.049512195121945,23.0,24.834634146341447,0.010212,308.5698713599991,23.048091349547047
3086,2021-12-20 12:35:34.754302976,23.027419354838703,23.0,24.909999999999997,-0.003693,308.6568048639991,23.048973284734213
3087,2021-12-20 12:35:34.841981184,23.054999999999993,23.0,24.91,0.001764,308.7444830719991,23.04983679234626
3088,2021-12-20 12:35:34.948508416,23.05846153846153,23.0,24.909999999999993,0.007415,308.85101030399915,23.05068234801255
3089,2021-12-20 12:35:35.102671872,23.037551020408156,23.0,24.910000000000004,0.004003,309.00517375999914,23.05151037369864
3090,2021-12-20 12:35:35.221248768,23.009999999999994,23.0,24.910000000000007,-0.007243,309.1237506559991,23.052321235093252
3091,2021-12-20 12:35:35.268583168,23.054999999999993,23.0,24.91000000000001,0.000415,309.17108505599913,23.053115239113225
3092,2021-12-20 12:35:35.341857792,23.059591836734686,23.0,24.910000000000004,-0.002293,309.24435967999915,23.05389263153206
3093,2021-12-20 12:35:35.440589824,23.132142857142846,23.0,24.90999999999999,0.003301,309.34309171199914,23.05465359473759
3094,2021-12-20 12:35:35.540448512,23.04857142857142,23.0,24.910000000000004,0.003156,309.4429503999991,23.05539824562399
3095,2021-12-20 12:35:35.641081600,23.06142857142856,23.0,24.90999999999999,0.001335,309.5435834879991,23.05612663362323
3096,2021-12-20 12:35:35.740809472,23.11469387755101,23.0,24.910000000000004,0.004294,309.64331135999913,23.056838738880856
3097,2021-12-20 12:35:35.839632128,23.106923076923067,23.0,24.909999999999993,-5.1e-05,309.7421340159991,23.057534470580684
3098,2021-12-20 12:35:35.973467648,23.037551020408156,23.0,24.910000000000004,0.004186,309.8759695359991,23.058213665422787
3099,2021-12-20 12:35:36.106206976,23.009999999999994,23.0,24.909999999999997,0.000532,310.0087088639991,23.058876086258973
3100,2021-12-20 12:35:36.170348544,23.087142857142855,23.0,24.910000000000004,0.004289,310.07285043199914,23.05952142088961
3101,2021-12-20 12:35:36.239931648,23.065102040816317,23.0,24.910000000000004,0.005613,310.14243353599915,23.060149281025513
3102,2021-12-20 12:35:36.334660608,23.04648648648648,23.0,24.909999999999993,0.000272,310.23716249599914,23.06075920141822
3103,2021-12-20 12:35:36.437164544,23.070612244897955,23.0,24.910000000000004,0.00199,310.33966643199915,23.061350639161724
3104,2021-12-20 12:35:36.542414592,23.03314285714285,23.0,24.909999999999993,0.002429,310.44491647999916,23.06192297316839
3105,2021-12-20 12:35:36.636902144,23.07749999999999,23.0,24.655416666666667,0.004551,310.53940403199914,23.06247550382155
3106,2021-12-20 12:35:36.738500864,23.02227272727272,23.0,24.909999999999993,0.004382,310.64100275199917,23.063007452806794
3107,2021-12-20 12:35:36.835864832,23.065227272727263,23.0,24.64999999999999,0.006888,310.7383667199992,23.063517963123793
3108,2021-12-20 12:35:36.942512896,23.054999999999993,23.0,24.889583333333334,0.002087,310.8450147839992,23.064006099279926
3109,2021-12-20 12:35:37.061934848,23.009999999999994,23.0,24.88999999999999,0.002563,310.9644367359992,23.064470847666772
3110,2021-12-20 12:35:37.212306176,23.054081632653055,23.0,24.66551020408164,0.006921,311.1148080639992,23.06491111712011
3111,2021-12-20 12:35:37.302871040,23.01,23.0,24.64,0.005769,311.2053729279992,23.065325739663603
3112,2021-12-20 12:35:37.347942144,23.04648648648648,23.0,24.88999999999999,0.005879,311.25044403199917,23.06571347143598
3113,2021-12-20 12:35:37.443425536,23.009999999999994,23.0,24.890000000000008,0.005482,311.34592742399917,23.066072993801132
3114,2021-12-20 12:35:37.541252352,23.045526315789466,23.0,24.88999999999999,0.005937,311.4437542399992,23.066402914639944
3115,2021-12-20 12:35:37.647830016,23.026530612244894,23.0,24.890000000000008,0.005643,311.55033190399917,23.06670176982242
3116,2021-12-20 12:35:37.749549312,23.02459459459459,23.0,24.88999999999999,0.008078,311.65205119999916,23.06696802485815
3117,2021-12-20 12:35:37.842246400,23.009999999999994,23.0,24.890000000000004,-0.000799,311.7447482879992,23.06720007672274
3118,2021-12-20 12:35:37.942939904,23.037692307692303,23.0,24.88999999999999,0.008453,311.8454417919992,23.067396255857393
3119,2021-12-20 12:35:38.087779328,23.026530612244894,23.0,24.890000000000008,0.009071,311.9902812159992,23.067554828338313
3120,2021-12-20 12:35:38.209886976,23.009999999999994,23.0,24.88999999999999,0.01187,312.1123888639992,23.067673998212285
3121,2021-12-20 12:35:38.265871360,23.052631578947363,23.0,24.889999999999993,0.010122,312.16837324799917,23.067751909994183
3122,2021-12-20 12:35:38.340976384,23.065102040816317,23.0,24.890000000000008,0.007859,312.24347827199915,23.067786651321907
3123,2021-12-20 12:35:38.435906560,23.082972972972964,23.0,24.88999999999999,0.00261,312.33840844799914,23.06777625576372
3124,2021-12-20 12:35:38.541719808,23.032040816326525,23.0,24.890000000000008,0.009231,312.44422169599915,23.06771870577252
3125,2021-12-20 12:35:38.646456576,23.059090909090905,23.0,24.88999999999999,0.014326,312.54895846399916,23.0676119357813
3126,2021-12-20 12:35:38.738721280,23.04857142857142,20.551020408163264,23.932448979591843,0.005719,312.64122316799916,23.06745383543355
3127,2021-12-20 12:35:38.839837184,23.059090909090898,20.0,22.115000000000013,0.01007,312.74233907199914,23.06724225294211
3128,2021-12-20 12:35:38.961995008,23.02102040816326,20.0,21.97857142857144,0.005888,312.86449689599914,23.06697499856953
3129,2021-12-20 12:35:39.093999872,23.030769230769227,20.0,21.76538461538462,0.014819,312.99650175999915,23.06664984822282
3130,2021-12-20 12:35:39.168572160,23.041764705882347,20.0,21.908823529411762,0.008482,313.07107404799916,23.06626454715494
3131,2021-12-20 12:35:39.241122560,23.032040816326525,20.0,21.868979591836737,0.014729,313.1436244479992,23.065816813765334
3132,2021-12-20 12:35:39.332089600,23.10529411764705,20.0,21.756176470588237,0.003716,313.2345914879992,23.065304343491317
3133,2021-12-20 12:35:39.433627904,23.032040816326525,20.0,21.533265306122445,0.010653,313.33612979199916,23.064724812782085
3134,2021-12-20 12:35:39.542086400,23.07171428571428,20.0,21.70000000000001,0.012228,313.4445882879992,23.06407588314672
3135,2021-12-20 12:35:39.637640192,23.122499999999988,20.0,21.61708333333333,0.010947,313.54014207999916,23.06335520526745
3136,2021-12-20 12:35:39.738746112,23.083636363636355,20.0,21.320000000000018,0.010698,313.64124799999917,23.06256042316918
3137,2021-12-20 12:35:39.836281088,23.069999999999993,20.0,21.509999999999994,0.004235,313.7387829759992,23.06168917843632
3138,2021-12-20 12:35:39.941430528,23.113404255319143,20.0,21.206595744680868,0.011668,313.8439324159992,23.060739114467612
3139,2021-12-20 12:35:40.060601088,23.042926829268286,20.0,21.38999999999999,0.010942,313.96310297599916,23.059707880759753
3140,2021-12-20 12:35:40.210419200,23.037551020408156,20.0,21.325714285714305,0.008132,314.11292108799915,23.058593137210305
3141,2021-12-20 12:35:40.295331072,23.01,20.0,21.32,0.01101,314.1978329599992,23.057392558430525
3142,2021-12-20 12:35:40.343621120,23.07906976744185,20.0,20.96441860465118,0.012968,314.2461230079992,23.056103838058608
3143,2021-12-20 12:35:40.445722624,23.065102040816317,20.0,21.10122448979591,0.007833,314.3482245119992,23.054724693063925
3144,2021-12-20 12:35:40.545420288,23.054999999999993,20.0,21.085714285714296,0.011966,314.4479221759992,23.05325286803273
3145,2021-12-20 12:35:40.648397056,23.054081632653055,20.0,21.035918367346923,0.007783,314.55089894399924,23.051686139425893
3146,2021-12-20 12:35:40.746807296,23.04951219512194,20.0,20.96878048780489,0.016261,314.64930918399926,23.050022319799307
3147,2021-12-20 12:35:40.844583936,23.122499999999988,20.0,20.73999999999999,0.016594,314.74708582399927,23.04825926197762
3148,2021-12-20 12:35:40.956773888,23.02349999999999,20.0,20.795000000000005,0.022166,314.85927577599927,23.046394863172022
3149,2021-12-20 12:35:41.103463936,23.037551020408156,20.0,20.797142857142845,0.012914,315.00596582399925,23.0444270690331
3150,2021-12-20 12:35:41.196080640,23.009999999999998,20.0,20.77,0.017013,315.09858252799927,23.042353877629676
3151,2021-12-20 12:35:41.248182528,23.0376923076923,20.0,20.668461538461525,0.014815,315.15068441599925,23.040173343344836
3152,2021-12-20 12:35:41.345848576,23.07061224489795,20.0,20.619387755102053,0.009891,315.24835046399926,23.037883580680514
3153,2021-12-20 12:35:41.443484160,23.009999999999994,20.0,20.5536842105263,0.016757,315.34598604799925,23.035482767962172
3154,2021-12-20 12:35:41.548854784,23.009999999999994,20.0,20.504285714285718,0.011971,315.45135667199924,23.032969150935354
3155,2021-12-20 12:35:41.649206272,23.031891891891885,20.0,20.437567567567566,0.009259,315.55170815999924,23.030341046246097
3156,2021-12-20 12:35:41.743854848,23.02102040816326,20.0,20.385510204081648,0.013786,315.64635673599923,23.027596844797372
3157,2021-12-20 12:35:41.840223232,23.07230769230768,20.0,20.320769230769226,0.008196,315.74272511999925,23.02473501497412
3158,2021-12-20 12:35:41.939719680,23.026530612244894,20.0,20.269183673469392,0.017013,315.8422215679993,23.021754105729677
3159,2021-12-20 12:35:42.044144896,23.06538461538461,20.0,20.206923076923065,0.017405,315.94664678399926,23.018652749526716
3160,2021-12-20 12:35:42.184025344,23.026530612244894,20.0,20.154081632653064,0.012634,316.08652723199924,23.01542966512613
3161,2021-12-20 12:35:42.303487744,23.03347826086956,20.0,20.11000000000001,0.014445,316.2059896319992,23.012083660217744
3162,2021-12-20 12:35:42.363193600,23.059090909090905,20.0,20.022727272727277,0.008511,316.2656954879992,23.008613633886945
3163,2021-12-20 12:35:42.441618176,22.99897959183673,20.0,19.97897959183673,0.021129,316.3441200639992,23.005018578911866
3164,2021-12-20 12:35:42.543548672,23.009999999999994,20.0,19.920232558139524,0.019694,316.4460505599992,23.00129758388606
3165,2021-12-20 12:35:42.654008832,23.009999999999994,20.0,19.863749999999996,0.020835,316.5565107199992,22.997449835162108
3166,2021-12-20 12:35:42.751041024,23.009999999999994,20.0,19.80419354838709,0.016967,316.6535429119992,22.993474618611966
3167,2021-12-20 12:35:42.839151616,22.99897959183673,20.0,19.747551020408167,0.015701,316.7416535039992,22.98937132120039
3168,2021-12-20 12:35:42.941253376,23.02227272727272,20.0,19.690000000000023,0.020689,316.8437552639992,22.98513943236816
3169,2021-12-20 12:35:43.070240768,23.009999999999994,20.0,19.63,0.026022,316.9727426559992,22.980778545222382
3170,2021-12-20 12:35:43.195939072,23.009999999999994,20.0,19.571818181818188,0.020421,317.0984409599992,22.976288357531573
3171,2021-12-20 12:35:43.266860032,23.009999999999994,20.0,19.509999999999998,0.015901,317.16936191999923,22.97166867252372
3172,2021-12-20 12:35:43.342317312,22.998749999999998,20.0,19.455000000000016,0.020213,317.24481919999926,22.966919399486024
3173,2021-12-20 12:35:43.435235584,22.9954054054054,20.0,19.401351351351344,0.025776,317.3377374719993,22.962040554165597
3174,2021-12-20 12:35:43.539640576,22.976938775510202,20.0,19.33979591836736,0.026766,317.4421424639993,22.95703225897084
3175,2021-12-20 12:35:43.644749824,23.009999999999994,20.0,19.28371428571428,0.021933,317.5472517119993,22.95189474297381
3176,2021-12-20 12:35:43.738935552,22.99897959183673,20.0,19.21285714285716,0.025332,317.6414374399993,22.946628341714327
3177,2021-12-20 12:35:43.834489088,22.981578947368416,20.0,19.157368421052624,0.024701,317.73699097599933,22.941233496807218
3178,2021-12-20 12:35:43.958889984,23.009999999999994,20.0,19.095000000000013,0.028477,317.86139187199933,22.935710755354503
3179,2021-12-20 12:35:44.118394368,23.009999999999994,20.0,19.040930232558125,0.033283,318.02089625599933,22.930060769164854
3180,2021-12-20 12:35:44.179619072,22.991999999999994,20.0,18.97979844961239,0.023061,318.0821209599993,22.924284293783273
3181,2021-12-20 12:35:44.240833792,22.973999999999993,20.0,18.918666666666653,0.030966,318.1433356799993,22.918382187334387
3182,2021-12-20 12:35:44.342955520,22.952553191489358,20.0,18.864255319148942,0.025827,318.2454574079993,22.912355409183213
3183,2021-12-20 12:35:44.446746880,22.99682926829268,20.0,18.799024390243886,0.023522,318.3492487679993,22.906205018417744
3184,2021-12-20 12:35:44.564116992,22.942499999999995,20.0,18.747500000000013,0.031662,318.4666188799993,22.899932172158174
3185,2021-12-20 12:35:44.658131968,22.98206896551724,20.0,18.670344827586216,0.024008,318.5606338559993,22.893538123698086
3186,2021-12-20 12:35:44.742782464,22.92734693877551,20.0,18.631836734693895,0.034608,318.6452843519993,22.887024220483184
3187,2021-12-20 12:35:44.838164992,22.87153846153846,20.0,18.567692307692305,0.03584,318.7406668799993,22.88039190193366
3188,2021-12-20 12:35:44.938647296,22.844693877551016,20.0,18.515510204081643,0.035684,318.84114918399933,22.873642697116626
3189,2021-12-20 12:35:45.045969152,22.825609756097563,20.0,18.45365853658536,0.042316,318.94847103999933,22.866778222275332
3190,2021-12-20 12:35:45.182570752,22.801875000000006,20.0,18.48333333333334,0.032813,319.08507263999934,22.85980017822213
3191,2021-12-20 12:35:45.298090240,22.762500000000003,20.0,18.61000000000001,0.03878,319.20059212799936,22.852710347602454
3192,2021-12-20 12:35:45.361507584,22.794,20.0,18.524,0.045255,319.2640094719994,22.845510592037254
3193,2021-12-20 12:35:45.443231232,22.784081632653063,20.0,18.48653061224491,0.042347,319.34573311999935,22.83820284915149
3194,2021-12-20 12:35:45.543552512,22.7839534883721,20.0,18.42837209302326,0.039575,319.44605439999935,22.83078912949641
3195,2021-12-20 12:35:45.644226048,22.7565306122449,20.0,18.377755102040815,0.045806,319.54672793599934,22.823271513373435
3196,2021-12-20 12:35:45.743471104,22.75928571428572,20.0,18.32047619047618,0.04353,319.6459729919993,22.815652147567498
3197,2021-12-20 12:35:45.843027968,22.7730612244898,20.0,18.272653061224478,0.045075,319.74552985599934,22.80793324199772
3198,2021-12-20 12:35:45.941931008,22.761891891891896,20.0,18.213243243243248,0.04739,319.8444328959993,22.800117066293357
3199,2021-12-20 12:35:46.081529856,22.767551020408167,20.0,18.16632653061224,0.04839,319.9840317439993,22.792205946302893
3200,2021-12-20 12:35:46.207992832,22.7724,20.0,18.11000000000001,0.050551,320.11049471999934,22.784202260544163
3201,2021-12-20 12:35:46.268976128,22.782631578947374,20.0,18.06,0.044333,320.17147801599936,22.77610843660331
3202,2021-12-20 12:35:46.343336960,22.785000000000007,20.0,18.0,0.049867,320.2458388479994,22.76792694749033
3203,2021-12-20 12:35:46.438870528,22.74052631578948,20.0,17.952631578947376,0.046538,320.3413724159994,22.759660307958885
3204,2021-12-20 12:35:46.548566272,22.740000000000006,20.0,17.893673469387746,0.050478,320.4510681599994,22.75131107079791
3205,2021-12-20 12:35:46.652760064,22.740000000000006,20.0,17.848333333333322,0.055003,320.5552619519994,22.742881823102618
3206,2021-12-20 12:35:46.741795840,22.717872340425536,20.0,17.785106382978707,0.053754,320.6442977279994,22.73437518253227
3207,2021-12-20 12:35:46.843404800,22.670666666666673,20.0,17.93622222222224,0.047116,320.7459066879994,22.725793793561955
3208,2021-12-20 12:35:46.956731392,22.728181818181824,20.0,17.7040909090909,0.056995,320.85923327999944,22.717140323735578
3209,2021-12-20 12:35:47.095244032,22.718333333333337,20.0,17.820000000000004,0.056619,320.99774591999943,22.70841745992707
3210,2021-12-20 12:35:47.175891200,22.688,20.0,17.569999999999997,0.060978,321.0783930879994,22.699627904616758
3211,2021-12-20 12:35:47.240737024,22.681632653061232,20.0,17.70183673469387,0.056289,321.1432389119994,22.690774372189576
3212,2021-12-20 12:35:47.335043584,22.718918918918927,20.0,17.58972972972973,0.060231,321.2375454719994,22.68185958526179
3213,2021-12-20 12:35:47.436461312,22.644489795918375,20.0,17.586530612244893,0.058473,321.3389631999994,22.672886271042632
3214,2021-12-20 12:35:47.547182848,22.653333333333343,20.0,17.629230769230784,0.060567,321.4496847359994,22.663857157737187
3215,2021-12-20 12:35:47.642726400,22.71045454545455,20.0,17.422045454545437,0.057612,321.5452282879994,22.654774970996655
3216,2021-12-20 12:35:47.744828160,22.64250000000001,20.0,17.283958333333327,0.054563,321.6473300479994,22.64564243042189
3217,2021-12-20 12:35:47.841075712,22.66666666666667,20.0,17.22307692307693,0.065016,321.7435775999994,22.636462246125973
3218,2021-12-20 12:35:47.943076864,22.671020408163272,20.0,17.176530612244882,0.065769,321.8455787519994,22.627237115361368
3219,2021-12-20 12:35:48.060950016,22.590500000000013,20.0,17.24975,0.066729,321.96345190399944,22.617969719217154
3220,2021-12-20 12:35:48.209400064,22.57750000000001,20.0,17.22124999999998,0.072843,322.1119019519994,22.60866271939146
3221,2021-12-20 12:35:48.304159232,22.5775,20.0,17.039999999999996,0.069188,322.2066611199994,22.59931875504412
3222,2021-12-20 12:35:48.353354240,22.61371428571429,20.0,17.102857142857154,0.062717,322.25585612799944,22.58994043973436
3223,2021-12-20 12:35:48.445659136,22.52244897959185,20.0,16.994285714285716,0.063395,322.3481610239994,22.580530358448094
3224,2021-12-20 12:35:48.544300800,22.562105263157907,20.0,17.11289473684211,0.06397,322.4468026879994,22.57109106471914
3225,2021-12-20 12:35:48.657214976,22.506530612244905,20.0,17.068775510204073,0.062826,322.5597168639994,22.56162507784844
3226,2021-12-20 12:35:48.756017408,22.56068965517242,20.0,17.01448275862069,0.066785,322.65851929599944,22.55213488022514
3227,2021-12-20 12:35:48.841462784,22.52244897959185,20.0,16.972857142857144,0.061972,322.74396467199944,22.542622914753146
3228,2021-12-20 12:35:48.933807872,22.480000000000008,20.0,16.921428571428574,0.065747,322.83630975999944,22.533091582386493
3229,2021-12-20 12:35:49.062372864,22.506530612244912,20.0,16.87591836734694,0.071894,322.96487475199945,22.52354323977658
3230,2021-12-20 12:35:49.205904384,22.502285714285726,20.0,16.829999999999995,0.072473,323.10840627199946,22.513980197034076
3231,2021-12-20 12:35:49.275980544,22.479999999999993,20.0,16.775833333333335,0.069634,323.17848243199944,22.50440471560809
3232,2021-12-20 12:35:49.341238784,22.512500000000014,20.0,16.73000000000001,0.070793,323.24374067199943,22.494819006284786
3233,2021-12-20 12:35:49.430344960,22.480000000000008,20.0,16.681470588235292,0.06745,323.3328468479994,22.485225227307556
3234,2021-12-20 12:35:49.529207808,22.495918367346952,20.0,16.633061224489794,0.077129,323.4317096959994,22.475625482620412
3235,2021-12-20 12:35:49.645360896,22.467317073170744,20.0,16.58487804878049,0.080081,323.5478627839994,22.466021820236126
3236,2021-12-20 12:35:49.744726784,22.48000000000001,20.0,16.53113636363635,0.078133,323.6472286719994,22.456416230730355
3237,2021-12-20 12:35:49.846828288,22.469166666666677,20.0,16.487291666666675,0.07855,323.74933017599943,22.446810645862698
3238,2021-12-20 12:35:49.961814784,22.47315789473685,20.0,16.429999999999996,0.070767,323.8643166719994,22.43720693732546
3239,2021-12-20 12:35:50.109520640,22.38979591836736,20.0,16.391224489795917,0.086867,324.0120225279994,22.427606915620572
3240,2021-12-20 12:35:50.201211904,22.48,20.0,16.38,0.076035,324.10371379199944,22.418012329064943
3241,2021-12-20 12:35:50.249551872,22.36666666666668,20.0,16.309743589743572,0.090383,324.15205375999943,22.408424862924168
3242,2021-12-20 12:35:50.345769472,22.37387755102042,20.0,16.2530612244898,0.08523,324.2482713599994,22.398846138674365
3243,2021-12-20 12:35:50.445929984,22.422926829268306,20.0,16.20097560975611,0.087176,324.3484318719994,22.389277713391703
3244,2021-12-20 12:35:50.553251840,22.333750000000013,20.0,16.304791666666663,0.079648,324.4557537279994,22.379721079268887
3245,2021-12-20 12:35:50.650495232,22.429444444444457,20.0,16.154444444444437,0.083318,324.5529971199994,22.370177663257593
3246,2021-12-20 12:35:50.744067584,22.368571428571443,20.0,16.063469387755088,0.083684,324.64656947199944,22.36064882683569
3247,2021-12-20 12:35:50.840425984,22.320000000000014,20.0,16.007948717948718,0.080636,324.7429278719994,22.351135865897707
3248,2021-12-20 12:35:50.940002816,22.31020408163267,20.0,15.965510204081653,0.076291,324.84250470399945,22.34164001076688
3249,2021-12-20 12:35:51.044438016,22.286666666666683,20.0,16.0476923076923,0.080002,324.94693990399946,22.332162426326825
3250,2021-12-20 12:35:51.179752192,22.26333333333335,20.0,16.11916666666667,0.071548,325.0822540799995,22.32270421227067
3251,2021-12-20 12:35:51.294466816,22.276521739130445,20.0,16.089999999999993,0.085624,325.19696870399946,22.313266403465207
3252,2021-12-20 12:35:51.359674624,22.294285714285728,20.0,16.015714285714285,0.084095,325.2621765119995,22.303849970427358
3253,2021-12-20 12:35:51.444295168,22.230612244897976,20.0,15.984693877551035,0.086338,325.3467970559995,22.294455819909988
3254,2021-12-20 12:35:51.542333184,22.233333333333352,20.0,15.93564102564102,0.094421,325.4448350719995,22.28508479559399
3255,2021-12-20 12:35:51.653939968,22.235918367346954,20.0,15.899387755102046,0.087169,325.5564418559995,22.275737678883168
3256,2021-12-20 12:35:51.754261248,22.246000000000016,20.0,15.853333333333332,0.087256,325.6567631359995,22.266415189798323
3257,2021-12-20 12:35:51.841154816,22.251836734693896,20.0,15.812653061224488,0.092732,325.7436567039995,22.257117987966694
3258,2021-12-20 12:35:51.935843328,22.24052631578949,20.0,15.772105263157886,0.094788,325.8383452159995,22.24784667370272
3259,2021-12-20 12:35:52.059922432,22.220000000000017,20.0,15.725102040816342,0.080032,325.96242431999946,22.2386017891759
3260,2021-12-20 12:35:52.198857472,22.220000000000017,20.0,15.690000000000005,0.084705,326.10135935999944,22.229383819661333
3261,2021-12-20 12:35:52.273650944,22.220000000000006,20.0,15.632499999999995,0.091313,326.17615283199945,22.22019319486847
3262,2021-12-20 12:35:52.345798912,22.220000000000017,20.0,15.598979591836747,0.089682,326.24830079999947,22.21103029034328
3263,2021-12-20 12:35:52.432239872,22.20275862068967,20.0,15.550000000000008,0.093609,326.3347417599995,22.201895428939093
3264,2021-12-20 12:35:52.529282048,22.209795918367366,20.0,15.510816326530607,0.084207,326.4317839359995,22.192788882351245
3265,2021-12-20 12:35:52.650927104,22.18951219512197,20.0,15.463658536585365,0.093916,326.55342899199945,22.18371087271057
3266,2021-12-20 12:35:52.749397504,22.202439024390262,20.0,15.419999999999998,0.092716,326.65189939199945,22.174661574230733
3267,2021-12-20 12:35:52.849286400,22.189387755102057,20.0,15.384897959183672,0.09455,326.75178828799943,22.165641114904385
3268,2021-12-20 12:35:52.974089728,22.172702702702722,20.0,15.3327027027027,0.084568,326.8765916159994,22.15664957824309
3269,2021-12-20 12:35:53.151306496,22.17875000000002,20.0,15.492499999999984,0.095802,327.0538083839994,22.147687005055946
3270,2021-12-20 12:35:53.270306048,22.22,20.0,15.529999999999998,0.100279,327.1728079359994,22.13875339526194
3271,2021-12-20 12:35:53.305419520,22.223061224489804,20.0,15.350714285714282,0.098205,327.2079214079994,22.129848709731068
3272,2021-12-20 12:35:53.340532992,22.22612244897961,20.0,15.171428571428569,0.095881,327.24303487999936,22.12097287214931
3273,2021-12-20 12:35:53.443157760,22.10953488372095,20.0,15.279302325581408,0.096451,327.34565964799936,22.112125770902644
3274,2021-12-20 12:35:53.542221824,22.138367346938793,20.0,15.16714285714287,0.08946,327.44472371199936,22.1033072609754
3275,2021-12-20 12:35:53.642301696,22.045581395348858,20.0,15.181627906976733,0.09216,327.54480358399934,22.094517165858292
3276,2021-12-20 12:35:53.740681728,22.141875000000017,20.0,15.106666666666671,0.101221,327.64318361599936,22.08575527946166
3277,2021-12-20 12:35:53.843819264,22.06659090909093,20.0,15.085454545454558,0.100703,327.7463211519994,22.07702136802943
3278,2021-12-20 12:35:53.961441024,22.024878048780508,20.0,15.013170731707305,0.099892,327.8639429119994,22.068315172049488
3279,2021-12-20 12:35:54.117716480,22.021020408163285,20.0,14.993877551020416,0.096037,328.0202183679994,22.05963640815632
3280,2021-12-20 12:35:54.206259456,21.97,20.0,15.1,0.101227,328.1087613439994,22.050984771021763
3281,2021-12-20 12:35:54.249741568,21.995641025641046,20.0,15.03948717948717,0.098578,328.1522434559994,22.042359935229864
3282,2021-12-20 12:35:54.346451968,22.036326530612264,20.0,15.005306122448982,0.09841,328.2489538559994,22.033761557131903
3283,2021-12-20 12:35:54.444218368,22.008461538461557,20.0,14.962564102564107,0.108211,328.3467202559994,22.025189276677857
3284,2021-12-20 12:35:54.549327616,21.985306122448996,20.0,14.926938775510196,0.103219,328.4518295039994,22.016642719220577
3285,2021-12-20 12:35:54.649759488,22.002894736842123,20.0,14.796842105263158,0.100793,328.5522613759994,22.008121497289068
3286,2021-12-20 12:35:54.746459904,21.975102040816346,20.0,14.609387755102052,0.099653,328.6489617919994,21.999625212327384
3287,2021-12-20 12:35:54.842375680,22.055526315789493,20.0,14.632631578947361,0.100709,328.7448775679994,21.9911534563958
3288,2021-12-20 12:35:54.940453888,21.970000000000017,20.0,14.770816326530603,0.100464,328.8429557759994,21.982705813831046
3289,2021-12-20 12:35:55.046327296,21.98250000000002,20.0,14.723000000000013,0.107763,328.9488291839994,21.974281862862522
3290,2021-12-20 12:35:55.187636224,21.970000000000017,20.0,14.685102040816332,0.106059,329.0901381119994,21.96588117718158
3291,2021-12-20 12:35:55.303034880,21.981904761904772,20.0,14.649999999999999,0.101959,329.20553676799943,21.957503327461094
3292,2021-12-20 12:35:55.363475200,21.931538461538477,20.0,14.606538461538467,0.109841,329.26597708799943,21.94914788282278
3293,2021-12-20 12:35:55.444796416,21.975208333333352,20.0,14.580000000000007,0.095111,329.3472983039994,21.94081441224982
3294,2021-12-20 12:35:55.542422016,21.957500000000017,20.0,14.769999999999992,0.102718,329.44492390399944,21.93250248594265
3295,2021-12-20 12:35:55.654350592,21.970000000000017,20.0,14.505510204081633,0.096156,329.55685247999946,21.92421167661583
3296,2021-12-20 12:35:55.754641920,21.970000000000017,20.0,14.463999999999995,0.097524,329.6571438079995,21.91594156073434
3297,2021-12-20 12:35:55.842158848,21.929183673469407,20.0,14.423265306122442,0.102102,329.7446607359995,21.907691719687648
3298,2021-12-20 12:35:55.932924928,21.955294117647075,20.0,14.38705882352941,0.110824,329.8354268159995,21.899461740900232
3299,2021-12-20 12:35:56.049118208,21.959361702127676,20.0,14.345106382978722,0.107524,329.9516200959995,21.891251218877482
3300,2021-12-20 12:35:56.209356800,21.92000000000002,20.0,14.308888888888886,0.100828,330.1118586879995,21.883059756186082
3301,2021-12-20 12:35:56.286000896,21.97,20.0,14.5,0.112694,330.18850278399947,21.874886964368315
3302,2021-12-20 12:35:56.340657664,21.924081632653078,20.0,14.301632653061235,0.10344,330.24315955199944,21.86673246478985
3303,2021-12-20 12:35:56.440184320,21.839047619047637,20.0,14.203333333333338,0.109559,330.34268620799946,21.858595889420823
3304,2021-12-20 12:35:56.538343168,21.799787234042572,20.0,14.330425531914885,0.110538,330.4408450559995,21.850476881550296
3305,2021-12-20 12:35:56.644980992,21.792222222222243,20.0,14.365111111111123,0.107386,330.5474828799995,21.8423750964344
3306,2021-12-20 12:35:56.743049216,21.86534883720932,20.0,14.329767441860469,0.108601,330.6455511039995,21.83429020187854
3307,2021-12-20 12:35:56.846206976,21.811836734693895,20.0,14.159999999999997,0.107452,330.74870886399947,21.82622187875441
3308,2021-12-20 12:35:56.961304064,21.760540540540557,20.0,14.187567567567566,0.102008,330.8638059519995,21.818169821452553
3309,2021-12-20 12:35:57.107792896,21.750612244897976,20.0,14.229591836734699,0.102169,331.0102947839995,21.810133738271553
3310,2021-12-20 12:35:57.201485824,21.845,20.0,14.210000000000003,0.108686,331.1039877119995,21.802113351744932
3311,2021-12-20 12:35:57.250861824,21.78578947368423,20.0,14.153421052631572,0.109279,331.1533637119995,21.794108398906992
3312,2021-12-20 12:35:57.346928384,21.765918367346956,20.0,14.12448979591837,0.10168,331.2494302719995,21.786118631498944
3313,2021-12-20 12:35:57.445218048,21.73282051282053,20.0,14.086153846153847,0.102256,331.34771993599946,21.77814381611684
3314,2021-12-20 12:35:57.551212288,21.735306122448996,20.0,14.060204081632643,0.095106,331.45371417599944,21.77018373430295
3315,2021-12-20 12:35:57.651442944,21.740270270270287,20.0,14.02378378378378,0.100992,331.55394483199944,21.76223818258212
3316,2021-12-20 12:35:57.746996736,21.735306122448996,20.0,13.992040816326538,0.097398,331.6494986239994,21.754306972445026
3317,2021-12-20 12:35:57.845809408,21.793170731707335,20.0,13.95926829268293,0.113446,331.74831129599943,21.74638993028007
3318,2021-12-20 12:35:57.944430848,21.73020408163267,20.0,13.923877551020405,0.111512,331.8469327359994,21.738486897255903
3319,2021-12-20 12:35:58.046160384,21.73315789473686,20.0,13.891578947368417,0.103159,331.9486622719994,21.730597729156514
3320,2021-12-20 12:35:58.190265344,21.709795918367366,20.0,13.8557142857143,0.108512,332.0927672319994,21.722722296170986
3321,2021-12-20 12:35:58.312765184,21.720000000000013,20.0,13.830000000000002,0.114554,332.2152670719994,21.714860482640024
3322,2021-12-20 12:35:58.370087168,21.75750000000001,20.0,13.792000000000002,0.10867,332.2725890559994,21.707012186761492
3323,2021-12-20 12:35:58.445544448,21.725208333333352,20.0,13.759374999999993,0.107802,332.3480463359994,21.699177320257217
3324,2021-12-20 12:35:58.541752064,21.707179487179506,20.0,13.730000000000006,0.1055,332.4442539519994,21.691355808003408
3325,2021-12-20 12:35:58.644859392,21.709795918367366,20.0,13.690000000000012,0.106967,332.54736127999945,21.6835475876271
3326,2021-12-20 12:35:58.747584768,21.706486486486504,20.0,13.661621621621633,0.103227,332.6500866559995,21.67575260907109
3327,2021-12-20 12:35:58.843259136,21.668979591836752,20.0,13.622448979591839,0.112226,332.7457610239995,21.66797083412985
3328,2021-12-20 12:35:58.938631680,21.672702702702722,20.0,13.594054054054043,0.099752,332.84113356799946,21.660202235958984
3329,2021-12-20 12:35:59.063133184,21.657500000000017,20.0,13.56374999999999,0.11634,332.9656350719995,21.65244679856084
3330,2021-12-20 12:35:59.216210176,21.573658536585384,20.0,13.528780487804871,0.109786,333.1187120639995,21.644704516248908
3331,2021-12-20 12:35:59.286095104,21.72,20.0,13.72,0.107791,333.18859699199953,21.636975393093657
3332,2021-12-20 12:35:59.342119936,21.648571428571447,20.0,13.516122448979598,0.115872,333.2446218239995,21.629259442352502
3333,2021-12-20 12:35:59.441032960,21.665121951219533,20.0,13.429512195121955,0.112043,333.34353484799954,21.621556685886556
3334,2021-12-20 12:35:59.542601472,21.600434782608716,20.0,13.397826086956512,0.107438,333.4451033599995,21.61386715356688
3335,2021-12-20 12:35:59.660384000,21.540652173913063,20.0,13.520434782608692,0.109209,333.5628858879995,21.60619088267288
3336,2021-12-20 12:35:59.755354368,21.58428571428573,20.0,13.555714285714293,0.114705,333.65785625599955,21.598527917285494
3337,2021-12-20 12:35:59.847679488,21.546530612244915,20.0,13.538163265306109,0.114968,333.75018137599955,21.590878307677695
3338,2021-12-20 12:35:59.955996928,21.634473684210544,20.0,13.338157894736835,0.112646,333.85849881599955,21.58324210970485
3339,2021-12-20 12:36:00.104920064,21.561836734693895,20.0,13.244081632653069,0.115412,334.00742195199956,21.57561938419749
3340,2021-12-20 12:36:00.212231680,21.50846153846154,20.0,13.229999999999999,0.109824,334.11473356799956,21.568010196358806
3341,2021-12-20 12:36:00.261557504,21.51629629629631,20.0,13.405555555555553,0.114152,334.16405939199956,21.560414615169215
3342,2021-12-20 12:36:00.345081600,21.551632653061244,20.0,13.387755102040813,0.101664,334.2475834879996,21.552832712800196
3343,2021-12-20 12:36:00.441088000,21.54236842105265,20.0,13.35499999999999,0.1036,334.3435898879996,21.54526456403947
3344,2021-12-20 12:36:00.546750208,21.485306122448996,20.0,13.329591836734677,0.110947,334.4492520959996,21.537710245729592
3345,2021-12-20 12:36:00.650028544,21.483888888888906,20.0,13.201666666666672,0.112609,334.5525304319996,21.530169836221745
3346,2021-12-20 12:36:00.744154112,21.505714285714305,20.0,13.107142857142861,0.107682,334.6466559999996,21.522643414846574
3347,2021-12-20 12:36:00.845752832,21.505714285714305,20.0,13.24142857142858,0.116795,334.74825471999964,21.51513106140358
3348,2021-12-20 12:36:00.975504640,21.485306122448996,20.0,13.21387755102043,0.108406,334.8780065279996,21.50763285567062
3349,2021-12-20 12:36:01.095057408,21.470000000000017,20.0,13.19,0.106913,334.9975592959996,21.500148876934826
3350,2021-12-20 12:36:01.164228352,21.470000000000013,20.0,13.151599999999998,0.109543,335.06673023999963,21.492679203546174
3351,2021-12-20 12:36:01.245147136,21.44959183673471,20.0,13.126326530612246,0.115412,335.14764902399963,21.485223912494828
3352,2021-12-20 12:36:01.345790208,21.509772727272747,20.0,13.09727272727274,0.110594,335.24829209599966,21.477783079013182
3353,2021-12-20 12:36:01.447972352,21.46489795918369,20.0,13.068163265306124,0.117532,335.35047423999964,21.470356776203452
3354,2021-12-20 12:36:01.547167232,21.47000000000002,20.0,13.040000000000004,0.117319,335.44966911999967,21.46294507469156
3355,2021-12-20 12:36:01.649751552,21.470000000000017,20.0,13.009999999999993,0.112228,335.5522534399997,21.45554804230793
3356,2021-12-20 12:36:01.748614656,21.48315789473686,20.0,12.980789473684217,0.116695,335.65111654399965,21.448165743795663
3357,2021-12-20 12:36:01.844429824,21.439387755102057,20.0,12.95183673469388,0.106776,335.74693171199965,21.440798240546528
3358,2021-12-20 12:36:01.945606144,21.457500000000017,20.0,12.923000000000005,0.109303,335.84810803199963,21.433445590365103
3359,2021-12-20 12:36:02.083324160,21.429183673469407,20.0,12.893673469387744,0.111735,335.98582604799964,21.426107847261306
3360,2021-12-20 12:36:02.209012480,21.451481481481498,20.0,12.875185185185186,0.114325,336.11151436799963,21.41878506127154
3361,2021-12-20 12:36:02.271675392,21.430526315789482,20.0,12.840000000000002,0.109683,336.17417727999964,21.41147727830847
3362,2021-12-20 12:36:02.346016256,21.398571428571447,20.0,12.81673469387754,0.10798,336.24851814399966,21.404184540039537
3363,2021-12-20 12:36:02.446136320,21.376976744186067,20.0,12.789069767441847,0.11244,336.34863820799967,21.396906883794095
3364,2021-12-20 12:36:02.550239744,21.373061224489813,20.0,12.758571428571427,0.107434,336.4527416319997,21.389644342499178
3365,2021-12-20 12:36:02.649565184,21.430526315789493,20.0,12.732631578947382,0.111008,336.55206707199966,21.38239694464375
3366,2021-12-20 12:36:02.744243712,21.402291666666684,20.0,12.700625000000008,0.100843,336.64674559999963,21.375164714271225
3367,2021-12-20 12:36:02.836407808,21.427142857142876,20.0,12.77571428571428,0.104668,336.7389096959996,21.367947670999936
3368,2021-12-20 12:36:02.963393792,21.403673469387773,20.0,12.741428571428568,0.104934,336.8658956799996,21.360745830071313
3369,2021-12-20 12:36:03.113976320,21.29236842105265,20.0,12.712894736842093,0.108058,337.01647820799957,21.353559202425366
3370,2021-12-20 12:36:03.183489024,21.47,20.0,12.58,0.108542,337.08599091199955,21.346387794803093
3371,2021-12-20 12:36:03.243929344,21.32204081632655,20.0,12.673877551020396,0.114362,337.14643123199954,21.339231609875338
3372,2021-12-20 12:36:03.338426880,21.294324324324343,20.0,12.774594594594587,0.113794,337.24092876799955,21.332090646397518
3373,2021-12-20 12:36:03.437913344,21.289148936170232,20.0,12.747872340425536,0.104597,337.34041523199954,21.32496489938965
3374,2021-12-20 12:36:03.557707520,21.242222222222242,20.0,12.723777777777778,0.107777,337.46020940799957,21.317854360341006
3375,2021-12-20 12:36:03.653844480,21.240833333333352,20.0,12.696666666666673,0.107672,337.5563463679996,21.31075901743867
3376,2021-12-20 12:36:03.748191232,21.27612244897961,20.0,12.603469387755098,0.119213,337.6506931199996,21.303678855819147
3377,2021-12-20 12:36:03.845696256,21.27625000000002,20.0,12.495000000000001,0.115028,337.74819814399956,21.296613857842043
3378,2021-12-20 12:36:03.944901120,21.261666666666688,20.0,12.623125000000002,0.116746,337.84740300799956,21.289564003384864
3379,2021-12-20 12:36:04.061295616,21.243255813953507,20.0,12.595813953488378,0.115927,337.96379750399956,21.28252927015776
3380,2021-12-20 12:36:04.222992640,21.250612244897976,20.0,12.576734693877539,0.115913,338.12549452799954,21.275509634037007
3381,2021-12-20 12:36:04.330153472,21.288181818181815,20.0,12.56,0.110836,338.2326553599995,21.268505069415898
3382,2021-12-20 12:36:04.370074880,21.27952380952382,20.0,12.525238095238095,0.124573,338.2725767679995,21.261515549571605
3383,2021-12-20 12:36:04.447392768,21.215714285714302,20.0,12.52224489795918,0.116844,338.3498946559995,21.25454104704656
3384,2021-12-20 12:36:04.537082624,21.228437500000016,20.0,12.694999999999997,0.115394,338.4395845119995,21.247581534042784
3385,2021-12-20 12:36:04.646516736,21.265918367346956,20.0,12.23000000000001,0.111144,338.5490186239995,21.240636982827557
3386,2021-12-20 12:36:04.764118272,21.220000000000017,20.0,12.433636363636362,0.112163,338.66662015999947,21.233707366148657
3387,2021-12-20 12:36:04.851756032,21.207692307692326,20.0,12.41000000000001,0.116387,338.7542579199995,21.226792657657512
3388,2021-12-20 12:36:04.948466432,21.22551020408165,20.0,12.382448979591835,0.110721,338.8509683199995,21.219892832338427
3389,2021-12-20 12:36:05.064247296,21.242727272727294,20.0,12.361818181818192,0.106943,338.96674918399947,21.213007866942064
3390,2021-12-20 12:36:05.205385216,21.20562500000002,20.0,12.34291666666666,0.119675,339.1078871039995,21.20613774042137
3391,2021-12-20 12:36:05.285378816,21.22,20.0,12.34,0.119053,339.1878807039995,21.19928243436815
3392,2021-12-20 12:36:05.343002624,21.215714285714302,20.0,12.294489795918368,0.108333,339.2455045119995,21.19244193344841
3393,2021-12-20 12:36:05.444611328,21.186511627906995,20.0,12.268372093023249,0.10881,339.3471132159995,21.185616225834597
3394,2021-12-20 12:36:05.544781824,21.205918367346957,20.0,12.245714285714293,0.118255,339.4472837119995,21.178805303633016
3395,2021-12-20 12:36:05.647919360,21.208837209302345,20.0,12.220465116279062,0.114571,339.5504212479995,21.172009163304665
3396,2021-12-20 12:36:05.744448768,21.168260869565234,20.0,12.196521739130441,0.120951,339.6469506559995,21.16522780607768
3397,2021-12-20 12:36:05.845544704,21.162608695652192,20.0,12.172391304347835,0.114093,339.74804659199947,21.15846123834978
3398,2021-12-20 12:36:05.965218048,21.157391304347843,20.0,12.287826086956523,0.123252,339.86771993599945,21.151709472079077
3399,2021-12-20 12:36:06.108770048,21.173043478260887,20.0,12.239565217391306,0.110721,340.01127193599945,21.14497252516168
3400,2021-12-20 12:36:06.184498688,21.18,20.0,12.1,0.116238,340.08700057599947,21.138250421794627
3401,2021-12-20 12:36:06.244939008,21.166122448979607,20.0,12.085306122448984,0.118032,340.14744089599947,21.131543192822665
3402,2021-12-20 12:36:06.339426560,21.168108108108125,20.0,12.064054054054054,0.111263,340.24192844799944,21.124850876067555
3403,2021-12-20 12:36:06.441256448,21.136734693877568,20.0,12.131632653061228,0.118003,340.34375833599944,21.11817351663856
3404,2021-12-20 12:36:06.560547840,21.052558139534895,20.0,12.243953488372098,0.11891,340.4630497279994,21.111511167222993
3405,2021-12-20 12:36:06.653848320,21.073333333333345,20.0,12.220555555555546,0.123556,340.5563502079994,21.10486388835562
3406,2021-12-20 12:36:06.748175104,21.112244897959197,20.0,12.128367346938772,0.118959,340.6506769919994,21.09823174866587
3407,2021-12-20 12:36:06.845026304,21.121538461538478,20.0,12.035384615384622,0.12778,340.7475281919994,21.09161482510186
3408,2021-12-20 12:36:06.944472576,21.065000000000015,20.0,12.1075,0.115129,340.8469744639994,21.085013203130277
3409,2021-12-20 12:36:07.059006208,21.0657142857143,20.0,11.97,0.118176,340.9615080959994,21.078426976911302
3410,2021-12-20 12:36:07.217062144,21.03387755102042,20.0,12.124489795918368,0.132341,341.1195640319994,21.071856249447706
3411,2021-12-20 12:36:07.326787840,21.035384615384608,20.0,12.099999999999996,0.118125,341.2292897279994,21.06530113270741
3412,2021-12-20 12:36:07.369867520,21.082857142857147,20.0,12.008571428571434,0.120888,341.2723694079994,21.05876174771877
3413,2021-12-20 12:36:07.446411008,21.03387755102042,20.0,11.84714285714285,0.115167,341.34891289599943,21.052238224637925
3414,2021-12-20 12:36:07.542668800,21.053846153846166,20.0,12.038974358974363,0.127067,341.44517068799945,21.045730702787672
3415,2021-12-20 12:36:07.648381440,20.99469387755103,20.0,12.01999999999999,0.117065,341.55088332799943,21.039239330667197
3416,2021-12-20 12:36:07.750201344,21.008235294117657,20.0,12.0,0.115739,341.65270323199945,21.03276426593226
3417,2021-12-20 12:36:07.843039232,21.0191836734694,20.0,11.980408163265315,0.122752,341.7455411199995,21.026305675345338
3418,2021-12-20 12:36:07.936259584,21.041714285714296,20.0,11.74428571428572,0.128253,341.8387614719995,21.01986373469536
3419,2021-12-20 12:36:08.057059584,20.984897959183684,20.0,11.922857142857149,0.127127,341.95956147199945,21.013438628686743
3420,2021-12-20 12:36:08.216312320,20.991162790697686,20.0,11.922325581395354,0.123879,342.11881420799943,21.007030550797346
3421,2021-12-20 12:36:08.279287296,21.00762221167538,20.0,11.902999525391554,0.122801,342.18178918399946,21.00063970310521
3422,2021-12-20 12:36:08.342272256,21.024081632653072,20.0,11.883673469387752,0.1231,342.24477414399945,20.994266296083943
3423,2021-12-20 12:36:08.444384000,20.996744186046524,20.0,11.864651162790707,0.122309,342.34688588799946,20.987910548366617
3424,2021-12-20 12:36:08.544654848,21.034545454545466,20.0,11.843181818181806,0.119546,342.44715673599944,20.981572686478216
3425,2021-12-20 12:36:08.659399936,20.98000000000001,20.0,11.825416666666667,0.120933,342.56190182399945,20.9752529445367
3426,2021-12-20 12:36:08.755355904,20.965142857142865,20.0,11.58428571428571,0.117966,342.65785779199945,20.968951563922943
3427,2021-12-20 12:36:08.847670784,20.959591836734702,20.0,11.707142857142843,0.116225,342.75017267199945,20.962668792919782
3428,2021-12-20 12:36:08.956531712,20.96750000000001,20.0,11.764999999999993,0.117213,342.85903359999946,20.956404886320524
3429,2021-12-20 12:36:09.098906624,20.944285714285723,20.0,11.748163265306127,0.118089,343.00140851199944,20.950160105007427
3430,2021-12-20 12:36:09.195848448,20.934545454545454,20.0,11.739999999999998,0.114773,343.09835033599944,20.943934715500717
3431,2021-12-20 12:36:09.252878848,20.960263157894747,20.0,11.775789473684204,0.122502,343.1553807359994,20.937728989478803
3432,2021-12-20 12:36:09.347838976,20.93312500000001,20.0,11.800625000000004,0.121358,343.25034086399944,20.931543203270543
3433,2021-12-20 12:36:09.446410240,20.953684210526326,20.0,11.765263157894747,0.116321,343.3489121279994,20.925377637320416
3434,2021-12-20 12:36:09.560068864,20.949387755102048,20.0,11.749795918367349,0.122642,343.4625707519994,20.919232575627568
3435,2021-12-20 12:36:09.658660096,20.9196551724138,20.0,11.724827586206894,0.119054,343.5611619839994,20.913108305159902
3436,2021-12-20 12:36:09.744779264,20.928979591836743,20.0,11.623061224489797,0.109927,343.6472811519994,20.90700511524438
3437,2021-12-20 12:36:09.834670080,20.964375000000008,20.0,11.605625,0.121341,343.73717196799936,20.900923296934877
3438,2021-12-20 12:36:09.962953472,20.969583333333343,20.0,11.58458333333333,0.104898,343.8654553599994,20.894863142359
3439,2021-12-20 12:36:10.116110848,20.865135135135144,20.0,11.569999999999995,0.109779,344.0186127359994,20.888824944045442
3440,2021-12-20 12:36:10.185392384,20.98,20.0,11.54,0.111832,344.0878942719994,20.882808994233446
3441,2021-12-20 12:36:10.244736256,20.877959183673482,20.0,11.536326530612246,0.117226,344.1472381439994,20.876815584166152
3442,2021-12-20 12:36:10.340340224,20.84184210526317,20.0,11.519999999999996,0.111428,344.2428421119994,20.870845003369602
3443,2021-12-20 12:36:10.440400128,20.86479166666668,20.0,11.497500000000002,0.115854,344.34290201599936,20.864897538919326
3444,2021-12-20 12:36:10.556663808,20.769772727272738,20.0,11.480000000000006,0.115008,344.45916569599933,20.858973474696416
3445,2021-12-20 12:36:10.652549376,20.813333333333343,20.0,11.68897435897436,0.119634,344.55505126399936,20.853073090635075
3446,2021-12-20 12:36:10.748776960,20.82183673469389,20.0,11.670000000000002,0.110138,344.6512788479994,20.84719666196369
3447,2021-12-20 12:36:10.845849344,20.86125000000001,20.0,11.649999999999991,0.124376,344.7483512319994,20.841344458441505
3448,2021-12-20 12:36:10.947800320,20.80653061224491,20.0,11.640204081632644,0.113668,344.8503022079994,20.83551674359296
3449,2021-12-20 12:36:11.061800704,20.864615384615394,20.0,11.40923076923076,0.119537,344.9643025919994,20.82971377394174
3450,2021-12-20 12:36:11.212866048,20.80653061224491,20.0,11.38081632653061,0.114675,345.1153679359994,20.8239357982466
3451,2021-12-20 12:36:11.316707840,20.798181818181817,20.0,11.475454545454546,0.117386,345.21920972799944,20.818183056740978
3452,2021-12-20 12:36:11.363670016,20.792500000000008,20.0,11.569999999999995,0.122668,345.26617190399946,20.812455780378457
3453,2021-12-20 12:36:11.448280320,20.770816326530625,20.0,11.554081632653062,0.1291,345.3507822079995,20.806754190085986
3454,2021-12-20 12:36:11.535535872,20.78833333333334,20.0,11.543666666666669,0.118868,345.4380377599995,20.80107849602687
3455,2021-12-20 12:36:11.636873216,20.74530612244899,20.0,11.52530612244897,0.112097,345.5393751039995,20.79542889687539
3456,2021-12-20 12:36:11.749214208,20.763783783783794,20.0,11.51378378378378,0.11519,345.65171609599946,20.789805579104893
3457,2021-12-20 12:36:11.846155776,20.735625000000013,20.0,11.496666666666671,0.119064,345.74865766399944,20.784208716291268
3458,2021-12-20 12:36:11.941518336,20.769473684210535,20.0,11.484736842105269,0.128443,345.84402022399945,20.77863846843339
3459,2021-12-20 12:36:12.065909248,20.73000000000001,20.0,11.474081632653073,0.123882,345.9684111359995,20.77309498129233
3460,2021-12-20 12:36:12.214077696,20.73000000000001,20.0,11.460499999999994,0.117075,346.11657958399945,20.76757838575098
3461,2021-12-20 12:36:12.285622272,20.837142857142858,20.0,11.44,0.118817,346.18812415999946,20.762088797195588
3462,2021-12-20 12:36:12.347470848,20.77591836734695,20.0,11.31244897959184,0.118816,346.24997273599945,20.756626314920858
3463,2021-12-20 12:36:12.441364736,20.743888888888897,20.0,11.251111111111118,0.124812,346.3438666239995,20.75119102156
3464,2021-12-20 12:36:12.541676032,20.74063829787235,20.0,11.40106382978723,0.131294,346.44417791999945,20.745782982541236
3465,2021-12-20 12:36:12.665020928,20.73000000000001,20.0,11.383333333333328,0.113091,346.56752281599944,20.740402245572188
3466,2021-12-20 12:36:12.759518464,20.81333333333334,20.0,11.364545454545462,0.124626,346.66202035199944,20.73504884015357
3467,2021-12-20 12:36:12.850535936,20.74530612244899,20.0,11.353469387755103,0.116749,346.7530378239994,20.729722777123612
3468,2021-12-20 12:36:12.961197056,20.821463414634156,20.0,11.336341463414628,0.11131,346.8636989439994,20.724424048234546
3469,2021-12-20 12:36:13.106861056,20.75604166666668,20.0,11.324999999999996,0.116668,347.0093629439994,20.71915262576255
3470,2021-12-20 12:36:13.208097792,20.729999999999997,20.0,11.31,0.112981,347.1105996799994,20.713908462152553
3471,2021-12-20 12:36:13.260189696,20.730000000000008,20.0,11.293999999999995,0.108869,347.1626915839994,20.708691489699245
3472,2021-12-20 12:36:13.347867648,20.695714285714295,20.0,11.278367346938763,0.115495,347.25036953599937,20.703501620265683
3473,2021-12-20 12:36:13.449174784,20.708181818181828,20.0,11.266818181818179,0.118914,347.35167667199937,20.69833874504087
3474,2021-12-20 12:36:13.550270464,20.73000000000001,20.0,11.248979591836736,0.115367,347.4527723519994,20.693202734337703
3475,2021-12-20 12:36:13.648650496,20.695714285714295,20.0,11.23928571428572,0.126279,347.5511523839994,20.68809343743262
3476,2021-12-20 12:36:13.749444608,20.710408163265317,20.0,11.2295918367347,0.120638,347.6519464959994,20.683010682448323
3477,2021-12-20 12:36:13.849323264,20.707142857142866,20.0,11.209999999999994,0.117695,347.7518251519994,20.677954276280794
3478,2021-12-20 12:36:13.949664768,20.690816326530623,20.0,11.420000000000002,0.114232,347.85216665599944,20.672924004571897
3479,2021-12-20 12:36:14.058555904,20.64627906976745,20.0,11.41046511627908,0.116875,347.96105779199945,20.66791963172878
3480,2021-12-20 12:36:14.198235136,20.612448979591846,20.0,11.184693877551021,0.109076,348.10073702399944,20.66294090099124
3481,2021-12-20 12:36:14.295850752,20.64428571428572,20.0,11.311428571428573,0.125498,348.1983526399994,20.657987534548155
3482,2021-12-20 12:36:14.355556864,20.69108108108109,20.0,11.370000000000003,0.121635,348.25805875199944,20.65305923370387
3483,2021-12-20 12:36:14.450064384,20.636938775510213,20.0,11.182244897959173,0.116625,348.3525662719994,20.64815567909555
3484,2021-12-20 12:36:14.548856832,20.660526315789483,20.0,11.316842105263165,0.107634,348.4513587199994,20.64327653096223
3485,2021-12-20 12:36:14.660624640,20.52428571428572,20.0,11.342448979591827,0.115869,348.56312652799943,20.63842142946624
3486,2021-12-20 12:36:14.759889664,20.64483870967743,20.0,11.185161290322586,0.109178,348.6623915519994,20.633589995067453
3487,2021-12-20 12:36:14.846592256,20.615000000000013,20.0,11.093124999999988,0.107358,348.7490941439994,20.628781828950782
3488,2021-12-20 12:36:14.946430720,20.67000000000001,20.0,11.084249999999995,0.115118,348.8489326079994,20.623996513507176
3489,2021-12-20 12:36:15.092527360,20.56346938775511,20.0,11.212857142857152,0.117678,348.9950292479994,20.61923361286809
3490,2021-12-20 12:36:15.226996480,20.53444444444445,20.0,11.284074074074068,0.117172,349.1294983679994,20.614492673493302
3491,2021-12-20 12:36:15.283091456,20.610000000000003,20.0,11.260000000000002,0.114475,349.1855933439994,20.60977322481179
3492,2021-12-20 12:36:15.349214720,20.57816326530613,20.0,11.254489795918365,0.118502,349.2517166079994,20.60507477991513
3493,2021-12-20 12:36:15.441137408,20.577272727272735,20.0,11.24727272727273,0.124549,349.3436392959994,20.60039683630276
3494,2021-12-20 12:36:15.537405184,20.551276595744685,20.0,11.235106382978731,0.121628,349.4399070719994,20.595738876678137
3495,2021-12-20 12:36:15.658225152,20.52200000000001,20.0,11.226222222222232,0.126515,349.5607270399994,20.59110036979473
3496,2021-12-20 12:36:15.755539200,20.56135135135136,20.0,11.214594594594589,0.134284,349.6580410879994,20.586480771350473
3497,2021-12-20 12:36:15.850056960,20.53408163265307,20.0,11.206326530612243,0.117737,349.75255884799935,20.581879524929168
3498,2021-12-20 12:36:15.965586432,20.539230769230777,20.0,11.195641025641022,0.1177,349.86808831999934,20.577296062987077
3499,2021-12-20 12:36:16.126478592,20.58500000000001,20.0,11.118124999999994,0.120175,350.02898047999935,20.572729807882798
3500,2021-12-20 12:36:16.236385536,20.533636363636365,20.0,10.960000000000003,0.120536,350.13888742399934,20.568180172948267
3501,2021-12-20 12:36:16.272766208,20.602941176470594,20.0,11.162941176470587,0.110385,350.17526809599934,20.563646563598564
3502,2021-12-20 12:36:16.346020864,20.543877551020415,20.0,11.113061224489803,0.118421,350.24852275199936,20.559128378478047
3503,2021-12-20 12:36:16.446492928,20.54142857142858,20.0,10.92785714285715,0.130155,350.34899481599933,20.554625010640187
3504,2021-12-20 12:36:16.550203904,20.54877551020409,20.0,10.950000000000003,0.123773,350.45270579199934,20.550135848758273
3505,2021-12-20 12:36:16.650656000,20.54052631578948,20.0,11.127368421052632,0.109834,350.55315788799936,20.545660278364053
3506,2021-12-20 12:36:16.745535744,20.52428571428572,20.0,11.10938775510205,0.108315,350.6480376319994,20.541197683111264
3507,2021-12-20 12:36:16.847235072,20.529069767441868,20.0,11.099534883720937,0.112573,350.7497369599994,20.536747446060865
3508,2021-12-20 12:36:16.990314240,20.490000000000006,20.0,11.089795918367336,0.105103,350.89281612799937,20.532308950984714
3509,2021-12-20 12:36:17.131834368,20.512500000000006,20.0,11.08,0.104573,351.0343362559994,20.527881583684316
3510,2021-12-20 12:36:17.188200960,20.650000000000002,20.0,11.07,0.102163,351.0907028479994,20.523464733321248
3511,2021-12-20 12:36:17.244235520,20.490000000000006,20.0,11.060416666666667,0.110994,351.1467374079994,20.519057793755824
3512,2021-12-20 12:36:17.342042368,20.525121951219518,20.0,11.050975609756104,0.108444,351.2445442559994,20.514660164890472
3513,2021-12-20 12:36:17.444556288,20.519387755102045,20.0,10.843469387755098,0.109846,351.3470581759994,20.510271254014306
3514,2021-12-20 12:36:17.556776704,20.51790697674419,20.0,10.81139534883721,0.108983,351.4592785919994,20.505890477145407
3515,2021-12-20 12:36:17.652169472,20.507560975609763,20.0,11.019999999999994,0.105909,351.5546713599994,20.50151726036722
3516,2021-12-20 12:36:17.751575296,20.480612244897966,20.0,11.003673469387754,0.109804,351.6540771839994,20.49715104115563
3517,2021-12-20 12:36:17.846404864,20.477567567567572,20.0,10.990540540540547,0.117209,351.7489067519994,20.492791269693303
3518,2021-12-20 12:36:17.946454784,20.514489795918376,20.0,10.982448979591844,0.11156,351.8489566719994,20.488437410167904
3519,2021-12-20 12:36:18.056763904,20.490000000000006,20.0,10.972105263157905,0.120774,351.9592657919994,20.48408894205081
3520,2021-12-20 12:36:18.197831168,20.490000000000006,20.0,10.96306122448979,0.109707,352.10033305599944,20.479745361353118
3521,2021-12-20 12:36:18.299349504,20.490000000000002,20.0,10.960000000000004,0.120874,352.20185139199947,20.47540618185575
3522,2021-12-20 12:36:18.357647360,20.525000000000006,20.0,10.941111111111109,0.104488,352.2601492479995,20.471070936310632
3523,2021-12-20 12:36:18.450425088,20.480416666666674,20.0,10.933958333333335,0.105074,352.3529269759995,20.466739177609977
3524,2021-12-20 12:36:18.548442880,20.47789473684211,20.0,10.922631578947371,0.114237,352.4509447679995,20.46241047992085
3525,2021-12-20 12:36:18.661819904,20.490000000000006,20.0,10.914489795918376,0.113232,352.5643217919995,20.458084439782322
3526,2021-12-20 12:36:18.761085184,20.47517241379311,20.0,10.904482758620686,0.117107,352.6635870719995,20.45376067716264
3527,2021-12-20 12:36:18.847344896,20.43836734693878,20.0,10.895102040816322,0.109729,352.7498467839995,20.449438836474098
3528,2021-12-20 12:36:18.944628736,20.471842105263164,20.0,10.887105263157888,0.104926,352.8471306239995,20.445118587543234
3529,2021-12-20 12:36:19.080184064,20.500000000000007,20.0,10.875833333333333,0.105115,352.9826859519995,20.440799626534375
3530,2021-12-20 12:36:19.221271808,20.47606060606061,20.0,10.869393939393943,0.106044,353.1237736959995,20.436481676824624
3531,2021-12-20 12:36:19.283602944,20.49,20.0,10.849999999999998,0.102166,353.1861048319995,20.432164489828562
3532,2021-12-20 12:36:19.345129472,20.466530612244902,20.0,10.846734693877547,0.101969,353.2476313599995,20.427847845771065
3533,2021-12-20 12:36:19.440642816,20.47789473684211,20.0,10.839210526315782,0.108138,353.3431447039995,20.423531554406875
3534,2021-12-20 12:36:19.551293952,20.490000000000006,20.0,10.82734693877551,0.106989,353.4537958399995,20.41921545568568
3535,2021-12-20 12:36:19.679848960,20.411463414634145,20.0,10.836097560975606,0.111239,353.58235084799946,20.414899420361678
3536,2021-12-20 12:36:19.764871680,20.472307692307695,20.0,10.956923076923077,0.108681,353.66737356799945,20.41058335054674
3537,2021-12-20 12:36:19.848546560,20.37734693877551,20.0,10.800000000000006,0.111091,353.75104844799944,20.40626718020647
3538,2021-12-20 12:36:19.956441856,20.39372093023256,20.0,10.7986046511628,0.105135,353.8589437439994,20.40195087559855
3539,2021-12-20 12:36:20.095507456,20.344489795918367,20.0,10.788979591836739,0.110183,353.9980093439994,20.397634435652943
3540,2021-12-20 12:36:20.198112256,20.381764705882354,20.0,10.78,0.10586,354.1006141439994,20.39331789229355
3541,2021-12-20 12:36:20.259980544,20.307352941176468,20.0,10.989411764705887,0.116076,354.1624824319994,20.389001310701147
3542,2021-12-20 12:36:20.351913472,20.408541666666668,20.0,10.980000000000006,0.108186,354.2544153599994,20.384684789517394
3543,2021-12-20 12:36:20.442468096,20.483750000000004,20.0,10.7571875,0.114769,354.3449699839994,20.380368460989864
3544,2021-12-20 12:36:20.545756672,20.3069387755102,20.0,10.961020408163277,0.108856,354.44825855999943,20.376052491058037
3545,2021-12-20 12:36:20.653380352,20.330277777777777,20.0,10.961111111111109,0.114389,354.55588223999945,20.371737079380225
3546,2021-12-20 12:36:20.748139264,20.316326530612244,20.0,10.959999999999994,0.113396,354.6506411519994,20.367422459301494
3547,2021-12-20 12:36:20.836461056,20.349032258064515,20.0,10.952258064516123,0.115648,354.7389629439994,20.363108897762565
3548,2021-12-20 12:36:20.962008576,20.29354166666666,20.0,10.758333333333347,0.107921,354.8645104639994,20.358796695149803
3549,2021-12-20 12:36:21.128272128,20.276829268292676,20.0,10.880975609756096,0.108091,355.0307740159994,20.35448618508629
3550,2021-12-20 12:36:21.188943616,20.297833238797498,20.0,10.90548780487805,0.112373,355.0914455039994,20.350177734164003
3551,2021-12-20 12:36:21.249615104,20.31883720930232,20.0,10.930000000000005,0.115242,355.15211699199943,20.345871741617085
3552,2021-12-20 12:36:21.351716864,20.392857142857146,20.0,10.610816326530628,0.100445,355.2542187519994,20.341568638936213
3553,2021-12-20 12:36:21.452259328,20.265348837209295,20.0,10.804883720930237,0.109979,355.3547612159994,20.337268889423957
3554,2021-12-20 12:36:21.554773504,20.283958333333327,20.0,10.907499999999986,0.121243,355.4572753919994,20.332972987691104
3555,2021-12-20 12:36:21.651825920,20.32731707317073,20.0,10.899999999999993,0.112825,355.5543278079994,20.328681459093765
3556,2021-12-20 12:36:21.750658560,20.288163265306117,20.0,10.894489795918364,0.11805,355.6531604479994,20.324394859111177
3557,2021-12-20 12:36:21.845477888,20.35324324324324,20.0,10.889999999999992,0.114391,355.74797977599945,20.320113772664005
3558,2021-12-20 12:36:21.946382592,20.339795918367344,20.0,10.777346938775517,0.104892,355.84888447999947,20.315838813373006
3559,2021-12-20 12:36:22.057184768,20.26621621621621,20.0,10.790810810810807,0.107718,355.95968665599946,20.311570622757888
3560,2021-12-20 12:36:22.202838784,20.288749999999993,20.0,10.875833333333333,0.11117,356.10534067199944,20.307309869376212
3561,2021-12-20 12:36:22.313962752,20.259999999999998,20.0,10.870000000000003,0.116859,356.21646463999946,20.30305724790222
3562,2021-12-20 12:36:22.366919424,20.343599999999995,20.0,10.860000000000007,0.112958,356.26942131199945,20.29881347814548
3563,2021-12-20 12:36:22.449829888,20.29755102040816,20.0,10.856938775510216,0.121302,356.35233177599946,20.294579304009304
3564,2021-12-20 12:36:22.547385344,20.308421052631573,20.0,10.765263157894736,0.114242,356.44988723199947,20.29035549238894
3565,2021-12-20 12:36:22.653278976,20.259999999999994,20.0,10.673877551020405,0.112708,356.5557808639995,20.286142832009514
3566,2021-12-20 12:36:22.755058688,20.280294117647056,20.0,10.772352941176475,0.115511,356.65756057599947,20.281942132203906
3567,2021-12-20 12:36:22.846930944,20.259999999999994,20.0,10.644285714285722,0.122452,356.74943283199946,20.2777542216308
3568,2021-12-20 12:36:22.945170176,20.294499999999996,20.0,10.779749999999991,0.117559,356.8476720639995,20.273579946933182
3569,2021-12-20 12:36:23.080765952,20.259999999999994,20.0,10.612448979591827,0.117023,356.9832678399995,20.269420171337757
3570,2021-12-20 12:36:23.226158592,20.27971428571428,20.0,10.81,0.117807,357.1286604799995,20.265275773195878
3571,2021-12-20 12:36:23.289364736,20.26,20.0,10.796000000000001,0.103807,357.1918666239995,20.261147644466668
3572,2021-12-20 12:36:23.347330560,20.269583333333326,20.0,10.790000000000006,0.113501,357.2498324479995,20.257036689143128
3573,2021-12-20 12:36:23.442451712,20.259999999999994,20.0,10.790000000000004,0.118233,357.3449535999995,20.25294382162229
3574,2021-12-20 12:36:23.540107776,20.259999999999994,20.0,10.779999999999985,0.113166,357.44260966399946,20.248869965020614
3575,2021-12-20 12:36:23.652327936,20.259999999999994,20.0,10.779999999999987,0.111531,357.55482982399946,20.244816049436004
3576,2021-12-20 12:36:23.751502592,20.24857142857142,20.0,10.550000000000008,0.102712,357.65400447999946,20.24078301015797
3577,2021-12-20 12:36:23.852517888,20.278367346938772,20.0,10.550000000000008,0.118464,357.7550197759995,20.236771785827763
3578,2021-12-20 12:36:23.963742464,20.259999999999994,20.0,10.754166666666661,0.10921,357.86624435199946,20.23278331655051
3579,2021-12-20 12:36:24.107042816,20.2404081632653,20.0,10.75204081632653,0.11074,358.00954470399944,20.228818541961566
3580,2021-12-20 12:36:24.203190016,20.26,20.0,10.75,0.107419,358.10569190399946,20.22487839924957
3581,2021-12-20 12:36:24.256056320,20.234736842105256,20.0,10.751578947368428,0.114142,358.1585582079995,20.220963821138916
3582,2021-12-20 12:36:24.352625920,20.24897959183673,20.0,10.740000000000004,0.115682,358.2551278079995,20.21707573383471
3583,2021-12-20 12:36:24.450764544,20.259999999999994,20.0,10.731315789473689,0.114588,358.3532664319995,20.213215054933368
3584,2021-12-20 12:36:24.556698368,20.249999999999993,20.0,10.730000000000006,0.113332,358.45920025599946,20.209382691302388
3585,2021-12-20 12:36:24.655541248,20.27199999999999,20.0,10.723142857142866,0.110918,358.55804313599947,20.20557953693313
3586,2021-12-20 12:36:24.748006912,20.2404081632653,20.0,10.84122448979592,0.121857,358.65050879999944,20.201806470770652
3587,2021-12-20 12:36:24.845562368,20.235999999999994,20.0,10.819249999999993,0.114932,358.74806425599945,20.198064354524988
3588,2021-12-20 12:36:24.945843456,20.21591836734693,20.0,10.81775510204082,0.106053,358.8483453439994,20.194354030468403
3589,2021-12-20 12:36:25.045018112,20.25947368421052,20.0,10.837368421052627,0.119918,358.94751999999943,20.190676319223545
3590,2021-12-20 12:36:25.149976320,20.204999999999995,20.0,10.80166666666667,0.119613,359.05247820799946,20.18703201754762
3591,2021-12-20 12:36:25.252128256,20.217647058823523,20.0,10.928235294117654,0.112443,359.15463014399944,20.18342189611791
3592,2021-12-20 12:36:25.345619968,20.23061224489795,20.0,10.920000000000003,0.112287,359.24812185599944,20.17984669732433
3593,2021-12-20 12:36:25.442098944,20.20947368421052,20.0,10.891052631578946,0.113258,359.34460083199946,20.1763071330748
3594,2021-12-20 12:36:25.546936576,20.23979591836734,20.0,10.699999999999994,0.110938,359.44943846399946,20.172803882619522
3595,2021-12-20 12:36:25.666931712,20.17428571428571,20.0,10.698571428571423,0.110376,359.56943359999946,20.169337590400367
3596,2021-12-20 12:36:25.758542592,20.24628571428571,20.0,10.69,0.113,359.6610444799995,20.165908863931804
3597,2021-12-20 12:36:25.851300096,20.176734693877542,20.0,10.688163265306121,0.108135,359.7538019839995,20.162518271719886
3598,2021-12-20 12:36:25.970289664,20.198604651162782,20.0,10.680000000000005,0.103062,359.8727915519995,20.159166341225966
3599,2021-12-20 12:36:26.134018304,20.191428571428563,20.0,10.678775510204087,0.103009,360.0365201919995,20.155853556881922
3600,2021-12-20 12:36:26.236431872,20.14,20.0,10.67,0.10868,360.1389337599995,20.15258035816375
3601,2021-12-20 12:36:26.272309760,20.063636363636355,20.0,10.888181818181813,0.110413,360.1748116479995,20.149347137730288
3602,2021-12-20 12:36:26.350009856,20.149374999999992,20.0,10.875416666666665,0.110878,360.2525117439995,20.14615423963403
3603,2021-12-20 12:36:26.450109952,20.11418604651162,20.0,10.660000000000009,0.12179,360.3526118399995,20.143001957610792
3604,2021-12-20 12:36:26.552422912,20.044489795918356,20.0,10.879999999999997,0.112605,360.4549247999995,20.139890533455038
3605,2021-12-20 12:36:26.652462592,20.131219512195116,20.0,10.879999999999997,0.114788,360.5549644799995,20.13682015548749
3606,2021-12-20 12:36:26.750510592,20.088571428571417,20.0,10.67346938775511,0.105865,360.6530124799995,20.133790957121537
3607,2021-12-20 12:36:26.848760064,20.102105263157885,20.0,10.660000000000007,0.108346,360.75126195199954,20.130803015534795
3608,2021-12-20 12:36:26.992834816,20.06999999999999,20.0,10.65124999999999,0.109029,360.89533670399953,20.127856350452046
3609,2021-12-20 12:36:27.135099136,20.115999999999993,20.0,10.811333333333335,0.118461,361.0376010239995,20.12495092304534
3610,2021-12-20 12:36:27.190198528,20.099999999999998,20.0,10.86,0.108277,361.0927004159995,20.122086634957007
3611,2021-12-20 12:36:27.247339520,20.1473469387755,20.0,10.860000000000008,0.116272,361.1498414079995,20.11926332745102
3612,2021-12-20 12:36:27.345146368,20.109999999999992,20.0,10.86000000000001,0.114661,361.2476482559995,20.11648078069777
3613,2021-12-20 12:36:27.445115648,20.065957446808497,20.0,10.696170212765947,0.111116,361.34761753599946,20.11373871319709
3614,2021-12-20 12:36:27.559367680,20.035999999999987,20.0,10.786666666666674,0.10725,361.4618695679995,20.111036781343916
3615,2021-12-20 12:36:27.655072256,20.083157894736832,20.0,10.851842105263165,0.106142,361.5575741439995,20.1083745791408
3616,2021-12-20 12:36:27.751631872,20.0738775510204,20.0,10.850000000000009,0.108904,361.65413375999947,20.10575163806099
3617,2021-12-20 12:36:27.849609472,20.11599999999999,20.0,10.850000000000007,0.124867,361.75211135999945,20.103167427065404
3618,2021-12-20 12:36:27.951500032,20.064081632653053,20.0,10.850000000000009,0.11196,361.85400191999946,20.100621352776518
3619,2021-12-20 12:36:28.064625408,20.106153846153834,20.0,10.850000000000007,0.125432,361.9671272959995,20.098112759811738
3620,2021-12-20 12:36:28.213679104,20.05499999999999,20.0,10.744583333333331,0.126811,362.1161809919995,20.09564093127836
3621,2021-12-20 12:36:28.319230720,20.075384615384614,20.0,10.629999999999999,0.125462,362.2217326079995,20.09320508943188
3622,2021-12-20 12:36:28.367731968,20.09384615384615,20.0,10.849999999999998,0.122785,362.2702338559995,20.09080439649892
3623,2021-12-20 12:36:28.450994432,20.054285714285705,20.0,10.850000000000009,0.122558,362.35349631999946,20.088437955665665
3624,2021-12-20 12:36:28.550852864,20.065714285714275,20.0,10.850000000000009,0.113514,362.4533547519995,20.08610481223215
3625,2021-12-20 12:36:28.651838208,20.01999999999999,20.0,10.846734693877547,0.124815,362.55434009599946,20.083803954932396
3626,2021-12-20 12:36:28.752420864,20.065714285714275,20.0,10.83999999999999,0.118068,362.65492275199944,20.081534317419866
3627,2021-12-20 12:36:28.851444736,20.04499999999999,20.0,10.83999999999999,0.120882,362.7539466239994,20.07929477991728
3628,2021-12-20 12:36:28.950669824,20.057894736842094,20.0,10.839999999999991,0.115656,362.85317171199944,20.077084171029338
3629,2021-12-20 12:36:29.091536128,20.049387755102032,20.0,10.83999999999999,0.126467,362.9940380159994,20.074901269716474
3630,2021-12-20 12:36:29.217968640,20.039199999999994,20.0,10.84,0.114264,363.12047052799943,20.072744807427306
3631,2021-12-20 12:36:29.276658688,20.076470588235296,20.0,10.840000000000002,0.125507,363.17916057599945,20.070613470386967
3632,2021-12-20 12:36:29.349561088,20.054285714285705,20.0,10.83999999999999,0.110662,363.2520629759994,20.068505902038062
3633,2021-12-20 12:36:29.447860736,20.07399999999999,20.0,10.839999999999991,0.111663,363.35036262399944,20.066420705630563
3634,2021-12-20 12:36:29.557284864,20.01999999999999,20.0,10.83999999999999,0.120966,363.45978675199945,20.064356446956467
3635,2021-12-20 12:36:29.657153536,20.06137931034482,20.0,10.839999999999996,0.117404,363.55965542399946,20.062311657224644
3636,2021-12-20 12:36:29.746541568,20.01999999999999,20.0,10.83999999999999,0.111765,363.64904345599945,20.060284836070924
3637,2021-12-20 12:36:29.849136128,20.03116279069766,20.0,10.83999999999999,0.112855,363.75163801599945,20.058274454698022
3638,2021-12-20 12:36:29.970076928,20.01999999999999,20.0,10.83999999999999,0.112728,363.8725788159995,20.05627895913948
3639,2021-12-20 12:36:30.130576896,20.01999999999999,20.0,10.83999999999999,0.109074,364.0330787839995,20.05429677364145
3640,2021-12-20 12:36:30.216997632,20.02,20.0,10.84,0.098151,364.11949951999947,20.05232630415576
3641,2021-12-20 12:36:30.257462016,20.038947368421045,20.0,10.839999999999991,0.097069,364.1599639039995,20.050365941937287
3642,2021-12-20 12:36:30.352593408,20.07877551020407,20.0,10.831428571428567,0.106666,364.25509529599947,20.048414067238408
3643,2021-12-20 12:36:30.455288320,20.05272727272726,20.0,10.829999999999997,0.110799,364.35779020799947,20.046469053092935
3644,2021-12-20 12:36:30.564833280,20.029795918367334,20.0,10.829999999999997,0.103605,364.46733516799947,20.044529269181584
3645,2021-12-20 12:36:30.659934208,20.04057142857142,20.0,10.829999999999998,0.100092,364.5624360959995,20.042593085770832
3646,2021-12-20 12:36:30.752480512,20.01999999999999,20.0,10.829999999999997,0.102471,364.6549823999995,20.04065887771667
3647,2021-12-20 12:36:30.846947840,20.026486486486476,20.0,10.829999999999998,0.098377,364.7494497279995,20.038725028524517
3648,2021-12-20 12:36:30.946162944,20.03469387755101,20.0,10.681836734693887,0.103614,364.8486648319995,20.036789934456426
3649,2021-12-20 12:36:31.057749504,20.00878048780487,20.0,10.733414634146339,0.105805,364.96025139199946,20.03485200867634
3650,2021-12-20 12:36:31.214950400,20.01061224489795,20.0,10.823877551020407,0.101671,365.11745228799947,20.032909685424137
3651,2021-12-20 12:36:31.340437504,20.019999999999996,20.0,10.819999999999997,0.095312,365.24293939199947,20.03096142420894
3652,2021-12-20 12:36:31.383838976,20.02,20.0,10.82,0.110499,365.2863408639995,20.02900571401203
3653,2021-12-20 12:36:31.447890176,20.01999999999999,20.0,10.819999999999997,0.103763,365.3503920639995,20.02704107748966
3654,2021-12-20 12:36:31.539561472,20.019999999999992,20.0,10.819999999999995,0.101025,365.4420633599995,20.025066075165842
3655,2021-12-20 12:36:31.635266048,20.04285714285713,20.0,10.819999999999995,0.108473,365.5377679359995,20.023079309605226
3656,2021-12-20 12:36:31.766747904,20.03469387755101,20.0,10.819999999999997,0.104079,365.6692497919995,20.021079429556085
3657,2021-12-20 12:36:31.865590528,20.00296296296296,20.0,10.819999999999995,0.112246,365.7680924159995,20.019065134053463
3658,2021-12-20 12:36:31.949416448,20.020408163265294,20.0,10.896326530612246,0.113607,365.85191833599947,20.017035176472458
3659,2021-12-20 12:36:32.052986368,20.002307692307685,20.0,10.949743589743585,0.104017,365.95548825599946,20.014988368521724
3660,2021-12-20 12:36:32.200742656,20.00122448979591,20.0,10.819999999999997,0.104693,366.10324454399944,20.0129235841673
3661,2021-12-20 12:36:32.323061504,20.019999999999996,20.0,10.819999999999997,0.105158,366.22556339199946,20.01083976347698
3662,2021-12-20 12:36:32.376883200,20.021111111111107,20.0,10.819999999999997,0.098427,366.27938508799946,20.00873591637553
3663,2021-12-20 12:36:32.450117632,20.000833333333322,20.0,10.819999999999995,0.106749,366.35261951999945,20.006611126301248
3664,2021-12-20 12:36:32.543418368,20.019999999999992,20.0,10.819999999999995,0.104396,366.44592025599945,20.004464553754428
3665,2021-12-20 12:36:32.653797888,20.029795918367334,20.0,10.819999999999997,0.110085,366.55629977599943,20.002295439728595
3666,2021-12-20 12:36:32.766873088,20.006060606060597,20.0,10.819999999999995,0.108152,366.66937497599946,20.000103109015516
3667,2021-12-20 12:36:32.855406080,20.01999999999999,20.0,10.819999999999995,0.109458,366.7579079679995,19.997886973375216
3668,2021-12-20 12:36:32.955264768,20.010612244897946,20.0,10.819999999999997,0.108746,366.85776665599946,19.995646534562646
3669,2021-12-20 12:36:33.069114624,20.027222222222214,20.0,10.819999999999995,0.106406,366.97161651199946,19.993381387202753
3670,2021-12-20 12:36:33.222050816,20.029795918367338,20.0,10.819999999999997,0.111399,367.1245527039995,19.991091221506185
3671,2021-12-20 12:36:33.326576384,20.02,20.0,10.82,0.108925,367.22907827199947,19.988775825818088
3672,2021-12-20 12:36:33.369555456,20.037777777777773,20.0,10.819999999999995,0.103833,367.27205734399945,19.986435088992877
3673,2021-12-20 12:36:33.453079552,19.963673469387743,20.0,10.819999999999997,0.110047,367.35558143999947,19.984069002588235
3674,2021-12-20 12:36:33.546832640,20.00722222222221,20.0,10.819999999999995,0.115667,367.4493345279995,19.98167766287198
3675,2021-12-20 12:36:33.649507584,19.991249999999987,20.0,10.819999999999995,0.105,367.5520094719995,19.979261272635917
3676,2021-12-20 12:36:33.754053376,19.98891891891891,20.0,10.819999999999995,0.108926,367.6565552639995,19.976820142811142
3677,2021-12-20 12:36:33.849707776,19.987142857142846,20.0,10.819999999999997,0.112621,367.7522096639995,19.974354693879846
3678,2021-12-20 12:36:33.951145472,19.96523809523809,20.0,10.819999999999995,0.095575,367.8536473599995,19.971865457079
3679,2021-12-20 12:36:34.084961024,20.03469387755101,20.0,10.819999999999997,0.104855,367.9874629119995,19.969353075391926
3680,2021-12-20 12:36:34.213716992,19.97548387096774,20.0,10.814516129032258,0.098402,368.1162188799995,19.966818304324086
3681,2021-12-20 12:36:34.277627392,20.02,20.0,10.81,0.122782,368.1801292799995,19.96426201246007
3682,2021-12-20 12:36:34.349010944,19.98714285714285,20.0,10.809999999999999,0.108803,368.2515128319995,19.961685181799186
3683,2021-12-20 12:36:34.440219648,19.978181818181813,20.0,10.903333333333327,0.11434,368.3427215359995,19.959088907867695
3684,2021-12-20 12:36:34.539545088,19.973061224489783,20.0,10.899795918367346,0.110683,368.44204697599946,19.95647439960611
3685,2021-12-20 12:36:34.651413248,19.904999999999994,20.0,10.908421052631569,0.096172,368.55391513599943,19.95384297903062
3686,2021-12-20 12:36:34.749793536,19.975957446808497,20.0,10.91382978723404,0.107703,368.6522954239994,19.951196080668254
3687,2021-12-20 12:36:34.851412224,19.96888888888888,20.0,10.922666666666673,0.108566,368.7539141119994,19.948535250765886
3688,2021-12-20 12:36:34.970522368,19.976190476190464,20.0,10.919523809523804,0.104488,368.8730242559994,19.945862146273832
3689,2021-12-20 12:36:35.127019264,19.95469387755101,20.0,10.819999999999997,0.106549,369.0295211519994,19.94317853360522
3690,2021-12-20 12:36:35.212997376,20.02,20.0,10.82,0.104362,369.1154992639994,19.94048628717294
3691,2021-12-20 12:36:35.256067072,20.00849999999999,20.0,10.819999999999995,0.097314,369.1585689599994,19.9377873877066
3692,2021-12-20 12:36:35.354376704,19.94489795918366,20.0,10.900816326530615,0.106828,369.2568785919994,19.935083920352323
3693,2021-12-20 12:36:35.453621760,20.01999999999999,20.0,10.956190476190471,0.099873,369.35612364799937,19.932378072558894
3694,2021-12-20 12:36:35.555954688,19.987142857142846,20.0,10.82306122448979,0.102544,369.4584565759994,19.9296721317543
3695,2021-12-20 12:36:35.654717184,20.026341463414624,20.0,10.829999999999997,0.103502,369.5572190719994,19.926968482817273
3696,2021-12-20 12:36:35.754414848,19.982448979591826,20.0,10.829999999999997,0.101164,369.6569167359994,19.92426960534889
3697,2021-12-20 12:36:35.850531840,19.898947368421045,20.0,10.890789473684219,0.102305,369.7530337279994,19.92157807074996
3698,2021-12-20 12:36:35.951466752,19.963673469387743,20.0,10.999591836734698,0.099674,369.85396863999944,19.918896539110303
3699,2021-12-20 12:36:36.058013952,19.96249999999999,20.0,10.86472222222222,0.098596,369.96051583999946,19.9162277559166
3700,2021-12-20 12:36:36.200992512,19.89326530612244,20.0,11.050000000000006,0.103313,370.1034943999995,19.91357454858594
3701,2021-12-20 12:36:36.315858176,19.86666666666667,20.0,11.050000000000004,0.104802,370.21836006399946,19.910939822832702
3702,2021-12-20 12:36:36.371369728,19.9096,20.0,11.050000000000004,0.11244,370.27387161599944,19.908326558876794
3703,2021-12-20 12:36:36.452690944,19.912040816326524,20.0,11.037142857142864,0.102166,370.35519283199943,19.905737807501644
3704,2021-12-20 12:36:36.547339520,19.93694444444444,20.0,10.839999999999993,0.098574,370.44984140799943,19.903176685970767
3705,2021-12-20 12:36:36.659006464,19.876249999999988,20.0,10.83999999999999,0.099953,370.5615083519994,19.900646373811988
3706,2021-12-20 12:36:36.760655616,19.904999999999998,20.0,11.051538461538463,0.111751,370.6631575039994,19.89815010847884
3707,2021-12-20 12:36:36.847488768,19.91673469387754,20.0,10.848979591836724,0.101468,370.7499906559994,19.895691180898815
3708,2021-12-20 12:36:36.948071680,19.891627906976733,20.0,11.053953488372088,0.109783,370.8505735679994,19.893272930918524
3709,2021-12-20 12:36:37.064154112,19.85272727272726,20.0,10.850000000000009,0.103515,370.9666559999994,19.890898742656034
3710,2021-12-20 12:36:37.214314240,19.904999999999983,20.0,10.850000000000009,0.114231,371.11681612799936,19.88857203977074
3711,2021-12-20 12:36:37.292105216,20.02,20.0,10.85,0.107394,371.1946071039994,19.88629628066147
3712,2021-12-20 12:36:37.348139776,19.897959183673457,20.0,11.025102040816325,0.100668,371.2506416639994,19.88407495360357
3713,2021-12-20 12:36:37.447032832,19.890975609756094,20.0,11.069999999999995,0.104714,371.3495347199994,19.881911571835875
3714,2021-12-20 12:36:37.549607168,19.884999999999987,20.0,10.893043478260878,0.109897,371.45210905599936,19.879809668608573
3715,2021-12-20 12:36:37.669411328,19.82499999999999,20.0,11.014999999999993,0.111888,371.57191321599936,19.87777279220299
3716,2021-12-20 12:36:37.763174656,19.838787878787876,20.0,10.860000000000008,0.099313,371.6656765439994,19.87580450093441
3717,2021-12-20 12:36:37.853266944,19.879183673469377,20.0,11.00816326530612,0.097428,371.7557688319994,19.873908358148963
3718,2021-12-20 12:36:37.961383424,19.83128205128204,20.0,11.079999999999997,0.095048,371.86388531199935,19.872087927225632
3719,2021-12-20 12:36:38.110869504,19.879183673469374,20.0,11.079999999999997,0.094363,372.0133713919993,19.87034676659441
3720,2021-12-20 12:36:38.219569408,19.789999999999996,20.0,11.080000000000002,0.0971,372.1220712959993,19.86868842478143
3721,2021-12-20 12:36:38.269750272,19.87846153846154,20.0,11.09,0.105998,372.17225215999935,19.867116435491777
3722,2021-12-20 12:36:38.352982528,19.897959183673457,20.0,10.974285714285715,0.100497,372.2554844159993,19.86563431274061
3723,2021-12-20 12:36:38.450628352,19.898947368421045,20.0,10.879999999999997,0.113058,372.3531302399993,19.86424554604289
3724,2021-12-20 12:36:38.561349888,19.81395833333332,20.0,10.985416666666675,0.104167,372.46385177599933,19.862953595671843
3725,2021-12-20 12:36:38.662123776,19.829655172413794,20.0,11.100000000000001,0.102637,372.5646256639993,19.86176188799603
3726,2021-12-20 12:36:38.750274560,19.804081632653048,20.0,11.100000000000009,0.107955,372.6527764479993,19.860673810904657
3727,2021-12-20 12:36:38.845234944,19.833513513513505,23.56756756756757,11.897837837837843,0.112929,372.7477368319993,19.85969270933033
3728,2021-12-20 12:36:38.971245056,19.855714285714274,24.0,14.821020408163271,0.106812,372.8737469439993,19.858821880878192
3729,2021-12-20 12:36:39.136542976,19.8113953488372,24.0,14.893023255813961,0.105881,373.0390448639993,19.858064571570132
3730,2021-12-20 12:36:39.195806208,19.800697674418593,24.0,14.979511627906982,0.109671,373.0983080959993,19.85742397171211
3731,2021-12-20 12:36:39.255069696,19.789999999999992,24.0,15.066000000000003,0.102805,373.1575715839993,19.85690321189245
3732,2021-12-20 12:36:39.353359360,19.841632653061215,24.0,15.088163265306125,0.106009,373.2558612479993,19.856505359118366
3733,2021-12-20 12:36:39.452905984,19.850526315789466,24.0,15.076842105263163,0.109908,373.3554078719993,19.856233413097566
3734,2021-12-20 12:36:39.564050176,19.79938775510203,24.0,15.304693877551022,0.107287,373.4665520639993,19.856090302671443
3735,2021-12-20 12:36:39.662903040,19.8546875,24.0,15.392499999999997,0.106311,373.5654049279993,19.856078882405654
3736,2021-12-20 12:36:39.751425792,19.80437499999999,24.0,15.468333333333332,0.108369,373.6539276799993,19.856201929343566
3737,2021-12-20 12:36:39.852934144,19.831282051282038,24.0,15.548205128205131,0.109233,373.7554360319993,19.856462139927416
3738,2021-12-20 12:36:40.002520832,19.78999999999999,24.0,15.623673469387759,0.108478,373.9050227199993,19.8568621270916
3739,2021-12-20 12:36:40.133680896,19.81875000000001,24.0,15.709999999999999,0.104453,374.0361827839993,19.857404417531892
3740,2021-12-20 12:36:40.185984000,19.83181818181818,24.0,15.789999999999994,0.114965,374.0884858879993,19.85809144915393
3741,2021-12-20 12:36:40.251926016,19.804081632653048,24.0,15.878163265306119,0.10454,374.1544279039993,19.85892556870369
3742,2021-12-20 12:36:40.347218176,19.838421052631578,24.0,15.95578947368421,0.112922,374.2497200639993,19.85990902958217
3743,2021-12-20 12:36:40.444230400,19.79938775510203,24.0,15.84326530612246,0.107362,374.3467322879993,19.861043989846003
3744,2021-12-20 12:36:40.548927232,19.833809523809514,24.0,16.087142857142855,0.107589,374.4514291199993,19.862332510395035
3745,2021-12-20 12:36:40.649379072,19.808775510204068,24.0,16.196938775510212,0.109881,374.5518809599993,19.863776553347556
3746,2021-12-20 12:36:40.745938688,19.862631578947365,24.0,16.27105263157895,0.10794,374.6484405759993,19.865377980603174
3747,2021-12-20 12:36:40.842377472,19.893265306122437,24.0,16.359795918367343,0.103995,374.7448793599993,19.867138552592863
3748,2021-12-20 12:36:40.948532736,19.875581395348828,24.0,16.43767441860465,0.115255,374.8510346239993,19.869059927215236
3749,2021-12-20 12:36:41.071193344,19.8265909090909,24.0,16.529545454545445,0.109002,374.9736952319993,19.87114365895751
3750,2021-12-20 12:36:41.229913088,19.81874999999999,24.0,16.60333333333333,0.109146,375.13241497599927,19.873391198199243
3751,2021-12-20 12:36:41.292767488,19.846448170731698,24.0,16.689593495934957,0.112071,375.19526937599926,19.875803890696442
3752,2021-12-20 12:36:41.355621632,19.87414634146341,24.0,16.77585365853658,0.114503,375.2581235199993,19.878382977243085
3753,2021-12-20 12:36:41.456013312,19.902653061224477,24.0,16.719999999999995,0.113103,375.35851519999926,19.881129593506717
3754,2021-12-20 12:36:41.554192128,19.874736842105257,24.0,16.87210526315791,0.110042,375.45669401599923,19.8840447700344
3755,2021-12-20 12:36:41.659723776,19.82285714285713,24.0,17.010816326530602,0.107636,375.56222566399924,19.88712943242489
3756,2021-12-20 12:36:41.758616832,19.89861111111111,24.0,16.960555555555562,0.109988,375.66111871999925,19.89038440166244
3757,2021-12-20 12:36:41.852641536,19.832244897959168,24.0,17.044693877551037,0.110855,375.75514342399924,19.89381039460735
3758,2021-12-20 12:36:41.958364160,19.884358974358967,24.0,17.251025641025638,0.108672,375.86086604799925,19.89740802463798
3759,2021-12-20 12:36:42.106080256,19.851632653061213,24.0,17.239591836734686,0.11228,376.00858214399926,19.901177802438763
3760,2021-12-20 12:36:42.221680128,19.85388888888889,24.0,17.160000000000004,0.107946,376.1241820159993,19.90512013692824
3761,2021-12-20 12:36:42.274083840,19.967727272727267,24.0,17.51454545454546,0.113521,376.1765857279993,19.909235336321046
3762,2021-12-20 12:36:42.352095744,19.907346938775493,24.0,17.502857142857135,0.105525,376.2545976319993,19.913523609317476
3763,2021-12-20 12:36:42.454368512,19.92906976744186,24.0,17.432325581395357,0.10634,376.35687039999925,19.917985066414023
3764,2021-12-20 12:36:42.571809024,19.85571428571427,24.0,17.557346938775506,0.101432,376.4743109119992,19.922619721328065
3765,2021-12-20 12:36:42.668459008,19.9556,24.0,17.8028,0.102395,376.57096089599924,19.927427492529855
3766,2021-12-20 12:36:42.750142208,19.952916666666653,24.0,17.881666666666675,0.097866,376.6526440959992,19.932408204874726
3767,2021-12-20 12:36:42.846369792,19.95099999999999,24.0,17.95000000000001,0.109966,376.74887167999924,19.937561591328354
3768,2021-12-20 12:36:42.971002112,19.944897959183663,24.0,17.82653061224491,0.108555,376.87350399999923,19.94288729477785
3769,2021-12-20 12:36:43.128223232,20.01999999999999,24.0,17.899999999999988,0.100759,377.0307251199992,19.948384869921444
3770,2021-12-20 12:36:43.189638912,20.012659574468074,24.0,17.98085106382977,0.098864,377.0921407999992,19.954053785229526
3771,2021-12-20 12:36:43.251064832,20.00531914893616,24.0,18.061702127659554,0.112412,377.15356671999916,19.959893424969863
3772,2021-12-20 12:36:43.353166592,19.9951111111111,24.0,18.13999999999999,0.110045,377.25566847999914,19.96590309128978
3773,2021-12-20 12:36:43.454473728,20.031428571428563,24.0,18.220000000000017,0.1056,377.35697561599915,19.9720820063483
3774,2021-12-20 12:36:43.570998784,20.01061224489795,24.0,18.29510204081631,0.098748,377.47350067199915,19.978429314491297
3775,2021-12-20 12:36:43.666140160,20.019999999999992,24.0,18.377419354838707,0.105116,377.56864204799916,19.984944084462796
3776,2021-12-20 12:36:43.754864384,20.03999999999999,24.0,18.451836734693888,0.100258,377.65736627199914,19.99162531164586
3777,2021-12-20 12:36:43.850578944,20.089473684210514,24.0,18.34578947368422,0.096089,377.7530808319991,19.99847192032649
3778,2021-12-20 12:36:43.948405760,20.01999999999999,24.0,18.570000000000004,0.104828,377.8509076479991,20.00548276597442
3779,2021-12-20 12:36:44.060555520,20.031162790697664,24.0,18.672093023255833,0.09806,377.96305740799914,20.012656637534562
3780,2021-12-20 12:36:44.223248384,20.029795918367338,24.0,18.750408163265295,0.089988,378.12575027199915,20.019992259723374
3781,2021-12-20 12:36:44.348765696,20.019999999999996,24.0,18.795263157894748,0.096474,378.25126758399915,20.027488295324492
3782,2021-12-20 12:36:44.388596480,20.02,24.0,18.930000000000003,0.095076,378.29109836799915,20.035143347478293
3783,2021-12-20 12:36:44.450132992,20.01999999999999,24.0,18.983877551020406,0.093426,378.35263487999913,20.0429559619602
3784,2021-12-20 12:36:44.546682624,20.06923076923076,24.0,19.055128205128206,0.087646,378.44918451199914,20.050924629442857
3785,2021-12-20 12:36:44.646983680,20.034693877551007,24.0,19.138979591836716,0.086133,378.5494855679991,20.059047787737498
3786,2021-12-20 12:36:44.754064128,20.03199999999999,24.0,19.210000000000004,0.090642,378.6565660159991,20.067323824010113
3787,2021-12-20 12:36:44.850694144,20.066956521739122,24.0,19.29869565217393,0.093474,378.7531960319991,20.075751076968263
3788,2021-12-20 12:36:44.952292864,20.134782608695645,24.0,19.369999999999983,0.087522,378.8547947519991,20.08432783901469
3789,2021-12-20 12:36:45.076562944,20.092558139534873,24.0,19.456511627906984,0.087833,378.9790648319991,20.093052358364066
3790,2021-12-20 12:36:45.238078976,20.10999999999999,24.0,19.425833333333347,0.090698,379.1405808639991,20.101922841119535
3791,2021-12-20 12:36:45.325002496,20.02,24.0,19.35,0.085133,379.22750438399913,20.110937453305976
3792,2021-12-20 12:36:45.362560256,20.150285714285708,24.0,19.688000000000013,0.085631,379.26506214399916,20.12009432285714
3793,2021-12-20 12:36:45.455297536,20.191428571428563,24.0,19.749387755102035,0.087852,379.35779942399915,20.1293915415541
3794,2021-12-20 12:36:45.553697792,20.177894736842095,24.0,19.833684210526318,0.08404,379.45619967999914,20.13882716691287
3795,2021-12-20 12:36:45.664278528,20.157142857142848,24.0,19.837142857142858,0.081789,379.5667804159991,20.14839922401914
3796,2021-12-20 12:36:45.763443200,20.174838709677413,24.0,19.77354838709678,0.080359,379.6659450879991,20.158105707308582
3797,2021-12-20 12:36:45.851774976,20.220816326530603,24.0,19.837959183673476,0.080939,379.7542768639991,20.16794458229135
3798,2021-12-20 12:36:45.946976768,20.24666666666666,24.0,19.919444444444444,0.082668,379.8494786559991,20.17791378721981
3799,2021-12-20 12:36:46.083859968,20.250204081632646,24.0,19.983061224489806,0.078189,379.9863618559991,20.18801123469874
3800,2021-12-20 12:36:46.227180288,20.237499999999994,24.0,20.049999999999997,0.066027,380.1296821759991,20.198234813237676
3801,2021-12-20 12:36:46.289722880,20.26,24.0,20.169999999999998,0.078477,380.1922247679991,20.208582388745256
3802,2021-12-20 12:36:46.351581184,20.259999999999994,24.0,20.204375000000013,0.078358,380.2540830719991,20.21905180596591
3803,2021-12-20 12:36:46.445384704,20.265675675675666,24.0,20.272162162162154,0.072586,380.3478865919991,20.22964088985935
3804,2021-12-20 12:36:46.553330176,20.25959183673469,24.0,20.350000000000016,0.070196,380.4558320639991,20.240347446923717
3805,2021-12-20 12:36:46.681331968,20.264999999999993,24.0,20.41999999999999,0.078882,380.5838338559991,20.251169266463563
3806,2021-12-20 12:36:46.769130752,20.28464285714285,24.0,20.5,0.068796,380.6716326399991,20.26210412180399
3807,2021-12-20 12:36:46.855008256,20.26428571428571,24.0,20.565714285714307,0.066607,380.75751014399907,20.273149771452747
3808,2021-12-20 12:36:46.958880256,20.32052631578947,24.0,20.43973684210526,0.079215,380.8613821439991,20.284303960212117
3809,2021-12-20 12:36:47.104695296,20.259999999999994,24.0,20.677142857142876,0.071944,381.0071971839991,20.295564420242712
3810,2021-12-20 12:36:47.224127232,20.259999999999998,24.0,20.758500000000005,0.070178,381.1266291199991,20.306928872081453
3811,2021-12-20 12:36:47.276973568,20.320526315789472,24.0,20.860000000000007,0.070652,381.1794754559991,20.318395025616343
3812,2021-12-20 12:36:47.352450816,20.316326530612244,24.0,20.920408163265332,0.071564,381.25495270399915,20.32996058102068
3813,2021-12-20 12:36:47.446706944,20.323888888888884,24.0,20.984722222222217,0.07168,381.34920883199914,20.341623229649468
3814,2021-12-20 12:36:47.551966976,20.278775510204074,24.0,21.065510204081644,0.069353,381.4544688639991,20.353380654900977
3815,2021-12-20 12:36:47.656442368,20.375,24.0,21.124999999999996,0.075772,381.5589442559991,20.365230533046443
3816,2021-12-20 12:36:47.749491456,20.400816326530613,24.0,21.071428571428562,0.064554,381.6519933439991,20.377170534031062
3817,2021-12-20 12:36:47.851553024,20.399069767441862,24.0,21.057441860465126,0.062865,381.7540549119991,20.38919832224941
3818,2021-12-20 12:36:47.978418176,20.358571428571427,24.0,21.25571428571428,0.066908,381.8809200639991,20.401311557298484
3819,2021-12-20 12:36:48.128417280,20.402380952380955,24.0,21.308571428571433,0.063608,382.0309191679991,20.413507894711618
3820,2021-12-20 12:36:48.195998976,20.49,24.0,21.31,0.063133,382.0985008639991,20.425784986676533
3821,2021-12-20 12:36:48.250394112,20.461250000000003,24.0,21.343541666666667,0.067727,382.1528959999991,20.438140482740813
3822,2021-12-20 12:36:48.351379200,20.507209302325588,24.0,21.404418604651177,0.06087,382.2538810879991,20.45057203050801
3823,2021-12-20 12:36:48.453128960,20.490000000000006,24.0,21.480434782608686,0.062481,382.3556308479991,20.46307727632763
3824,2021-12-20 12:36:48.565852160,20.470000000000006,24.0,21.542826086956527,0.067217,382.4683540479991,20.4756538659822
3825,2021-12-20 12:36:48.661144320,20.528918918918926,24.0,21.622162162162148,0.060784,382.5636462079991,20.48829944537455
3826,2021-12-20 12:36:48.757060096,20.490000000000006,24.0,21.681428571428572,0.058048,382.65956198399914,20.501011661218417
3827,2021-12-20 12:36:48.852231424,20.496486486486493,24.0,21.754594594594582,0.058107,382.75473331199913,20.513788161735253
3828,2021-12-20 12:36:48.951526912,20.499795918367354,24.0,21.81571428571427,0.048908,382.8540287999991,20.52662659736017
3829,2021-12-20 12:36:49.061122048,20.496842105263163,24.0,21.888421052631593,0.062901,382.9636239359991,20.53952462145976
3830,2021-12-20 12:36:49.211362560,20.490000000000006,24.0,21.952857142857162,0.053085,383.1138644479991,20.552479891064305
3831,2021-12-20 12:36:49.327777024,20.490000000000002,24.0,22.009999999999994,0.059408,383.2302789119991,20.565490067616825
3832,2021-12-20 12:36:49.378078464,20.604285714285716,24.0,22.099999999999987,0.05597,383.2805803519991,20.578552817741137
3833,2021-12-20 12:36:49.454280192,20.535000000000007,24.0,22.136666666666653,0.053454,383.3567820799991,20.591665814030943
3834,2021-12-20 12:36:49.552680448,20.52428571428572,24.0,22.004285714285718,0.054591,383.4551823359991,20.60482673586168
3835,2021-12-20 12:36:49.651975680,20.504693877551027,24.0,22.291224489795905,0.047256,383.5544775679991,20.618033270226626
3836,2021-12-20 12:36:49.753544192,20.577272727272735,24.0,22.350000000000016,0.047348,383.65604607999904,20.63128311259855
3837,2021-12-20 12:36:49.853734912,20.597755102040825,24.0,22.41857142857142,0.058308,383.75623679999904,20.644573967817784
3838,2021-12-20 12:36:49.953150976,20.637692307692316,24.0,22.2776923076923,0.045309,383.85565286399907,20.65790355100753
3839,2021-12-20 12:36:50.100545024,20.655000000000012,24.0,22.334166666666672,0.052117,384.0030469119991,20.671269588516708
3840,2021-12-20 12:36:50.239600640,20.652857142857147,24.0,22.387142857142845,0.049352,384.1421025279991,20.684669818890562
3841,2021-12-20 12:36:50.292316160,20.73,24.0,22.47,0.050709,384.1948180479991,20.698101993868796
3842,2021-12-20 12:36:50.351157248,20.735510204081642,24.0,22.518979591836718,0.059405,384.2536591359991,20.71156387941086
3843,2021-12-20 12:36:50.450935296,20.71829268292684,24.0,22.58292682926831,0.039124,384.3534371839991,20.725053256747703
3844,2021-12-20 12:36:50.551276800,20.745714285714296,24.0,22.652857142857133,0.045901,384.45377868799915,20.738567923459048
3845,2021-12-20 12:36:50.655621376,20.73000000000001,24.0,22.71097560975611,0.046757,384.55812326399916,20.75210569457494
3846,2021-12-20 12:36:50.751698176,20.746304347826097,24.0,22.780217391304326,0.045932,384.65420006399916,20.765664403700185
3847,2021-12-20 12:36:50.853306880,20.773478260869577,24.0,22.837826086956532,0.039141,384.75580876799916,20.779241904160028
3848,2021-12-20 12:36:50.973714688,20.762608695652183,24.0,22.907173913043458,0.036722,384.87621657599914,20.79283607016514
3849,2021-12-20 12:36:51.118272256,20.7408695652174,24.0,22.963913043478264,0.046783,385.0207741439991,20.80644479799385
3850,2021-12-20 12:36:51.193417728,20.830000000000002,24.0,23.06,0.043849,385.0959196159991,20.82006600718931
3851,2021-12-20 12:36:51.251947008,20.80812500000001,24.0,23.09124999999999,0.045711,385.1544488959991,20.833697641769106
3852,2021-12-20 12:36:51.348033792,20.83897435897437,24.0,23.145128205128223,0.03635,385.25053567999913,20.847337671444606
3853,2021-12-20 12:36:51.450175488,20.797708333333343,24.0,23.21875,0.039849,385.3526773759991,20.860984092847204
3854,2021-12-20 12:36:51.567948032,20.809545454545464,24.0,23.191818181818192,0.042136,385.4704499199991,20.87463493075851
3855,2021-12-20 12:36:51.662354944,20.946216216216225,24.0,23.127837837837827,0.033882,385.5648568319991,20.8882882393413
3856,2021-12-20 12:36:51.756379904,20.959591836734702,24.0,23.18204081632654,0.041385,385.65888179199914,20.901942103367936
3857,2021-12-20 12:36:51.842921472,20.945517241379317,24.0,23.253103448275848,0.037673,385.7454233599991,20.915594639442947
3858,2021-12-20 12:36:51.940818688,20.969795918367357,24.0,23.29714285714284,0.044262,385.8433205759991,20.929243997216236
3859,2021-12-20 12:36:52.044519680,20.980000000000008,24.0,23.362499999999986,0.03918,385.94702156799906,20.942888360583417
3860,2021-12-20 12:36:52.183333888,20.969795918367357,24.0,23.413469387755097,0.039883,386.08583577599904,20.956525948869675
3861,2021-12-20 12:36:52.329269504,20.963870967741943,24.0,23.460000000000008,0.038297,386.231771391999,20.970155017993587
3862,2021-12-20 12:36:52.390625024,21.082857142857144,24.0,23.580000000000002,0.039604,386.293126911999,20.98377386160731
3863,2021-12-20 12:36:52.451367168,20.97416666666668,24.0,23.58750000000002,0.037389,386.35386905599904,20.997380812209443
3864,2021-12-20 12:36:52.545241088,20.952972972972983,24.0,23.63999999999999,0.034234,386.44774297599906,21.01097424222695
3865,2021-12-20 12:36:52.646970624,21.004489795918378,24.0,23.703673469387773,0.035966,386.54947251199906,21.024552565062645
3866,2021-12-20 12:36:52.765748736,20.991162790697686,24.0,23.759999999999994,0.030072,386.66825062399903,21.0381142361046
3867,2021-12-20 12:36:52.861081088,21.01157894736843,24.0,23.590000000000007,0.038014,386.76358297599904,21.05165775369404
3868,2021-12-20 12:36:52.957620736,21.043673469387766,24.0,23.880000000000013,0.037985,386.860122623999,21.065181660048204
3869,2021-12-20 12:36:53.063745536,21.15454545454547,24.0,23.938181818181835,0.031792,386.966247423999,21.078684542134827
3870,2021-12-20 12:36:53.214559488,21.068163265306136,24.0,23.995102040816327,0.032663,387.117061375999,21.092165032494886
3871,2021-12-20 12:36:53.333076224,21.028000000000002,24.0,24.040000000000003,0.026733,387.235578111999,21.105621810010398
3872,2021-12-20 12:36:53.378781184,21.19473684210527,24.0,24.12,0.028026,387.28128307199904,21.119053600614148
3873,2021-12-20 12:36:53.453494016,21.12693877551022,24.0,24.170204081632644,0.036852,387.35599590399903,21.13245917793832
3874,2021-12-20 12:36:53.549711616,21.175789473684226,24.0,24.050263157894733,0.024789,387.452213503999,21.14583736389913
3875,2021-12-20 12:36:53.663671808,21.21000000000002,24.0,24.233541666666643,0.034385,387.566173695999,21.15918702921477
3876,2021-12-20 12:36:53.772532736,21.196000000000016,24.0,24.203666666666667,0.041034,387.675034623999,21.172507093854055
3877,2021-12-20 12:36:53.857394432,21.22000000000002,24.0,24.179756097561,0.02321,387.75989631999903,21.18579652741336
3878,2021-12-20 12:36:53.957293312,21.240408163265325,24.0,24.223673469387762,0.035824,387.85979519999904,21.19905434941969
3879,2021-12-20 12:36:54.074603008,21.22000000000002,24.0,24.28769230769229,0.030751,387.97710489599905,21.212279629557887
3880,2021-12-20 12:36:54.228173056,21.235306122448996,24.0,24.33061224489796,0.02635,388.13067494399905,21.225471487820183
3881,2021-12-20 12:36:54.324269824,21.22,24.0,24.349999999999998,0.032689,388.22677171199905,21.2386290945766
3882,2021-12-20 12:36:54.366122240,21.30064516129034,24.0,24.46032258064518,0.032321,388.26862412799903,21.251751670564786
3883,2021-12-20 12:36:54.454494464,21.24551020408165,24.0,24.38183673469387,0.024863,388.35699635199904,21.264838486798237
3884,2021-12-20 12:36:54.543892480,21.33290322580647,24.0,24.320645161290326,0.025621,388.44639436799906,21.277888864392025
3885,2021-12-20 12:36:54.647854848,21.250612244897976,24.0,24.46428571428573,0.034529,388.55035673599906,21.29090217430555
3886,2021-12-20 12:36:54.758737408,21.365833333333352,24.0,24.64666666666665,0.027795,388.66123929599905,21.303877837001874
3887,2021-12-20 12:36:54.853415936,21.292916666666688,24.0,24.697708333333328,0.027432,388.755917823999,21.31681532202357
3888,2021-12-20 12:36:54.947370496,21.334864864864883,24.0,24.73810810810811,0.030035,388.849872383999,21.329714147485298
3889,2021-12-20 12:36:55.082131200,21.342448979591854,24.0,24.804285714285697,0.021183,388.984633087999,21.34257387948356
3890,2021-12-20 12:36:55.241283584,21.345000000000017,24.0,24.831052631578952,0.028198,389.14378547199897,21.355394131424273
3891,2021-12-20 12:36:55.298686208,21.40750000000002,24.0,24.87343329253366,0.027457,389.201188095999,21.368174563269157
3892,2021-12-20 12:36:55.356078848,21.47000000000002,24.0,24.915813953488374,0.028199,389.258580735999,21.38091488070214
3893,2021-12-20 12:36:55.458099968,21.428333333333352,24.0,24.81229166666665,0.025033,389.360601855999,21.393614834217285
3894,2021-12-20 12:36:55.557676800,21.48973684210528,24.0,25.031578947368406,0.027296,389.460178687999,21.40627421813
3895,2021-12-20 12:36:55.668488960,21.459795918367366,24.0,24.884897959183686,0.03126,389.57099084799904,21.418892869513563
3896,2021-12-20 12:36:55.766235392,21.470000000000017,24.0,24.944687500000015,0.021681,389.66873727999905,21.431470667063188
3897,2021-12-20 12:36:55.855442432,21.459795918367366,24.0,24.99102040816327,0.0187,389.75794431999907,21.444007529890218
3898,2021-12-20 12:36:55.958801408,21.48282051282053,24.0,25.03999999999999,0.024664,389.86130329599905,21.456503416249195
3899,2021-12-20 12:36:56.103519744,21.470000000000017,24.0,25.089999999999993,0.026818,390.00602163199903,21.46895832220079
3900,2021-12-20 12:36:56.224651776,21.470000000000013,24.0,25.13318181818181,0.02651,390.127153663999,21.481372280213883
3901,2021-12-20 12:36:56.279871744,21.511666666666674,24.0,25.19,0.024508,390.18237363199904,21.49374535771021
3902,2021-12-20 12:36:56.354232576,21.49551020408165,24.0,25.233877551020413,0.020937,390.25673446399907,21.506077655555206
3903,2021-12-20 12:36:56.449494784,21.5510810810811,24.0,25.280540540540528,0.024178,390.3519966719991,21.5183693064988
3904,2021-12-20 12:36:56.553597952,21.470000000000017,24.0,25.330816326530602,0.025614,390.45609983999907,21.530620473570213
3905,2021-12-20 12:36:56.657771520,21.48470588235296,24.0,25.37529411764705,0.02539,390.5602734079991,21.542831348430735
3906,2021-12-20 12:36:56.751092224,21.501250000000017,24.0,25.427500000000027,0.030099,390.6535941119991,21.555002149688747
3907,2021-12-20 12:36:56.851443712,21.553333333333352,24.0,25.319999999999997,0.029394,390.7539455999991,21.56713312118125
3908,2021-12-20 12:36:56.975744000,21.49551020408165,24.0,25.44857142857141,0.019045,390.87824588799907,21.579224530226284
3909,2021-12-20 12:36:57.122755840,21.553333333333352,24.0,25.43285714285715,0.021598,391.0252577279991,21.59127666585063
3910,2021-12-20 12:36:57.193415424,21.669999999999998,24.0,25.41,0.03015,391.0959173119991,21.603289836997305
3911,2021-12-20 12:36:57.253061120,21.633265306122468,24.0,25.581428571428603,0.026797,391.1555630079991,21.61526437071739
3912,2021-12-20 12:36:57.349147904,21.6213157894737,24.0,25.6,0.029654,391.2516497919991,21.627200610350616
3913,2021-12-20 12:36:57.446793728,21.688750000000017,24.0,25.651666666666653,0.022789,391.3492956159991,21.639098913699414
3914,2021-12-20 12:36:57.557998080,21.668863636363657,24.0,25.693636363636358,0.019926,391.4604999679991,21.650959651200864
3915,2021-12-20 12:36:57.656156672,21.68511627906979,24.0,25.61674418604651,0.022261,391.5586585599991,21.662783204101203
3916,2021-12-20 12:36:57.757262592,21.684285714285732,24.0,25.662448979591858,0.011623,391.6597644799991,21.67456996263737
3917,2021-12-20 12:36:57.854063616,21.694358974358995,24.0,25.83358974358976,0.022362,391.7565655039991,21.686320324230223
3918,2021-12-20 12:36:57.954907904,21.709583333333352,24.0,25.898750000000003,0.024095,391.85740979199915,21.698034691693863
3919,2021-12-20 12:36:58.067510528,21.720000000000017,24.0,25.80162162162163,0.014953,391.9700124159991,21.709713471465626
3920,2021-12-20 12:36:58.217922048,21.720000000000017,24.0,25.84530612244901,0.018877,392.1204239359991,21.72135707186115
3921,2021-12-20 12:36:58.323403264,21.72,24.0,25.88,0.018156,392.2259051519991,21.732965901358863
3922,2021-12-20 12:36:58.371753472,21.788965517241394,24.0,25.94068965517243,0.01606,392.2742553599991,21.744540366918258
3923,2021-12-20 12:36:58.457480192,21.740408163265325,24.0,25.978163265306137,0.02497,392.3599820799991,21.756080872336135
3924,2021-12-20 12:36:58.553365760,21.759473684210544,24.0,26.020526315789457,0.0183,392.4558676479991,21.767587816644895
3925,2021-12-20 12:36:58.657579520,21.73020408163267,24.0,26.066122448979556,0.022878,392.5600814079991,21.779061592556875
3926,2021-12-20 12:36:58.759882496,21.807837837837855,24.0,26.11540540540541,0.014678,392.6623843839991,21.79050258495862
3927,2021-12-20 12:36:58.854319616,21.765918367346956,24.0,26.153061224489797,0.016486,392.7568215039991,21.80191116945876
3928,2021-12-20 12:36:58.959760640,21.772325581395368,24.0,26.201860465116297,0.016137,392.8622625279991,21.81328771099297
3929,2021-12-20 12:36:59.116609536,21.735306122448996,24.0,26.240000000000006,0.021845,393.0191114239991,21.824632562489455
3930,2021-12-20 12:36:59.252828928,21.810000000000013,24.0,26.049999999999997,0.019051,393.1553308159991,21.835946063598055
3931,2021-12-20 12:36:59.297004800,21.72,24.0,26.33,0.016459,393.1995066879991,21.84722853948596
3932,2021-12-20 12:36:59.351933184,21.832244897959203,24.0,26.36673469387753,0.010888,393.25443507199907,21.858480299702766
3933,2021-12-20 12:36:59.451942656,21.898571428571447,24.0,26.20261904761903,0.013573,393.3544445439991,21.86970163711734
3934,2021-12-20 12:36:59.556719872,21.89222222222224,24.0,26.226666666666677,0.010986,393.4592217599991,21.880892826928818
3935,2021-12-20 12:36:59.681573376,21.884893617021294,24.0,26.26319148936169,0.015463,393.58407526399907,21.89205412575371
3936,2021-12-20 12:36:59.771886592,21.931538461538477,24.0,26.549999999999994,0.015449,393.6743884799991,21.903185770791016
3937,2021-12-20 12:36:59.855541248,21.918979591836752,24.0,26.398979591836728,0.010594,393.7580431359991,21.914287979066835
3938,2021-12-20 12:36:59.957542400,21.942972972972992,24.0,26.524054054054055,0.018414,393.86004428799913,21.925360946759866
3939,2021-12-20 12:37:00.107531520,21.970000000000017,24.0,26.49816326530615,0.003867,394.0100334079991,21.93640484860894
3940,2021-12-20 12:37:00.238862592,21.970000000000013,24.0,26.450434782608703,0.001364,394.14136447999914,21.94741983740344
3941,2021-12-20 12:37:00.288882432,21.919999999999998,24.0,26.520000000000003,0.017865,394.19138431999914,21.958406043557346
3942,2021-12-20 12:37:00.352631808,21.980416666666684,24.0,26.543333333333297,0.008158,394.2551336959991,21.969363574767318
3943,2021-12-20 12:37:00.445882112,21.956486486486504,24.0,26.57621621621622,0.011298,394.3483839999991,21.980292515755117
3944,2021-12-20 12:37:00.548748288,21.985306122448996,24.0,26.62040816326533,0.014832,394.4512501759991,21.991192928094364
3945,2021-12-20 12:37:00.663633920,21.97000000000002,24.0,26.658750000000015,0.01475,394.5661358079991,22.002064850121478
3946,2021-12-20 12:37:00.759288320,21.987857142857163,24.0,26.71095238095239,0.014564,394.6617902079991,22.012908296930327
3947,2021-12-20 12:37:00.859760384,21.985306122448996,24.0,26.747142857142855,0.008097,394.7622622719991,22.023723260449977
3948,2021-12-20 12:37:00.974505216,22.024054054054073,24.0,26.78945945945943,0.009422,394.87700710399906,22.03450970960465
3949,2021-12-20 12:37:01.124675584,22.005714285714305,24.0,26.823877551020377,0.002895,395.02717747199904,22.045267590554815
3950,2021-12-20 12:37:01.222522368,21.97,24.0,26.849999999999998,0.011487,395.12502425599905,22.055996827018177
3951,2021-12-20 12:37:01.268166912,22.04575757575759,24.0,26.90696969696967,0.011558,395.1706687999991,22.06669732066898
3952,2021-12-20 12:37:01.358289152,22.14346938775512,24.0,26.881020408163252,-0.000575,395.2607910399991,22.07736895161395
3953,2021-12-20 12:37:01.450724864,22.2048484848485,24.0,26.743333333333332,0.003527,395.3532267519991,22.088011578942947
3954,2021-12-20 12:37:01.558700544,22.048125000000017,24.0,26.81666666666665,0.007502,395.4612024319991,22.098625041352207
3955,2021-12-20 12:37:01.662753536,22.13666666666668,24.0,27.00100000000001,0.00696,395.5652554239991,22.109209157837814
3956,2021-12-20 12:37:01.752614144,22.08734693877553,24.0,26.868571428571414,0.012141,395.65511603199906,22.119763728456963
3957,2021-12-20 12:37:01.845200640,22.183235294117665,24.0,27.12,0.001068,395.7477025279991,22.130288535154417
3958,2021-12-20 12:37:01.962610944,22.111304347826106,24.0,26.92173913043478,0.004568,395.86511283199906,22.14078334265133
3959,2021-12-20 12:37:02.127405824,22.17108695652176,24.0,26.960000000000015,0.00824,396.02990771199904,22.15124789939349
3960,2021-12-20 12:37:02.191255808,22.149031850353914,24.0,26.994999999999997,0.008333,396.09375769599905,22.161681938555937
3961,2021-12-20 12:37:02.255105792,22.126976744186067,24.0,27.029999999999983,3e-06,396.15760767999905,22.17208517910071
3962,2021-12-20 12:37:02.358183168,22.209795918367366,24.0,27.05816326530609,0.007058,396.26068505599903,22.182457326884357
3963,2021-12-20 12:37:02.467607296,22.22000000000002,24.0,27.10000000000001,0.004462,396.37010918399903,22.19279807581184
3964,2021-12-20 12:37:02.592712192,22.184285714285732,24.0,27.135102040816342,0.005128,396.495214079999,22.203107109033105
3965,2021-12-20 12:37:02.680661760,22.22000000000001,24.0,27.166842105263168,0.013375,396.583163647999,22.213384100178693
3966,2021-12-20 12:37:02.754439424,22.199166666666684,24.0,27.20333333333335,0.00019,396.656941311999,22.22362871463058
3967,2021-12-20 12:37:02.850556416,22.226842105263177,24.0,27.23131578947369,0.003172,396.753058303999,22.233840610824323
3968,2021-12-20 12:37:02.986383360,22.225306122449,24.0,27.270204081632635,0.008324,396.888885247999,22.244019441578505
3969,2021-12-20 12:37:03.125700608,22.228125000000016,24.0,27.296874999999975,0.003666,397.028202495999,22.254164855447357
3970,2021-12-20 12:37:03.189047808,22.22,24.0,27.35,0.000808,397.091549695999,22.264276498092453
3971,2021-12-20 12:37:03.254818816,22.20020408163267,24.0,27.526326530612227,-0.00267,397.157320703999,22.274354013669218
3972,2021-12-20 12:37:03.346308864,22.28303030303032,24.0,27.529090909090893,0.000561,397.24881075199903,22.284397046223916
3973,2021-12-20 12:37:03.444226304,22.236250000000016,24.0,27.443333333333356,0.006294,397.34672819199903,22.294405241096733
3974,2021-12-20 12:37:03.566062336,22.249545454545473,24.0,27.479999999999997,0.003627,397.468564223999,22.304378246326564
3975,2021-12-20 12:37:03.663154944,22.28324324324326,24.0,27.520270270270252,-0.011288,397.56565683199904,22.314315714053045
3976,2021-12-20 12:37:03.759100928,22.326122448979607,24.0,27.549591836734685,0.000212,397.66160281599906,22.32421730191138
3977,2021-12-20 12:37:03.854523904,22.36756756756758,24.0,27.58783783783785,-0.007985,397.75702579199907,22.334082674415384
3978,2021-12-20 12:37:03.953567744,22.40416666666668,24.0,27.616666666666692,0.0044,397.85606963199905,22.343911504324428
3979,2021-12-20 12:37:04.049755136,22.44533333333334,24.0,27.520999999999976,0.006557,397.95225702399904,22.353703473989764
3980,2021-12-20 12:37:04.191285248,22.37387755102042,24.0,27.443877551020403,0.003463,398.09378713599904,22.363458276675967
3981,2021-12-20 12:37:04.330582528,22.34000000000001,24.0,27.470000000000013,0.000367,398.23308441599903,22.373175617853114
3982,2021-12-20 12:37:04.388095744,22.527272727272724,24.0,27.530000000000005,-0.00808,398.29059763199905,22.38285521645558
3983,2021-12-20 12:37:04.454691584,22.39510204081634,24.0,27.59612244897957,-0.005707,398.35719347199904,22.392496806103463
3984,2021-12-20 12:37:04.555163904,22.424285714285727,24.0,27.749999999999982,-0.000653,398.45766579199903,22.4021001362826
3985,2021-12-20 12:37:04.654469376,22.411020408163278,24.0,27.63571428571427,-0.001741,398.55697126399906,22.411664973479542
3986,2021-12-20 12:37:04.755001856,22.442857142857154,24.0,27.835000000000008,-0.001941,398.6575037439991,22.421191102267834
3987,2021-12-20 12:37:04.854267136,22.448163265306132,24.0,27.68857142857144,-0.007402,398.7567690239991,22.430678326342186
3988,2021-12-20 12:37:04.949639680,22.465945945945954,24.0,27.922162162162184,-0.002539,398.85214156799907,22.44012646949737
3989,2021-12-20 12:37:05.078496256,22.45877551020409,24.0,27.721632653061242,0.001543,398.98099814399905,22.449535376548752
3990,2021-12-20 12:37:05.235988992,22.486500000000014,24.0,27.759999999999998,-0.003219,399.13849087999904,22.45890491419165
3991,2021-12-20 12:37:05.295463680,22.500206521739145,24.0,27.79,-0.001662,399.19796556799906,22.468234971796818
3992,2021-12-20 12:37:05.354938112,22.513913043478272,24.0,27.820000000000004,0.000492,399.25743999999906,22.477525462139663
3993,2021-12-20 12:37:05.457070080,22.485652173913053,24.0,27.848043478260866,-0.00069,399.35957196799905,22.48677632206092
3994,2021-12-20 12:37:05.559211776,22.509545454545467,24.0,27.630000000000017,-0.00708,399.46171366399903,22.495987513056757
3995,2021-12-20 12:37:05.670929152,22.512500000000014,24.0,27.65625000000001,-0.008747,399.57343103999904,22.505159021796516
3996,2021-12-20 12:37:05.766844928,22.480000000000008,24.0,27.940000000000026,-0.001797,399.66934681599906,22.514290860566437
3997,2021-12-20 12:37:05.860075264,22.474583333333342,24.0,27.956250000000015,-0.005676,399.76257715199904,22.52338306763801
3998,2021-12-20 12:37:05.966803712,22.530555555555566,24.0,27.983333333333338,-0.010457,399.86930559999905,22.532435707559717
3999,2021-12-20 12:37:06.120866560,22.495918367346945,24.0,28.012040816326518,-0.003631,400.0233684479991,22.541448871371106
4000,2021-12-20 12:37:06.238286848,22.514666666666667,24.0,28.019999999999996,-0.009593,400.1407887359991,22.5504226767385
4001,2021-12-20 12:37:06.282774784,22.56666666666667,24.0,28.079999999999988,-0.006519,400.1852766719991,22.55935726801165
4002,2021-12-20 12:37:06.356763392,22.5861224489796,24.0,28.09897959183671,-0.003454,400.25926527999906,22.56825281620095
4003,2021-12-20 12:37:06.442811904,22.533793103448286,24.0,28.12034482758621,-0.010399,400.34531379199905,22.577109518874977
4004,2021-12-20 12:37:06.553935872,22.559591836734704,24.0,28.1565306122449,-0.005825,400.45643775999906,22.585927599978316
4005,2021-12-20 12:37:06.693645568,22.54000000000001,24.0,28.182307692307713,-0.010014,400.5961474559991,22.59470730956991
4006,2021-12-20 12:37:06.773880320,22.696666666666673,24.0,27.990000000000006,-0.01111,400.6763822079991,22.60344892348224
4007,2021-12-20 12:37:06.852294912,22.633877551020415,24.0,28.004081632653058,-0.011305,400.7547967999991,22.61215274290199
4008,2021-12-20 12:37:06.944901376,22.70533333333334,24.0,28.02333333333332,-0.008414,400.8474032639991,22.62081909387294
4009,2021-12-20 12:37:07.077550080,22.59375000000001,24.0,28.146874999999977,-0.003379,400.98005196799915,22.62944832672219
4010,2021-12-20 12:37:07.246307840,22.64000000000001,24.0,28.3153846153846,-0.013627,401.14880972799915,22.638040815410996
4011,2021-12-20 12:37:07.304444928,22.680384615384625,24.0,28.223076923076913,-0.002424,401.2069468159992,22.64659695681161
4012,2021-12-20 12:37:07.362581760,22.720769230769235,24.0,28.13076923076923,-0.010829,401.2650836479992,22.655117169912003
4013,2021-12-20 12:37:07.461243392,22.69224489795919,24.0,28.157959183673473,-0.009251,401.3637452799992,22.66360189495032
4014,2021-12-20 12:37:07.554413312,22.740000000000006,24.0,28.187096774193567,-0.011743,401.4569151999992,22.67205159248136
4015,2021-12-20 12:37:07.661614592,22.718333333333337,24.0,28.205625000000015,-0.013021,401.5641164799992,22.6804667423775
4016,2021-12-20 12:37:07.766542592,22.757419354838714,24.0,28.234516129032265,-0.011712,401.6690444799992,22.68884784276684
4017,2021-12-20 12:37:07.855940608,22.69755102040817,24.0,28.253673469387753,-0.008519,401.7584424959992,22.697195408911398
4018,2021-12-20 12:37:07.946485248,22.76454545454546,24.0,28.282424242424224,-0.015183,401.8489871359992,22.70550997202863
4019,2021-12-20 12:37:08.075764224,22.745918367346942,24.0,28.301836734693854,-0.018306,401.97826611199923,22.713792078059562
4020,2021-12-20 12:37:08.237260032,22.740000000000006,24.0,28.33000000000001,-0.010954,402.1397619199992,22.722042286387193
4021,2021-12-20 12:37:08.296422912,22.740000000000006,24.0,28.35500000000001,-0.009805,402.1989247999992,22.73026116850894
4022,2021-12-20 12:37:08.355595776,22.740000000000006,24.0,28.380000000000017,-0.00668,402.2580976639992,22.73844930666707
4023,2021-12-20 12:37:08.457204736,22.740000000000006,24.0,28.40936170212767,-0.020179,402.3597066239992,22.746607292441336
4024,2021-12-20 12:37:08.561639680,22.747073170731717,24.0,28.429999999999986,-0.019822,402.4641415679992,22.75473572530799
4025,2021-12-20 12:37:08.682278912,22.740000000000006,24.0,28.457551020408182,-0.0131,402.5847807999992,22.762835211169627
4026,2021-12-20 12:37:08.775348224,22.802307692307696,24.0,28.47846153846155,-0.017381,402.6778501119992,22.770906360860312
4027,2021-12-20 12:37:08.856910848,22.740000000000006,24.0,28.505624999999995,-0.009236,402.7594127359992,22.77894978863064
4028,2021-12-20 12:37:08.962693632,22.75255813953489,24.0,28.525348837209286,-0.007849,402.8651955199992,22.786966110617293
4029,2021-12-20 12:37:09.108478464,22.7565306122449,24.0,28.553265306122416,-0.01424,403.0109803519992,22.79495594330181
4030,2021-12-20 12:37:09.222569728,22.740000000000006,24.0,28.567,-0.014575,403.1250716159992,22.80291990196326
4031,2021-12-20 12:37:09.278423296,22.822173913043482,24.0,28.61000000000001,-0.019113,403.1809251839992,22.810858599129432
4032,2021-12-20 12:37:09.358316288,22.82816326530612,24.0,28.623469387755133,-0.018177,403.2608181759992,22.818772643031284
4033,2021-12-20 12:37:09.452773632,22.874999999999996,24.0,28.513888888888875,-0.014648,403.35527551999917,22.826662636065215
4034,2021-12-20 12:37:09.557973248,22.784081632653063,24.0,28.569795918367355,-0.016711,403.46047513599916,22.83452917326776
4035,2021-12-20 12:37:09.661885184,22.82181818181818,24.0,28.687272727272738,-0.017721,403.56438707199914,22.842372840807183
4036,2021-12-20 12:37:09.754592512,22.833673469387758,24.0,28.71591836734695,-0.015535,403.65709439999915,22.85019421449642
4037,2021-12-20 12:37:09.850025472,22.82756756756757,24.0,28.649189189189194,-0.009787,403.75252735999914,22.85799385833167
4038,2021-12-20 12:37:09.971227904,22.830000000000002,24.0,28.643111111111097,-0.013687,403.87372979199915,22.865772323060913
4039,2021-12-20 12:37:10.141082112,22.79744680851064,24.0,28.788510638297844,-0.019357,404.04358399999916,22.87353014478635
4040,2021-12-20 12:37:10.203232256,22.852642323174237,24.0,28.81155261644622,-0.014215,404.10573414399914,22.8812678436048
4041,2021-12-20 12:37:10.265372160,22.90783783783784,24.0,28.834594594594602,-0.018987,404.16787404799913,22.888985922289873
4042,2021-12-20 12:37:10.359397120,22.91081632653061,24.0,28.85653061224488,-0.020067,404.26189900799915,22.896684865019566
4043,2021-12-20 12:37:10.454659072,22.93285714285714,24.0,28.775714285714276,-0.020308,404.35716095999913,22.90436513615277
4044,2021-12-20 12:37:10.564767232,22.86122448979592,24.0,28.72163265306123,-0.013672,404.4672691199991,22.91202717905806
4045,2021-12-20 12:37:10.665973504,22.892999999999994,24.0,28.83566666666669,-0.010637,404.56847539199913,22.919671414997943
4046,2021-12-20 12:37:10.754647296,22.88877551020408,24.0,28.741428571428603,-0.018396,404.65714918399914,22.927298242071533
4047,2021-12-20 12:37:10.852283136,22.966216216216214,24.0,28.920270270270287,-0.014557,404.75478502399915,22.93490803421854
4048,2021-12-20 12:37:10.996026112,22.938367346938772,24.0,28.773061224489798,-0.013934,404.89852799999915,22.94250114028719
4049,2021-12-20 12:37:11.149213696,22.99363636363636,24.0,29.009999999999994,-0.016989,405.05171558399917,22.950077883168586
4050,2021-12-20 12:37:11.202965248,22.998749999999994,24.0,28.910227272727255,-0.015679,405.10546713599916,22.95763855899977
4051,2021-12-20 12:37:11.256726784,23.00386363636363,24.0,28.810454545454512,-0.014524,405.1592286719992,22.96518343643763
4052,2021-12-20 12:37:11.358838528,22.965,24.0,28.829999999999995,-0.016191,405.2613404159992,22.972712756005617
4053,2021-12-20 12:37:11.461573888,22.969499999999996,24.0,28.850000000000005,-0.009908,405.3640757759992,22.980226729514932
4054,2021-12-20 12:37:11.576962304,22.987959183673468,24.0,28.869183673469358,-0.009578,405.47946419199917,22.987725539561833
4055,2021-12-20 12:37:11.671711488,23.009999999999994,24.0,28.887931034482747,-0.008735,405.5742133759992,22.995209339102402
4056,2021-12-20 12:37:11.758524416,22.987959183673468,24.0,28.907959183673483,-0.021807,405.66102630399917,23.002678251105976
4057,2021-12-20 12:37:11.861742592,23.009999999999994,24.0,28.926315789473666,-0.01308,405.76424447999915,23.010132368288257
4058,2021-12-20 12:37:12.010715904,22.99897959183673,24.0,28.94632653061227,-0.013102,405.91321779199916,23.017571752924795
4059,2021-12-20 12:37:12.137490432,23.009999999999994,24.0,28.96000000000001,-0.015923,406.03999231999916,23.024996436745443
4060,2021-12-20 12:37:12.188244480,23.05153846153846,24.0,28.990000000000006,-0.015766,406.09074636799915,23.032406420910135
4061,2021-12-20 12:37:12.256731392,23.01551020408163,24.0,29.00428571428571,-0.011732,406.15923327999917,23.039801676066112
4062,2021-12-20 12:37:12.350343936,23.02499999999999,24.0,29.021666666666654,-0.015776,406.25284582399917,23.047182142486474
4063,2021-12-20 12:37:12.448935168,23.026874999999993,24.0,29.04291666666663,-0.015235,406.35143705599916,23.054547730289695
4064,2021-12-20 12:37:12.555251200,23.009999999999994,24.0,29.060000000000016,-0.026442,406.45775308799915,23.061898319739498
4065,2021-12-20 12:37:12.654003456,23.04306122448979,24.0,29.081428571428564,-0.019463,406.55650534399916,23.069233761624304
4066,2021-12-20 12:37:12.755612160,23.028837209302317,24.0,29.09488372093022,-0.02133,406.65811404799916,23.076553877715135
4067,2021-12-20 12:37:12.850914560,23.066511627906966,24.0,29.111627906976732,-0.026051,406.75341644799914,23.083858461300686
4068,2021-12-20 12:37:12.958075392,23.059591836734686,24.0,29.12979591836737,-0.030245,406.8605772799991,23.09114727779789
4069,2021-12-20 12:37:13.084507904,23.08424999999999,24.0,29.150499999999994,-0.021221,406.9870097919991,23.09842006543625
4070,2021-12-20 12:37:13.245390336,23.065102040816317,24.0,29.16816326530613,-0.023812,407.1478922239991,23.105676536013775
4071,2021-12-20 12:37:13.339374848,23.01,24.0,29.179999999999996,-0.026247,407.24187673599914,23.11291637572229
4072,2021-12-20 12:37:13.372959488,23.154642857142843,24.0,29.060357142857157,-0.021377,407.27546137599916,23.12013924603943
4073,2021-12-20 12:37:13.458424832,23.109183673469378,24.0,29.052653061224508,-0.019981,407.36092671999916,23.127344784684635
4074,2021-12-20 12:37:13.553485568,23.19514285714284,24.0,29.148,-0.026851,407.45598745599915,23.134532606636164
4075,2021-12-20 12:37:13.666419968,23.07749999999999,24.0,29.014583333333324,-0.025092,407.5689218559991,23.141702305205943
4076,2021-12-20 12:37:13.766892288,23.088749999999994,24.0,29.029999999999983,-0.024044,407.6693941759991,23.14885345316882
4077,2021-12-20 12:37:13.852015360,23.136734693877543,24.0,29.29326530612243,-0.019962,407.7545172479991,23.15598560394267
4078,2021-12-20 12:37:13.954670336,23.14499999999999,24.0,29.310909090909057,-0.028891,407.8571722239991,23.16309829281568
4079,2021-12-20 12:37:14.082963712,23.15326530612244,24.0,29.332040816326515,-0.023677,407.9854655999991,23.17019103821687
4080,2021-12-20 12:37:14.233958656,23.13214285714285,24.0,29.349999999999994,-0.02577,408.1364605439991,23.177263343025967
4081,2021-12-20 12:37:14.294056960,23.194821428571416,24.0,29.240416666666675,-0.019214,408.1965588479991,23.184314695918363
4082,2021-12-20 12:37:14.354165248,23.257499999999983,24.0,29.13083333333336,-0.02303,408.25666713599907,23.191344572741105
4083,2021-12-20 12:37:14.456266752,23.22477272727271,24.0,29.150000000000002,-0.022035,408.3587686399991,23.198352437915624
4084,2021-12-20 12:37:14.556407040,23.245384615384598,24.0,29.419999999999998,-0.028368,408.45890892799906,23.205337745862938
4085,2021-12-20 12:37:14.677790464,23.279999999999983,24.0,29.184897959183672,-0.023501,408.58029235199905,23.212299942446975
4086,2021-12-20 12:37:14.775184896,23.249999999999986,24.0,29.42000000000001,-0.024826,408.67768678399904,23.219238466431666
4087,2021-12-20 12:37:14.859322368,23.268979591836718,24.0,29.2387755102041,-0.026182,408.76182425599904,23.226152750947517
4088,2021-12-20 12:37:14.959000064,23.26540540540539,24.0,29.236756756756762,-0.020939,408.86150195199906,23.233042224963476
4089,2021-12-20 12:37:15.106565120,23.279999999999983,24.0,29.248367346938778,-0.027809,409.0090670079991,23.239906314759843
4090,2021-12-20 12:37:15.243408128,23.279999999999987,24.0,29.26230769230768,-0.029449,409.1459100159991,23.246744445398125
4091,2021-12-20 12:37:15.294544384,23.28,24.0,29.28,-0.021785,409.1970462719991,23.253556042183774
4092,2021-12-20 12:37:15.355598080,23.291020408163245,24.0,29.287346938775485,-0.032348,409.2580999679991,23.260340532117787
4093,2021-12-20 12:37:15.451051264,23.250810810810794,24.0,29.302432432432408,-0.022781,409.3535531519991,23.26709734533339
4094,2021-12-20 12:37:15.554943232,23.29148936170211,24.0,29.317234042553192,-0.025174,409.45744511999914,23.273825916514063
4095,2021-12-20 12:37:15.682834432,23.279999999999983,24.0,29.332888888888878,-0.028955,409.58533631999916,23.28052568628923
4096,2021-12-20 12:37:15.773962240,23.279999999999983,24.0,29.350000000000016,-0.026663,409.67646412799917,23.287196102604085
4097,2021-12-20 12:37:15.859437568,23.268979591836718,24.0,29.362244897959155,-0.031493,409.76193945599914,23.29383662206018
4098,2021-12-20 12:37:15.965924608,23.293846153846136,24.0,29.37615384615386,-0.029914,409.86842649599913,23.30044671122349
4099,2021-12-20 12:37:16.121637120,23.318571428571406,24.0,29.391020408163286,-0.030038,410.0241390079991,23.307025847896707
4100,2021-12-20 12:37:16.246057984,23.27999999999999,24.0,29.399999999999988,-0.029669,410.1485598719991,23.31357352235277
4101,2021-12-20 12:37:16.290042880,23.378181818181815,24.0,29.420000000000012,-0.029182,410.1925447679991,23.320089238526688
4102,2021-12-20 12:37:16.356316928,23.340612244897937,24.0,29.42857142857145,-0.031808,410.2588188159991,23.32657251516284
4103,2021-12-20 12:37:16.451116288,23.331081081081063,24.0,29.44216216216219,-0.025722,410.35361817599915,23.33302288691502
4104,2021-12-20 12:37:16.557744128,23.324081632653044,24.0,29.45734693877553,-0.01932,410.46024601599913,23.339439905396695
4105,2021-12-20 12:37:16.674409984,23.29421052631577,24.0,29.471578947368442,-0.020177,410.57691187199913,23.345823140179014
4106,2021-12-20 12:37:16.763949056,23.36027027027025,24.0,29.487567567567574,-0.028185,410.6664509439991,23.352172179734335
4107,2021-12-20 12:37:16.859401984,23.32408163265304,24.0,29.50265306122449,-0.027452,410.7619038719991,23.358486632323025
4108,2021-12-20 12:37:16.974790656,23.340749999999982,24.0,29.515499999999992,-0.020684,410.8772925439991,23.364766126821454
4109,2021-12-20 12:37:17.131277568,23.318571428571406,24.0,29.532040816326507,-0.027879,411.0337794559991,23.3710103134893
4110,2021-12-20 12:37:17.233841664,23.430000000000003,24.0,29.539999999999996,-0.032267,411.13634355199906,23.377218864674372
4111,2021-12-20 12:37:17.276569344,23.329999999999988,24.0,29.487777777777765,-0.022398,411.17907123199905,23.38339147545337
4112,2021-12-20 12:37:17.358987008,23.36437499999998,24.0,29.332499999999964,-0.028563,411.26148889599904,23.389527864207082
4113,2021-12-20 12:37:17.459479296,23.41186046511626,24.0,29.563255813953482,-0.022809,411.36198118399903,23.39562777312867
4114,2021-12-20 12:37:17.569969408,23.324081632653044,24.0,29.340204081632635,-0.03418,411.472471295999,23.401690968663768
4115,2021-12-20 12:37:17.666921216,23.44874999999999,24.0,29.350000000000016,-0.036953,411.569423103999,23.407717241881482
4116,2021-12-20 12:37:17.756590848,23.46734693877549,24.0,29.359999999999978,-0.033181,411.65909273599897,23.413706408775436
4117,2021-12-20 12:37:17.855654912,23.459999999999987,24.0,29.616153846153857,-0.032743,411.75815679999897,23.419658310494206
4118,2021-12-20 12:37:17.998241280,23.403749999999977,24.0,29.395625000000027,-0.027775,411.900743167999,23.425572813500665
4119,2021-12-20 12:37:18.146460160,23.41090909090908,24.0,29.38818181818181,-0.033443,412.048962047999,23.431449809660037
4120,2021-12-20 12:37:18.201680128,23.41857954545453,24.0,29.39825757575758,-0.026714,412.104182015999,23.437289216256616
4121,2021-12-20 12:37:18.256900096,23.426249999999982,24.0,29.40833333333335,-0.027348,412.15940198399903,23.44309097593934
4122,2021-12-20 12:37:18.358518784,23.537727272727253,24.0,29.417727272727276,-0.025688,412.261020671999,23.448855056596624
4123,2021-12-20 12:37:18.461063168,23.476363636363622,24.0,29.42840909090909,-0.028433,412.363565055999,23.45458145116115
4124,2021-12-20 12:37:18.578845440,23.499374999999983,24.0,29.4372916666667,-0.032936,412.481347327999,23.460270177345617
4125,2021-12-20 12:37:18.671482368,23.549999999999994,24.0,29.450000000000014,-0.030131,412.573984255999,23.465921277310628
4126,2021-12-20 12:37:18.760035584,23.52795918367345,24.0,29.45653061224492,-0.032365,412.662537471999,23.471534817266136
4127,2021-12-20 12:37:18.856605184,23.549999999999983,24.0,29.63105263157896,-0.036044,412.759107071999,23.477110887008244
4128,2021-12-20 12:37:18.956071424,23.538979591836714,24.0,29.577959183673485,-0.031689,412.858573311999,23.48264959939337
4129,2021-12-20 12:37:19.062649088,23.524285714285696,24.0,29.628571428571437,-0.027695,412.965150975999,23.48815108975207
4130,2021-12-20 12:37:19.183499264,23.52749999999998,24.0,29.615,-0.0291,413.08600115199897,23.493615515245178
4131,2021-12-20 12:37:19.276900608,23.550000000000008,24.0,29.5,-0.034205,413.17940249599894,23.49904305416513
4132,2021-12-20 12:37:19.355666944,23.53874999999998,24.0,29.514583333333324,-0.027688,413.25816883199894,23.504433905185557
4133,2021-12-20 12:37:19.458794496,23.537727272727253,24.0,29.523409090909073,-0.036844,413.36129638399893,23.50978828656258
4134,2021-12-20 12:37:19.561640448,23.54999999999998,24.0,29.534130434782583,-0.030483,413.46414233599893,23.515106435291486
4135,2021-12-20 12:37:19.673357824,23.54999999999998,24.0,29.54304347826085,-0.04048,413.57585971199893,23.52038860622261
4136,2021-12-20 12:37:19.766658560,23.579999999999988,24.0,29.554166666666642,-0.037083,413.66916044799893,23.525635071140552
4137,2021-12-20 12:37:19.860532480,23.538979591836714,24.0,29.562653061224452,-0.030661,413.76303436799896,23.530846117811002
4138,2021-12-20 12:37:19.970892032,23.549999999999986,24.0,29.573243243243258,-0.036584,413.87339391999893,23.53602204899957
4139,2021-12-20 12:37:20.127207680,23.566530612244883,24.0,29.582040816326515,-0.033784,414.0297095679989,23.54116318146731
4140,2021-12-20 12:37:20.240987136,23.550000000000008,24.0,29.589999999999993,-0.032868,414.1434890239989,23.54626984494756
4141,2021-12-20 12:37:20.284086784,23.523000000000003,24.0,29.684499999999996,-0.031218,414.1865886719989,23.551342381108928
4142,2021-12-20 12:37:20.359554048,23.566874999999992,24.0,29.833958333333314,-0.035761,414.2620559359989,23.55638114250934
4143,2021-12-20 12:37:20.453950976,23.549999999999986,24.0,29.611621621621637,-0.035979,414.35645286399887,23.561386491546
4144,2021-12-20 12:37:20.561755648,23.54999999999998,24.0,29.630408163265336,-0.031206,414.46425753599885,23.566358799406164
4145,2021-12-20 12:37:20.665084416,23.549999999999994,24.0,29.63999999999999,-0.031406,414.56758630399884,23.571298445023668
4146,2021-12-20 12:37:20.756293120,23.54999999999998,24.0,29.650000000000016,-0.035528,414.65879500799883,23.57620581404597
4147,2021-12-20 12:37:20.858394624,23.531162790697657,24.0,29.650000000000006,-0.033156,414.76089651199885,23.58108129781652
4148,2021-12-20 12:37:20.979808256,23.57571428571427,24.0,29.660000000000007,-0.035092,414.88231014399884,23.5859252923771
4149,2021-12-20 12:37:21.145789952,23.600204081632633,24.0,29.43551020408165,-0.034173,415.04829183999885,23.59073819749453
4150,2021-12-20 12:37:21.236998400,23.55,24.0,29.41,-0.037076,415.1395002879988,23.595520415716113
4151,2021-12-20 12:37:21.271236864,23.56687499999999,24.0,29.67999999999998,-0.025208,415.1737387519988,23.600272351457924
4152,2021-12-20 12:37:21.360705280,23.627142857142843,24.0,29.687959183673502,-0.030551,415.2632071679988,23.604994410129905
4153,2021-12-20 12:37:21.462052608,23.549999999999983,24.0,29.69717948717951,-0.031196,415.3645544959988,23.6096869973014
4154,2021-12-20 12:37:21.582319616,23.561249999999983,24.0,29.707291666666688,-0.035289,415.4848215039988,23.61435051791054
4155,2021-12-20 12:37:21.676857344,23.550000000000008,24.0,29.7125,-0.032431,415.57935923199875,23.61898537552059
4156,2021-12-20 12:37:21.754839296,23.57755102040815,24.0,29.726530612244915,-0.039485,415.65734118399877,23.62359197162607
4157,2021-12-20 12:37:21.852022272,23.549999999999983,24.0,29.73538461538462,-0.028779,415.75452415999877,23.62817070501123
4158,2021-12-20 12:37:21.977308416,23.591086956521714,24.0,29.74630434782609,-0.036404,415.87981030399874,23.632721971162983
4159,2021-12-20 12:37:22.147695616,23.596956521739116,24.0,29.755434782608692,-0.030376,416.05019750399873,23.637246161740027
4160,2021-12-20 12:37:22.207663104,23.59730179028132,24.0,29.766246803069045,-0.038178,416.1101649919987,23.641743664099668
4161,2021-12-20 12:37:22.267630592,23.597647058823526,24.0,29.777058823529394,-0.033383,416.1701324799987,23.64621486088343
4162,2021-12-20 12:37:22.359734272,23.632653061224495,24.0,29.667755102040793,-0.038619,416.2622361599987,23.650660129662104
4163,2021-12-20 12:37:22.459190528,23.578421052631562,24.0,29.535526315789447,-0.037721,416.3616924159987,23.655079842640575
4164,2021-12-20 12:37:22.573342208,23.57755102040814,24.0,29.64081632653059,-0.03818,416.4758440959987,23.659474366422387
4165,2021-12-20 12:37:22.672577024,23.656071428571437,24.0,29.799999999999986,-0.046889,416.5750789119987,23.66384406183357
4166,2021-12-20 12:37:22.756825344,23.606249999999978,24.0,29.721874999999972,-0.036746,416.65932723199865,23.66818928380497
4167,2021-12-20 12:37:22.852409088,23.642368421052634,24.0,29.55210526315787,-0.037085,416.75491097599865,23.67251038131198
4168,2021-12-20 12:37:22.992450560,23.58857142857141,24.0,29.623673469387718,-0.038622,416.89495244799866,23.67680769737006
4169,2021-12-20 12:37:23.146604032,23.61171428571427,24.0,29.82000000000002,-0.035827,417.0491059199987,23.68108156908432
4170,2021-12-20 12:37:23.202658816,23.668900621118006,24.0,29.80326086956522,-0.038908,417.1051607039987,23.685332327750977
4171,2021-12-20 12:37:23.258703616,23.72608695652174,24.0,29.786521739130425,-0.030829,417.1612055039987,23.68956029900826
4172,2021-12-20 12:37:23.360312320,23.69152173913044,24.0,29.597608695652163,-0.034565,417.2628142079987,23.6937658030341
4173,2021-12-20 12:37:23.459507200,23.66999999999999,24.0,29.82688888888888,-0.037702,417.36200908799873,23.697949154787583
4174,2021-12-20 12:37:23.563157760,23.676382978723392,24.0,29.589999999999986,-0.036995,417.46565964799873,23.70211066429099
4175,2021-12-20 12:37:23.660954368,23.736428571428583,24.0,29.854047619047613,-0.038092,417.56345625599874,23.70625063694904
4176,2021-12-20 12:37:23.762955520,23.770408163265312,24.0,29.609999999999978,-0.030979,417.66545740799876,23.710369373901816
4177,2021-12-20 12:37:23.858670080,23.776216216216238,24.0,29.86297297297297,-0.034186,417.76117196799873,23.71446717240763
4178,2021-12-20 12:37:23.958770176,23.75387755102041,24.0,29.630204081632623,-0.045111,417.86127206399874,23.718544326252083
4179,2021-12-20 12:37:24.071654144,23.754324324324326,24.0,29.628918918918924,-0.037302,417.97415603199875,23.722601126179473
4180,2021-12-20 12:37:24.223856128,23.73734693877552,24.0,29.858163265306146,-0.042831,418.12635801599873,23.72663786034265
4181,2021-12-20 12:37:24.334577664,23.612307692307695,24.0,29.88999999999999,-0.039511,418.23707955199876,23.730654814767345
4182,2021-12-20 12:37:24.380413440,23.773043478260867,24.0,29.63999999999999,-0.035477,418.28291532799875,23.73465227382709
4183,2021-12-20 12:37:24.460346624,23.80938775510205,24.0,29.849387755102057,-0.037182,418.3628485119988,23.738630520724747
4184,2021-12-20 12:37:24.557559808,23.80578947368423,24.0,29.73894736842105,-0.038422,418.4600616959988,23.74258983797686
4185,2021-12-20 12:37:24.667899136,23.797500000000014,24.0,29.844166666666677,-0.036112,418.5704010239988,23.746530507896995
4186,2021-12-20 12:37:24.767114240,23.780000000000005,24.0,29.81814814814814,-0.033118,418.6696161279988,23.750452813074418
4187,2021-12-20 12:37:24.854480384,23.770408163265316,24.0,29.67632653061225,-0.032834,418.75698227199877,23.754357036844418
4188,2021-12-20 12:37:24.956551936,23.782325581395366,24.0,29.679999999999996,-0.036691,418.85905382399875,23.758243463746897
4189,2021-12-20 12:37:25.094129152,23.797959183673488,24.0,29.680000000000003,-0.037579,418.99663103999876,23.762112379969864
4190,2021-12-20 12:37:25.263641344,23.80714285714288,24.0,29.684761904761928,-0.038122,419.1661432319988,23.765964073774626
4191,2021-12-20 12:37:25.317996288,23.804571428571442,24.0,29.687380952380977,-0.036071,419.2204981759988,23.769798835899813
4192,2021-12-20 12:37:25.372361216,23.802000000000007,24.0,29.690000000000023,-0.030419,419.27486310399877,23.77361695994136
4193,2021-12-20 12:37:25.460471808,23.808979591836746,24.0,29.694285714285748,-0.033648,419.3629736959988,23.77741874270584
4194,2021-12-20 12:37:25.557594624,23.820000000000018,24.0,29.70000000000002,-0.040445,419.4600965119988,23.781204484534715
4195,2021-12-20 12:37:25.666938368,23.82000000000001,24.0,29.70367346938778,-0.046243,419.5694402559988,23.784974489597285
4196,2021-12-20 12:37:25.769562880,23.82062500000001,24.0,29.71000000000001,-0.040315,419.6720647679988,23.78872906615033
4197,2021-12-20 12:37:25.858216704,23.808750000000014,24.0,29.785833333333347,-0.036889,419.7607185919988,23.79246852676264
4198,2021-12-20 12:37:25.950611968,23.805000000000014,24.0,29.9352777777778,-0.039724,419.8531138559988,23.7961931885029
4199,2021-12-20 12:37:26.081882624,23.808979591836746,24.0,29.722244897959204,-0.041064,419.9843845119988,23.799903373089503
4200,2021-12-20 12:37:26.237725696,23.82789473684212,24.0,29.73000000000001,-0.039569,420.1402275839988,23.803599407001112
4201,2021-12-20 12:37:26.297491968,23.81313104189045,24.0,29.7307142857143,-0.035432,420.1999938559988,23.80728162154703
4202,2021-12-20 12:37:26.357258496,23.798367346938782,24.0,29.731428571428584,-0.037922,420.2597603839988,23.81095035289657
4203,2021-12-20 12:37:26.459390208,23.839534883720948,24.0,29.740000000000006,-0.040787,420.3618920959988,23.814605942066866
4204,2021-12-20 12:37:26.562537984,23.833333333333353,24.0,29.740000000000002,-0.040558,420.46503987199884,23.81824873486866
4205,2021-12-20 12:37:26.688045312,23.84857142857144,24.0,29.74020408163266,-0.035888,420.59054719999887,23.821879081809893
4206,2021-12-20 12:37:26.780289792,23.820000000000004,24.0,29.75,-0.042678,420.68279167999884,23.825497337956975
4207,2021-12-20 12:37:26.860816384,23.797959183673477,24.0,29.75,-0.038377,420.76331827199886,23.829103862753804
4208,2021-12-20 12:37:26.949771776,23.838666666666676,24.0,29.75,-0.040687,420.85227366399886,23.832699019798756
4209,2021-12-20 12:37:27.086463744,23.82000000000001,24.0,29.759374999999995,-0.043539,420.98896563199884,23.836283176579986
4210,2021-12-20 12:37:27.243735296,23.844705882352955,24.0,29.759999999999994,-0.038681,421.14623718399884,23.83985670416954
4211,2021-12-20 12:37:27.301067520,23.86151960784315,24.0,29.764166666666657,-0.035333,421.2035694079988,23.843419976876827
4212,2021-12-20 12:37:27.358389504,23.878333333333345,24.0,29.76833333333332,-0.038235,421.2608913919988,23.846973371862155
4213,2021-12-20 12:37:27.458992640,23.870909090909105,24.0,29.769999999999985,-0.046345,421.36149452799884,23.85051726871111
4214,2021-12-20 12:37:27.562341376,23.838666666666686,24.0,29.769999999999985,-0.04044,421.46484326399883,23.85405204897063
4215,2021-12-20 12:37:27.680113920,23.825957446808523,24.0,29.77723404255317,-0.044565,421.5826158079988,23.85757809564767
4216,2021-12-20 12:37:27.772126976,23.84709677419356,24.0,29.77999999999998,-0.034472,421.6746288639988,23.861095792671485
4217,2021-12-20 12:37:27.860488960,23.837142857142865,24.0,29.78653061224487,-0.040507,421.7629908479988,23.864605524320485
4218,2021-12-20 12:37:27.963656960,23.836111111111126,24.0,29.78999999999999,-0.044537,421.8661588479988,23.86810767461485
4219,2021-12-20 12:37:28.113535232,23.82000000000001,24.0,29.78999999999998,-0.043451,422.0160371199988,23.871602626675884
4220,2021-12-20 12:37:28.236437504,23.849473684210523,24.0,29.790000000000006,-0.04284,422.1389393919988,23.87509076205324
4221,2021-12-20 12:37:28.286497536,23.869411764705877,24.0,29.800000000000008,-0.041365,422.1889994239988,23.87857246002117
4222,2021-12-20 12:37:28.358655744,23.877142857142868,24.0,29.799999999999972,-0.040898,422.2611576319988,23.88204809684483
4223,2021-12-20 12:37:28.455818752,23.89000000000002,24.0,29.803499999999975,-0.043331,422.3583206399988,23.88551804501777
4224,2021-12-20 12:37:28.561551360,23.860000000000007,24.0,29.809999999999963,-0.043254,422.4640532479988,23.888982672471684
4225,2021-12-20 12:37:28.664387328,23.868000000000013,24.0,29.80999999999997,-0.039222,422.5668892159988,23.892442341759477
4226,2021-12-20 12:37:28.757597440,23.94000000000001,24.0,29.718163265306085,-0.051416,422.6600993279988,23.89589740921258
4227,2021-12-20 12:37:28.851642368,23.910810810810826,24.0,29.588108108108084,-0.041316,422.7541442559988,23.899348224073595
4228,2021-12-20 12:37:28.973387776,23.866666666666678,24.0,29.819999999999997,-0.042978,422.8758896639988,23.90279512760525
4229,2021-12-20 12:37:29.134622208,23.890000000000022,24.0,29.820000000000004,-0.038029,423.0371240959988,23.90623845217659
4230,2021-12-20 12:37:29.197164544,23.90369565217393,24.0,29.824999999999996,-0.045804,423.0996664319988,23.90967852032737
4231,2021-12-20 12:37:29.259706880,23.917391304347838,24.0,29.82999999999999,-0.04422,423.1622087679988,23.913115643811388
4232,2021-12-20 12:37:29.361305600,24.00869565217392,24.0,29.801739130434775,-0.046134,423.2638074879988,23.91655012261981
4233,2021-12-20 12:37:29.466615808,23.92926829268295,24.0,29.6029268292683,-0.047669,423.3691176959988,23.919982243985174
4234,2021-12-20 12:37:29.591710720,23.82000000000001,24.0,29.83918367346937,-0.044294,423.4942126079988,23.923412281366904
4235,2021-12-20 12:37:29.681863168,23.873333333333328,24.0,29.83095238095238,-0.047175,423.58436505599883,23.926840493419025
4236,2021-12-20 12:37:29.758959872,23.900000000000013,24.0,29.839999999999982,-0.045378,423.6614617599988,23.93026712294092
4237,2021-12-20 12:37:29.855036672,24.030000000000015,24.0,29.840000000000007,-0.04552,423.7575385599988,23.9336923958118
4238,2021-12-20 12:37:30.001877504,23.940000000000012,24.0,29.84979591836733,-0.039279,423.9043793919988,23.937116519909516
4239,2021-12-20 12:37:30.153968896,23.95548387096776,24.0,29.606774193548393,-0.041117,424.0564707839988,23.940539684014293
4240,2021-12-20 12:37:30.206905600,23.928186379928334,24.0,29.60416487455197,-0.048807,424.1094074879988,23.943962056698073
4241,2021-12-20 12:37:30.259842304,23.900888888888904,24.0,29.601555555555542,-0.041336,424.1623441919988,23.947383785199914
4242,2021-12-20 12:37:30.361944064,23.951063829787245,24.0,29.805744680851053,-0.047198,424.26444595199877,23.950804994288063
4243,2021-12-20 12:37:30.461179136,23.93789473684213,24.0,29.590000000000003,-0.041823,424.36368102399877,23.95422578510908
4244,2021-12-20 12:37:30.574465536,23.865714285714297,24.0,29.799387755102014,-0.042718,424.47696742399876,23.957646234024555
4245,2021-12-20 12:37:30.671457536,23.90400000000001,24.0,29.85166666666668,-0.044753,424.57395942399876,23.96106639143583
4246,2021-12-20 12:37:30.759306496,23.95142857142858,24.0,29.85693877551018,-0.045651,424.66180838399873,23.964486280597114
4247,2021-12-20 12:37:30.857585920,23.918823529411778,24.0,29.86000000000001,-0.041912,424.76008780799873,23.96790589641739
4248,2021-12-20 12:37:31.018709760,23.900000000000006,24.0,29.859999999999978,-0.04184,424.92121164799875,23.9713252042514
4249,2021-12-20 12:37:31.176141824,23.92370370370372,24.0,29.86296296296297,-0.039552,425.0786437119987,23.97474413868017
4250,2021-12-20 12:37:31.222500608,23.980740740740757,24.0,29.866481481481486,-0.045847,425.12500249599873,23.978162602281323
4251,2021-12-20 12:37:31.268859136,24.037777777777794,24.0,29.869999999999997,-0.047185,425.1713610239987,23.981580464389594
4252,2021-12-20 12:37:31.363195904,24.08857142857143,24.0,29.742448979591806,-0.043854,425.2656977919987,23.984997559847915
4253,2021-12-20 12:37:31.456134400,24.07454545454547,24.0,29.62,-0.050225,425.3586362879987,23.98841368774946
4254,2021-12-20 12:37:31.561686016,23.96285714285715,24.0,29.61999999999997,-0.048938,425.4641879039987,23.991828610171165
4255,2021-12-20 12:37:31.667539456,23.924000000000014,24.0,29.753714285714288,-0.044273,425.5700413439987,23.99524205089933
4256,2021-12-20 12:37:31.760316928,24.008571428571436,24.0,29.88000000000003,-0.04771,425.6628188159987,23.998653694147915
4257,2021-12-20 12:37:31.856775936,24.08486486486488,24.0,29.79567567567567,-0.043227,425.75927782399873,24.00206318327037
4258,2021-12-20 12:37:32.001353728,23.997142857142865,24.0,29.699591836734726,-0.047151,425.90385561599874,24.005470119465826
4259,2021-12-20 12:37:32.149472000,23.982580645161303,24.0,29.88,-0.0384,426.0519738879987,24.008874060480757
4260,2021-12-20 12:37:32.203454720,24.020873655913988,24.0,29.77708333333334,-0.05381,426.10595660799873,24.012274519307258
4261,2021-12-20 12:37:32.257437696,24.05916666666667,24.0,29.674166666666682,-0.049793,426.1599395839987,24.01567096287928
4262,2021-12-20 12:37:32.360022016,24.04909090909092,24.0,29.85636363636364,-0.047507,426.2625239039987,24.019062810768336
4263,2021-12-20 12:37:32.459981312,23.981777777777793,24.0,29.65466666666667,-0.04315,426.36248319999874,24.022449433880347
4264,2021-12-20 12:37:32.568660992,24.034468085106386,24.0,29.86340425531916,-0.049357,426.47116287999876,24.025830153155564
4265,2021-12-20 12:37:32.664969216,24.100000000000016,24.0,29.61999999999999,-0.049491,426.56747110399874,24.029204238273508
4266,2021-12-20 12:37:32.762162432,24.08857142857143,24.0,29.61999999999997,-0.046045,426.66466431999874,24.032570906365255
4267,2021-12-20 12:37:32.856337920,24.068888888888903,24.0,29.619999999999997,-0.046747,426.75883980799875,24.03592932073556
4268,2021-12-20 12:37:32.956941056,24.054285714285715,24.0,29.88000000000003,-0.043147,426.8594429439988,24.03927858959749
4269,2021-12-20 12:37:33.070891264,24.092631578947383,24.0,29.62684210526315,-0.04381,426.9733931519988,24.042617764822484
4270,2021-12-20 12:37:33.227569152,24.070833333333336,24.0,29.863750000000028,-0.047814,427.13007103999877,24.045945840708946
4271,2021-12-20 12:37:33.348278528,24.100000000000005,24.0,29.696470588235297,-0.047867,427.25078041599875,24.0492617527728
4272,2021-12-20 12:37:33.391388416,24.1,24.0,29.62,-0.042972,427.29389030399875,24.052564376563474
4273,2021-12-20 12:37:33.460529152,24.1,24.0,29.61999999999997,-0.052544,427.36303103999876,24.055852526509153
4274,2021-12-20 12:37:33.552944640,24.100000000000012,24.0,29.62,-0.040512,427.45544652799873,24.05912495479537
4275,2021-12-20 12:37:33.660377088,24.08857142857143,24.0,29.61999999999997,-0.045683,427.56287897599873,24.062380350281195
4276,2021-12-20 12:37:33.785139968,24.100000000000016,24.0,29.61999999999999,-0.043975,427.6876418559987,24.065617337457397
4277,2021-12-20 12:37:33.873240576,24.082500000000014,24.0,29.61000000000001,-0.050361,427.7757424639987,24.068834475451222
4278,2021-12-20 12:37:33.962708992,24.088571428571427,24.0,29.609999999999978,-0.048476,427.8652108799987,24.072030257082677
4279,2021-12-20 12:37:34.057488128,24.100000000000012,24.0,29.61000000000001,-0.042902,427.9599900159987,24.075203107977146
4280,2021-12-20 12:37:34.202568960,24.1,24.0,29.609999999999978,-0.05171,428.1050708479987,24.07835138573956
4281,2021-12-20 12:37:34.340528384,24.10000000000001,24.0,29.61000000000001,-0.040563,428.2430302719987,24.08147337919533
4282,2021-12-20 12:37:34.393988096,24.099999999999998,24.0,29.6,-0.04,428.2964899839987,24.084567307703395
4283,2021-12-20 12:37:34.459477504,24.1,24.0,29.599999999999984,-0.05258,428.3619793919987,24.087631320546762
4284,2021-12-20 12:37:34.555815936,24.100000000000012,24.0,29.600000000000005,-0.042212,428.4583178239987,24.090663496406144
4285,2021-12-20 12:37:34.658028032,24.117142857142856,24.0,29.599999999999984,-0.047813,428.5605299199987,24.0936618429222
4286,2021-12-20 12:37:34.766043904,24.100000000000012,24.0,29.600000000000005,-0.046236,428.6685457919987,24.096624296351884
4287,2021-12-20 12:37:34.861064704,24.112444444444453,24.0,29.595777777777773,-0.048102,428.7635665919987,24.09954872132448
4288,2021-12-20 12:37:34.963689216,24.100000000000005,24.0,29.589999999999986,-0.050983,428.8661911039987,24.10243291070284
4289,2021-12-20 12:37:35.085143040,24.100000000000012,24.0,29.590000000000003,-0.045535,428.9876449279987,24.10527458555524
4290,2021-12-20 12:37:35.250048512,24.1,24.0,29.589999999999982,-0.053771,429.1525503999987,24.108071395243257
4291,2021-12-20 12:37:35.352411904,24.1,24.0,29.589999999999996,-0.044529,429.25491379199866,24.110820917630875
4292,2021-12-20 12:37:35.382626816,24.126666666666676,24.0,29.584285714285713,-0.047639,429.2851287039987,24.113520659419894
4293,2021-12-20 12:37:35.461846016,24.1,24.0,29.579999999999988,-0.04667,429.3643479039987,24.116168056616594
4294,2021-12-20 12:37:35.551304192,24.100000000000012,24.0,29.58000000000001,-0.04356,429.4538060799987,24.11876047513433
4295,2021-12-20 12:37:35.658817280,24.117142857142856,24.0,29.579999999999988,-0.045969,429.5613191679987,24.12129521153667
4296,2021-12-20 12:37:35.780693504,24.100000000000012,24.0,29.580000000000013,-0.038314,429.6831953919987,24.123769493925206
4297,2021-12-20 12:37:35.869447936,24.107777777777795,24.0,29.579166666666676,-0.049282,429.7719498239987,24.126180482976032
4298,2021-12-20 12:37:35.965202688,24.1,24.0,29.569999999999997,-0.047448,429.8677045759987,24.128525273128485
4299,2021-12-20 12:37:36.077131264,24.100000000000012,24.0,29.570000000000014,-0.029059,429.9796331519987,24.13080089392946
4300,2021-12-20 12:37:36.232541696,24.100000000000005,24.0,29.569999999999997,-0.050841,430.1350435839987,24.1330043115363
4301,2021-12-20 12:37:36.346994944,24.1,24.0,29.569999999999997,-0.045707,430.2494968319987,24.135132430380743
4302,2021-12-20 12:37:36.388585984,24.100000000000005,24.0,29.569999999999997,-0.050935,430.29108787199874,24.137182094996177
4303,2021-12-20 12:37:36.461106176,24.117142857142856,24.0,29.32755102040814,-0.040109,430.36360806399875,24.139150092009825
4304,2021-12-20 12:37:36.555332352,24.100000000000012,24.0,29.51081081081078,-0.051839,430.45783423999876,24.141033152301112
4305,2021-12-20 12:37:36.656397824,24.1,24.0,29.551632653061198,-0.046143,430.5588997119988,24.14282795332709
4306,2021-12-20 12:37:36.760903424,24.122702702702714,24.0,29.54999999999998,-0.041325,430.66340531199876,24.144531121615188
4307,2021-12-20 12:37:36.857704448,24.1,24.0,29.549999999999972,-0.046547,430.76020633599876,24.146139235423142
4308,2021-12-20 12:37:36.954726656,24.122105263157906,24.0,29.54999999999998,-0.044431,430.85722854399876,24.147648827565327
4309,2021-12-20 12:37:37.081340160,24.10000000000001,24.0,29.549999999999976,-0.048047,430.98384204799873,24.14905638840433
4310,2021-12-20 12:37:37.259784192,24.100000000000005,24.0,29.54340425531913,-0.04212,431.16228607999875,24.150358369005986
4311,2021-12-20 12:37:37.318756096,24.11037037037038,24.0,29.541702127659562,-0.047776,431.2212579839987,24.15155118445551
4312,2021-12-20 12:37:37.377727744,24.120740740740754,24.0,29.539999999999992,-0.046255,431.28022963199874,24.152631217331955
4313,2021-12-20 12:37:37.461654016,24.1,24.0,29.53999999999998,-0.036823,431.3641559039987,24.153594821337585
4314,2021-12-20 12:37:37.556493568,24.10777777777779,24.0,29.53999999999999,-0.047101,431.4589954559987,24.154438325078182
4315,2021-12-20 12:37:37.665565696,24.128571428571433,24.0,29.53489795918366,-0.037383,431.5680675839987,24.155158035989807
4316,2021-12-20 12:37:37.769588480,24.127096774193557,24.0,29.52999999999998,-0.035972,431.6720903679987,24.15575024440694
4317,2021-12-20 12:37:37.860032512,24.111428571428572,24.0,29.529999999999976,-0.045935,431.7625343999987,24.156211227766438
4318,2021-12-20 12:37:37.954318848,24.115555555555567,24.0,29.52999999999998,-0.045886,431.85682073599867,24.156537254941185
4319,2021-12-20 12:37:38.084131072,24.10571428571429,24.0,29.529999999999976,-0.044841,431.98663295999864,24.15672459069684
4320,2021-12-20 12:37:38.253623296,24.12000000000001,24.0,29.527857142857123,-0.042532,432.15612518399865,24.156769500264517
4321,2021-12-20 12:37:38.311890688,24.151621621621633,24.0,29.523928571428556,-0.043955,432.21439257599866,24.15666825402172
4322,2021-12-20 12:37:38.370148352,24.183243243243254,24.0,29.51999999999999,-0.042231,432.27265023999865,24.15641713227346
4323,2021-12-20 12:37:38.466084352,24.1,24.0,29.519999999999985,-0.047411,432.36858623999865,24.156012430124953
4324,2021-12-20 12:37:38.565369600,24.147804878048795,24.0,29.51999999999999,-0.045657,432.46787148799865,24.155450462436917
4325,2021-12-20 12:37:38.667853568,24.1,24.0,29.518367346938764,-0.042804,432.57035545599865,24.154727568854078
4326,2021-12-20 12:37:38.765811200,24.100000000000016,24.0,29.509999999999998,-0.044819,432.6683130879986,24.153840118896998
4327,2021-12-20 12:37:38.863094784,24.117142857142856,23.755102040816325,29.509999999999994,-0.043159,432.76559667199865,24.152784517107087
4328,2021-12-20 12:37:38.980233472,24.100000000000016,18.0,29.12488372093023,-0.048938,432.88273535999866,24.151557208234216
4329,2021-12-20 12:37:39.149695488,24.128571428571426,18.0,23.985102040816326,-0.038298,433.0521973759987,24.15015468245614
4330,2021-12-20 12:37:39.264339968,24.17,18.0,23.87,-0.0472,433.16684185599865,24.148573480618573
4331,2021-12-20 12:37:39.293921280,24.16222222222222,18.0,23.740000000000002,-0.038345,433.19642316799866,24.14681019948455
4332,2021-12-20 12:37:39.358636288,24.157142857142862,18.0,23.624897959183663,-0.035513,433.26113817599867,24.144861496981434
4333,2021-12-20 12:37:39.453304832,24.14666666666668,18.0,23.51,-0.042809,433.35580671999867,24.142724097433813
4334,2021-12-20 12:37:39.556854784,24.128571428571426,18.0,23.392244897959195,-0.037038,433.45935667199865,24.140394796770263
4335,2021-12-20 12:37:39.676035584,24.100000000000016,18.0,23.27756097560975,-0.042281,433.57853747199863,24.137870467691982
4336,2021-12-20 12:37:39.768953856,24.145405405405416,18.0,23.13,-0.043367,433.67145574399865,24.135148064791093
4337,2021-12-20 12:37:39.864397056,24.1,18.0,23.034489795918365,-0.042215,433.7668989439986,24.13222462960642
4338,2021-12-20 12:37:39.976878848,24.114736842105277,18.0,22.908947368421043,-0.048632,433.8793807359986,24.129097295604613
4339,2021-12-20 12:37:40.131625472,24.1,18.0,22.801836734693865,-0.036107,434.0341273599986,24.12576329307435
4340,2021-12-20 12:37:40.239088128,24.099999999999998,18.0,22.770000000000007,-0.04564,434.1415900159986,24.122219953921512
4341,2021-12-20 12:37:40.282650624,24.123333333333346,18.0,22.519999999999996,-0.040857,434.1851525119986,24.1184647163534
4342,2021-12-20 12:37:40.362966016,24.117500000000003,18.0,22.442499999999992,-0.03982,434.26546790399857,24.11449512944006
4343,2021-12-20 12:37:40.449980160,24.15600000000001,18.0,22.35999999999999,-0.047607,434.3524820479986,24.110308857540996
4344,2021-12-20 12:37:40.552665344,24.10571428571429,18.0,22.211428571428556,-0.046288,434.4551672319986,24.105903684585883
4345,2021-12-20 12:37:40.664382464,24.100000000000012,18.0,22.12060606060606,-0.039884,434.56688435199857,24.101277518197932
4346,2021-12-20 12:37:40.759644672,24.135000000000005,18.0,21.967499999999983,-0.035923,434.6621465599986,24.096428393649084
4347,2021-12-20 12:37:40.860760576,24.119090909090918,18.0,21.85818181818181,-0.033183,434.76326246399856,24.09135447763645
4348,2021-12-20 12:37:40.986006272,24.113023255813967,18.0,21.731395348837193,-0.042069,434.88850815999854,24.086054071869775
4349,2021-12-20 12:37:41.156866304,24.1,18.0,21.621020408163247,-0.036115,435.05936819199854,24.08052561646013
4350,2021-12-20 12:37:41.216823808,24.10000000000001,18.0,21.48533779028852,-0.043193,435.11932569599855,24.074767693100533
4351,2021-12-20 12:37:41.276771072,24.100000000000012,18.0,21.349655172413794,-0.045832,435.17927295999857,24.068779028029702
4352,2021-12-20 12:37:41.362477824,24.111428571428572,18.0,21.263265306122427,-0.043646,435.2649797119986,24.06255849477058
4353,2021-12-20 12:37:41.461924096,24.11365853658538,18.0,21.139024390243883,-0.040754,435.3644259839986,24.056105116636015
4354,2021-12-20 12:37:41.568632320,24.100000000000005,18.0,21.0325,-0.038113,435.4711342079986,24.049418068994292
4355,2021-12-20 12:37:41.667344384,24.11600000000001,18.0,20.902857142857126,-0.03606,435.5698462719986,24.042496681288192
4356,2021-12-20 12:37:41.761137920,24.08857142857143,18.0,20.790408163265298,-0.04019,435.6636398079986,24.035340438801626
4357,2021-12-20 12:37:41.849912320,24.100000000000012,18.0,20.67000000000001,-0.037448,435.7524142079986,24.02794898416869
4358,2021-12-20 12:37:41.983516416,24.1,18.0,20.557755102040836,-0.036705,435.8860183039986,24.020322118620708
4359,2021-12-20 12:37:42.152254208,24.08526315789475,18.0,20.45000000000001,-0.04261,436.0547560959986,24.0124598029675
4360,2021-12-20 12:37:42.209656832,24.092631578947383,18.0,20.32500000000001,-0.036713,436.1121587199986,24.004362158309917
4361,2021-12-20 12:37:42.267059456,24.100000000000016,18.0,20.20000000000001,-0.035112,436.1695613439986,23.996029466481424
4362,2021-12-20 12:37:42.365369088,24.099999999999998,18.0,20.080000000000013,-0.03418,436.2678709759986,23.987462170217274
4363,2021-12-20 12:37:42.466294016,24.048421052631596,18.0,19.96631578947369,-0.031072,436.3687959039986,23.978660873050554
4364,2021-12-20 12:37:42.581240064,24.02000000000001,18.0,19.84734693877552,-0.030471,436.4837419519986,23.96962633893526
4365,2021-12-20 12:37:42.678262272,24.070000000000014,18.0,19.74142857142858,-0.04175,436.5807641599986,23.96035949159725
4366,2021-12-20 12:37:42.762691328,24.031428571428574,18.0,19.60591836734695,-0.033273,436.66519321599856,23.95086141361476
4367,2021-12-20 12:37:42.857118720,24.004000000000012,18.0,19.497428571428586,-0.031945,436.75962060799856,23.94113334523088
4368,2021-12-20 12:37:42.999704832,23.87142857142858,18.0,19.58142857142858,-0.03293,436.90220671999856,23.931176682901068
4369,2021-12-20 12:37:43.148275712,23.865161290322593,18.0,19.53645161290323,-0.035476,437.0507775999986,23.920992977579576
4370,2021-12-20 12:37:43.203998720,24.1,18.0,19.37,-0.039091,437.10650060799856,23.910583932749397
4371,2021-12-20 12:37:43.259208448,23.865714285714297,18.0,19.293673469387752,-0.03691,437.1617103359986,23.899951402200863
4372,2021-12-20 12:37:43.360787200,23.859069767441877,18.0,19.18465116279069,-0.031755,437.2632890879986,23.889097387564735
4373,2021-12-20 12:37:43.462878720,23.83750000000001,18.0,19.064999999999987,-0.030643,437.3653806079986,23.87802403560623
4374,2021-12-20 12:37:43.570381824,23.859069767441877,18.0,18.961162790697664,-0.028337,437.4728837119986,23.866733635286934
4375,2021-12-20 12:37:43.665050368,23.860975609756117,18.0,18.830975609756095,-0.028975,437.5675522559986,23.855228614602183
4376,2021-12-20 12:37:43.766357248,23.837142857142865,18.0,18.72632653061223,-0.027431,437.66885913599856,23.843511537201906
4377,2021-12-20 12:37:43.863972864,23.841538461538484,18.0,18.60230769230768,-0.024181,437.76647475199854,23.831585098803373
4378,2021-12-20 12:37:43.964435200,23.808979591836746,18.0,18.50367346938778,-0.028474,437.86693708799856,23.819452123404822
4379,2021-12-20 12:37:44.079431424,23.82000000000002,18.0,18.382105263157904,-0.027695,437.98193331199855,23.807115559309235
4380,2021-12-20 12:37:44.236079104,23.82000000000001,18.0,18.281020408163275,-0.030929,438.13858099199854,23.794578474967963
4381,2021-12-20 12:37:44.344889600,23.819999999999997,18.0,18.210000000000004,-0.035038,438.2473914879985,23.781844054654098
4382,2021-12-20 12:37:44.384197376,23.861999999999995,18.0,17.996500000000005,-0.025289,438.2866992639985,23.76891559397592
4383,2021-12-20 12:37:44.461153280,23.78693877551021,18.0,17.940816326530623,-0.027573,438.3636551679985,23.75579649524104
4384,2021-12-20 12:37:44.558165504,23.756052631578967,18.0,17.81578947368422,-0.023648,438.4606673919985,23.742490262681972
4385,2021-12-20 12:37:44.663717120,23.696249999999992,18.0,17.712500000000002,-0.026809,438.56621900799854,23.729000497554143
4386,2021-12-20 12:37:44.766160896,23.623636363636354,18.0,17.646969696969695,-0.023959,438.6686627839985,23.71533089311742
4387,2021-12-20 12:37:44.859441408,23.654693877551015,18.0,17.74795918367346,-0.029767,438.7619432959985,23.701485229512492
4388,2021-12-20 12:37:44.960889088,23.639999999999993,18.0,17.642142857142844,-0.020171,438.86339097599847,23.687467368543356
4389,2021-12-20 12:37:45.091666944,23.566530612244875,18.0,17.526530612244887,-0.019992,438.9941688319985,23.673281248377318
4390,2021-12-20 12:37:45.242772480,23.64449999999998,18.0,17.42999999999999,-0.021445,439.14527436799847,23.658930878173855
4391,2021-12-20 12:37:45.301532928,23.608739361702106,18.0,17.32,-0.021244,439.20403481599845,23.64442033265368
4392,2021-12-20 12:37:45.360283392,23.572978723404237,18.0,17.21000000000001,-0.023672,439.26278527999847,23.629753746619198
4393,2021-12-20 12:37:45.462918144,23.53799999999998,18.0,17.100000000000012,-0.0265,439.36542003199844,23.614935309437527
4394,2021-12-20 12:37:45.563742464,23.579999999999984,18.0,16.990000000000006,-0.024792,439.46624435199845,23.599969259497072
4395,2021-12-20 12:37:45.671919360,23.54999999999998,18.0,16.877659574468087,-0.022815,439.57442124799843,23.58485987864847
4396,2021-12-20 12:37:45.768860928,23.556749999999983,18.0,16.759999999999994,-0.027057,439.6713628159984,23.56961148664058
4397,2021-12-20 12:37:45.865561344,23.50499999999998,18.0,16.663749999999986,-0.015149,439.7680632319984,23.554228435561892
4398,2021-12-20 12:37:45.979179776,23.521578947368404,18.0,16.55157894736842,-0.017576,439.8816816639984,23.538715104297616
4399,2021-12-20 12:37:46.136330240,23.522448979591815,18.0,16.65938775510206,-0.019557,440.0388321279984,23.523075893012436
4400,2021-12-20 12:37:46.241489664,23.460000000000004,18.0,16.69,-0.010404,440.1439915519984,23.507315217668673
4401,2021-12-20 12:37:46.282789120,23.55,18.0,16.47000000000001,-0.013567,440.1852910079984,23.491437504589268
4402,2021-12-20 12:37:46.365307136,23.461836734693858,18.0,16.2057142857143,-0.007637,440.2678090239984,23.47544718507484
4403,2021-12-20 12:37:46.465326848,23.424878048780464,18.0,16.191463414634143,-0.007056,440.3678287359984,23.45934869008369
4404,2021-12-20 12:37:46.570566656,23.406734693877528,18.0,16.022244897959176,-0.011434,440.4730685439984,23.443146444983384
4405,2021-12-20 12:37:46.668805888,23.372571428571415,18.0,15.954285714285714,-0.010194,440.57130777599843,23.426844864382254
4406,2021-12-20 12:37:46.761975808,23.3681632653061,18.0,15.97714285714284,-0.014055,440.6644776959984,23.410448347048774
4407,2021-12-20 12:37:46.864147712,23.457804878048773,18.0,15.749512195121943,-0.01419,440.7666495999984,23.39396127092646
4408,2021-12-20 12:37:47.008524288,23.318571428571406,18.0,15.642653061224497,-0.002779,440.9110261759984,23.377387988251737
4409,2021-12-20 12:37:47.147831552,23.297999999999988,18.0,15.688000000000004,-0.00933,441.05033343999844,23.360732820781763
4410,2021-12-20 12:37:47.202307328,23.415,18.0,15.5,-0.007552,441.10480921599844,23.344000055138984
4411,2021-12-20 12:37:47.260846592,23.279999999999983,18.0,15.452857142857138,-0.006569,441.16334847999843,23.327193938278707
4412,2021-12-20 12:37:47.360151808,23.345853658536566,18.0,15.284634146341448,-0.0189,441.26265369599844,23.310318673085728
4413,2021-12-20 12:37:47.472855040,23.30204081632651,18.0,15.085102040816304,-0.011636,441.37535692799844,23.29337841410576
4414,2021-12-20 12:37:47.598955776,23.266829268292664,18.0,15.207317073170746,-0.00413,441.50145766399845,23.276377263417046
4415,2021-12-20 12:37:47.681383424,23.236799999999988,18.0,15.118399999999992,-0.000742,441.5838853119985,23.25931926664717
4416,2021-12-20 12:37:47.762694400,23.235918367346923,18.0,14.999183673469386,-0.003891,441.66519628799847,23.242208409139746
4417,2021-12-20 12:37:47.870096896,23.2674418604651,18.0,15.019534883720931,-0.005396,441.7725987839985,23.225048612275355
4418,2021-12-20 12:37:48.016022528,23.1642857142857,18.0,14.737551020408151,-0.005225,441.9185244159985,23.207843729950802
4419,2021-12-20 12:37:48.126070016,23.159999999999993,18.0,14.66,-0.00139,442.0285719039985,23.190597545220417
4420,2021-12-20 12:37:48.182004224,23.20730769230768,18.0,14.665384615384614,-0.000454,442.0845061119985,23.173313767102783
4421,2021-12-20 12:37:48.264944896,23.206874999999986,18.0,14.435416666666669,0.003227,442.1674467839985,23.15599602755595
4422,2021-12-20 12:37:48.362319104,23.230263157894722,18.0,14.332631578947376,-0.001376,442.26482099199853,23.13864787862387
4423,2021-12-20 12:37:48.475494912,23.081632653061217,18.0,14.252244897959189,0.001637,442.3779967999985,23.12127278975642
4424,2021-12-20 12:37:48.574066176,23.042399999999994,18.0,14.36119999999999,0.002395,442.4765680639985,23.10387414530514
4425,2021-12-20 12:37:48.660436480,23.04306122448979,18.0,14.03306122448978,-0.00322,442.5629383679985,23.08645524219639
4426,2021-12-20 12:37:48.763282432,23.02975609756097,18.0,14.18,0.008886,442.6657843199985,23.0690192877834
4427,2021-12-20 12:37:48.856241152,23.03634146341463,18.0,14.08,0.004942,442.75874303999854,23.051569397878335
4428,2021-12-20 12:37:48.962567424,23.026530612244894,18.0,13.986122448979602,0.003745,442.8650693119985,23.03410859496505
4429,2021-12-20 12:37:49.082612992,23.009999999999994,18.0,13.885405405405402,0.004799,442.98511487999855,23.01663980659312
4430,2021-12-20 12:37:49.239250688,23.026530612244894,18.0,13.792244897959169,0.008691,443.14175257599857,22.999165863953145
4431,2021-12-20 12:37:49.343233024,23.009999999999998,18.0,13.78,0.011432,443.24573491199857,22.98168950063318
4432,2021-12-20 12:37:49.383345664,23.061923076923073,18.0,13.58,0.007279,443.2858475519986,22.964213351555717
4433,2021-12-20 12:37:49.464254464,22.953749999999996,18.0,13.502916666666676,0.012956,443.36675635199856,22.946739952094433
4434,2021-12-20 12:37:49.557062144,22.949999999999996,18.0,13.416111111111109,0.014136,443.4595640319986,22.929271737369497
4435,2021-12-20 12:37:49.667150080,22.83918367346939,18.0,13.477142857142848,0.015578,443.5696519679986,22.911811041719943
4436,2021-12-20 12:37:49.770851072,22.842413793103447,18.0,13.363103448275867,0.012503,443.67335295999857,22.89436009835133
4437,2021-12-20 12:37:49.860782080,22.844693877551023,18.0,13.27775510204082,0.023206,443.7632839679986,22.876921039156635
4438,2021-12-20 12:37:49.959403520,22.795384615384616,18.0,13.27102564102565,0.020422,443.86190540799856,22.85949589470793
4439,2021-12-20 12:37:50.084337408,22.792826086956527,18.0,13.164782608695647,0.020729,443.98683929599855,22.842086594416163
4440,2021-12-20 12:37:50.252673024,22.751739130434785,18.0,13.07717391304348,0.024432,444.15517491199853,22.824694966855983
4441,2021-12-20 12:37:50.312972288,22.764619565217394,18.0,12.974836956521745,0.017957,444.2154741759985,22.80732274025231
4442,2021-12-20 12:37:50.373271808,22.777500000000007,18.0,12.87250000000001,0.022067,444.2757736959985,22.789971543124988
4443,2021-12-20 12:37:50.466210304,22.740000000000006,18.0,12.796938775510203,0.019077,444.3687121919985,22.77264290508752
4444,2021-12-20 12:37:50.562246912,22.740000000000006,18.0,12.688285714285723,0.024463,444.4647487999985,22.75533825779571
4445,2021-12-20 12:37:50.674919680,22.72916666666667,18.0,12.616249999999994,0.034351,444.5774215679985,22.738058936041718
4446,2021-12-20 12:37:50.776478208,22.740000000000006,18.0,12.521428571428578,0.0213,444.6789800959985,22.720806178988727
4447,2021-12-20 12:37:50.862516736,22.729387755102046,18.0,12.435306122448987,0.030697,444.7650186239985,22.703581131541235
4448,2021-12-20 12:37:50.950868736,22.72322580645162,18.0,12.370000000000003,0.023145,444.8533706239985,22.68638484584569
4449,2021-12-20 12:37:51.068560640,22.689130434782616,18.0,12.332173913043471,0.027095,444.9710625279985,22.66921828291604
4450,2021-12-20 12:37:51.241442560,22.61000000000001,18.0,12.34130434782609,0.027566,445.14394444799854,22.652082314378625
4451,2021-12-20 12:37:51.304809728,22.63205128205129,18.0,12.157959866220741,0.026063,445.20731161599855,22.634977724330565
4452,2021-12-20 12:37:51.368176896,22.65410256410257,18.0,11.974615384615392,0.030352,445.27067878399856,22.61790521130575
4453,2021-12-20 12:37:51.465862912,22.633877551020415,18.0,11.887551020408166,0.028274,445.3683647999986,22.600865390342303
4454,2021-12-20 12:37:51.564866560,22.54500000000001,18.0,11.847499999999995,0.030574,445.4673684479986,22.58385879514538
4455,2021-12-20 12:37:51.679400192,22.495918367346945,18.0,11.945306122448974,0.037368,445.5819020799986,22.566885880339036
4456,2021-12-20 12:37:51.779480320,22.517142857142865,18.0,11.85071428571428,0.035571,445.6819822079986,22.549947023800744
4457,2021-12-20 12:37:51.864995840,22.548979591836744,18.0,11.770816326530605,0.034642,445.7674977279986,22.533042529072183
4458,2021-12-20 12:37:51.967057152,22.55609756097562,18.0,11.685609756097561,0.032979,445.8695590399986,22.516172627839715
4459,2021-12-20 12:37:52.107551232,22.490612244897967,18.0,11.59816326530613,0.039005,446.0100531199986,22.499337482478104
4460,2021-12-20 12:37:52.237464064,22.480000000000008,18.0,11.509999999999996,0.042664,446.1399659519986,22.482537188650937
4461,2021-12-20 12:37:52.295148288,22.479999999999993,18.0,11.42,0.034689,446.1976501759986,22.465771777961177
4462,2021-12-20 12:37:52.362528768,22.46938775510205,18.0,11.329999999999998,0.038407,446.2650306559986,22.449041220645352
4463,2021-12-20 12:37:52.463705088,22.44372093023257,18.0,11.240000000000006,0.049686,446.3662069759986,22.4323454283049
4464,2021-12-20 12:37:52.567104256,22.480000000000008,18.0,11.15374999999999,0.042254,446.4696061439986,22.415684256668214
4465,2021-12-20 12:37:52.666218496,22.4518918918919,18.0,11.069729729729731,0.041284,446.5687203839986,22.39905750837711
4466,2021-12-20 12:37:52.761369856,22.46938775510205,18.0,11.19163265306122,0.053335,446.6638717439986,22.382464935791386
4467,2021-12-20 12:37:52.857919232,22.36368421052633,18.0,10.949473684210522,0.049461,446.76042111999857,22.365906243805465
4468,2021-12-20 12:37:52.994551040,22.33916666666668,18.0,10.81333333333334,0.043902,446.8970529279986,22.349381092671006
4469,2021-12-20 12:37:53.181584896,22.30863636363638,18.0,10.732499999999993,0.044827,447.0840867839986,22.3328891008197
4470,2021-12-20 12:37:53.235286016,22.30537081339714,18.0,10.631249999999996,0.0391,447.1377879039986,22.316429847680478
4471,2021-12-20 12:37:53.288977152,22.3021052631579,18.0,10.53,0.048326,447.1914790399986,22.30000287648566
4472,2021-12-20 12:37:53.364444416,22.28897959183675,18.0,10.640204081632659,0.04821,447.2669463039986,22.28360769706054
4473,2021-12-20 12:37:53.449778944,22.220000000000017,18.0,10.642857142857144,0.047017,447.3522808319986,22.267243788591234
4474,2021-12-20 12:37:53.553751296,22.257142857142874,18.0,10.539387755102036,0.047509,447.4562531839986,22.250910602365767
4475,2021-12-20 12:37:53.683835136,22.22000000000002,18.0,10.462820512820516,0.048693,447.5863370239986,22.23460756448349
4476,2021-12-20 12:37:53.774711808,22.245000000000015,18.0,10.110312500000001,0.058265,447.6772136959986,22.218334078528216
4477,2021-12-20 12:37:53.865538048,22.220000000000017,18.0,10.197959183673463,0.043813,447.7680399359986,22.202089528200574
4478,2021-12-20 12:37:53.974760960,22.220000000000017,18.0,10.196052631578949,0.049954,447.8772628479986,22.185873279905326
4479,2021-12-20 12:37:54.131740672,22.209795918367366,18.0,10.114897959183667,0.055992,448.03424255999863,22.169684685289592
4480,2021-12-20 12:37:54.251394048,22.188750000000006,18.0,10.080000000000002,0.051083,448.1538959359986,22.15352308372824
4481,2021-12-20 12:37:54.294413312,22.220000000000006,18.0,9.909999999999998,0.056783,448.1969151999986,22.13738780475281
4482,2021-12-20 12:37:54.363684608,22.193958333333352,18.0,9.868333333333325,0.05255,448.2661864959986,22.121278170420695
4483,2021-12-20 12:37:54.453827072,22.197941176470607,18.0,9.81117647058824,0.058162,448.3563289599986,22.10519349762148
4484,2021-12-20 12:37:54.558262272,22.143877551020427,18.0,9.709591836734704,0.051852,448.46076415999863,22.089133100317646
4485,2021-12-20 12:37:54.691765760,22.024347826086977,18.0,9.72260869565217,0.058617,448.5942676479986,22.073096291716986
4486,2021-12-20 12:37:54.782763008,22.08538461538463,18.0,9.750769230769226,0.062179,448.6852648959986,22.057082386374486
4487,2021-12-20 12:37:54.866055680,21.99551020408165,18.0,9.59938775510205,0.052304,448.76855756799864,22.041090702221545
4488,2021-12-20 12:37:54.966266368,21.990270270270287,18.0,9.375405405405402,0.060422,448.86876825599865,22.025120562520787
4489,2021-12-20 12:37:55.124734720,21.970000000000017,18.0,9.385510204081639,0.056087,449.02723660799865,22.009171297744835
4490,2021-12-20 12:37:55.283474432,21.970000000000017,18.0,9.490000000000004,0.049804,449.18597631999864,21.99324224737765
4491,2021-12-20 12:37:55.330366208,21.970000000000017,18.0,9.387500000000001,0.061138,449.23286809599864,21.977332761637218
4492,2021-12-20 12:37:55.377267968,21.970000000000017,18.0,9.284999999999998,0.063716,449.27976985599867,21.961442203118594
4493,2021-12-20 12:37:55.466786816,21.934285714285732,18.0,9.225510204081637,0.056164,449.3692887039987,21.94556994835651
4494,2021-12-20 12:37:55.564684032,21.93951219512197,18.0,9.14463414634145,0.059847,449.46718591999866,21.929715389306935
4495,2021-12-20 12:37:55.662470656,21.883265306122468,18.0,9.068775510204077,0.062334,449.56497254399864,21.913877934747013
4496,2021-12-20 12:37:55.763194368,21.924545454545473,18.0,8.988181818181816,0.055564,449.6656962559986,21.898057011593206
4497,2021-12-20 12:37:55.864390656,21.873061224489813,18.0,8.91204081632654,0.056229,449.7668925439986,21.882252066137397
4498,2021-12-20 12:37:55.962398464,21.851578947368438,18.0,8.82684210526315,0.06231,449.8649003519986,21.866462565200965
4499,2021-12-20 12:37:56.102792192,21.83734693877553,18.0,8.80265306122449,0.060985,450.0052940799986,21.850687997207007
4500,2021-12-20 12:37:56.246082304,21.77303030303032,18.0,8.930000000000005,0.063278,450.14858419199857,21.83492787317097
4501,2021-12-20 12:37:56.304178944,21.97,18.0,8.77,0.073904,450.20668083199854,21.819181727610204
4502,2021-12-20 12:37:56.361128960,21.79142857142859,18.0,8.759999999999996,0.065597,450.2636308479985,21.803449119372953
4503,2021-12-20 12:37:56.462928896,21.731363636363657,18.0,8.69636363636363,0.059473,450.36543078399853,21.787729632387485
4504,2021-12-20 12:37:56.562013184,21.73190476190478,18.0,8.610000000000005,0.06134,450.4645150719985,21.7720228763322
4505,2021-12-20 12:37:56.677431808,21.73020408163267,18.0,8.54285714285715,0.06151,450.5799336959985,21.75632848722764
4506,2021-12-20 12:37:56.774333440,21.743437500000017,18.0,8.472499999999997,0.070025,450.6768353279985,21.740646127951486
4507,2021-12-20 12:37:56.863198464,21.73020408163267,18.0,8.395714285714279,0.066616,450.7657003519985,21.724975488677746
4508,2021-12-20 12:37:56.964937984,21.739230769230787,18.0,8.325897435897438,0.072332,450.8674398719985,21.709316287241403
4509,2021-12-20 12:37:57.113458432,21.704693877551037,18.0,8.248571428571429,0.076613,451.0159603199985,21.6936682694299
4510,2021-12-20 12:37:57.250824448,21.720000000000017,18.0,8.180000000000005,0.068025,451.1533263359985,21.67803120920302
4511,2021-12-20 12:37:57.302353152,21.72,18.0,8.1,0.069403,451.2048550399985,21.662404908842742
4512,2021-12-20 12:37:57.360379392,21.693958333333352,18.0,8.02999999999999,0.067374,451.2628812799985,21.6467891990348
4513,2021-12-20 12:37:57.463034112,21.606363636363657,18.0,8.18272727272727,0.072829,451.3655359999985,21.631183938883716
4514,2021-12-20 12:37:57.565588480,21.690238095238115,18.0,7.879999999999997,0.071927,451.4680903679985,21.615589015863264
4515,2021-12-20 12:37:57.686760448,21.546530612244915,18.0,8.0395918367347,0.077354,451.5892623359985,21.600004345704324
4516,2021-12-20 12:37:57.781942016,21.571851851851868,18.0,7.978888888888888,0.065899,451.6844439039985,21.584429872222174
4517,2021-12-20 12:37:57.865677312,21.515918367346956,18.0,7.694489795918368,0.078307,451.7681791999985,21.568865567085354
4518,2021-12-20 12:37:57.961220864,21.511666666666684,18.0,7.607777777777776,0.077131,451.86372275199847,21.553311429528332
4519,2021-12-20 12:37:58.103656448,21.490408163265325,18.0,7.74367346938775,0.074764,452.00615833599846,21.537767486010235
4520,2021-12-20 12:37:58.261148928,21.470000000000017,18.0,7.701666666666664,0.077133,452.16365081599844,21.522233789821865
4521,2021-12-20 12:37:58.315684864,21.476097560975628,18.0,7.625833333333335,0.079606,452.2181867519984,21.506710420643344
4522,2021-12-20 12:37:58.370210816,21.48219512195124,18.0,7.550000000000006,0.072965,452.2727127039984,21.491197484054737
4523,2021-12-20 12:37:58.469697280,21.454693877551037,18.0,7.483061224489803,0.075658,452.3721991679984,21.475695111001954
4524,2021-12-20 12:37:58.571235840,21.48219512195124,18.0,7.410243902439024,0.080476,452.4737377279984,21.46020345722036
4525,2021-12-20 12:37:58.682571008,21.470000000000017,18.0,7.344285714285713,0.077709,452.5850728959984,21.444722702618414
4526,2021-12-20 12:37:58.777792768,21.445000000000014,18.0,7.285666666666663,0.074438,452.6802946559984,21.429253050623764
4527,2021-12-20 12:37:58.864826880,21.434285714285732,18.0,7.2071428571428555,0.082623,452.76732876799844,21.413794727494146
4528,2021-12-20 12:37:58.955512576,21.46242424242426,18.0,7.153636363636361,0.075864,452.8580144639984,21.398347981595514
4529,2021-12-20 12:37:59.089881088,21.429183673469407,18.0,7.08,0.078021,452.9923829759984,21.382913082649857
4530,2021-12-20 12:37:59.267087872,21.36534883720932,18.0,7.167906976744191,0.081355,453.1695897599984,21.36749032095514
4531,2021-12-20 12:37:59.323635712,21.359341085271335,18.0,7.008953488372093,0.079314,453.2261375999984,21.352080006579833
4532,2021-12-20 12:37:59.380183296,21.35333333333335,18.0,6.849999999999996,0.073344,453.2826851839984,21.336682468534505
4533,2021-12-20 12:37:59.467941888,21.33734693877553,18.0,6.957551020408161,0.076073,453.3704437759984,21.32129805392302
4534,2021-12-20 12:37:59.561745408,21.320000000000018,18.0,6.983999999999994,0.08184,453.4642472959984,21.30592712707579
4535,2021-12-20 12:37:59.668202240,21.24551020408165,18.0,6.9085714285714275,0.086436,453.5707041279984,21.29057006866762
4536,2021-12-20 12:37:59.770816768,21.220000000000017,18.0,6.859999999999997,0.079377,453.6733186559984,21.275227274822612
4537,2021-12-20 12:37:59.861522432,21.24551020408165,18.0,6.78142857142857,0.08072,453.7640243199984,21.259899156208633
4538,2021-12-20 12:37:59.967023872,21.215217391304368,18.0,6.718695652173912,0.08231,453.8695257599984,21.244586137123804
4539,2021-12-20 12:38:00.089060864,21.23315789473686,18.0,6.642105263157897,0.084984,453.9915627519984,21.229288654577406
4540,2021-12-20 12:38:00.258452480,21.23020408163267,18.0,6.589387755102043,0.08315,454.1609543679984,21.21400715736755
4541,2021-12-20 12:38:00.371417088,21.22,18.0,6.5600000000000005,0.072871,454.2739189759984,21.198742105158026
4542,2021-12-20 12:38:00.399147776,21.22,18.0,6.43,0.085133,454.30164966399843,21.18349396755656
4543,2021-12-20 12:38:00.465472000,21.19000000000002,18.0,6.401250000000004,0.085049,454.36797388799846,21.168263223196757
4544,2021-12-20 12:38:00.558310144,21.200000000000017,18.0,6.3525000000000045,0.082167,454.46081203199844,21.15305035882588
4545,2021-12-20 12:38:00.653360896,21.165454545454562,18.0,6.270000000000004,0.087664,454.55586278399846,21.137855868400617
4546,2021-12-20 12:38:00.775247104,21.07306122448981,18.0,6.308571428571426,0.080922,454.67774899199844,21.12268025219287
4547,2021-12-20 12:38:00.875035392,21.096363636363648,18.0,6.21545454545455,0.086008,454.77753727999846,21.10752401590749
4548,2021-12-20 12:38:00.965942272,21.053469387755115,18.0,6.179387755102039,0.087301,454.86844415999843,21.092387669813995
4549,2021-12-20 12:38:01.067872768,21.03837837837839,18.0,6.250810810810811,0.090248,454.97037465599846,21.07727172789397
4550,2021-12-20 12:38:01.220054528,21.028979591836745,18.0,6.199183673469391,0.085444,455.1225564159985,21.06217670700595
4551,2021-12-20 12:38:01.360830464,20.997777777777785,18.0,6.1599999999999975,0.085399,455.2633323519985,21.04710312606936
4552,2021-12-20 12:38:01.411564288,20.995929705215428,18.0,6.011020408163265,0.087092,455.3140661759985,21.032051505268992
4553,2021-12-20 12:38:01.462308352,20.99408163265307,18.0,5.862040816326532,0.089292,455.3648102399985,21.017022365281473
4554,2021-12-20 12:38:01.568916224,20.963404255319162,18.0,5.960638297872341,0.094818,455.4714181119985,21.002016226524894
4555,2021-12-20 12:38:01.665284608,20.99945945945947,18.0,5.8889189189189155,0.088576,455.5677864959985,20.987033608432775
4556,2021-12-20 12:38:01.773461504,20.980000000000008,18.0,5.83408163265306,0.089832,455.6759633919985,20.97207502875338
4557,2021-12-20 12:38:01.873692160,20.97205882352942,18.0,5.768823529411764,0.088952,455.7761940479985,20.957141002875282
4558,2021-12-20 12:38:01.965614848,20.939183673469397,18.0,5.715306122448977,0.08413,455.8681167359985,20.942232043179978
4559,2021-12-20 12:38:02.060927232,20.915714285714294,18.0,5.654285714285716,0.09261,455.9634291199985,20.927348658422176
4560,2021-12-20 12:38:02.203402752,20.93408163265307,18.0,5.6077551020408185,0.090833,456.1059046399985,20.912491353138275
4561,2021-12-20 12:38:02.359004416,20.95142857142858,18.0,5.560000000000001,0.092168,456.26150630399854,20.89766062708351
4562,2021-12-20 12:38:02.413610752,20.907574750830573,18.0,5.587209302325581,0.095205,456.31611263999855,20.882856974698043
4563,2021-12-20 12:38:02.468207104,20.863720930232567,18.0,5.61441860465116,0.094889,456.3707089919985,20.86808088460227
4564,2021-12-20 12:38:02.569393408,20.80653061224491,18.0,5.404285714285713,0.087013,456.47189529599854,20.8533328391215
4565,2021-12-20 12:38:02.667954688,20.887105263157906,18.0,5.50421052631579,0.097374,456.57045657599855,20.83861331384001
4566,2021-12-20 12:38:02.777539584,20.770816326530625,18.0,5.278367346938773,0.093427,456.68004147199855,20.823922777184503
4567,2021-12-20 12:38:02.881330944,20.802580645161296,18.0,5.432258064516128,0.096188,456.78383283199855,20.80926169003674
4568,2021-12-20 12:38:03.012923648,20.73000000000001,18.0,5.376326530612243,0.102092,456.91542553599857,20.794630505375224
4569,2021-12-20 12:38:03.144697088,20.730000000000008,18.0,5.319999999999996,0.101971,457.0471989759986,20.78002966794552
4570,2021-12-20 12:38:03.200802304,20.73,18.0,5.256666666666667,0.092289,457.1033041919986,20.765459613958946
4571,2021-12-20 12:38:03.264612096,20.730408163265317,18.0,5.208979591836737,0.093604,457.16711398399855,20.750920770819018
4572,2021-12-20 12:38:03.360296448,20.73078947368422,18.0,5.1599999999999975,0.096421,457.2627983359985,20.736413556875142
4573,2021-12-20 12:38:03.457972480,20.74111111111112,18.0,5.099999999999996,0.101164,457.3604743679985,20.721938381202897
4574,2021-12-20 12:38:03.579667712,20.73000000000001,18.0,5.05102040816327,0.09635,457.4821695999985,20.707495643410187
4575,2021-12-20 12:38:03.677916928,20.68636363636364,18.0,4.991818181818182,0.099419,457.5804188159985,20.693085733468468
4576,2021-12-20 12:38:03.767988992,20.681020408163274,18.0,5.153061224489793,0.100442,457.6704908799985,20.67870903156826
4577,2021-12-20 12:38:03.871005952,20.70500000000001,18.0,4.894736842105261,0.098394,457.7735078399985,20.66436590799811
4578,2021-12-20 12:38:04.022081280,20.67122448979593,18.0,4.832040816326535,0.095472,457.9245831679985,20.65005672304609
4579,2021-12-20 12:38:04.155655168,20.701200000000004,18.0,4.7860000000000005,0.09401,458.0581570559985,20.635781826922955
4580,2021-12-20 12:38:04.203401984,20.73,18.0,4.72,0.100537,458.10590387199846,20.621541559706046
4581,2021-12-20 12:38:04.262786048,20.63204081632654,18.0,4.674081632653056,0.101124,458.1652879359985,20.607336251303035
4582,2021-12-20 12:38:04.362896128,20.599047619047628,18.0,4.819761904761908,0.097538,458.26539801599847,20.59316622143464
4583,2021-12-20 12:38:04.464585472,20.568367346938782,18.0,4.588571428571431,0.091967,458.3670873599985,20.579031779635446
4584,2021-12-20 12:38:04.577761280,20.52063829787235,18.0,4.720851063829789,0.103974,458.4802631679985,20.56493322527198
4585,2021-12-20 12:38:04.671977216,20.528918918918926,18.0,4.680000000000004,0.096491,458.5744791039985,20.550870847577162
4586,2021-12-20 12:38:04.767490560,20.499795918367354,18.0,4.637142857142854,0.104388,458.6699924479985,20.53684492570037
4587,2021-12-20 12:38:04.860358656,20.503714285714288,18.0,4.591428571428573,0.098888,458.7628605439985,20.52285572877228
4588,2021-12-20 12:38:04.958537728,20.500408163265313,18.0,4.538163265306123,0.091137,458.8610396159985,20.508903515983782
4589,2021-12-20 12:38:05.063837952,20.502631578947376,18.0,4.490526315789474,0.104636,458.9663398399985,20.494988536678
4590,2021-12-20 12:38:05.208465920,20.490612244897964,18.0,4.439183673469393,0.098605,459.1109678079985,20.481111030454816
4591,2021-12-20 12:38:05.349935616,20.505483870967748,18.0,4.394516129032256,0.102074,459.2524375039985,20.46727122728699
4592,2021-12-20 12:38:05.405216000,20.49,18.0,4.33,0.100094,459.30771788799854,20.453469347647225
4593,2021-12-20 12:38:05.462679040,20.43836734693878,18.0,4.291224489795918,0.110907,459.36518092799855,20.439705602645414
4594,2021-12-20 12:38:05.565484800,20.42727272727273,18.0,4.242499999999999,0.113515,459.4679866879986,20.42598019417529
4595,2021-12-20 12:38:05.665504256,20.43818181818182,18.0,4.1879545454545495,0.105653,459.56800614399856,20.412293315069792
4596,2021-12-20 12:38:05.779052288,20.353877551020407,18.0,4.142244897959181,0.103896,459.68155417599854,20.398645149264524
4597,2021-12-20 12:38:05.874324224,20.385454545454547,18.0,4.284545454545454,0.102798,459.77682611199856,20.38503587196858
4598,2021-12-20 12:38:05.966055936,20.386734693877553,18.0,4.11265306122449,0.107099,459.8685578239986,20.37146564984214
4599,2021-12-20 12:38:06.065401600,20.384857142857143,18.0,4.007142857142856,0.107184,459.96790348799857,20.35793464118014
4600,2021-12-20 12:38:06.212735232,20.288571428571423,18.0,4.107959183673468,0.099592,460.1152371199986,20.344442996101378
4601,2021-12-20 12:38:06.356407808,20.283793103448268,18.0,4.13758620689655,0.105141,460.25890969599857,20.330990856742545
4602,2021-12-20 12:38:06.409103104,20.375,18.0,4.06,0.10517,460.3116049919986,20.3175783574565
4603,2021-12-20 12:38:06.464363264,20.288749999999993,18.0,4.035000000000003,0.095665,460.3668651519986,20.30420562501425
4604,2021-12-20 12:38:06.568245248,20.2845652173913,18.0,3.99282608695652,0.095223,460.4707471359986,20.29087277881003
4605,2021-12-20 12:38:06.665981696,20.280909090909088,18.0,3.9445454545454584,0.101241,460.56848358399856,20.277579931068903
4606,2021-12-20 12:38:06.769732864,20.259999999999994,18.0,3.902448979591835,0.104569,460.67223475199853,20.264327187056338
4607,2021-12-20 12:38:06.869028096,20.270476190476185,18.0,3.8542857142857163,0.1076,460.7715299839985,20.25111464528921
4608,2021-12-20 12:38:06.969922816,20.245306122448973,18.0,3.813469387755102,0.105181,460.8724247039985,20.237942397747673
4609,2021-12-20 12:38:07.075434240,20.259999999999994,18.0,3.7614285714285716,0.105139,460.9779361279985,20.22481053008734
4610,2021-12-20 12:38:07.225141760,20.220816326530606,18.0,3.72551020408163,0.110157,461.12764364799847,20.211719121851285
4611,2021-12-20 12:38:07.349703424,20.246999999999996,18.0,3.7000000000000015,0.111145,461.25220531199847,20.198668246681372
4612,2021-12-20 12:38:07.396283392,20.17833333333333,18.0,3.61,0.11313,461.29878527999847,20.18565797252834
4613,2021-12-20 12:38:07.464317696,20.15224489795917,18.0,3.5904081632653027,0.114088,461.36681958399845,20.172688361860246
4614,2021-12-20 12:38:07.561249280,20.18421052631578,18.0,3.5542105263157873,0.119105,461.46375116799845,20.159759471868732
4615,2021-12-20 12:38:07.662103808,20.104999999999986,18.0,3.6024999999999974,0.114599,461.56460569599847,20.14687135467264
4616,2021-12-20 12:38:07.778105856,20.05199999999999,18.0,3.680000000000003,0.108225,461.68060774399845,20.13402405751852
4617,2021-12-20 12:38:07.872975616,20.110810810810804,18.0,3.495405405405405,0.101354,461.77547750399845,20.121217622977476
4618,2021-12-20 12:38:07.968489216,20.093469387755093,18.0,3.4671428571428544,0.116802,461.87099110399845,20.10845208913789
4619,2021-12-20 12:38:08.076032256,20.057894736842094,18.0,3.547894736842106,0.103903,461.97853414399844,20.095727489793507
4620,2021-12-20 12:38:08.225176576,20.063673469387744,18.0,3.5128571428571447,0.109489,462.12767846399845,20.083043854626315
4621,2021-12-20 12:38:08.343643136,20.019999999999996,18.0,3.4900000000000015,0.117032,462.24614502399845,20.070401209383785
4622,2021-12-20 12:38:08.392687104,20.090588235294117,18.0,3.399999999999999,0.106144,462.29518899199843,20.057799576049845
4623,2021-12-20 12:38:08.465639936,19.987142857142842,18.0,3.3844897959183715,0.111743,462.3681418239984,20.045238973009013
4624,2021-12-20 12:38:08.565599232,20.02047619047618,18.0,3.4114285714285715,0.12077,462.46810111999844,20.032719415203097
4625,2021-12-20 12:38:08.664975104,20.01999999999999,18.0,3.439183673469389,0.113374,462.56747699199843,20.020240914279913
4626,2021-12-20 12:38:08.765648384,20.031428571428563,18.0,3.2714285714285722,0.114292,462.66815027199846,20.007803478733447
4627,2021-12-20 12:38:08.863425024,20.01999999999999,18.0,3.235833333333334,0.110494,462.76592691199846,19.995407114034883
4628,2021-12-20 12:38:08.961784832,20.003170731707307,18.0,3.2012195121951197,0.108462,462.86428671999846,19.98305182275399
4629,2021-12-20 12:38:09.088619776,20.01999999999999,18.0,3.1545454545454534,0.113318,462.99112166399846,19.970737604670354
4630,2021-12-20 12:38:09.267275008,19.96408163265305,18.0,3.1169387755102043,0.116005,463.16977689599844,19.958464456873998
4631,2021-12-20 12:38:09.367153920,20.02,18.0,3.09,0.108785,463.26965580799845,19.946232373854937
4632,2021-12-20 12:38:09.392098304,19.985499999999995,18.0,3.0149999999999997,0.111605,463.2946001919984,19.93404134758141
4633,2021-12-20 12:38:09.467616000,19.96729166666665,18.0,2.9908333333333332,0.110647,463.37011788799845,19.921891367566406
4634,2021-12-20 12:38:09.555173376,19.923548387096773,18.0,2.9561290322580636,0.106583,463.45767526399845,19.909782420922344
4635,2021-12-20 12:38:09.653050624,19.907346938775493,18.0,2.9604081632653063,0.108048,463.5555525119984,19.897714492403658
4636,2021-12-20 12:38:09.775419648,19.837045454545446,18.0,3.0945454545454534,0.106714,463.67792153599845,19.885687564437276
4637,2021-12-20 12:38:09.872884480,19.862631578947358,18.0,3.0484210526315785,0.114983,463.77538636799846,19.873701617141005
4638,2021-12-20 12:38:09.969061632,19.832244897959168,18.0,3.0138775510204083,0.121076,463.87156351999846,19.861756628329793
4639,2021-12-20 12:38:10.084088320,19.800697674418597,18.0,2.9806976744186042,0.112555,463.98659020799846,19.849852573510027
4640,2021-12-20 12:38:10.235666432,19.81874999999999,18.0,2.9443750000000004,0.116398,464.13816831999844,19.837989425862016
4641,2021-12-20 12:38:10.340101632,19.789999999999996,18.0,2.920000000000001,0.1193,464.24260351999845,19.826167156210925
4642,2021-12-20 12:38:10.387415808,19.88708333333334,18.0,2.8700000000000006,0.106618,464.28991769599844,19.814385732986363
4643,2021-12-20 12:38:10.468093440,19.808775510204068,18.0,2.8434693877551007,0.112444,464.37059532799844,19.80264512217097
4644,2021-12-20 12:38:10.561655552,19.789999999999996,18.0,2.8008571428571423,0.109103,464.4641574399984,19.79094528723831
4645,2021-12-20 12:38:10.679981312,19.804081632653048,18.0,2.7657142857142847,0.113825,464.5824831999984,19.779286189080565
4646,2021-12-20 12:38:10.806001408,19.77028571428571,18.0,2.7399999999999993,0.116055,464.7085032959984,19.7676677859264
4647,2021-12-20 12:38:10.883651328,19.762400000000003,18.0,2.692800000000001,0.108779,464.7861532159984,19.756090033249496
4648,2021-12-20 12:38:10.965817600,19.73367346938774,18.0,2.6651020408163273,0.113016,464.8683194879984,19.744552883668355
4649,2021-12-20 12:38:11.057267456,19.775624999999998,18.0,2.6237500000000007,0.119986,464.9597693439984,19.733056286837883
4650,2021-12-20 12:38:11.195769856,19.761836734693862,18.0,2.5869387755102067,0.11069,465.0982717439984,19.721600189333447
4651,2021-12-20 12:38:11.357366272,19.758918918918912,18.0,2.560000000000001,0.120795,465.2598681599984,19.710184534528047
4652,2021-12-20 12:38:11.413843712,19.711483268983258,18.0,2.5314285714285716,0.119566,465.3163455999984,19.69880926246336
4653,2021-12-20 12:38:11.470310912,19.6640476190476,18.0,2.5028571428571422,0.103518,465.37281279999837,19.687474309715448
4654,2021-12-20 12:38:11.570893568,19.658571428571406,18.0,2.654693877551022,0.111298,465.47339545599834,19.676179609255865
4655,2021-12-20 12:38:11.665622528,19.665142857142843,18.0,2.430285714285715,0.106491,465.56812441599834,19.664925090309
4656,2021-12-20 12:38:11.770842368,19.588163265306097,18.0,2.5983673469387734,0.112599,465.67334425599836,19.65371067820648
4657,2021-12-20 12:38:11.879089664,19.61914285714285,18.0,2.558285714285715,0.110105,465.78159155199836,19.64253629423947
4658,2021-12-20 12:38:12.015097600,19.56958333333331,18.0,2.5300000000000007,0.115287,465.91759948799836,19.631401855509903
4659,2021-12-20 12:38:12.147706112,19.57533333333333,18.0,2.5,0.106618,466.05020799999835,19.62030727478131
4660,2021-12-20 12:38:12.203599872,19.69142857142857,18.0,2.47,0.107174,466.10610175999835,19.60925246033016
4661,2021-12-20 12:38:12.265186816,19.5881632653061,18.0,2.4399999999999986,0.112428,466.16768870399835,19.598237315798578
4662,2021-12-20 12:38:12.363124224,19.611749999999983,18.0,2.409999999999998,0.115955,466.26562611199836,19.587261740049243
4663,2021-12-20 12:38:12.463375360,19.57916666666664,18.0,2.3799999999999986,0.11271,466.36587724799836,19.576325627023284
4664,2021-12-20 12:38:12.580604672,19.555416666666645,18.0,2.350624999999998,0.117786,466.48310655999836,19.565428865601934
4665,2021-12-20 12:38:12.676671232,19.572777777777766,18.0,2.310000000000001,0.115084,466.57917311999836,19.554571339472787
4666,2021-12-20 12:38:12.770635776,19.560408163265283,18.0,2.2812244897959193,0.105899,466.6731376639984,19.543752927001364
4667,2021-12-20 12:38:12.866098944,19.554736842105246,18.0,2.2523684210526316,0.108261,466.76860083199836,19.532973501108767
4668,2021-12-20 12:38:12.965585408,19.47918367346938,18.0,2.221836734693877,0.114164,466.86808729599835,19.522232929156118
4669,2021-12-20 12:38:13.069024768,19.52333333333332,18.0,2.192142857142856,0.120714,466.97152665599833,19.511531072836508
4670,2021-12-20 12:38:13.169989888,19.482083333333325,18.0,2.1624999999999974,0.122206,467.07249177599834,19.50086778807518
4671,2021-12-20 12:38:13.267605504,19.469743589743576,18.0,2.1338461538461533,0.123928,467.17010739199833,19.490242924938553
4672,2021-12-20 12:38:13.364577280,19.561020408163248,18.0,2.1030612244897946,0.114639,467.2670791679983,19.479656327552707
4673,2021-12-20 12:38:13.457163776,19.488823529411757,18.0,2.0670588235294125,0.118174,467.3596656639983,19.469107834032002
4674,2021-12-20 12:38:13.553924608,19.47391304347826,18.0,2.0319565217391315,0.119498,467.4564264959983,19.458597276418303
4675,2021-12-20 12:38:13.680427520,19.375918367346948,18.0,2.0036734693877554,0.118201,467.5829294079983,19.44812448063139
4676,2021-12-20 12:38:13.778968576,19.388125,18.0,1.9709374999999993,0.12084,467.68147046399827,19.437689266431008
4677,2021-12-20 12:38:13.868014592,19.407346938775515,18.0,1.9436734693877538,0.122242,467.77051647999826,19.427291447390964
4678,2021-12-20 12:38:13.971896576,19.379487179487178,18.0,1.9153846153846137,0.110732,467.87439846399826,19.416930830885658
4679,2021-12-20 12:38:14.120266240,19.384897959183668,18.0,2.0642857142857163,0.120469,468.02276812799823,19.406607218089455
4680,2021-12-20 12:38:14.247815424,19.33999999999999,18.0,2.06875,0.124672,468.1503173119982,19.396320403989105
4681,2021-12-20 12:38:14.300158720,19.37666666666667,18.0,2.0300000000000002,0.114418,468.2026606079982,19.386070177409415
4682,2021-12-20 12:38:14.366482944,19.371458333333333,18.0,2.013333333333334,0.111911,468.26898483199824,19.375856321052375
4683,2021-12-20 12:38:14.463515392,19.350250000000003,18.0,1.9867499999999996,0.115291,468.36601727999823,19.365678611549825
4684,2021-12-20 12:38:14.562257408,19.362448979591846,18.0,1.9555102040816343,0.120981,468.46475929599825,19.355536819529743
4685,2021-12-20 12:38:14.667799040,19.340000000000007,18.0,1.9341860465116292,0.120811,468.57030092799823,19.345430709696096
4686,2021-12-20 12:38:14.765736448,19.34956521739131,18.0,1.9045652173913052,0.11857,468.66823833599824,19.335360040922247
4687,2021-12-20 12:38:14.870734848,19.340000000000007,18.0,1.8761224489795922,0.116235,468.77323673599824,19.325324566357796
4688,2021-12-20 12:38:14.988104960,19.35222222222222,18.0,1.6366666666666676,0.119449,468.89060684799824,19.31532403354886
4689,2021-12-20 12:38:15.147709952,19.340000000000007,18.0,1.7734693877551002,0.117828,469.05021183999827,19.305358184571617
4690,2021-12-20 12:38:15.262334208,19.282500000000002,18.0,1.82,0.12145,469.1648360959983,19.295426756179065
4691,2021-12-20 12:38:15.297377280,19.33857142857143,18.0,1.7600000000000005,0.115214,469.1998791679983,19.285529479960786
4692,2021-12-20 12:38:15.367000576,19.329795918367353,18.0,1.7379591836734694,0.114032,469.26950246399826,19.275666082515702
4693,2021-12-20 12:38:15.461880320,19.308918918918916,18.0,1.7170270270270276,0.12059,469.3643822079983,19.2658362856377
4694,2021-12-20 12:38:15.566516736,19.248541666666675,18.0,1.6881250000000014,0.125736,469.4690186239983,19.256039806514032
4695,2021-12-20 12:38:15.689519616,19.245454545454553,18.0,1.6602272727272727,0.110786,469.5920215039983,19.246276357936352
4696,2021-12-20 12:38:15.780315648,19.228709677419356,18.0,1.6300000000000006,0.112667,469.6828175359983,19.2365456485244
4697,2021-12-20 12:38:15.869150464,19.20857142857144,18.0,1.609183673469387,0.116257,469.7716523519983,19.226847382962298
4698,2021-12-20 12:38:15.968184320,19.202,18.0,1.6977142857142864,0.105975,469.8706862079983,19.217181262247372
4699,2021-12-20 12:38:16.114602752,19.175306122448987,18.0,1.7665306122448985,0.112734,470.0171046399983,19.20754698395155
4700,2021-12-20 12:38:16.254835200,19.14285714285715,18.0,1.7514285714285724,0.106907,470.1573370879983,19.19794424249528
4701,2021-12-20 12:38:16.306223104,19.34,18.0,1.71,0.100304,470.20872499199834,19.18837272943402
4702,2021-12-20 12:38:16.363675904,19.217346938775513,18.0,1.6973469387755091,0.115507,470.26617779199836,19.178832133757194
4703,2021-12-20 12:38:16.466471680,19.141363636363646,18.0,1.6781818181818193,0.111506,470.36897356799835,19.16932214219965
4704,2021-12-20 12:38:16.565515520,19.156000000000002,18.0,1.6549999999999994,0.120937,470.46801740799833,19.1598424395656
4705,2021-12-20 12:38:16.683086848,19.11938775510205,18.0,1.631632653061224,0.114678,470.58558873599833,19.15039270906501
4706,2021-12-20 12:38:16.780843264,19.133793103448284,18.0,1.6048275862068975,0.110043,470.6833451519983,19.140972632662397
4707,2021-12-20 12:38:16.867636224,19.133469387755113,18.0,1.5885714285714279,0.116341,470.77013811199834,19.13158189143801
4708,2021-12-20 12:38:16.957265664,19.095806451612912,18.0,1.5735483870967744,0.114593,470.85976755199835,19.122220165961277
4709,2021-12-20 12:38:17.092599808,19.11938775510205,18.0,1.5485714285714292,0.111325,470.99510169599836,19.112887136676445
4710,2021-12-20 12:38:17.265954304,19.105853658536592,18.0,1.5260975609756084,0.112108,471.16845619199836,19.10358248430034
4711,2021-12-20 12:38:17.322330880,19.11519955654103,18.0,1.500169992609016,0.113073,471.22483276799835,19.09430589023201
4712,2021-12-20 12:38:17.378707712,19.124545454545466,18.0,1.4742424242424235,0.107761,471.28120959999836,19.08505703697409
4713,2021-12-20 12:38:17.470197760,19.007142857142853,18.0,1.4597959183673481,0.118015,471.3726996479984,19.075835608565658
4714,2021-12-20 12:38:17.569070848,19.06600000000001,18.0,1.4312500000000008,0.118619,471.4715727359984,19.06664129102635
4715,2021-12-20 12:38:17.672882176,19.083061224489803,18.0,1.4097959183673472,0.116877,471.5753840639984,19.057473772811363
4716,2021-12-20 12:38:17.772811264,19.098108108108118,18.0,1.391351351351352,0.117053,471.6753131519984,19.048332745277026
4717,2021-12-20 12:38:17.867832064,19.024693877551023,18.0,1.3702040816326524,0.12012,471.7703339519984,19.039217903156477
4718,2021-12-20 12:38:17.961112576,19.015714285714285,18.0,1.354285714285715,0.112344,471.8636144639984,19.03012894504498
4719,2021-12-20 12:38:18.091095808,18.939387755102032,18.0,1.4244897959183684,0.109526,471.99359769599835,19.021065573894393
4720,2021-12-20 12:38:18.257178112,18.967441860465108,18.0,1.5125581395348842,0.112983,472.15967999999833,19.01202749751617
4721,2021-12-20 12:38:18.315988736,18.99436195587358,18.0,1.4906380441264169,0.111625,472.2184906239983,19.003014429092133
4722,2021-12-20 12:38:18.374799616,19.021282051282046,18.0,1.4687179487179494,0.113003,472.27730150399833,18.994026087692355
4723,2021-12-20 12:38:18.471600640,18.993265306122446,18.0,1.3612244897959194,0.114662,472.37410252799833,18.985062198799312
4724,2021-12-20 12:38:18.566218752,18.979189189189185,18.0,1.2286486486486479,0.119583,472.4687206399983,18.976122494837444
4725,2021-12-20 12:38:18.666972672,18.90795918367346,18.0,1.2975510204081617,0.119381,472.5694745599983,18.96720671570709
4726,2021-12-20 12:38:18.769687808,18.91749999999999,18.0,1.395000000000001,0.113073,472.67218969599827,18.95831460932179
4727,2021-12-20 12:38:18.867192832,18.898979591836728,18.0,1.375918367346938,0.113937,472.76969471999826,18.949445932147796
4728,2021-12-20 12:38:18.971718656,18.915581395348827,18.0,1.3616279069767452,0.117002,472.87422054399826,18.940600449744636
4729,2021-12-20 12:38:19.117372672,18.921428571428564,18.0,1.3422448979591837,0.114681,473.01987455999824,18.931777937305448
4730,2021-12-20 12:38:19.249548544,18.905172413793096,18.0,1.329999999999999,0.112897,473.15205043199825,18.92297818019572
4731,2021-12-20 12:38:19.303631872,18.952857142857145,18.0,1.3,0.118024,473.20613375999824,18.914200974489038
4732,2021-12-20 12:38:19.365530624,18.90346938775509,18.0,1.29265306122449,0.118794,473.26803251199823,18.90544612749838
4733,2021-12-20 12:38:19.463910656,18.88999999999999,18.0,1.2754999999999999,0.114173,473.36641254399825,18.89671345830152
4734,2021-12-20 12:38:19.565147136,18.88999999999999,18.0,1.2529166666666676,0.118171,473.46764902399826,18.88800279825898
4735,2021-12-20 12:38:19.683885312,18.88999999999999,18.0,1.2333333333333327,0.115902,473.5863871999983,18.879313991522974
4736,2021-12-20 12:38:19.779569664,18.883714285714273,18.0,1.2151428571428573,0.116679,473.68207155199826,18.87064689553576
4737,2021-12-20 12:38:19.871301376,18.880833333333324,18.0,1.203333333333333,0.115099,473.7738032639983,18.862001381515842
4738,2021-12-20 12:38:19.975967744,18.88421052631578,18.0,1.1821052631578954,0.114042,473.87846963199826,18.85337733493045
4739,2021-12-20 12:38:20.128903936,18.881020408163256,18.0,1.1638775510204082,0.12438,474.0314058239983,18.84477465595272
4740,2021-12-20 12:38:20.257086720,18.869999999999994,18.0,1.1499999999999995,0.11124,474.1595886079983,18.836193259902053
4741,2021-12-20 12:38:20.303757312,18.81666666666667,18.0,1.12,0.11891,474.20625919999827,18.82763307766616
4742,2021-12-20 12:38:20.367255040,18.894489795918357,18.0,1.1142857142857148,0.127353,474.2697569279983,18.819094056103296
4743,2021-12-20 12:38:20.462497024,18.843684210526305,18.0,1.1050000000000006,0.112929,474.36499891199827,18.810576158423324
4744,2021-12-20 12:38:20.563270912,18.86659574468084,18.0,1.2361702127659575,0.116106,474.46577279999826,18.802079364546213
4745,2021-12-20 12:38:20.689110272,18.737346938775495,18.0,1.104897959183673,0.124079,474.59161215999825,18.793603671436646
4746,2021-12-20 12:38:20.783094784,18.76103448275862,18.0,1.2524137931034482,0.113076,474.68559667199827,18.785149093413484
4747,2021-12-20 12:38:20.869706752,18.768775510204073,18.0,1.2377551020408157,0.118241,474.77220863999827,18.776715662432842
4748,2021-12-20 12:38:20.973357312,18.75461538461538,18.0,1.224871794871795,0.11664,474.8758591999983,18.76830342834357
4749,2021-12-20 12:38:21.120821760,18.729583333333327,18.0,1.208125000000001,0.120816,475.02332364799827,18.759912459114076
4750,2021-12-20 12:38:21.253882880,18.702592592592605,18.0,1.1999999999999997,0.119938,475.15638476799825,18.751542841029362
4751,2021-12-20 12:38:21.305521920,18.743333333333336,18.0,1.17,0.117388,475.20802380799825,18.743194678857225
4752,2021-12-20 12:38:21.366324224,18.755306122448975,18.0,1.1340816326530625,0.125399,475.26882611199824,18.73486809598263
4753,2021-12-20 12:38:21.465790720,18.712926829268287,18.0,0.9500000000000001,0.115189,475.3682926079982,18.726563234509236
4754,2021-12-20 12:38:21.561364480,18.69619047619047,18.0,1.146190476190476,0.115192,475.4638663679982,18.718280255327105
4755,2021-12-20 12:38:21.674097664,18.68374999999999,18.0,1.1285416666666666,0.114191,475.5765995519982,18.710019338145774
4756,2021-12-20 12:38:21.774881792,18.67594594594594,18.0,1.1162162162162168,0.120247,475.6773836799982,18.701780681491705
4757,2021-12-20 12:38:21.870173952,18.678979591836722,18.0,1.0987755102040828,0.115045,475.77267583999816,18.69356450266933
4758,2021-12-20 12:38:21.966502144,18.703333333333333,18.0,1.0887878787878786,0.112701,475.86900403199814,18.685371037684877
4759,2021-12-20 12:38:22.113946624,18.669999999999987,18.0,1.0783673469387747,0.117904,476.01644851199814,18.6772005411323
4760,2021-12-20 12:38:22.263211520,18.684666666666672,18.0,1.0599999999999996,0.113303,476.1657134079981,18.669053286040576
4761,2021-12-20 12:38:22.315041792,18.689555555555557,18.0,1.0493333333333328,0.11809,476.21754367999813,18.660929563681776
4762,2021-12-20 12:38:22.366872064,18.69444444444444,18.0,1.0386666666666662,0.117635,476.26937395199815,18.65282968333929
4763,2021-12-20 12:38:22.471257088,18.65653061224489,18.0,1.0193877551020414,0.114784,476.37375897599816,18.644753972035783
4764,2021-12-20 12:38:22.570632960,18.658717948717943,18.0,1.0092307692307696,0.117975,476.47313484799815,18.636702774220424
4765,2021-12-20 12:38:22.677974784,18.661020408163257,18.0,0.9987755102040814,0.117109,476.58047667199816,18.628676451415103
4766,2021-12-20 12:38:22.777109248,18.67,18.0,0.9791428571428574,0.118089,476.67961113599813,18.620675381819357
4767,2021-12-20 12:38:22.869735936,18.578333333333337,18.0,0.9779166666666659,0.11854,476.7722378239981,18.612699959873897
4768,2021-12-20 12:38:22.965973760,18.59055555555555,18.0,1.147777777777777,0.109483,476.86847564799814,18.604750595782683
4769,2021-12-20 12:38:23.106035200,18.629591836734686,18.0,0.9395918367346936,0.112654,477.00853708799815,18.596827714993594
4770,2021-12-20 12:38:23.254123520,18.5664705882353,18.0,0.9299999999999998,0.115059,477.15662540799815,18.58893175763781
4771,2021-12-20 12:38:23.310349312,18.598031212484997,18.0,0.9238775510204077,0.109933,477.21285119999817,18.581063177928076
4772,2021-12-20 12:38:23.366575104,18.629591836734694,18.0,0.9177551020408156,0.114105,477.2690769919982,18.573222443516283
4773,2021-12-20 12:38:23.473685760,18.52489361702128,18.0,1.1000000000000008,0.113752,477.37618764799817,18.565410034810615
4774,2021-12-20 12:38:23.570888960,18.49829268292684,18.0,0.8848780487804877,0.109107,477.4733908479982,18.557626444252833
4775,2021-12-20 12:38:23.674167296,18.49938775510205,18.0,1.0795918367346928,0.126667,477.5766691839982,18.54987217555619
4776,2021-12-20 12:38:23.773281792,18.54350000000001,18.0,1.05475,0.120409,477.67578367999823,18.542147742904678
4777,2021-12-20 12:38:23.871812608,18.53979591836735,18.0,0.8538775510204089,0.112471,477.7743144959982,18.53445367011428
4778,2021-12-20 12:38:23.984777216,18.523333333333348,18.0,1.0397619047619042,0.122077,477.88727910399825,18.526790489756944
4779,2021-12-20 12:38:24.143557376,18.482083333333343,18.0,1.0300000000000007,0.113116,478.04605926399825,18.519158742248194
4780,2021-12-20 12:38:24.264508160,18.484736842105256,18.0,1.0199999999999998,0.117551,478.16701004799825,18.511558974899273
4781,2021-12-20 12:38:24.304721152,18.505,18.0,1.01,0.111603,478.20722303999827,18.503991740934723
4782,2021-12-20 12:38:24.367736320,18.503877551020413,18.0,0.7999999999999998,0.11894,478.27023820799826,18.496457598476578
4783,2021-12-20 12:38:24.464999936,18.50076923076924,18.0,0.7902564102564096,0.125907,478.3675018239983,18.48895710949626
4784,2021-12-20 12:38:24.560292096,18.497826086956536,18.0,0.7800000000000005,0.115452,478.46279398399827,18.481490838735372
4785,2021-12-20 12:38:24.671587072,18.450000000000014,18.0,0.966041666666666,0.113814,478.5740889599983,18.474059352596708
4786,2021-12-20 12:38:24.771878144,18.460731707317084,18.0,0.9604878048780494,0.121651,478.6743800319983,18.46666321800685
4787,2021-12-20 12:38:24.871254016,18.432040816326545,18.0,0.9508163265306128,0.11579,478.7737559039983,18.459303001251804
4788,2021-12-20 12:38:24.985878272,18.46100000000001,18.0,0.9410000000000001,0.123933,478.8883801599983,18.45197926678727
4789,2021-12-20 12:38:25.147132672,18.48591836734695,18.0,0.9308163265306121,0.118035,479.0496345599983,18.44469257602528
4790,2021-12-20 12:38:25.264361984,18.449999999999996,18.0,0.9226666666666666,0.119965,479.1668638719983,18.43744348609897
4791,2021-12-20 12:38:25.300943872,18.489999999999995,18.0,0.71,0.115431,479.2034457599983,18.430232548607425
4792,2021-12-20 12:38:25.366634496,18.472448979591846,18.0,0.701020408163265,0.109511,479.26913638399833,18.42306030834254
4793,2021-12-20 12:38:25.459673600,18.437777777777782,18.0,0.8530555555555559,0.116536,479.36217548799834,18.41592730200014
4794,2021-12-20 12:38:25.555629824,18.436250000000012,18.0,0.872083333333333,0.122154,479.45813171199836,18.408834056877566
4795,2021-12-20 12:38:25.673351936,18.450000000000014,18.0,0.8699999999999997,0.129264,479.5758538239984,18.401781089560163
4796,2021-12-20 12:38:25.774518016,18.428000000000008,18.0,0.8599999999999997,0.117499,479.67701990399837,18.394768904599207
4797,2021-12-20 12:38:25.872717056,18.408750000000015,18.0,0.8512500000000007,0.123333,479.77521894399837,18.387797993183973
4798,2021-12-20 12:38:25.985379840,18.423809523809535,18.0,0.8416666666666669,0.106055,479.8878817279984,18.380868831810634
4799,2021-12-20 12:38:26.133488128,18.418571428571443,18.0,0.8314285714285704,0.113713,480.0359900159984,18.373981880950975
4800,2021-12-20 12:38:26.235298048,18.348461538461535,18.0,0.8884615384615384,0.119157,480.1377999359984,18.367137583723903
4801,2021-12-20 12:38:26.285941504,18.29827586206897,18.0,0.8099999999999998,0.122725,480.18844339199836,18.360336364572873
4802,2021-12-20 12:38:26.372151040,18.333265306122463,18.0,0.9732653061224489,0.123905,480.2746529279984,18.35357862795241
4803,2021-12-20 12:38:26.461036288,18.386129032258065,18.0,1.0029032258064516,0.11189,480.36353817599837,18.346864757026992
4804,2021-12-20 12:38:26.567030528,18.346734693877565,18.0,1.0,0.110257,480.46953241599834,18.34019511238573
4805,2021-12-20 12:38:26.681493760,18.275294117647064,18.0,0.9935294117647053,0.117187,480.58399564799834,18.33357003077613
4806,2021-12-20 12:38:26.771424768,18.299756097560987,18.0,0.9899999999999999,0.112616,480.67392665599834,18.326989823860465
4807,2021-12-20 12:38:26.871363840,18.283877551020417,18.0,0.9824489795918359,0.115063,480.7738657279983,18.32045477699816
4808,2021-12-20 12:38:26.985887488,18.286410256410264,18.0,0.802307692307692,0.113562,480.8883893759983,18.313965148057694
4809,2021-12-20 12:38:27.141408768,18.289583333333344,18.0,0.9199999999999994,0.119637,481.04391065599833,18.307521166261413
4810,2021-12-20 12:38:27.254805760,18.288666666666664,18.0,0.9686666666666668,0.119498,481.1573076479983,18.30112303106684
4811,2021-12-20 12:38:27.296728832,18.326249999999998,18.0,0.9600000000000004,0.120871,481.1992307199983,18.294770911087856
4812,2021-12-20 12:38:27.369279232,18.31979591836736,18.0,0.9526530612244906,0.117894,481.2717811199983,18.288464943059235
4813,2021-12-20 12:38:27.463857152,18.29722222222223,18.0,0.9499999999999997,0.118564,481.3663590399983,18.282205230847882
4814,2021-12-20 12:38:27.564932864,18.256938775510218,18.0,0.9500000000000005,0.11781,481.4674347519983,18.275991844514174
4815,2021-12-20 12:38:27.679426304,18.25095238095239,18.0,0.9430952380952381,0.121173,481.5819281919983,18.269824819426752
4816,2021-12-20 12:38:27.773400832,18.23000000000001,18.0,0.9400000000000001,0.117671,481.6759027199983,18.263704155434045
4817,2021-12-20 12:38:27.871589888,18.2395918367347,18.0,0.9332653061224487,0.124815,481.77409177599833,18.25762981609585
4818,2021-12-20 12:38:27.980611584,18.242222222222228,18.0,0.9299999999999999,0.119449,481.88311347199834,18.251601727978105
4819,2021-12-20 12:38:28.137852672,18.23000000000001,18.0,0.9232653061224501,0.113626,482.0403545599983,18.24561978001405
4820,2021-12-20 12:38:28.265281024,18.23,18.0,0.9200000000000003,0.114845,482.1677829119983,18.23968382293486
4821,2021-12-20 12:38:28.306691072,18.285,18.0,0.91,0.123359,482.2091929599983,18.233793668772776
4822,2021-12-20 12:38:28.368288000,18.23166666666668,18.0,0.9099999999999991,0.122706,482.27078988799826,18.227949090439644
4823,2021-12-20 12:38:28.465089024,18.23000000000001,18.0,0.9042499999999993,0.123546,482.36759091199826,18.2221498213838
4824,2021-12-20 12:38:28.580085248,18.23000000000001,18.0,0.8999999999999992,0.124122,482.48258713599824,18.216395555328063
4825,2021-12-20 12:38:28.740042240,18.23000000000001,18.0,0.8942857142857146,0.120755,482.64254412799824,18.21068594609163
4826,2021-12-20 12:38:28.834972160,18.274,18.0,0.89,0.110558,482.73747404799826,18.205020607498497
4827,2021-12-20 12:38:28.879580672,18.242571428571434,18.0,0.8819999999999997,0.114408,482.7820825599983,18.199399113375062
4828,2021-12-20 12:38:28.971312384,18.177500000000002,18.0,0.9924999999999992,0.128734,482.8738142719983,18.193820997639328
4829,2021-12-20 12:38:29.076723200,18.230000000000008,18.0,0.941842105263158,0.123715,482.9792250879983,18.18828575448417
4830,2021-12-20 12:38:29.233571840,18.200000000000006,18.0,0.8699999999999997,0.113744,483.13607372799834,18.182792838656997
4831,2021-12-20 12:38:29.365104128,18.20136363636364,18.0,0.8699999999999999,0.114016,483.26760601599835,18.177341665838018
4832,2021-12-20 12:38:29.408465408,18.23,18.0,0.8699999999999999,0.114446,483.31096729599835,18.171931613119213
4833,2021-12-20 12:38:29.468724480,18.200000000000006,18.0,0.864489795918367,0.106774,483.37122636799836,18.16656201958595
4834,2021-12-20 12:38:29.570242816,18.119999999999997,18.0,0.8599999999999997,0.121763,483.4727447039984,18.161232187003097
4835,2021-12-20 12:38:29.668844288,18.14209302325581,18.0,0.9748837209302321,0.109238,483.57134617599837,18.155941380607356
4836,2021-12-20 12:38:29.784544512,18.079999999999995,18.0,1.0499999999999992,0.120531,483.6870463999984,18.15068883000732
4837,2021-12-20 12:38:29.881486336,18.18545454545455,18.0,0.8924242424242429,0.117038,483.7839882239984,18.14547373019255
4838,2021-12-20 12:38:29.971045376,18.157142857142855,18.0,0.9561224489795911,0.115961,483.8735472639984,18.140295242652797
4839,2021-12-20 12:38:30.066156544,18.186764705882357,18.0,0.9511764705882354,0.119775,483.9686584319984,18.135152496608306
4840,2021-12-20 12:38:30.208541440,18.05499999999999,18.0,0.935833333333333,0.110641,484.1110433279984,18.130044590351847
4841,2021-12-20 12:38:30.355895296,18.111874999999994,18.0,1.0399999999999994,0.118063,484.2583971839984,18.124970592702923
4842,2021-12-20 12:38:30.412996352,18.02,18.0,1.04,0.110576,484.3154982399984,18.11992954457425
4843,2021-12-20 12:38:30.468005120,18.058571428571423,18.0,1.0399999999999994,0.114727,484.3705070079984,18.114920460650378
4844,2021-12-20 12:38:30.572480512,18.056521739130424,18.0,1.0399999999999994,0.117319,484.4749823999984,18.109942331177976
4845,2021-12-20 12:38:30.670236928,18.07774999999999,18.0,1.0399999999999994,0.117972,484.5727388159984,18.10499412386707
4846,2021-12-20 12:38:30.779087616,18.04624999999999,18.0,1.0362500000000001,0.106041,484.6815895039984,18.100074785902063
4847,2021-12-20 12:38:30.878061056,18.054999999999993,18.0,1.0300000000000005,0.12216,484.7805629439984,18.09518324606117
4848,2021-12-20 12:38:30.970858752,18.028571428571418,18.0,1.0300000000000007,0.114933,484.8733606399984,18.090318416942424
4849,2021-12-20 12:38:31.067699968,18.03615384615384,18.0,1.0300000000000007,0.113285,484.97020185599837,18.085479197294184
4850,2021-12-20 12:38:31.176158464,18.028571428571418,18.0,1.0300000000000007,0.111529,485.0786603519984,18.08066447444761
4851,2021-12-20 12:38:31.276841984,18.04709677419354,18.0,1.0300000000000005,0.115541,485.1793438719984,18.075873126848254
4852,2021-12-20 12:38:31.366632192,18.081249999999997,18.0,0.9674999999999998,0.122511,485.2691340799984,18.071104026683635
4853,2021-12-20 12:38:31.469810176,18.029545454545442,18.0,0.875454545454545,0.114656,485.37231206399844,18.066356042603207
4854,2021-12-20 12:38:31.571720704,18.03499999999999,18.0,1.0300000000000007,0.109211,485.47422259199845,18.061628042526884
4855,2021-12-20 12:38:31.690991872,18.01999999999999,18.0,1.0300000000000007,0.119235,485.59349375999847,18.056918896537955
4856,2021-12-20 12:38:31.786032384,18.019999999999992,18.0,1.0300000000000005,0.11798,485.6885342719985,18.05222747985593
4857,2021-12-20 12:38:31.870894336,18.002857142857128,18.0,1.0300000000000007,0.117567,485.7733962239985,18.04755267588448
4858,2021-12-20 12:38:31.961267968,18.019999999999992,18.0,1.0300000000000005,0.12148,485.8637698559985,18.04289337932945
4859,2021-12-20 12:38:32.099277568,18.01999999999999,18.0,1.0300000000000007,0.115414,486.0017794559985,18.03824849938162
4860,2021-12-20 12:38:32.267401728,18.030769230769224,18.0,1.0300000000000007,0.113192,486.16990361599846,18.033616962958646
4861,2021-12-20 12:38:32.323687936,18.0395738045738,18.0,1.0250000000000004,0.108461,486.2261898239985,18.028997718000422
4862,2021-12-20 12:38:32.379984128,18.048378378378374,18.0,1.0200000000000002,0.119181,486.2824860159985,18.024389736811855
4863,2021-12-20 12:38:32.475477504,18.028571428571418,18.0,1.020000000000001,0.113501,486.37797939199845,18.019792019446967
4864,2021-12-20 12:38:32.577116416,18.030499999999993,18.0,1.0200000000000005,0.123624,486.47961830399845,18.015203597127936
4865,2021-12-20 12:38:32.693128704,18.028571428571418,18.0,1.020000000000001,0.112054,486.59563059199843,18.010623535692652
4866,2021-12-20 12:38:32.785755392,18.048636363636366,18.0,1.065454545454545,0.11332,486.6882572799984,18.006050939064277
4867,2021-12-20 12:38:32.866392832,17.998571428571413,18.0,1.2199999999999993,0.116026,486.7688947199984,18.001484952736167
4868,2021-12-20 12:38:32.968775936,18.01999999999999,18.0,1.2109523809523803,0.120105,486.8712778239984,17.996924767265465
4869,2021-12-20 12:38:33.096888320,18.028749999999988,18.0,1.0300000000000007,0.121317,486.99939020799843,17.992369621768677
4870,2021-12-20 12:38:33.264137472,18.03749999999999,18.0,1.0300000000000007,0.120675,487.16663935999844,17.98781880741253
4871,2021-12-20 12:38:33.323219968,18.04110294117646,18.0,1.109411764705883,0.125102,487.2257218559984,17.98327167089337
4872,2021-12-20 12:38:33.382312192,18.044705882352932,18.0,1.1888235294117653,0.122801,487.2848140799984,17.97872761789839
4873,2021-12-20 12:38:33.473591296,17.951428571428558,18.0,1.0300000000000007,0.120376,487.3760931839984,17.974186116542025
4874,2021-12-20 12:38:33.571739904,18.014615384615375,18.0,1.0300000000000007,0.122097,487.4742417919984,17.96964670077096
4875,2021-12-20 12:38:33.681827840,17.968571428571412,18.0,1.0300000000000007,0.122717,487.5843297279984,17.96510897373113
4876,2021-12-20 12:38:33.779775488,17.954827586206896,18.0,1.0300000000000005,0.121625,487.6822773759984,17.960572611090353
4877,2021-12-20 12:38:33.867071232,17.98142857142856,18.0,1.0300000000000007,0.125018,487.7695731199984,17.95603736431013
4878,2021-12-20 12:38:33.964807680,17.97153846153845,18.0,1.0300000000000007,0.118661,487.8673095679984,17.951503063860486
4879,2021-12-20 12:38:34.093684480,17.979787234042536,18.0,1.2299999999999989,0.114562,487.9961863679984,17.946969622371537
4880,2021-12-20 12:38:34.274552576,17.95571428571427,18.0,1.205510204081632,0.112923,488.1770544639984,17.942437037715752
4881,2021-12-20 12:38:34.332427776,17.965982142857133,18.0,1.206088435374149,0.103258,488.2349296639984,17.937905396014944
4882,2021-12-20 12:38:34.390303232,17.976249999999997,18.0,1.206666666666666,0.108785,488.2928051199984,17.93337487456615
4883,2021-12-20 12:38:34.470608640,17.891428571428552,18.0,1.0399999999999994,0.114668,488.3731105279984,17.92884574468069
4884,2021-12-20 12:38:34.566383616,17.968918918918913,18.0,1.0399999999999994,0.114922,488.46888550399837,17.924318374430744
4885,2021-12-20 12:38:34.688792832,17.934285714285696,18.0,1.048163265306122,0.117095,488.59129471999836,17.91979323129802
4886,2021-12-20 12:38:34.812650496,17.854545454545445,18.0,1.2399999999999998,0.113506,488.7151523839984,17.91527088471903
4887,2021-12-20 12:38:34.888892416,17.882692307692306,18.0,1.2399999999999993,0.117714,488.79139430399835,17.91075200852179
4888,2021-12-20 12:38:34.971460864,17.86249999999998,18.0,1.2400000000000004,0.118012,488.87396275199836,17.90623738324875
4889,2021-12-20 12:38:35.076388864,17.854999999999986,18.0,1.25,0.114409,488.97889075199834,17.901727898360875
4890,2021-12-20 12:38:35.225392128,17.84857142857141,18.0,1.25,0.101958,489.1278940159983,17.897224554317972
4891,2021-12-20 12:38:35.356994816,17.848888888888887,18.0,1.25,0.118262,489.2594967039983,17.89272846453039
4892,2021-12-20 12:38:35.407567872,18.02,18.0,1.26,0.115141,489.3100697599983,17.88824085717737
4893,2021-12-20 12:38:35.468953600,17.865714285714265,18.0,1.2599999999999996,0.116937,489.37145548799833,17.88376307688745
4894,2021-12-20 12:38:35.569355264,17.866341463414624,18.0,1.2697560975609765,0.115936,489.47185715199834,17.879296586276375
4895,2021-12-20 12:38:35.663963648,17.849069767441843,18.0,1.07,0.1173,489.56646553599836,17.87484296733807
4896,2021-12-20 12:38:35.773387520,17.818571428571406,18.0,1.2577551020408178,0.114978,489.67588940799834,17.87040392268448
4897,2021-12-20 12:38:35.874795264,17.836249999999986,18.0,1.270000000000001,0.116178,489.77729715199837,17.8659812766301
4898,2021-12-20 12:38:35.973879296,17.865714285714265,18.0,1.2793877551020414,0.11718,489.8763811839984,17.86157697611708
4899,2021-12-20 12:38:36.077218304,17.827999999999992,18.0,1.2800000000000005,0.124733,489.97972019199835,17.857193091477182
4900,2021-12-20 12:38:36.225004544,17.81874999999998,18.0,1.289166666666666,0.124066,490.12750643199837,17.85283181702677
4901,2021-12-20 12:38:36.356104192,17.83625,18.0,1.1316666666666666,0.113737,490.25860607999834,17.848495471491315
4902,2021-12-20 12:38:36.405762048,17.915,18.0,1.29,0.124657,490.30826393599835,17.84418649825596
4903,2021-12-20 12:38:36.469058816,17.805714285714267,18.0,1.1144897959183688,0.114956,490.37156070399834,17.839907465438937
4904,2021-12-20 12:38:36.569983488,17.789999999999985,18.0,1.2699999999999991,0.113094,490.47248537599836,17.83566106578475
4905,2021-12-20 12:38:36.668695552,17.827142857142835,18.0,1.2999999999999987,0.113781,490.57119743999834,17.83145011637432
4906,2021-12-20 12:38:36.771471104,17.82909090909089,18.0,1.299999999999999,0.114222,490.67397299199837,17.827277558149493
4907,2021-12-20 12:38:36.869197312,17.84195652173911,18.0,1.299999999999999,0.113329,490.77169919999835,17.823146455249372
4908,2021-12-20 12:38:36.975191552,17.809999999999977,18.0,1.3083673469387764,0.120577,490.8776934399983,17.819059994156373
4909,2021-12-20 12:38:37.095398144,17.809999999999988,18.0,1.3100000000000005,0.114614,490.9979000319983,17.815021482650085
4910,2021-12-20 12:38:37.255093504,17.809999999999988,18.0,1.3100000000000007,0.121254,491.1575953919983,17.81103434856725
4911,2021-12-20 12:38:37.363461376,17.873,18.0,1.3110000000000004,0.114579,491.2659632639983,17.80710213836649
4912,2021-12-20 12:38:37.397770240,17.859411764705882,18.0,1.32,0.115435,491.3002721279983,17.80322851549671
4913,2021-12-20 12:38:37.469938432,17.783749999999984,18.0,1.3279166666666655,0.110846,491.3724403199983,17.79941725856836
4914,2021-12-20 12:38:37.564083968,17.809999999999988,18.0,1.329999999999999,0.115762,491.4665858559983,17.795672259327134
4915,2021-12-20 12:38:37.664274688,17.818571428571406,18.0,1.329999999999999,0.121982,491.5667765759983,17.791997520429902
4916,2021-12-20 12:38:37.774151168,17.799756097560962,18.0,1.3370731707317087,0.112559,491.6766530559983,17.788397153023215
4917,2021-12-20 12:38:37.870992384,17.78613636363635,18.0,1.3400000000000016,0.112092,491.7734942719983,17.78487537412486
4918,2021-12-20 12:38:37.974773760,17.7542857142857,18.0,1.3475510204081642,0.11945,491.87727564799826,17.781436503809434
4919,2021-12-20 12:38:38.094095104,17.794999999999987,18.0,1.350000000000001,0.122438,491.9965969919983,17.778084962199276
4920,2021-12-20 12:38:38.246548736,17.797142857142834,18.0,1.3500000000000008,0.114096,492.1490506239983,17.774825266262404
4921,2021-12-20 12:38:38.342263296,17.81,18.0,1.3499999999999999,0.112995,492.24476518399825,17.771662026419545
4922,2021-12-20 12:38:38.385906176,17.817000000000004,18.0,1.3599999999999997,0.112999,492.28840806399825,17.768599942962712
4923,2021-12-20 12:38:38.472799744,17.758571428571415,18.0,1.3599999999999997,0.118045,492.37530163199824,17.765643802288224
4924,2021-12-20 12:38:38.569288704,17.809999999999988,18.0,1.3660526315789465,0.112088,492.47179059199823,17.762798472947402
4925,2021-12-20 12:38:38.676811776,17.78374999999998,18.0,1.3699999999999992,0.121181,492.5793136639982,17.760068901518704
4926,2021-12-20 12:38:38.777465088,17.843870967741932,18.0,1.3745161290322587,0.123958,492.67996697599824,17.757460108305317
4927,2021-12-20 12:38:38.867617536,17.767142857142847,18.0,1.3800000000000008,0.1128,492.77011942399827,17.754977182862703
4928,2021-12-20 12:38:38.968803840,17.790465116279062,18.372093023255815,1.3800000000000008,0.115123,492.8713057279983,17.752625279361006
4929,2021-12-20 12:38:39.096151808,17.80999999999998,26.0,6.693255813953488,0.108194,492.99865369599826,17.750409611787706
4930,2021-12-20 12:38:39.273851392,17.79714285714284,26.0,8.84795918367348,0.110508,493.17635327999824,17.748335448996265
4931,2021-12-20 12:38:39.376204544,17.81,26.0,8.91,0.113609,493.2787064319982,17.746408109606833
4932,2021-12-20 12:38:39.398574080,17.770625000000003,26.0,9.44,0.118275,493.3010759679982,17.7446329567656
4933,2021-12-20 12:38:39.470410496,17.7542857142857,26.0,9.41795918367346,0.111073,493.3729123839982,17.743015392769678
4934,2021-12-20 12:38:39.565250048,17.775945945945935,26.0,9.468918918918918,0.10548,493.4677519359982,17.74156085356477
4935,2021-12-20 12:38:39.666999552,17.767142857142847,26.0,9.761020408163267,0.109517,493.5695014399982,17.74027480312329
4936,2021-12-20 12:38:39.778254336,17.69975,26.0,10.00225000000001,0.114306,493.6807562239982,17.739162727710916
4937,2021-12-20 12:38:39.872490240,17.759999999999987,26.0,10.082857142857138,0.108176,493.7749921279982,17.738230130049832
4938,2021-12-20 12:38:39.973505536,17.76285714285713,26.0,10.146326530612246,0.111843,493.8760074239982,17.737482523387254
4939,2021-12-20 12:38:40.096206592,17.760263157894737,26.0,10.332631578947362,0.112212,493.9987084799982,17.73692542547804
4940,2021-12-20 12:38:40.262942720,17.702857142857134,26.0,10.46857142857143,0.112058,494.1654446079982,17.73656435249051
4941,2021-12-20 12:38:40.368413952,17.67,26.0,10.56,0.107083,494.2709158399982,17.73640481284477
4942,2021-12-20 12:38:40.396959488,17.845000000000002,26.0,10.889999999999995,0.109274,494.29946137599825,17.736452300993108
4943,2021-12-20 12:38:40.470586112,17.705000000000005,26.0,11.013333333333327,0.112767,494.37308799999823,17.736712291152042
4944,2021-12-20 12:38:40.571611392,17.756279069767427,26.0,11.246976744186053,0.111239,494.4741132799982,17.737190230995925
4945,2021-12-20 12:38:40.677877248,17.689999999999998,26.0,11.26510204081633,0.1127,494.5803791359982,17.737891535321978
4946,2021-12-20 12:38:40.776357888,17.701999999999995,26.0,11.431142857142854,0.106891,494.6788597759982,17.738821579696893
4947,2021-12-20 12:38:40.870000384,17.76714285714284,26.0,11.584693877551032,0.108251,494.7725022719982,17.73998569409508
4948,2021-12-20 12:38:40.962999296,17.717352941176472,26.0,11.720000000000011,0.108804,494.86550118399816,17.74138915653873
4949,2021-12-20 12:38:41.088516608,17.70956521739131,26.0,12.100869565217389,0.111927,494.99101849599816,17.743037186749874
4950,2021-12-20 12:38:41.269485312,17.704999999999995,26.0,12.23869565217392,0.114964,495.17198719999817,17.744934939824688
4951,2021-12-20 12:38:41.329121024,17.735775862068962,26.0,12.408313343328341,0.119499,495.23162291199816,17.74708749994018
4952,2021-12-20 12:38:41.388756480,17.766551724137933,26.0,12.577931034482761,0.117323,495.2912583679982,17.749499874103332
4953,2021-12-20 12:38:41.474483200,17.719999999999995,26.0,12.56469387755102,0.117039,495.3769850879982,17.75217698595289
4954,2021-12-20 12:38:41.572742656,17.798333333333325,26.0,12.909166666666676,0.118591,495.4752445439982,17.755123669623636
4955,2021-12-20 12:38:41.702001664,17.774999999999988,26.0,12.879999999999997,0.125935,495.6045035519982,17.75834466368309
4956,2021-12-20 12:38:41.812773376,17.714545454545462,26.0,13.20727272727273,0.118425,495.7152752639982,17.761844605150372
4957,2021-12-20 12:38:41.882618112,17.711176470588235,26.0,13.41000000000001,0.120933,495.7851199999982,17.765628023606794
4958,2021-12-20 12:38:41.974742016,17.694285714285716,26.0,13.383061224489794,0.117805,495.8772439039982,17.769699335407665
4959,2021-12-20 12:38:42.081953280,17.767999999999994,26.0,13.52085714285715,0.119573,495.9844551679982,17.774062838004554
4960,2021-12-20 12:38:42.243016704,17.792857142857123,26.0,13.68387755102041,0.112663,496.1455185919982,17.77872270438709
4961,2021-12-20 12:38:42.371782656,17.78529411764706,26.0,13.785294117647064,0.103368,496.2742845439982,17.783682977653125
4962,2021-12-20 12:38:42.408555776,17.81,26.0,14.230000000000002,0.108598,496.3110576639982,17.7889475657159
4963,2021-12-20 12:38:42.469599488,17.771428571428554,26.0,14.207959183673475,0.117554,496.3721013759982,17.794520236156625
4964,2021-12-20 12:38:42.565062656,17.764594594594588,26.0,14.419999999999996,0.116049,496.4675645439982,17.8004046112306
4965,2021-12-20 12:38:42.666701568,17.809999999999977,26.0,14.543877551020389,0.119371,496.5692034559982,17.806604163034766
4966,2021-12-20 12:38:42.785067520,17.780697674418587,26.0,14.628837209302327,0.11499,496.6875694079982,17.8131222088443
4967,2021-12-20 12:38:42.879152640,17.798648648648637,26.0,14.82108108108109,0.12253,496.78165452799817,17.819961906625608
4968,2021-12-20 12:38:42.975058432,17.779999999999987,26.0,14.953673469387743,0.117321,496.87756031999817,17.82712625073267
4969,2021-12-20 12:38:43.090889728,17.80999999999999,26.0,15.135263157894743,0.114716,496.9933916159982,17.834618067793603
4970,2021-12-20 12:38:43.255533824,17.82714285714284,26.0,15.273265306122456,0.11584,497.1580357119982,17.842440012793723
4971,2021-12-20 12:38:43.369936640,17.94363636363636,26.0,15.360000000000003,0.111504,497.2724385279982,17.85059456536138
4972,2021-12-20 12:38:43.403289856,17.93,26.0,15.680000000000005,0.112461,497.3057917439982,17.85908402626226
4973,2021-12-20 12:38:43.471404544,17.831874999999986,26.0,15.814999999999992,0.104206,497.3739064319982,17.86791051410764
4974,2021-12-20 12:38:43.565701120,17.85421052631578,26.0,16.03368421052632,0.111428,497.46820300799817,17.877075962281758
4975,2021-12-20 12:38:43.669522688,17.83999999999998,26.0,16.062040816326512,0.104733,497.57202457599817,17.8865821160931
4976,2021-12-20 12:38:43.775215104,17.827999999999992,26.0,16.18,0.106919,497.6777169919982,17.896430530153992
4977,2021-12-20 12:38:43.869551616,17.912765957446798,26.0,16.383404255319142,0.107821,497.77205350399817,17.906622565992784
4978,2021-12-20 12:38:43.972669184,17.91266666666665,26.0,16.503777777777778,0.118026,497.8751710719982,17.917159389902245
4979,2021-12-20 12:38:44.096537088,17.9553846153846,26.0,16.54384615384617,0.11286,497.9990389759982,17.92804197102772
4980,2021-12-20 12:38:44.269177344,17.925714285714275,26.0,16.852857142857147,0.104753,498.1716792319982,17.939271079697953
4981,2021-12-20 12:38:44.373129728,17.9675,26.0,16.99,0.10818,498.27563161599824,17.95084728600135
4982,2021-12-20 12:38:44.398979584,17.997894736842103,26.0,17.15157894736842,0.101005,498.3014814719982,17.962770958609937
4983,2021-12-20 12:38:44.474467072,17.934285714285696,26.0,17.135102040816328,0.106876,498.37696895999824,17.975042263853044
4984,2021-12-20 12:38:44.563000064,18.019999999999992,26.0,17.48870967741936,0.103863,498.46550195199825,17.987661165042255
4985,2021-12-20 12:38:44.660092672,18.02437499999999,26.0,17.450000000000014,0.097942,498.5625945599983,18.000627422048783
4986,2021-12-20 12:38:44.770321408,18.019999999999992,26.0,17.60135135135136,0.096138,498.6728232959983,18.01394059113415
4987,2021-12-20 12:38:44.869707264,18.01999999999999,26.0,17.76333333333332,0.100991,498.7722091519983,18.027600025034634
4988,2021-12-20 12:38:44.972784640,18.029545454545445,26.0,17.911818181818166,0.102638,498.8752865279983,18.041604873299512
4989,2021-12-20 12:38:45.099176960,18.02999999999999,26.0,17.88999999999999,0.096218,499.0016788479983,18.05595408288281
4990,2021-12-20 12:38:45.272702464,18.054897959183666,26.0,18.191224489795918,0.100471,499.1752043519983,18.07064639898783
4991,2021-12-20 12:38:45.368004608,18.02,26.0,18.25,0.096636,499.2705064959983,18.085680366163384
4992,2021-12-20 12:38:45.393532672,18.152083333333334,26.0,18.56,0.106992,499.2960345599983,18.101054329650196
4993,2021-12-20 12:38:45.474542080,18.092857142857138,26.0,18.53061224489795,0.106319,499.3770439679983,18.116766436975613
4994,2021-12-20 12:38:45.568104192,18.140000000000004,26.0,18.725714285714286,0.103189,499.4706060799983,18.13281463979431
4995,2021-12-20 12:38:45.674601216,18.045714285714276,26.0,18.987755102040804,0.098138,499.5771031039983,18.14919669597231
4996,2021-12-20 12:38:45.780032256,18.085625,26.0,19.0225,0.104492,499.6825341439983,18.165910171911133
4997,2021-12-20 12:38:45.871270912,18.186250000000005,26.0,19.096666666666657,0.09843,499.77377279999826,18.18295244510857
4998,2021-12-20 12:38:45.967830528,18.17615384615385,26.0,19.233076923076908,0.102877,499.87033241599823,18.200320706952137
4999,2021-12-20 12:38:46.094061824,18.220869565217402,26.0,19.52130434782607,0.102173,499.99656371199825,18.218011965740875
5000,2021-12-20 12:38:46.265937920,18.207173913043487,26.0,19.645000000000007,0.097994,500.16843980799825,18.236023049930704
5001,2021-12-20 12:38:46.325643776,18.24222332015811,26.0,19.768257575757588,0.093981,500.22814566399825,18.254350611598273
5002,2021-12-20 12:38:46.385339648,18.27727272727273,26.0,19.891515151515165,0.107383,500.28784153599827,18.272991130117703
5003,2021-12-20 12:38:46.475884288,18.27040816326532,26.0,20.004285714285732,0.100716,500.3783861759983,18.291940916044396
5004,2021-12-20 12:38:46.565654528,18.32935483870968,26.0,20.188064516129035,0.092335,500.4681564159983,18.311196115199632
5005,2021-12-20 12:38:46.669687296,18.243469387755113,26.0,20.308163265306113,0.086296,500.5721891839983,18.33075271294927
5006,2021-12-20 12:38:46.777451776,18.333529411764715,26.0,20.456470588235277,0.089301,500.67995366399833,18.350606538669698
5007,2021-12-20 12:38:46.872100352,18.37367346938777,26.0,20.60897959183674,0.090712,500.77460223999833,18.370753270393703
5008,2021-12-20 12:38:46.965541888,18.41117647058824,26.0,20.706470588235295,0.094134,500.86804377599833,18.391188439628664
5009,2021-12-20 12:38:47.101057024,18.405102040816345,26.0,20.709795918367355,0.087597,501.0035589119983,18.4119074363392
5010,2021-12-20 12:38:47.274139904,18.46100000000001,26.0,20.831250000000015,0.086214,501.1766417919983,18.432905514086087
5011,2021-12-20 12:38:47.329359872,18.469250000000002,26.0,20.994375000000005,0.087262,501.2318617599983,18.454177795313033
5012,2021-12-20 12:38:47.384590080,18.477499999999996,26.0,21.1575,0.079284,501.2870919679983,18.47571927677257
5013,2021-12-20 12:38:47.474943488,18.45448979591838,26.0,21.28959183673468,0.091996,501.3774453759983,18.497524835082203
5014,2021-12-20 12:38:47.572508928,18.525263157894738,26.0,21.449736842105256,0.090366,501.4750108159983,18.519589232401692
5015,2021-12-20 12:38:47.678563328,18.450000000000017,26.0,21.5891836734694,0.07505,501.5810652159983,18.54190712222211
5016,2021-12-20 12:38:47.779347456,18.519142857142864,26.0,21.722571428571438,0.080002,501.6818493439983,18.56447305525713
5017,2021-12-20 12:38:47.871994368,18.62061224489795,26.0,21.470000000000017,0.085055,501.7744962559983,18.587281485426946
5018,2021-12-20 12:38:47.969790976,18.598648648648638,26.0,22.014864864864848,0.087223,501.8722928639983,18.61032677592494
5019,2021-12-20 12:38:48.123149568,18.64306122448979,26.0,21.972448979591856,0.078627,502.02565145599834,18.633603205357215
5020,2021-12-20 12:38:48.278117632,18.655333333333335,26.0,22.273333333333337,0.078314,502.18061951999834,18.657104973944875
5021,2021-12-20 12:38:48.328097280,18.679166666666667,26.0,22.341666666666665,0.074563,502.2305991679983,18.680826209778957
5022,2021-12-20 12:38:48.378076928,18.702999999999996,26.0,22.409999999999993,0.073351,502.2805788159983,18.704760975117768
5023,2021-12-20 12:38:48.476366336,18.70591836734693,26.0,22.532448979591805,0.076326,502.3788682239983,18.728903272716398
5024,2021-12-20 12:38:48.577100032,18.705813953488363,26.0,22.506976744186044,0.074054,502.47960191999834,18.753247052178146
5025,2021-12-20 12:38:48.681595648,18.74183673469387,26.0,22.76428571428572,0.073472,502.58409753599835,18.777786216317633
5026,2021-12-20 12:38:48.778859264,18.856153846153838,26.0,22.60076923076924,0.073124,502.6813611519984,18.80251462752536
5027,2021-12-20 12:38:48.876826880,18.867551020408154,26.0,22.82979591836737,0.06827,502.7793287679984,18.82742611412351
5028,2021-12-20 12:38:48.989821696,18.895945945945936,26.0,22.883243243243246,0.069664,502.8923235839984,18.85251447670295
5029,2021-12-20 12:38:49.153087744,18.90346938775509,26.0,23.08428571428573,0.074028,503.05558963199843,18.877773494431366
5030,2021-12-20 12:38:49.271986688,18.889999999999993,26.0,23.220000000000002,0.070074,503.17448857599845,18.903196931322736
5031,2021-12-20 12:38:49.305993728,18.99,26.0,23.5,0.068139,503.20849561599846,18.928778542458392
5032,2021-12-20 12:38:49.371915776,18.975306122448977,26.0,23.574285714285722,0.073841,503.27441766399846,18.954512080150195
5033,2021-12-20 12:38:49.465156096,18.999999999999996,26.0,23.682777777777762,0.071417,503.36765798399847,18.98039130003644
5034,2021-12-20 12:38:49.566030592,19.009166666666665,26.0,23.747916666666672,0.066196,503.4685324799985,19.00640996710146
5035,2021-12-20 12:38:49.679638784,19.055000000000007,26.0,23.751250000000006,0.077949,503.5821406719985,19.032561861610006
5036,2021-12-20 12:38:49.775725568,19.10500000000001,26.0,23.918809523809532,0.065819,503.6782274559985,19.058840784947854
5037,2021-12-20 12:38:49.877223936,19.09204081632654,26.0,24.038571428571444,0.065372,503.77972582399855,19.08524056536028
5038,2021-12-20 12:38:50.001131776,19.121794871794883,26.0,24.18743589743589,0.061533,503.90363366399856,19.111755063580375
5039,2021-12-20 12:38:50.167365120,19.142448979591848,26.0,24.315714285714282,0.06415,504.06986700799854,19.138378178339508
5040,2021-12-20 12:38:50.269436416,19.11,26.0,24.41,0.06575,504.17193830399856,19.165103851752527
5041,2021-12-20 12:38:50.297157120,19.20684210526316,26.0,24.491052631578956,0.065237,504.19965900799855,19.19192607457058
5042,2021-12-20 12:38:50.373429248,19.288367346938784,26.0,24.507142857142856,0.065685,504.2759311359986,19.218838891294894
5043,2021-12-20 12:38:50.461690624,19.339999999999993,26.0,24.63600000000001,0.064964,504.36419251199857,19.24583640514506
5044,2021-12-20 12:38:50.559467264,19.35346938775511,26.0,24.768571428571448,0.054582,504.4619691519986,19.2729127828759
5045,2021-12-20 12:38:50.671908608,19.30891891891892,26.0,24.88,0.066126,504.57441049599856,19.300062259437194
5046,2021-12-20 12:38:50.771173888,19.36291666666667,26.0,25.026250000000008,0.066863,504.67367577599856,19.327279142471113
5047,2021-12-20 12:38:50.873285632,19.37,26.0,25.139999999999997,0.063525,504.7757875199986,19.354557816642433
5048,2021-12-20 12:38:50.999929344,19.365581395348844,26.0,25.289069767441845,0.063927,504.90243123199855,19.381892747797078
5049,2021-12-20 12:38:51.172791040,19.37591836734694,26.0,25.412653061224496,0.059434,505.07529292799853,19.40927848694498
5050,2021-12-20 12:38:51.232466944,19.43944066515495,26.0,25.43632653061225,0.063254,505.13496883199855,19.43670967406358
5051,2021-12-20 12:38:51.292142592,19.50296296296296,26.0,25.460000000000004,0.062847,505.19464447999854,19.46418104171871
5052,2021-12-20 12:38:51.376219904,19.523333333333316,26.0,25.795416666666636,0.064082,505.2787217919985,19.491687418500057
5053,2021-12-20 12:38:51.473242112,19.57210526315788,26.0,25.729473684210546,0.063652,505.3757439999985,19.519223732268582
5054,2021-12-20 12:38:51.583199232,19.55102040816324,26.0,25.84285714285713,0.057189,505.4857011199985,19.546785013213952
5055,2021-12-20 12:38:51.684184320,19.559999999999995,26.0,25.959666666666674,0.052524,505.5866862079985,19.574366396720215
5056,2021-12-20 12:38:51.772667136,19.578775510204057,26.0,26.096122448979575,0.058124,505.67516902399854,19.60196312603842
5057,2021-12-20 12:38:51.867587072,19.65945945945945,26.0,26.051891891891874,0.059727,505.77008895999853,19.629570554765273
5058,2021-12-20 12:38:51.997449728,19.67020833333331,26.0,26.132916666666674,0.056138,505.89995161599853,19.657184149127204
5059,2021-12-20 12:38:52.164075264,19.686428571428557,26.0,26.394761904761907,0.056228,506.06657715199856,19.684799490069626
5060,2021-12-20 12:38:52.222574080,19.732161654135325,26.0,26.45448621553884,0.06216,506.12507596799855,19.712412275151575
5061,2021-12-20 12:38:52.281073152,19.777894736842097,26.0,26.51421052631577,0.051703,506.1835750399986,19.740018320246186
5062,2021-12-20 12:38:52.377602560,19.79469387755101,26.0,26.614897959183676,0.052532,506.28010444799855,19.767613561047828
5063,2021-12-20 12:38:52.475459584,19.789999999999992,26.0,26.754736842105245,0.058288,506.37796147199856,19.79519405438702
5064,2021-12-20 12:38:52.580437760,19.80437499999999,26.0,26.855833333333333,0.053553,506.48293964799853,19.8227559793547
5065,2021-12-20 12:38:52.679843840,19.834722222222215,26.0,26.993333333333318,0.050426,506.58234572799853,19.850295638237487
5066,2021-12-20 12:38:52.774301184,19.855714285714267,26.0,27.091224489795927,0.045419,506.6768030719985,19.877809457266153
5067,2021-12-20 12:38:52.886752768,19.896976744186034,26.0,27.099767441860433,0.052187,506.7892546559985,19.90529398717959
5068,2021-12-20 12:38:53.055389952,19.907346938775497,26.0,27.11836734693879,0.056004,506.95789183999847,19.93274590360698
5069,2021-12-20 12:38:53.183492352,19.982777777777788,26.0,27.19,0.053884,507.08599423999846,19.96016200727106
5070,2021-12-20 12:38:53.226652416,20.0087358276644,26.0,27.325816326530607,0.040707,507.12915430399846,19.98753922401564
5071,2021-12-20 12:38:53.269812480,20.03469387755101,26.0,27.46163265306121,0.047667,507.17231436799847,20.01487460466072
5072,2021-12-20 12:38:53.372940032,20.0367441860465,26.0,27.565116279069766,0.045476,507.27544191999846,20.042165324688824
5073,2021-12-20 12:38:53.471913728,20.07499999999999,26.0,27.69499999999999,0.046052,507.37441561599843,20.069408683766525
5074,2021-12-20 12:38:53.573502208,20.036363636363628,26.0,27.79909090909091,0.061455,507.4760040959984,20.096602105105056
5075,2021-12-20 12:38:53.672666880,20.079791666666658,26.0,27.877083333333314,0.052232,507.5751687679984,20.123743134664352
5076,2021-12-20 12:38:53.773742592,20.156363636363626,26.0,27.830909090909085,0.043737,507.6762444799984,20.150829440204973
5077,2021-12-20 12:38:53.869205760,20.18571428571428,26.0,28.123333333333317,0.054624,507.77170764799837,20.177858810192536
5078,2021-12-20 12:38:53.976215808,20.21591836734693,26.0,28.052244897959177,0.042965,507.8787176959984,20.204829152559462
5079,2021-12-20 12:38:54.099349504,20.272432432432428,26.0,28.17486486486486,0.047622,508.0018513919984,20.23173849332898
5080,2021-12-20 12:38:54.261820928,20.264693877551014,26.0,28.27979591836734,0.04391,508.1643228159984,20.258584975106437
5081,2021-12-20 12:38:54.367654144,20.292857142857144,26.0,28.389999999999993,0.046165,508.2701560319984,20.285366855443257
5082,2021-12-20 12:38:54.397869312,20.388888888888893,26.0,28.5,0.042126,508.3003711999984,20.312082505078898
5083,2021-12-20 12:38:54.472240128,20.386734693877553,26.0,28.390000000000015,0.042241,508.3747420159984,20.338730406066325
5084,2021-12-20 12:38:54.567924480,20.402972972972975,26.0,28.71162162162163,0.032418,508.47042636799836,20.36530914978672
5085,2021-12-20 12:38:54.680295680,20.419591836734696,26.0,28.626734693877523,0.044297,508.58279756799834,20.3918174348591
5086,2021-12-20 12:38:54.790635008,20.400967741935485,26.0,28.712258064516142,0.042901,508.69313689599835,20.418254064950702
5087,2021-12-20 12:38:54.877518592,20.462619047619054,26.0,28.839999999999993,0.045538,508.78002047999837,20.44461794649409
5088,2021-12-20 12:38:54.977397248,20.446875000000002,26.0,28.93166666666669,0.044058,508.87989913599836,20.470908086316975
5089,2021-12-20 12:38:55.102260736,20.506744186046518,26.0,28.850232558139528,0.040908,509.0047626239984,20.497123589190785
5090,2021-12-20 12:38:55.266854656,20.504693877551027,26.0,29.089183673469396,0.048746,509.1693565439984,20.523263655304117
5091,2021-12-20 12:38:55.358213888,20.49,26.0,29.17,0.036006,509.2607157759984,20.549327577667082
5092,2021-12-20 12:38:55.390098688,20.550000000000008,26.0,29.38999999999999,0.044244,509.2926005759984,20.575314739452704
5093,2021-12-20 12:38:55.475986432,20.553673469387764,26.0,29.309183673469377,0.033823,509.3784883199984,20.60122461128135
5094,2021-12-20 12:38:55.576187136,20.612926829268304,26.0,29.485609756097546,0.043722,509.47868902399836,20.62705674845426
5095,2021-12-20 12:38:55.681044736,20.56500000000001,26.0,29.670416666666693,0.046116,509.58354662399836,20.652810788142087
5096,2021-12-20 12:38:55.779394560,20.696666666666673,26.0,29.76500000000002,0.040387,509.6818964479984,20.67848644653427
5097,2021-12-20 12:38:55.874133504,20.710408163265317,26.0,29.761632653061245,0.049407,509.7766353919984,20.704083515955062
5098,2021-12-20 12:38:55.978095872,20.73000000000001,26.0,29.83878048780487,0.034926,509.8805977599984,20.72960186195181
5099,2021-12-20 12:38:56.127290624,20.73000000000001,26.0,29.983673469387764,0.03237,510.02979251199844,20.755041420361028
5100,2021-12-20 12:38:56.263419392,20.730000000000004,26.0,29.91999999999999,0.032021,510.16592127999843,20.780402194357702
5101,2021-12-20 12:38:56.313338624,20.7925,26.0,29.91,0.041432,510.2158405119984,20.80568425149308
5102,2021-12-20 12:38:56.372461056,20.832040816326543,26.0,30.027959183673467,0.039088,510.2749629439984,20.83088772072606
5103,2021-12-20 12:38:56.470609920,20.87102564102565,26.0,30.2628205128205,0.031339,510.3731118079984,20.856012789453175
5104,2021-12-20 12:38:56.569814784,20.913333333333345,26.0,30.312444444444463,0.040399,510.4723166719984,20.88105970054197
5105,2021-12-20 12:38:56.688603136,20.841702127659584,26.0,30.24340425531915,0.035635,510.5911050239984,20.90602874937248
5106,2021-12-20 12:38:56.784810496,20.965294117647066,26.0,30.36529411764704,0.028458,510.6873123839984,20.93092028089125
5107,2021-12-20 12:38:56.876250368,20.963333333333345,26.0,30.405624999999983,0.03705,510.7787522559984,20.955734686682295
5108,2021-12-20 12:38:56.986770944,20.980000000000008,26.0,30.369473684210526,0.032306,510.8892728319984,20.98047240205915
5109,2021-12-20 12:38:57.151565824,20.984897959183684,26.0,30.64224489795921,0.031153,511.0540677119984,21.005133903181985
5110,2021-12-20 12:38:57.274990848,21.012,26.0,30.730000000000008,0.025395,511.17749273599844,21.029719704203657
5111,2021-12-20 12:38:57.309762560,21.07,26.0,30.892500000000002,0.032898,511.21226444799845,21.054230354448244
5112,2021-12-20 12:38:57.373019136,21.038775510204093,26.0,30.919387755102036,0.029689,511.27552102399846,21.078666435625582
5113,2021-12-20 12:38:57.471559936,21.094000000000015,26.0,30.80249999999998,0.031995,511.3740618239985,21.103028559085036
5114,2021-12-20 12:38:57.572525056,21.09306122448981,26.0,30.900000000000016,0.026428,511.4750269439985,21.12731736311157
5115,2021-12-20 12:38:57.675280384,21.106315789473697,26.0,31.22000000000002,0.035479,511.5777822719985,21.151533510267033
5116,2021-12-20 12:38:57.772011008,21.161836734693892,26.0,30.859999999999975,0.031706,511.6745128959985,21.175677684779362
5117,2021-12-20 12:38:57.873619712,21.15302325581397,26.0,31.393953488372098,0.028119,511.7761215999985,21.199750589982127
5118,2021-12-20 12:38:58.005453824,21.21020408163267,26.0,31.291428571428554,0.024196,511.90795571199845,21.223752945806755
5119,2021-12-20 12:38:58.169222656,21.231627906976765,26.0,31.370697674418626,0.03959,512.0717245439985,21.247685486329523
5120,2021-12-20 12:38:58.226383872,21.239327467001907,26.0,31.47034883720932,0.028981,512.1288857599985,21.271548957375266
5121,2021-12-20 12:38:58.283555328,21.247027027027045,26.0,31.57000000000001,0.027735,512.1860572159985,21.295344114179475
5122,2021-12-20 12:38:58.378072832,21.357755102040834,26.0,31.463877551020442,0.026866,512.2805747199985,21.319071719110305
5123,2021-12-20 12:38:58.479239168,21.354146341463434,26.0,31.51682926829266,0.029093,512.3817410559985,21.342732539451887
5124,2021-12-20 12:38:58.590534144,21.39346938775512,26.0,31.7716326530612,0.024616,512.4930360319985,21.366327345250202
5125,2021-12-20 12:38:58.685886464,21.43774193548389,26.0,31.746129032258075,0.024796,512.5883883519984,21.389856907222534
5126,2021-12-20 12:38:58.774329088,21.444489795918386,26.0,31.938979591836713,0.032293,512.6768309759984,21.413321994731422
5127,2021-12-20 12:38:58.867317760,21.462187500000017,26.0,31.96999999999999,0.027405,512.7698196479985,21.436723373823913
5128,2021-12-20 12:38:59.020334592,21.459795918367366,26.0,31.963265306122445,0.023699,512.9228364799985,21.460061805336817
5129,2021-12-20 12:38:59.185179648,21.494193548387113,26.0,32.03483870967743,0.024881,513.0876815359985,21.483338043068507
5130,2021-12-20 12:38:59.234867712,21.510668202764993,26.0,32.142133640553,0.021333,513.1373695999985,21.50655283201765
5131,2021-12-20 12:38:59.284545536,21.527142857142874,26.0,32.24942857142856,0.025539,513.1870474239985,21.529706906689352
5132,2021-12-20 12:38:59.377333248,21.52612244897961,26.0,32.3159183673469,0.03102,513.2798351359985,21.552800989468906
5133,2021-12-20 12:38:59.476175872,21.547380952380973,26.0,32.27071428571431,0.025642,513.3786777599985,21.57583578906328
5134,2021-12-20 12:38:59.576758784,21.551632653061244,26.0,32.364897959183665,0.030096,513.4792606719985,21.59881199901045
5135,2021-12-20 12:38:59.677241088,21.61534883720932,26.0,32.46674418604653,0.020069,513.5797429759986,21.621730296256647
5136,2021-12-20 12:38:59.779383040,21.607755102040834,26.0,32.42857142857143,0.029464,513.6818849279986,21.64459133980135
5137,2021-12-20 12:38:59.895686912,21.68250000000002,26.0,32.52275,0.028022,513.7981887999986,21.66739576940988
5138,2021-12-20 12:39:00.064535296,21.69959183673471,26.0,32.601020408163315,0.028609,513.9670371839985,21.69014420439334
5139,2021-12-20 12:39:00.181835008,21.74083333333333,26.0,32.64999999999999,0.025501,514.0843368959985,21.71283724245573
5140,2021-12-20 12:39:00.210732544,21.81375,26.0,32.82,0.018943,514.1132344319985,21.735475458607723
5141,2021-12-20 12:39:00.273677312,21.720000000000017,26.0,32.84938775510208,0.022512,514.1761791999985,21.758059404146856
5142,2021-12-20 12:39:00.367480832,21.747777777777795,26.0,32.91666666666665,0.024274,514.2699827199986,21.78058960570358
5143,2021-12-20 12:39:00.469974528,21.860625000000017,26.0,33.01624999999998,0.017414,514.3724764159986,21.803066564352804
5144,2021-12-20 12:39:00.592464384,21.74906976744188,26.0,33.092558139534894,0.022922,514.4949662719986,21.82549075479045
5145,2021-12-20 12:39:00.685815296,21.86705882352943,26.0,33.19823529411764,0.013913,514.5883171839986,21.847862624574454
5146,2021-12-20 12:39:00.778371584,21.883265306122468,26.0,33.21632653061222,0.019769,514.6808734719986,21.870182593429732
5147,2021-12-20 12:39:00.892382464,21.956842105263178,26.0,33.121315789473705,0.01656,514.7948843519986,21.892451052616632
5148,2021-12-20 12:39:01.062830080,21.975102040816346,26.0,33.204693877551044,0.024922,514.9653319679986,21.914668364362385
5149,2021-12-20 12:39:01.188136192,21.970000000000002,26.0,33.269999999999996,0.019415,515.0906380799986,21.936834861355045
5150,2021-12-20 12:39:01.215112448,22.095,26.0,33.43,0.024617,515.1176143359986,21.958950846299455
5151,2021-12-20 12:39:01.272012032,22.015918367346956,26.0,33.439795918367345,0.014912,515.1745139199986,21.981016591534797
5152,2021-12-20 12:39:01.373440000,22.023809523809543,26.0,33.51190476190476,0.023162,515.2759418879987,22.00303233871329
5153,2021-12-20 12:39:01.471950592,22.02142857142859,26.0,33.59816326530612,0.015148,515.3744524799987,22.02499829853962
5154,2021-12-20 12:39:01.572996352,22.010697674418623,26.0,33.67186046511629,0.004904,515.4754982399987,22.04691465057071
5155,2021-12-20 12:39:01.671667968,22.016875000000017,26.0,33.75,0.017339,515.5741698559988,22.068781543075453
5156,2021-12-20 12:39:01.773166080,22.103720930232576,26.0,33.58999999999999,0.01503,515.6756679679987,22.09059909295411
5157,2021-12-20 12:39:01.871918336,22.141875000000017,26.0,33.670000000000016,0.010354,515.7744202239987,22.112367385716922
5158,2021-12-20 12:39:01.973507072,22.072272727272747,26.0,33.98272727272728,0.01575,515.8760089599988,22.134086475521627
5159,2021-12-20 12:39:02.102987264,22.146136363636383,26.0,33.82,0.016178,516.0054891519987,22.15575638526943
5160,2021-12-20 12:39:02.278393856,22.188750000000017,26.0,34.1266666666667,0.01938,516.1808957439987,22.17737710675895
5161,2021-12-20 12:39:02.336460288,22.214775000000017,26.0,34.09333333333334,0.017367,516.2389621759987,22.198948600897666
5162,2021-12-20 12:39:02.394516736,22.240800000000014,26.0,34.05999999999998,0.01403,516.2970186239987,22.22047079797031
5163,2021-12-20 12:39:02.476230144,22.209795918367366,26.0,34.124285714285755,0.01139,516.3787320319988,22.241943597963633
5164,2021-12-20 12:39:02.569671680,22.2577142857143,26.0,34.20085714285716,0.011955,516.4721735679988,22.263366870946832
5165,2021-12-20 12:39:02.678039552,22.235918367346954,26.0,34.27428571428569,0.012149,516.5805414399988,22.284740457506903
5166,2021-12-20 12:39:02.782635520,22.246000000000016,26.0,34.34666666666668,0.010243,516.6851374079988,22.306064169238073
5167,2021-12-20 12:39:02.872053760,22.274166666666684,26.0,34.20770833333337,0.012286,516.7745556479988,22.32733778928443
5168,2021-12-20 12:39:02.969719808,22.278500000000015,26.0,34.461999999999996,0.012791,516.8722216959987,22.34856107293471
5169,2021-12-20 12:39:03.100517632,22.355652173913057,26.0,34.351086956521726,0.007851,517.0030195199987,22.369733748268096
5170,2021-12-20 12:39:03.279474688,22.389565217391315,26.0,34.400869565217405,0.015764,517.1819765759986,22.390855516849896
5171,2021-12-20 12:39:03.337178880,22.41478260869566,26.0,34.475434782608694,0.009049,517.2396807679986,22.411926054475757
5172,2021-12-20 12:39:03.394883328,22.440000000000005,26.0,34.54999999999998,0.004144,517.2973852159986,22.432945011963017
5173,2021-12-20 12:39:03.477401600,22.469166666666677,26.0,34.62000000000004,0.00983,517.3799034879986,22.45391201598772
5174,2021-12-20 12:39:03.568056832,22.480000000000008,26.0,34.68515151515154,0.008066,517.4705587199986,22.474826669965626
5175,2021-12-20 12:39:03.672854016,22.480000000000008,26.0,34.75714285714284,0.005687,517.5753559039986,22.495688554975636
5176,2021-12-20 12:39:03.780467712,22.50363636363637,26.0,34.81666666666668,0.012741,517.6829695999986,22.516497230723807
5177,2021-12-20 12:39:03.874060032,22.511836734693887,26.0,34.711632653061244,0.006544,517.7765619199986,22.537252236546177
5178,2021-12-20 12:39:03.970136832,22.555263157894746,26.0,34.71789473684211,0.006871,517.8726387199986,22.5579530924485
5179,2021-12-20 12:39:04.095915520,22.629361702127667,26.0,34.977446808510614,0.008877,517.9984174079985,22.578599300180954
5180,2021-12-20 12:39:04.265779968,22.670666666666673,26.0,34.925999999999966,0.005929,518.1682818559985,22.599190344345814
5181,2021-12-20 12:39:04.325445632,22.650047619047626,26.0,34.96214285714284,0.00838,518.2279475199986,22.619725693536054
5182,2021-12-20 12:39:04.385121280,22.629428571428576,26.0,34.998285714285714,0.009644,518.2876231679986,22.640204801502883
5183,2021-12-20 12:39:04.479246848,22.671020408163272,26.0,35.047142857142845,0.002874,518.3817487359986,22.660627108350052
5184,2021-12-20 12:39:04.578341120,22.727317073170738,26.0,35.11536585365857,0.009309,518.4808430079986,22.68099204175282
5185,2021-12-20 12:39:04.678763008,22.718775510204086,26.0,35.326122448979625,0.002361,518.5812648959986,22.701299018199425
5186,2021-12-20 12:39:04.777837056,22.68341463414635,26.0,35.125365853658536,-0.003755,518.6803389439987,22.721547444252923
5187,2021-12-20 12:39:04.877685504,22.74040816326531,26.0,35.19285714285712,0.00145,518.7801873919987,22.741736717831166
5188,2021-12-20 12:39:04.987170048,22.76131578947369,26.0,35.20000000000002,0.003058,518.8896719359986,22.761866229502754
5189,2021-12-20 12:39:05.150868480,22.740000000000006,26.0,35.32285714285716,-0.000442,519.0533703679987,22.781935363796695
5190,2021-12-20 12:39:05.278146048,22.740000000000006,26.0,35.459999999999994,-0.002283,519.1806479359986,22.801943500523596
5191,2021-12-20 12:39:05.314526976,22.875,26.0,35.57999999999999,0.008715,519.2170288639986,22.821890016106064
5192,2021-12-20 12:39:05.374172672,22.88625,26.0,35.61645833333337,0.004829,519.2766745599986,22.84177428491601
5193,2021-12-20 12:39:05.474413312,22.815348837209303,26.0,35.67651162790698,0.008576,519.3769151999986,22.861595680616578
5194,2021-12-20 12:39:05.575961856,22.833673469387758,26.0,35.74571428571428,0.003085,519.4784637439986,22.881353577506292
5195,2021-12-20 12:39:05.676001536,22.843846153846155,26.0,35.79999999999997,0.001043,519.5785034239987,22.90104735186309
5196,2021-12-20 12:39:05.772752128,22.910816326530615,26.0,35.87000000000005,0.001905,519.6752540159987,22.920676383285883
5197,2021-12-20 12:39:05.875336704,22.966046511627905,26.0,35.93093023255813,-0.001208,519.7778385919987,22.94024005603119
5198,2021-12-20 12:39:06.016373760,22.998749999999998,26.0,35.894999999999996,0.000468,519.9188756479987,22.959737760342477
5199,2021-12-20 12:39:06.195381248,22.99744186046511,26.0,35.808139534883686,0.007344,520.0978831359987,22.97916889376975
5200,2021-12-20 12:39:06.247845120,23.016578073089697,26.0,35.880498338870424,0.002258,520.1503470079987,22.998532862476935
5201,2021-12-20 12:39:06.300299008,23.03571428571428,26.0,35.952857142857155,-0.001354,520.2028008959986,23.017829082534668
5202,2021-12-20 12:39:06.378391552,23.026530612244894,26.0,35.987142857142864,-0.003938,520.2808934399986,23.03705698119599
5203,2021-12-20 12:39:06.478371072,23.049512195121945,26.0,36.04756097560972,-0.001786,520.3808729599987,23.056215998152624
5204,2021-12-20 12:39:06.582353408,23.043749999999992,26.0,36.050416666666685,-0.001886,520.4848552959986,23.075305586769336
5205,2021-12-20 12:39:06.680441856,23.06399999999999,26.0,35.970857142857135,-0.001903,520.5829437439986,23.09432521529411
5206,2021-12-20 12:39:06.773853184,23.103673469387743,26.0,36.21734693877553,0.00015,520.6763550719986,23.11327436804165
5207,2021-12-20 12:39:06.867475712,23.156571428571418,26.0,36.25914285714284,-0.003853,520.7699775999986,23.132152546547992
5208,2021-12-20 12:39:07.002739456,23.142244897959173,26.0,36.098979591836724,-0.009389,520.9052413439986,23.15095927069383
5209,2021-12-20 12:39:07.178749440,23.148292682926815,26.0,36.39000000000002,-0.004147,521.0812513279985,23.169694079794358
5210,2021-12-20 12:39:07.234522624,23.18366247049566,26.0,36.32000000000001,-0.000685,521.1370245119986,23.188356533653348
5211,2021-12-20 12:39:07.290305792,23.2190322580645,26.0,36.25,-0.009505,521.1928076799985,23.20694621357927
5212,2021-12-20 12:39:07.379080192,23.23040816326529,26.0,36.299999999999976,-0.003503,521.2815820799985,23.22546272336131
5213,2021-12-20 12:39:07.472923904,23.279999999999983,26.0,36.35823529411764,-0.012203,521.3754257919985,23.243905690203192
5214,2021-12-20 12:39:07.582328064,23.279999999999983,26.0,36.408979591836754,-0.00491,521.4848299519986,23.26227476561272
5215,2021-12-20 12:39:07.686914048,23.279999999999983,26.0,36.46800000000001,-0.003305,521.5894159359985,23.280569626245168
5216,2021-12-20 12:39:07.775125248,23.279999999999983,26.0,36.51895833333332,0.002663,521.6776271359986,23.298789974698533
5217,2021-12-20 12:39:07.867269120,23.303142857142838,26.0,36.573142857142855,-0.00958,521.7697710079985,23.316935540258896
5218,2021-12-20 12:39:07.997694720,23.313749999999985,26.0,36.62687500000005,-0.005642,521.9001966079985,23.335006079594137
5219,2021-12-20 12:39:08.179166464,23.3106818181818,26.0,36.68454545454549,-0.009975,522.0816683519985,23.353001377394346
5220,2021-12-20 12:39:08.236699648,23.358019480519467,26.0,36.73727272727274,-0.010269,522.1392015359985,23.370921246957366
5221,2021-12-20 12:39:08.294233088,23.40535714285713,26.0,36.789999999999985,-0.007624,522.1967349759985,23.388765530718
5222,2021-12-20 12:39:08.379426816,23.437499999999982,26.0,36.84124999999997,-0.012308,522.2819287039986,23.40653410071954
5223,2021-12-20 12:39:08.479064064,23.495999999999984,26.0,36.69500000000002,-0.005118,522.3815659519986,23.424226859026327
5224,2021-12-20 12:39:08.591958272,23.434285714285696,26.0,36.690816326530644,-0.004538,522.4944601599985,23.44184373807629
5225,2021-12-20 12:39:08.688960512,23.409999999999993,26.0,36.73148148148148,-0.004652,522.5914623999986,23.459384700972354
5226,2021-12-20 12:39:08.774385408,23.50591836734692,26.0,36.78979591836732,-0.009767,522.6768872959985,23.476849741711803
5227,2021-12-20 12:39:08.868078336,23.503714285714278,26.0,36.834285714285706,-0.000561,522.7705802239985,23.494238885352964
5228,2021-12-20 12:39:08.995506688,23.538260869565196,26.0,36.88913043478264,-0.003211,522.8980085759986,23.511552188118515
5229,2021-12-20 12:39:09.178497024,23.58521739130434,26.0,36.93369565217394,-0.009191,523.0809989119986,23.52878973743494
5230,2021-12-20 12:39:09.237046272,23.56760869565217,26.0,36.99184782608696,-0.002013,523.1395481599985,23.545951651907775
5231,2021-12-20 12:39:09.295595776,23.549999999999997,26.0,37.04999999999998,-0.013003,523.1980976639985,23.563038081232456
5232,2021-12-20 12:39:09.378445824,23.588571428571413,26.0,37.07959183673466,-0.003852,523.2809477119985,23.58004920604091
5233,2021-12-20 12:39:09.475668992,23.642368421052623,26.0,37.12210526315792,-0.00757,523.3781708799985,23.59698523768386
5234,2021-12-20 12:39:09.586380544,23.583749999999984,26.0,37.16604166666669,-0.00584,523.4888824319985,23.61384641794924
5235,2021-12-20 12:39:09.685957632,23.607857142857135,26.0,37.19892857142859,-0.010067,523.5884595199985,23.630633018717127
5236,2021-12-20 12:39:09.773062400,23.63816326530612,26.0,37.262448979591824,-0.015152,523.6755642879986,23.647345341551787
5237,2021-12-20 12:39:09.869128960,23.656578947368427,26.0,37.234736842105235,-0.007655,523.7716308479986,23.66398371723159
5238,2021-12-20 12:39:10.005287936,23.600624999999976,26.0,37.20270833333338,-0.010318,523.9077898239987,23.680548505217665
5239,2021-12-20 12:39:10.191828992,23.68568181818182,26.0,37.24818181818185,-0.009908,524.0943308799987,23.697040093062338
5240,2021-12-20 12:39:10.245962752,23.752840909090907,26.0,37.29259090909092,-0.013105,524.1484646399987,23.71345889575857
5241,2021-12-20 12:39:10.300096256,23.819999999999997,26.0,37.336999999999996,-0.008347,524.2025981439987,23.72980535503169
5242,2021-12-20 12:39:10.376669952,23.78693877551021,26.0,37.27224489795917,-0.010908,524.2791718399986,23.746079938574983
5243,2021-12-20 12:39:10.475945216,23.79923076923079,26.0,37.32230769230765,-0.018311,524.3784471039986,23.762283139230714
5244,2021-12-20 12:39:10.602327552,23.797959183673477,26.0,37.36020408163266,-0.017157,524.5048294399986,23.778415474118408
5245,2021-12-20 12:39:10.717575424,23.820000000000007,26.0,37.399999999999984,-0.012253,524.6200773119987,23.794477483712253
5246,2021-12-20 12:39:10.790296832,23.874193548387108,26.0,37.449677419354856,-0.021356,524.6927987199987,23.810469730869734
5247,2021-12-20 12:39:10.879081216,23.837142857142872,26.0,37.49326530612245,-0.014281,524.7815831039986,23.826392799813707
5248,2021-12-20 12:39:10.986765312,23.820000000000018,26.0,37.53324324324322,-0.017301,524.8892671999986,23.84224729507024
5249,2021-12-20 12:39:11.150685184,23.82000000000001,26.0,37.57102040816325,-0.010998,525.0531870719985,23.858033840364765
5250,2021-12-20 12:39:11.281744640,23.819999999999997,26.0,37.62,-0.020089,525.1842465279985,23.8737530774791
5251,2021-12-20 12:39:11.318296320,24.03,26.0,37.66,-0.014897,525.2207982079985,23.889405665072
5252,2021-12-20 12:39:11.375427584,23.855000000000008,26.0,37.69833333333336,-0.019789,525.2779294719985,23.904992277466107
5253,2021-12-20 12:39:11.472127744,23.862000000000016,26.0,37.74375,-0.01888,525.3746296319985,23.920513603404242
5254,2021-12-20 12:39:11.573394688,23.897446808510654,26.0,37.5487234042553,-0.020414,525.4758965759985,23.93597034477797
5255,2021-12-20 12:39:11.690171392,23.876000000000012,26.0,37.789999999999985,-0.021481,525.5926732799985,23.95136321533141
5256,2021-12-20 12:39:11.786167552,23.971351351351366,26.0,37.60999999999998,-0.015768,525.6886694399985,23.966692939343382
5257,2021-12-20 12:39:11.882063104,23.991428571428575,26.0,37.86306122448982,-0.013246,525.7845649919985,23.981960250291074
5258,2021-12-20 12:39:11.994213120,24.017647058823542,26.0,37.73058823529415,-0.013465,525.8967150079985,23.997165889498337
5259,2021-12-20 12:39:12.165002752,24.06571428571429,26.0,37.72673469387755,-0.013093,526.0675046399986,24.012310604771837
5260,2021-12-20 12:39:12.297912832,24.06266666666667,26.0,37.74,-0.013277,526.2004147199985,24.027395149028234
5261,2021-12-20 12:39:12.337431808,24.090463768115946,26.0,37.78847826086955,-0.020637,526.2399336959985,24.04242027891561
5262,2021-12-20 12:39:12.376940800,24.118260869565223,26.0,37.836956521739104,-0.017496,526.2794426879985,24.057386753432432
5263,2021-12-20 12:39:12.479052544,24.087826086956525,26.0,37.873478260869604,-0.01639,526.3815544319986,24.072295332547284
5264,2021-12-20 12:39:12.570844416,24.083030303030316,26.0,37.92272727272726,-0.019499,526.4733463039986,24.087146775822657
5265,2021-12-20 12:39:12.678085888,24.08857142857143,26.0,37.94591836734695,-0.015635,526.5805877759987,24.10194184104595
5266,2021-12-20 12:39:12.783979520,24.100000000000012,26.0,37.986666666666665,-0.014851,526.6864814079986,24.116681282870953
5267,2021-12-20 12:39:12.879100672,24.117142857142856,26.0,38.018775510204065,-0.015232,526.7816025599986,24.131365851472985
5268,2021-12-20 12:39:12.977269504,24.12545454545456,26.0,37.92848484848482,-0.011683,526.8797713919987,24.14599629122079
5269,2021-12-20 12:39:13.141571584,24.1,26.0,37.93653061224484,-0.023277,527.0440734719987,24.1605733393683
5270,2021-12-20 12:39:13.303560192,24.182962962962968,26.0,38.12,-0.021509,527.2060620799987,24.17509772476928
5271,2021-12-20 12:39:13.347444480,24.183481481481486,26.0,38.163000000000004,-0.017506,527.2499463679986,24.189570166617713
5272,2021-12-20 12:39:13.391339008,24.184000000000008,26.0,38.20600000000001,-0.018593,527.2938408959986,24.203991373216756
5273,2021-12-20 12:39:13.479459584,24.21428571428573,26.0,38.23142857142858,-0.021155,527.3819614719987,24.218362040778885
5274,2021-12-20 12:39:13.577286400,24.225263157894744,26.0,38.18473684210525,-0.018534,527.4797882879986,24.232682852259767
5275,2021-12-20 12:39:13.685322496,24.162857142857142,26.0,38.046734693877525,-0.021453,527.5878243839986,24.246954476228314
5276,2021-12-20 12:39:13.785382144,24.240000000000006,26.0,38.082499999999996,-0.024679,527.6878840319986,24.261177565775203
5277,2021-12-20 12:39:13.875896832,24.280833333333337,26.0,38.115625,-0.027079,527.7783987199986,24.275352757461878
5278,2021-12-20 12:39:13.972627200,24.28162162162163,26.0,38.14567567567569,-0.01976,527.8751290879985,24.289480670312027
5279,2021-12-20 12:39:14.119649280,24.22571428571429,26.0,38.20673469387757,-0.022742,528.0221511679986,24.303561904847275
5280,2021-12-20 12:39:14.287773440,24.294444444444448,26.0,38.47000000000002,-0.025689,528.1902753279986,24.317597042168735
5281,2021-12-20 12:39:14.339503104,24.337222222222223,26.0,38.490625,-0.029543,528.2420049919987,24.331586643085856
5282,2021-12-20 12:39:14.391232768,24.38,26.0,38.51124999999998,-0.020798,528.2937346559987,24.34553124729371
5283,2021-12-20 12:39:14.479595008,24.368333333333343,26.0,38.311874999999965,-0.01959,528.3820968959988,24.359431372599882
5284,2021-12-20 12:39:14.577291008,24.409743589743584,26.0,38.34102564102563,-0.027107,528.4797928959988,24.37328751420178
5285,2021-12-20 12:39:14.688585984,24.380000000000013,26.0,38.38061224489801,-0.022758,528.5910878719988,24.387100144015136
5286,2021-12-20 12:39:14.787579648,24.38,26.0,38.41099999999999,-0.024997,528.6900815359987,24.400869710054234
5287,2021-12-20 12:39:14.876172800,24.415510204081645,26.0,38.44000000000003,-0.022172,528.7786746879988,24.414596635864296
5288,2021-12-20 12:39:14.968165888,24.38,26.0,38.47000000000002,-0.023355,528.8706677759988,24.428281320006175
5289,2021-12-20 12:39:15.104988928,24.39812500000001,26.0,38.508333333333326,-0.030812,529.0074908159987,24.441924135593432
5290,2021-12-20 12:39:15.280998656,24.423499999999997,26.0,38.53774999999998,-0.024953,529.1835005439988,24.45552542988165
5291,2021-12-20 12:39:15.336651264,24.434491935483862,26.0,38.56887499999999,-0.025756,529.2391531519987,24.469085523909637
5292,2021-12-20 12:39:15.392303616,24.44548387096773,26.0,38.599999999999994,-0.024219,529.2948055039988,24.48260471219215
5293,2021-12-20 12:39:15.481078016,24.468775510204086,26.0,38.62571428571433,-0.026198,529.3835799039988,24.496083262463504
5294,2021-12-20 12:39:15.580725504,24.45595238095238,26.0,38.663333333333355,-0.034826,529.4832273919988,24.50952141547122
5295,2021-12-20 12:39:15.680926208,24.452500000000004,26.0,38.475000000000016,-0.029481,529.5834280959988,24.522919384818888
5296,2021-12-20 12:39:15.779225856,24.514390243902433,26.0,38.64219512195123,-0.028198,529.6817277439987,24.53627735685711
5297,2021-12-20 12:39:15.879325696,24.468775510204086,26.0,38.75204081632653,-0.018626,529.7818275839987,24.54959549062136
5298,2021-12-20 12:39:15.984424704,24.63864864864864,26.0,38.60432432432432,-0.01937,529.8869265919988,24.562873917815434
5299,2021-12-20 12:39:16.149008384,24.575306122448985,26.0,38.549387755102,-0.026509,530.0515102719987,24.576112742839086
5300,2021-12-20 12:39:16.291011328,24.696363636363643,26.0,38.568181818181834,-0.023512,530.1935132159987,24.589312042858417
5301,2021-12-20 12:39:16.335217408,24.683181818181815,26.0,38.60087662337665,-0.025394,530.2377192959987,24.60247186791744
5302,2021-12-20 12:39:16.379433728,24.66999999999999,26.0,38.633571428571464,-0.031008,530.2819356159987,24.61559224108926
5303,2021-12-20 12:39:16.482380288,24.646326530612242,26.0,38.65346938775513,-0.025526,530.3848821759987,24.628673158665244
5304,2021-12-20 12:39:16.583526400,24.691219512195104,26.0,38.4668292682927,-0.030254,530.4860282879987,24.64171459038063
5305,2021-12-20 12:39:16.688806400,24.669999999999998,26.0,38.61591836734696,-0.025009,530.5913082879987,24.65471647967497
5306,2021-12-20 12:39:16.785637632,24.70918918918918,26.0,38.7372972972973,-0.020268,530.6881395199987,24.66767874398585
5307,2021-12-20 12:39:16.880265728,24.669999999999998,26.0,38.752916666666664,-0.025516,530.7827676159986,24.680601275074363
5308,2021-12-20 12:39:16.986129408,24.669999999999987,26.0,38.78142857142855,-0.029759,530.8886312959986,24.693483939380908
5309,2021-12-20 12:39:17.149395456,24.669999999999998,26.0,38.80897959183671,-0.028847,531.0518973439986,24.706326578409797
5310,2021-12-20 12:39:17.282265344,24.702222222222233,26.0,38.820000000000014,-0.023478,531.1847672319985,24.719129009141422
5311,2021-12-20 12:39:17.318213632,24.959999999999997,26.0,38.87,-0.023752,531.2207155199985,24.731891024470606
5312,2021-12-20 12:39:17.375938048,24.764693877551018,26.0,38.88897959183677,-0.02416,531.2784399359986,24.744612393669865
5313,2021-12-20 12:39:17.476832768,24.711428571428563,26.0,38.910952380952395,-0.033052,531.3793346559986,24.7572928628764
5314,2021-12-20 12:39:17.583702016,24.770612244897965,26.0,38.77795918367349,-0.032444,531.4862039039986,24.76993215560167
5315,2021-12-20 12:39:17.697461248,24.6841463414634,26.0,38.83365853658537,-0.030368,531.5999631359986,24.78252997326245
5316,2021-12-20 12:39:17.787040256,24.766666666666666,26.0,38.78555555555557,-0.025679,531.6895421439986,24.79508599573239
5317,2021-12-20 12:39:17.881849600,24.81204081632652,26.0,38.89571428571428,-0.021636,531.7843514879986,24.80759988191316
5318,2021-12-20 12:39:17.998324480,24.837894736842102,26.0,38.84236842105262,-0.025519,531.9008263679987,24.820071270324206
5319,2021-12-20 12:39:18.167203072,24.736458333333328,26.0,38.93249999999997,-0.021527,532.0697049599987,24.83249977971034
5320,2021-12-20 12:39:18.288214272,24.89307692307693,26.0,39.07,-0.019077,532.1907161599987,24.844885009666303
5321,2021-12-20 12:39:18.316457984,24.96,26.0,39.12,-0.022984,532.2189598719987,24.8572265412776
5322,2021-12-20 12:39:18.376666880,24.906734693877556,26.0,38.99755102040812,-0.029405,532.2791687679986,24.869523937776904
5323,2021-12-20 12:39:18.476957952,24.889268292682935,26.0,38.98707317073173,-0.025882,532.3794598399986,24.88177674521531
5324,2021-12-20 12:39:18.588574720,24.96000000000002,26.0,39.04755102040819,-0.024988,532.4910766079986,24.893984493147915
5325,2021-12-20 12:39:18.709857536,24.945500000000017,26.0,38.92750000000001,-0.027066,532.6123594239986,24.906146695333188
5326,2021-12-20 12:39:18.793291008,24.91857142857143,26.0,38.95642857142859,-0.020879,532.6957928959986,24.918262850445547
5327,2021-12-20 12:39:18.879540736,24.894897959183684,26.0,39.10081632653062,-0.034424,532.7820426239986,24.930332442800818
5328,2021-12-20 12:39:18.990312704,24.953095238095255,26.0,39.12904761904762,-0.028068,532.8928145919986,24.942354943094074
5329,2021-12-20 12:39:19.143540736,24.948163265306142,26.0,39.01938775510203,-0.027568,533.0460426239986,24.954329809149623
5330,2021-12-20 12:39:19.256042496,24.959999999999997,26.0,39.02999999999999,-0.018812,533.1585443839986,24.966256486682678
5331,2021-12-20 12:39:19.301978624,25.005789473684207,26.0,38.79999999999999,-0.031282,533.2044805119986,24.978134410072535
5332,2021-12-20 12:39:19.377466112,24.948163265306142,26.0,38.90408163265301,-0.035305,533.2799679999986,24.989963003146883
5333,2021-12-20 12:39:19.476912384,24.981750000000012,26.0,39.10399999999997,-0.026081,533.3794142719986,25.0017416799769
5334,2021-12-20 12:39:19.593467904,24.96000000000002,26.0,39.116938775510235,-0.03496,533.4959697919986,25.01346984568291
5335,2021-12-20 12:39:19.697400064,25.02444444444445,26.0,39.13,-0.034074,533.5999019519986,25.025146897250266
5336,2021-12-20 12:39:19.780260096,25.034186046511635,26.0,39.05697674418607,-0.020388,533.6827619839986,25.036772224355058
5337,2021-12-20 12:39:19.882784256,25.008333333333344,26.0,38.984583333333354,-0.033764,533.7852861439986,25.048345210199276
5338,2021-12-20 12:39:20.010967040,24.981219512195132,26.0,39.19634146341466,-0.020006,533.9134689279987,25.05986523235505
5339,2021-12-20 12:39:20.183426304,24.989591836734707,26.0,39.215306122449,-0.02845,534.0859281919987,25.071331663617464
5340,2021-12-20 12:39:20.283154176,24.959999999999997,26.0,39.23,-0.026598,534.1856560639987,25.082743872865397
5341,2021-12-20 12:39:20.305030912,25.079411764705878,26.0,39.26529411764705,-0.030524,534.2075327999987,25.09410122592987
5342,2021-12-20 12:39:20.379311360,25.078367346938787,26.0,39.27530612244896,-0.03138,534.2818132479987,25.105403086469227
5343,2021-12-20 12:39:20.479733248,25.163,26.0,39.22124999999998,-0.028084,534.3822351359987,25.116648816850535
5344,2021-12-20 12:39:20.592657664,25.161224489795924,26.0,39.099183673469355,-0.023362,534.4951595519988,25.127837779036437
5345,2021-12-20 12:39:20.695926016,25.200000000000003,26.0,39.330000000000005,-0.027243,534.5984279039988,25.138969335476762
5346,2021-12-20 12:39:20.779832320,25.162325581395354,26.0,39.07627906976742,-0.025316,534.6823342079988,25.150042850004105
5347,2021-12-20 12:39:20.882446848,25.178979591836743,26.0,39.14142857142856,-0.026027,534.7849487359988,25.161057688732665
5348,2021-12-20 12:39:21.003448064,25.25,26.0,39.34666666666669,-0.024258,534.9059499519988,25.1720132209596
5349,2021-12-20 12:39:21.165547264,25.21979166666667,26.0,39.13166666666671,-0.030385,535.0680491519987,25.18290882006816
5350,2021-12-20 12:39:21.273502976,25.25,26.0,39.15,-0.03004,535.1760048639987,25.193743864431912
5351,2021-12-20 12:39:21.304764160,25.25,26.0,39.163529411764685,-0.032209,535.2072660479987,25.204517738319435
5352,2021-12-20 12:39:21.378008576,25.28551020408163,26.0,39.18040816326533,-0.024913,535.2805104639987,25.21522983279883
5353,2021-12-20 12:39:21.477283840,25.25,26.0,39.19097560975613,-0.026382,535.3797857279986,25.22587954664157
5354,2021-12-20 12:39:21.578580736,25.25,26.0,39.210204081632675,-0.041396,535.4810826239986,25.236466287225085
5355,2021-12-20 12:39:21.678902016,25.272307692307688,26.0,39.22000000000002,-0.03538,535.5814039039986,25.246989471433718
5356,2021-12-20 12:39:21.776487424,25.26775510204082,26.0,39.2395918367347,-0.026087,535.6789893119986,25.25744852655754
5357,2021-12-20 12:39:21.879836416,25.277619047619044,26.0,39.249761904761904,-0.034354,535.7823383039986,25.267842891188685
5358,2021-12-20 12:39:22.038716928,25.238163265306124,26.0,39.26959183673468,-0.031806,535.9412188159986,25.278172016114823
5359,2021-12-20 12:39:22.203652864,25.25,26.0,39.27939393939392,-0.0294,536.1061547519986,25.28843536520939
5360,2021-12-20 12:39:22.249709568,25.261153846153846,26.0,39.29469696969695,-0.034403,536.1522114559986,25.29863241631827
5361,2021-12-20 12:39:22.295756544,25.272307692307695,26.0,39.30999999999998,-0.026332,536.1982584319985,25.308762662142584
5362,2021-12-20 12:39:22.378978816,25.315102040816317,26.0,39.32836734693875,-0.038009,536.2814807039985,25.318825611117205
5363,2021-12-20 12:39:22.477539840,25.31692307692307,26.0,39.09461538461535,-0.028064,536.3800417279984,25.328820788284524
5364,2021-12-20 12:39:22.588764416,25.261836734693876,26.0,39.32326530612241,-0.027478,536.4912663039985,25.338747736163107
5365,2021-12-20 12:39:22.689598720,25.307999999999993,26.0,39.36766666666666,-0.027343,536.5921006079985,25.348606015610706
5366,2021-12-20 12:39:22.778262528,25.297346938775508,26.0,39.37836734693882,-0.034944,536.6807644159985,25.35839520668106
5367,2021-12-20 12:39:22.877346560,25.336999999999996,26.0,39.17199999999996,-0.031371,536.7798484479985,25.36811490947391
5368,2021-12-20 12:39:23.021753344,25.304375000000004,26.0,39.355625000000025,-0.0359,536.9242552319985,25.37776474497754
5369,2021-12-20 12:39:23.189032704,25.379736842105256,26.0,39.21815789473686,-0.040476,537.0915345919984,25.387344355903068
5370,2021-12-20 12:39:23.241506816,25.417771646859077,26.0,39.19407894736843,-0.037086,537.1440087039985,25.39685340750977
5371,2021-12-20 12:39:23.293980928,25.455806451612897,26.0,39.17,-0.035074,537.1964828159985,25.406291588420533
5372,2021-12-20 12:39:23.381880064,25.49857142857141,26.0,39.17734693877553,-0.029793,537.2843819519985,25.415658611426572
5373,2021-12-20 12:39:23.480300544,25.45512195121951,26.0,39.18707317073174,-0.038147,537.3828024319985,25.424954214280536
5374,2021-12-20 12:39:23.582150656,25.401041666666657,26.0,39.401458333333345,-0.031226,537.4846525439984,25.43417816047701
5375,2021-12-20 12:39:23.681677312,25.467499999999994,26.0,39.304500000000026,-0.035694,537.5841791999984,25.44333024001945
5376,2021-12-20 12:39:23.780308992,25.498571428571417,26.0,39.21693877551022,-0.032148,537.6828108799984,25.45241027017259
5377,2021-12-20 12:39:23.890859520,25.47095238095237,26.0,39.39952380952381,-0.029859,537.7933614079984,25.461418096199303
5378,2021-12-20 12:39:24.056509440,25.46897959183672,26.0,39.328163265306124,-0.036123,537.9590113279984,25.470353592080958
5379,2021-12-20 12:39:24.185778432,25.49526315789474,26.0,39.27157894736842,-0.036176,538.0882803199984,25.47921666122025
5380,2021-12-20 12:39:24.219996672,25.54,26.0,39.27,-0.039494,538.1224985599983,25.48800723712558
5381,2021-12-20 12:39:24.276051456,25.498571428571417,26.0,39.27612244897957,-0.031395,538.1785533439984,25.496725284076003
5382,2021-12-20 12:39:24.378042624,25.526190476190465,26.0,39.4388095238095,-0.035451,538.2805445119984,25.505370797765742
5383,2021-12-20 12:39:24.474692608,25.540476190476177,26.0,39.37714285714283,-0.037988,538.3771944959984,25.513943805927266
5384,2021-12-20 12:39:24.587214592,25.53999999999998,26.0,39.305918367346905,-0.043051,538.4897164799984,25.52244436893196
5385,2021-12-20 12:39:24.686781440,25.56432432432431,26.0,39.317567567567565,-0.033069,538.5892833279984,25.53087258036744
5386,2021-12-20 12:39:24.781088000,25.527916666666652,26.0,39.32541666666665,-0.033077,538.6835898879983,25.53922856759045
5387,2021-12-20 12:39:24.893569792,25.53999999999999,26.0,39.33702702702701,-0.033055,538.7960716799984,25.547512492254373
5388,2021-12-20 12:39:25.064741632,25.53999999999998,26.0,39.34510204081629,-0.035465,538.9672435199984,25.555724550810353
5389,2021-12-20 12:39:25.191777792,25.582857142857144,26.0,39.35000000000001,-0.029884,539.0942796799984,25.563864974980905
5390,2021-12-20 12:39:25.220212480,25.540000000000003,26.0,39.37,-0.03517,539.1227143679984,25.57193403220494
5391,2021-12-20 12:39:25.277625344,25.528163265306105,26.0,39.37489795918372,-0.027427,539.1801272319983,25.5799320260531
5392,2021-12-20 12:39:25.375924736,25.562499999999993,26.0,39.38400000000003,-0.041981,539.2784266239983,25.587859296612123
5393,2021-12-20 12:39:25.487742720,25.57913043478259,26.0,39.39500000000004,-0.030959,539.3902446079983,25.59571622083695
5394,2021-12-20 12:39:25.628247040,25.559565217391295,26.0,39.40456521739133,-0.033083,539.5307489279983,25.60350321286931
5395,2021-12-20 12:39:25.710382848,25.60923076923077,26.0,39.42000000000001,-0.036618,539.6128847359983,25.61122072432126
5396,2021-12-20 12:39:25.779533568,25.58897959183673,26.0,39.42000000000002,-0.037204,539.6820354559983,25.618869244522323
5397,2021-12-20 12:39:25.874735360,25.548333333333325,26.0,39.42250000000001,-0.042947,539.7772372479983,25.626449300728428
5398,2021-12-20 12:39:26.019302912,25.57124999999998,26.0,39.43437500000001,-0.034699,539.9218047999983,25.633961458291104
5399,2021-12-20 12:39:26.193190656,25.611052631578946,26.0,39.442631578947406,-0.033907,540.0956925439983,25.641406320785148
5400,2021-12-20 12:39:26.245020928,25.603304093567246,26.0,39.455204678362605,-0.033498,540.1475228159983,25.648784530092836
5401,2021-12-20 12:39:26.296841216,25.59555555555555,26.0,39.4677777777778,-0.04481,540.1993431039983,25.656096766442793
5402,2021-12-20 12:39:26.381220096,25.65632653061223,26.0,39.47408163265308,-0.038167,540.2837219839984,25.663343748401495
5403,2021-12-20 12:39:26.482034432,25.654285714285702,26.0,39.35142857142859,-0.034781,540.3845363199983,25.670526232815224
5404,2021-12-20 12:39:26.587485440,25.614999999999984,26.0,39.31875000000001,-0.034501,540.4899873279984,25.677645014700392
5405,2021-12-20 12:39:26.685392640,25.614999999999995,26.0,39.5,-0.04036,540.5878945279984,25.68470092708001
5406,2021-12-20 12:39:26.779689216,25.6808163265306,26.0,39.395306122448986,-0.034977,540.6821911039984,25.691694840764047
5407,2021-12-20 12:39:26.875101952,25.762857142857147,26.0,39.23285714285715,-0.034611,540.7776038399984,25.698627664071427
5408,2021-12-20 12:39:27.027223552,25.680816326530596,26.0,39.24,-0.037999,540.9297254399984,25.705500342491444
5409,2021-12-20 12:39:27.193939456,25.65818181818181,26.0,39.24878787878788,-0.0338,541.0964413439983,25.712313858282375
5410,2021-12-20 12:39:27.243205120,25.749090909090906,26.0,39.25181329423265,-0.040825,541.1457070079983,25.719069230005168
5411,2021-12-20 12:39:27.292470528,25.840000000000003,26.0,39.254838709677415,-0.036708,541.1949724159983,25.725767511990153
5412,2021-12-20 12:39:27.381707520,25.77877551020406,26.0,39.33999999999999,-0.036214,541.2842094079983,25.732409793734753
5413,2021-12-20 12:39:27.481053184,25.840731707317072,26.0,39.444390243902426,-0.045156,541.3835550719983,25.7389971992303
5414,2021-12-20 12:39:27.583154944,25.717551020408152,26.0,39.34285714285713,-0.041416,541.4856568319983,25.745530886216322
5415,2021-12-20 12:39:27.682832384,25.825000000000006,26.0,39.451999999999984,-0.034975,541.5853342719984,25.752012045360726
5416,2021-12-20 12:39:27.779884800,25.814999999999994,26.0,39.27270833333332,-0.038775,541.6823866879984,25.758441899364477
5417,2021-12-20 12:39:27.880397312,25.799459459459463,26.0,39.38189189189186,-0.04171,541.7828991999984,25.76482170198974
5418,2021-12-20 12:39:28.035506176,25.839999999999993,26.0,39.50142857142856,-0.039454,541.9380080639984,25.771152737010414
5419,2021-12-20 12:39:28.174280192,25.839999999999993,26.0,39.289999999999985,-0.03946,542.0767820799983,25.77743631708451
5420,2021-12-20 12:39:28.220236544,25.84,26.0,39.3,-0.04707,542.1227384319983,25.78367378254783
5421,2021-12-20 12:39:28.278212352,25.803265306122437,26.0,39.30224489795915,-0.042881,542.1807142399983,25.789866500128774
5422,2021-12-20 12:39:28.377507840,25.79500000000001,26.0,39.30999999999997,-0.043222,542.2800097279984,25.796015861584326
5423,2021-12-20 12:39:28.476903936,25.85897959183673,26.0,39.31183673469384,-0.034514,542.3794058239984,25.80212328225743
5424,2021-12-20 12:39:28.584074752,25.840000000000003,26.0,39.319999999999986,-0.042589,542.4865766399984,25.808190199556346
5425,2021-12-20 12:39:28.681187584,25.84,26.0,39.319999999999986,-0.044567,542.5836894719984,25.814218071356738
5426,2021-12-20 12:39:28.784335360,25.839999999999993,26.0,39.32145833333332,-0.04361,542.6868372479984,25.820208374327454
5427,2021-12-20 12:39:28.878732288,25.840000000000007,26.0,39.32999999999999,-0.046442,542.7812341759984,25.826162602181245
5428,2021-12-20 12:39:28.978902784,25.827499999999997,26.0,39.32999999999998,-0.046282,542.8814046719984,25.832082263851863
5429,2021-12-20 12:39:29.094140416,25.840000000000007,26.0,39.331666666666656,-0.042267,542.9966423039984,25.837968881599163
5430,2021-12-20 12:39:29.261993216,25.839999999999993,26.0,39.339999999999975,-0.030266,543.1644951039984,25.843823989044072
5431,2021-12-20 12:39:29.389994752,25.83999999999999,26.0,39.34000000000002,-0.035826,543.2924966399985,25.849649129135393
5432,2021-12-20 12:39:29.420219904,25.84,26.0,39.34,-0.042366,543.3227217919984,25.85544585205062
5433,2021-12-20 12:39:29.477944576,25.85265306122448,26.0,39.34102040816324,-0.047061,543.3804464639984,25.86121571303308
5434,2021-12-20 12:39:29.576706816,25.84000000000001,26.0,39.34999999999998,-0.045962,543.4792087039984,25.866960270167752
5435,2021-12-20 12:39:29.668569088,25.840000000000007,26.0,39.34999999999999,-0.048063,543.5710709759984,25.872681082098453
5436,2021-12-20 12:39:29.788574464,25.839999999999993,26.0,39.350612244897924,-0.042308,543.6910763519984,25.878379705688896
5437,2021-12-20 12:39:29.903832320,25.872068965517244,26.0,39.36,-0.044978,543.8063342079984,25.884057693630478
5438,2021-12-20 12:39:30.045161216,25.839999999999993,26.0,39.35999999999996,-0.033357,543.9476631039984,25.889716591999516
5439,2021-12-20 12:39:30.175466240,25.83999999999999,26.0,39.36000000000001,-0.035164,544.0779681279984,25.89535793776684
5440,2021-12-20 12:39:30.217369088,26.072499999999998,26.0,39.37,-0.037997,544.1198709759983,25.9009832562627
5441,2021-12-20 12:39:30.276743168,25.839999999999993,26.0,39.36999999999995,-0.042267,544.1792450559983,25.90659405859999
5442,2021-12-20 12:39:30.375415040,25.855897435897443,26.0,39.36999999999997,-0.037176,544.2779169279983,25.91219183905869
5443,2021-12-20 12:39:30.473272064,25.910454545454545,26.0,39.08999999999998,-0.042993,544.3757739519982,25.917778072434622
5444,2021-12-20 12:39:30.591597568,25.839999999999993,26.0,39.373958333333384,-0.045707,544.4940994559983,25.92335421135567
5445,2021-12-20 12:39:30.690088448,25.875428571428575,26.0,39.380000000000024,-0.04704,544.5925903359982,25.928921683568454
5446,2021-12-20 12:39:30.783127552,25.885208333333324,26.0,39.380000000000045,-0.044403,544.6856294399983,25.93448188919865
5447,2021-12-20 12:39:30.889312768,25.8764705882353,26.0,39.11647058823529,-0.05506,544.7918146559982,25.940036197988036
5448,2021-12-20 12:39:31.054147840,25.896938775510204,26.0,39.37816326530616,-0.037441,544.9566497279982,25.945585946511354
5449,2021-12-20 12:39:31.189623040,25.977777777777767,26.0,39.14833333333334,-0.041041,545.0921249279982,25.951132435376163
5450,2021-12-20 12:39:31.233708288,25.968990929705217,26.0,39.12416666666665,-0.040113,545.1362101759981,25.956676926408846
5451,2021-12-20 12:39:31.277783808,25.960204081632668,26.0,39.099999999999966,-0.04533,545.1802856959981,25.962220639829933
5452,2021-12-20 12:39:31.380941568,26.013023255813952,26.0,39.09093023255812,-0.049609,545.2834434559982,25.967764751421974
5453,2021-12-20 12:39:31.480951040,25.950222222222216,26.0,39.36066666666671,-0.039752,545.3834529279982,25.973310389693154
5454,2021-12-20 12:39:31.591662592,25.912553191489362,26.0,39.37148936170208,-0.035727,545.4941644799982,25.978858633039852
5455,2021-12-20 12:39:31.687377152,25.948918918918917,26.0,39.08999999999999,-0.042064,545.5898790399982,25.984410506911562
5456,2021-12-20 12:39:31.783735552,26.017142857142854,26.0,39.326734693877604,-0.047098,545.6862374399982,25.9899669809816
5457,2021-12-20 12:39:31.900753664,25.929736842105275,26.0,39.38000000000003,-0.049045,545.8032555519982,25.995528966327004
5458,2021-12-20 12:39:32.068204032,25.941224489795925,26.0,39.38000000000005,-0.041957,545.9707059199982,26.001097312621322
5459,2021-12-20 12:39:32.184608512,26.065454545454543,26.0,39.329090909090915,-0.044964,546.0871103999982,26.00667280534383
5460,2021-12-20 12:39:32.213888256,25.994999999999997,26.0,39.10000000000001,-0.042609,546.1163901439982,26.01225616300909
5461,2021-12-20 12:39:32.278723840,26.086734693877546,26.0,39.099999999999966,-0.046664,546.1812257279981,26.01784803442071
5462,2021-12-20 12:39:32.373050368,26.074594594594586,26.0,39.09378378378377,-0.045651,546.2755522559982,26.02344899595333
5463,2021-12-20 12:39:32.477244160,26.118367346938783,26.0,39.29122448979597,-0.038657,546.3797460479982,26.029059548867142
5464,2021-12-20 12:39:32.592300800,26.134102564102548,26.0,39.208974358974345,-0.045284,546.4948026879982,26.034680116659285
5465,2021-12-20 12:39:32.685500928,26.134499999999985,26.0,39.08999999999999,-0.047525,546.5880028159983,26.040311042456793
5466,2021-12-20 12:39:32.784776192,26.086734693877553,26.0,39.089999999999975,-0.041595,546.6872780799982,26.04595258645583
5467,2021-12-20 12:39:32.883287040,26.08195121951218,26.0,39.08999999999998,-0.042955,546.7857889279983,26.051604923412263
5468,2021-12-20 12:39:32.983970560,26.10571428571429,26.0,39.084489795918344,-0.04085,546.8864724479982,26.057268140188874
5469,2021-12-20 12:39:33.083819008,26.149999999999984,26.0,39.079999999999984,-0.046892,546.9863208959982,26.06294223336459
5470,2021-12-20 12:39:33.191764480,26.11204081632653,26.0,39.211428571428534,-0.040424,547.0942663679982,26.06862710691158
5471,2021-12-20 12:39:33.290184960,26.122647058823524,26.0,39.172352941176484,-0.044403,547.1926868479982,26.07432256994601
5472,2021-12-20 12:39:33.382831616,26.124693877551028,26.0,39.18836734693874,-0.045502,547.2853335039982,26.08002833455862
5473,2021-12-20 12:39:33.482831104,26.149999999999984,26.0,39.21128205128205,-0.042697,547.3853329919982,26.08574401373147
5474,2021-12-20 12:39:33.599124992,26.124693877551028,26.0,39.073673469387735,-0.045043,547.5016268799982,26.091469119347355
5475,2021-12-20 12:39:33.696750848,26.096086956521727,26.0,39.07956521739131,-0.045823,547.5992527359982,26.097203060298575
5476,2021-12-20 12:39:33.779490304,26.112040816326523,26.0,39.069999999999986,-0.048421,547.6819921919982,26.10294514070189
5477,2021-12-20 12:39:33.880485376,26.120476190476182,26.0,39.06999999999999,-0.039923,547.7829872639983,26.10869455822661
5478,2021-12-20 12:39:34.011987456,26.169375000000002,26.0,39.069999999999986,-0.040954,547.9144893439983,26.114450402542865
5479,2021-12-20 12:39:34.180333056,26.14999999999999,26.0,39.06840909090908,-0.046122,548.0828349439983,26.12021165389717
5480,2021-12-20 12:39:34.237433856,26.1640909090909,26.0,39.06420454545453,-0.043016,548.1399357439982,26.125977181822403
5481,2021-12-20 12:39:34.294524672,26.178181818181805,26.0,39.059999999999974,-0.042503,548.1970265599982,26.131745743989487
5482,2021-12-20 12:39:34.385521920,26.150000000000002,26.0,39.05836734693874,-0.043375,548.2880238079982,26.13751598520787
5483,2021-12-20 12:39:34.483600384,26.149999999999984,26.0,39.04999999999997,-0.039092,548.3861022719982,26.14328643658194
5484,2021-12-20 12:39:34.589121792,26.150000000000002,26.0,39.04999999999997,-0.044948,548.4916236799982,26.149055514830362
5485,2021-12-20 12:39:34.688185856,26.1942857142857,26.0,39.049999999999976,-0.035926,548.5906877439982,26.154821521775354
5486,2021-12-20 12:39:34.781858560,26.150000000000002,26.0,39.049795918367316,-0.045992,548.6843604479982,26.160582644008564
5487,2021-12-20 12:39:34.882632448,26.149999999999984,26.0,39.039999999999985,-0.046097,548.7851343359982,26.166336952740245
5488,2021-12-20 12:39:35.044852480,26.150000000000002,26.0,39.03999999999998,-0.040642,548.9473543679983,26.172082403837983
5489,2021-12-20 12:39:35.202667008,26.149999999999984,26.0,39.039999999999985,-0.043643,549.1051688959983,26.17781683806109
5490,2021-12-20 12:39:35.248271104,26.164090909090895,26.0,39.03499999999998,-0.034481,549.1507729919983,26.1835379814965
5491,2021-12-20 12:39:35.293885440,26.178181818181805,26.0,39.02999999999998,-0.039277,549.1963873279983,26.18924344620145
5492,2021-12-20 12:39:35.385767936,26.194285714285712,26.0,39.02999999999998,-0.042007,549.2882698239983,26.19493073105813
5493,2021-12-20 12:39:35.480969728,26.185428571428556,26.0,39.0222857142857,-0.04222,549.3834716159984,26.200597222844856
5494,2021-12-20 12:39:35.586933760,26.150000000000002,26.0,39.01999999999999,-0.038273,549.4894356479983,26.20624019752785
5495,2021-12-20 12:39:35.688200448,26.208124999999995,26.0,39.01999999999999,-0.042616,549.5907023359983,26.21185682177726
5496,2021-12-20 12:39:35.779579904,26.150000000000002,26.0,39.01999999999999,-0.048296,549.6820817919984,26.21744415471057
5497,2021-12-20 12:39:35.867418880,26.149999999999984,26.0,39.015172413793096,-0.043555,549.7699207679983,26.222999149865895
5498,2021-12-20 12:39:35.999755776,26.162653061224496,26.0,39.01,-0.044602,549.9022576639983,26.22851865740705
5499,2021-12-20 12:39:36.192844544,26.14999999999999,26.0,39.01,-0.038405,550.0953464319983,26.233999426561738
5500,2021-12-20 12:39:36.248064512,26.14999999999999,26.0,39.004999999999995,-0.044855,550.1505663999983,26.239438108293456
5501,2021-12-20 12:39:36.303294720,26.149999999999988,26.0,39.0,-0.044644,550.2057966079983,26.24483125820701
5502,2021-12-20 12:39:36.381397248,26.213265306122455,26.0,39.0,-0.045373,550.2838991359984,26.250175339686887
5503,2021-12-20 12:39:36.481044736,26.20424999999999,26.0,38.995000000000005,-0.049762,550.3835466239983,26.255466727266878
5504,2021-12-20 12:39:36.592912896,26.150000000000002,26.0,38.99,-0.047011,550.4954147839983,26.260701710228705
5505,2021-12-20 12:39:36.692459776,26.19428571428571,26.0,38.99,-0.056355,550.5949616639983,26.265876496426532
5506,2021-12-20 12:39:36.780238336,26.21326530612245,26.0,38.99,-0.047547,550.6827402239983,26.270987216333577
5507,2021-12-20 12:39:36.879503616,26.180999999999983,26.0,38.98525000000001,-0.044122,550.7820055039983,26.276029927306244
5508,2021-12-20 12:39:37.006288128,26.214883720930228,26.0,38.98000000000001,-0.044596,550.9087900159983,26.28100061806035
5509,2021-12-20 12:39:37.188775680,26.20061224489797,26.0,38.98000000000001,-0.03883,551.0912775679983,26.285895213353296
5510,2021-12-20 12:39:37.246993152,26.229556122448983,26.0,38.97500000000001,-0.050106,551.1494950399983,26.290709578865297
5511,2021-12-20 12:39:37.305200384,26.25849999999999,26.0,38.97000000000001,-0.049011,551.2077022719983,26.295439526272002
5512,2021-12-20 12:39:37.382146304,26.289183673469385,26.0,38.97000000000002,-0.045184,551.2846481919983,26.300080818500106
5513,2021-12-20 12:39:37.470065664,26.346333333333334,26.0,38.97000000000002,-0.045618,551.3725675519983,26.304629175156826
5514,2021-12-20 12:39:37.569451520,26.251224489795923,26.0,38.965102040816355,-0.053048,551.4719534079983,26.309080278123457
5515,2021-12-20 12:39:37.682476544,26.201666666666657,26.0,38.960000000000015,-0.047225,551.5849784319983,26.313429777302566
5516,2021-12-20 12:39:37.779719936,26.21739130434783,26.0,38.96000000000002,-0.050202,551.6822218239982,26.31767329650773
5517,2021-12-20 12:39:37.883360512,26.32521739130436,26.0,38.82956521739135,-0.051119,551.7858623999982,26.321806439484106
5518,2021-12-20 12:39:38.003808512,26.261944444444435,26.0,38.837222222222245,-0.050075,551.9063103999982,26.325824796047655
5519,2021-12-20 12:39:38.171339264,26.350208333333338,26.0,38.945625000000035,-0.050406,552.0738411519982,26.329723948330194
5520,2021-12-20 12:39:38.283036416,26.150000000000002,26.0,38.94,-0.046537,552.1855383039982,26.333499477116924
5521,2021-12-20 12:39:38.310445312,26.340769230769226,26.0,38.94,-0.048836,552.2129471999982,26.337146968262765
5522,2021-12-20 12:39:38.379938048,26.314489795918377,26.0,38.81755102040822,-0.051269,552.2824399359982,26.340662019173347
5523,2021-12-20 12:39:38.477352448,26.345789473684203,24.0,37.76842105263159,-0.04849,552.3798543359983,26.344040245336128
5524,2021-12-20 12:39:38.588908800,26.32714285714287,22.0,35.0375510204082,-0.054135,552.4914106879983,26.347277286886786
5525,2021-12-20 12:39:38.704297472,26.265142857142852,22.0,35.116571428571405,-0.04499,552.6067993599983,26.350368815195836
5526,2021-12-20 12:39:38.789843200,26.348055555555558,22.0,34.87916666666666,-0.048631,552.6923450879983,26.35331053946011
5527,2021-12-20 12:39:38.884179968,26.30183673469389,22.0,34.95877551020411,-0.051523,552.7866818559983,26.3560982132837
5528,2021-12-20 12:39:38.999156224,26.409729729729737,22.0,34.86756756756756,-0.04772,552.9016581119982,26.358727641232747
5529,2021-12-20 12:39:39.170770688,26.396734693877562,22.0,34.79428571428573,-0.045486,553.0732725759982,26.361194685348575
5530,2021-12-20 12:39:39.295794944,26.388461538461534,22.0,34.730000000000004,-0.041563,553.1982968319982,26.363495271603565
5531,2021-12-20 12:39:39.319995392,26.46,22.0,34.28,-0.052502,553.2224972799982,26.365625396284287
5532,2021-12-20 12:39:39.376583168,26.434693877551037,22.0,34.259795918367345,-0.052772,553.2790850559982,26.367581132286666
5533,2021-12-20 12:39:39.479590144,26.408333333333342,22.0,34.183571428571454,-0.049416,553.3820920319981,26.36935863530797
5534,2021-12-20 12:39:39.584357120,26.44708333333335,22.0,34.08124999999999,-0.052354,553.4868590079981,26.370954149920852
5535,2021-12-20 12:39:39.698589184,26.452954545454563,22.0,34.03272727272727,-0.040361,553.6010910719981,26.37236401551491
5536,2021-12-20 12:39:39.790672640,26.389142857142858,22.0,34.11228571428572,-0.04672,553.693174527998,26.373584672091763
5537,2021-12-20 12:39:39.885059584,26.414791666666684,22.0,33.81666666666666,-0.053853,553.7875614719981,26.374612665899846
5538,2021-12-20 12:39:39.996978176,26.426486486486493,22.0,33.73297297297299,-0.047041,553.8994800639981,26.37544465489584
5539,2021-12-20 12:39:40.163563520,26.434693877551037,22.0,33.648979591836735,-0.045601,554.0660654079982,26.376077414020042
5540,2021-12-20 12:39:40.289473024,26.41866666666666,22.0,33.57,-0.045783,554.1919749119982,26.376507840273614
5541,2021-12-20 12:39:40.320382208,26.46,22.0,33.39,-0.046143,554.2228840959982,26.376732957586253
5542,2021-12-20 12:39:40.380007680,26.447346938775524,22.0,33.38265306122451,-0.047313,554.2825095679982,26.376749921463478
5543,2021-12-20 12:39:40.479152128,26.444102564102575,22.0,33.299999999999976,-0.045812,554.3816540159982,26.376556023403438
5544,2021-12-20 12:39:40.575792128,26.444500000000012,22.0,33.47225000000001,-0.040429,554.4782940159981,26.376148695073798
5545,2021-12-20 12:39:40.698523392,26.46000000000002,22.0,33.12632653061228,-0.04663,554.6010252799981,26.375525512240035
5546,2021-12-20 12:39:40.796722432,26.48214285714286,22.0,33.03357142857142,-0.046291,554.6992243199982,26.37468419843728
5547,2021-12-20 12:39:40.882831360,26.43469387755104,22.0,32.94816326530615,-0.045167,554.7853332479982,26.373622628378595
5548,2021-12-20 12:39:40.987799552,26.46000000000001,22.0,32.85763157894736,-0.044453,554.8903014399982,26.372338831093394
5549,2021-12-20 12:39:41.151558400,26.434693877551037,22.0,32.76999999999999,-0.046496,555.0540602879983,26.370830992790555
5550,2021-12-20 12:39:41.294355968,26.433043478260867,22.0,32.69000000000001,-0.046034,555.1968578559982,26.369097459441534
5551,2021-12-20 12:39:41.339044864,26.439140786749487,22.0,32.60000000000001,-0.04413,555.2415467519983,26.36713673907969
5552,2021-12-20 12:39:41.383733760,26.445238095238107,22.0,32.51,-0.038799,555.2862356479983,26.364947503812846
5553,2021-12-20 12:39:41.485231872,26.37775510204083,22.0,32.42734693877553,-0.043868,555.3877337599982,26.36252859154696
5554,2021-12-20 12:39:41.587333632,26.40435897435898,22.0,32.332307692307694,-0.052412,555.4898355199982,26.359879007419536
5555,2021-12-20 12:39:41.700459008,26.352448979591845,22.0,32.25102040816327,-0.049217,555.6029608959982,26.356997924942352
5556,2021-12-20 12:39:41.795479808,26.460000000000004,22.0,32.1655172413793,-0.048798,555.6979816959982,26.353884686853633
5557,2021-12-20 12:39:41.882594560,26.358775510204097,22.0,32.074693877550985,-0.047247,555.7850964479983,26.350538805680824
5558,2021-12-20 12:39:41.983921664,26.39111111111112,22.0,31.990000000000023,-0.048834,555.8864235519983,26.3469599640157
5559,2021-12-20 12:39:42.147942144,26.35877551020409,22.0,31.894693877551056,-0.044082,556.0504440319983,26.343148014504383
5560,2021-12-20 12:39:42.302477568,26.46,22.0,31.821153846153837,-0.04418,556.2049794559982,26.339102979555452
5561,2021-12-20 12:39:42.347206656,26.415714285714284,22.0,31.720576923076916,-0.046433,556.2497085439983,26.334825050770082
5562,2021-12-20 12:39:42.391926016,26.371428571428567,22.0,31.619999999999994,-0.046562,556.2944279039983,26.33031458809879
5563,2021-12-20 12:39:42.485618688,26.396734693877576,22.0,31.553877551020392,-0.049664,556.3881205759983,26.325572118729955
5564,2021-12-20 12:39:42.584119552,26.376216216216218,22.0,31.686756756756772,-0.0465,556.4866214399983,26.320598335715825
5565,2021-12-20 12:39:42.696209152,26.24489795918368,22.0,31.665714285714316,-0.052213,556.5987110399983,26.31539409634234
5566,2021-12-20 12:39:42.795866624,26.214137931034468,22.0,31.598620689655146,-0.044461,556.6983685119983,26.309960420249542
5567,2021-12-20 12:39:42.883443968,26.18795918367347,22.0,31.502857142857152,-0.055378,556.7859458559983,26.30429848730986
5568,2021-12-20 12:39:42.985364736,26.258499999999998,22.0,31.428000000000008,-0.043129,556.8878666239983,26.29840963527192
5569,2021-12-20 12:39:43.143209216,26.20693877551021,22.0,31.337551020408124,-0.048584,557.0457111039983,26.29229535717788
5570,2021-12-20 12:39:43.302331392,26.199999999999992,22.0,31.27129032258065,-0.049351,557.2048332799983,26.28595729856266
5571,2021-12-20 12:39:43.349363968,26.237968749999993,22.0,31.02658266129032,-0.046634,557.2518658559983,26.279397254443623
5572,2021-12-20 12:39:43.396396288,26.275937499999994,22.0,30.78187499999999,-0.050983,557.2988981759983,26.272617166109615
5573,2021-12-20 12:39:43.486297344,26.270204081632667,22.0,30.90285714285715,-0.048998,557.3887992319983,26.265619117718316
5574,2021-12-20 12:39:43.588861696,26.277179487179485,22.0,30.91538461538462,-0.045562,557.4913635839982,26.25840533271111
5575,2021-12-20 12:39:43.714248192,26.181632653061232,22.0,30.841020408163228,-0.049036,557.6167500799983,26.250978170054804
5576,2021-12-20 12:39:43.806754304,26.14999999999999,22.0,30.81,-0.043158,557.7092561919983,26.24334012031961
5577,2021-12-20 12:39:43.879686912,26.175833333333333,22.0,30.677500000000027,-0.050769,557.7821887999983,26.23549380160297
5578,2021-12-20 12:39:43.982824448,26.185227272727264,22.0,30.59999999999997,-0.04361,557.8853263359982,26.22744195530885
5579,2021-12-20 12:39:44.116559360,26.163478260869564,22.0,30.513043478260876,-0.04578,558.0190612479983,26.219187441792076
5580,2021-12-20 12:39:44.291452928,26.1904347826087,22.0,30.43500000000003,-0.042976,558.1939548159983,26.210733235877406
5581,2021-12-20 12:39:44.347125504,26.208967391304345,22.0,30.18750000000002,-0.045606,558.2496273919983,26.202082422262976
5582,2021-12-20 12:39:44.402798080,26.22749999999999,22.0,29.940000000000015,-0.050164,558.3052999679983,26.193238190817805
5583,2021-12-20 12:39:44.484592128,26.168979591836745,22.0,30.042857142857173,-0.045126,558.3870940159983,26.184203831782938
5584,2021-12-20 12:39:44.586402048,26.149999999999984,22.0,30.10170731707314,-0.052617,558.4889039359983,26.17498273088583
5585,2021-12-20 12:39:44.701307904,26.150000000000002,22.0,30.01775510204082,-0.057197,558.6038097919983,26.165578364377595
5586,2021-12-20 12:39:44.797555456,26.187199999999994,22.0,29.95720000000001,-0.044816,558.7000573439983,26.155994294002614
5587,2021-12-20 12:39:44.880536320,26.150000000000002,22.0,29.85408163265303,-0.047052,558.7830382079983,26.146234161909994
5588,2021-12-20 12:39:44.977236736,26.149999999999984,22.0,29.784615384615375,-0.049827,558.8797386239983,26.13630168551626
5589,2021-12-20 12:39:45.108014592,26.15,22.0,29.68521739130438,-0.044962,559.0105164799983,26.126200652328627
5590,2021-12-20 12:39:45.289989120,26.15,22.0,29.61043478260867,-0.050588,559.1924910079982,26.115934914738176
5591,2021-12-20 12:39:45.346707712,26.14999999999999,22.0,29.511956521739116,-0.04267,559.2492095999983,26.10550838479203
5592,2021-12-20 12:39:45.403416320,26.149999999999988,22.0,29.413478260869557,-0.049792,559.3059182079983,26.094925028953725
5593,2021-12-20 12:39:45.483339520,26.061428571428575,22.0,29.46285714285711,-0.050439,559.3858414079983,26.08418886286068
5594,2021-12-20 12:39:45.583821568,26.076190476190472,22.0,29.467857142857156,-0.046712,559.4863234559983,26.07330394608772
5595,2021-12-20 12:39:45.688669184,26.06775510204081,22.0,29.20714285714289,-0.050419,559.5911710719984,26.062274376925313
5596,2021-12-20 12:39:45.786908416,26.115555555555538,22.0,29.12111111111112,-0.046046,559.6894103039983,26.05110428718134
5597,2021-12-20 12:39:45.881405952,25.960204081632654,22.0,29.118979591836748,-0.053251,559.7839078399983,26.039797837014778
5598,2021-12-20 12:39:45.979062016,26.0662162162162,22.0,29.17999999999999,-0.045236,559.8815639039983,26.028359209809597
5599,2021-12-20 12:39:46.132179200,25.966530612244892,22.0,28.938571428571407,-0.043602,560.0346810879984,26.01679260709703
5600,2021-12-20 12:39:46.300896768,25.994999999999997,22.0,29.11000000000001,-0.041445,560.2033986559984,26.00510224353418
5601,2021-12-20 12:39:46.349910784,26.003017241379304,22.0,28.97896551724139,-0.046353,560.2524126719984,25.993292341946685
5602,2021-12-20 12:39:46.398924800,26.01103448275861,22.0,28.847931034482773,-0.044776,560.3014266879984,25.98136712844291
5603,2021-12-20 12:39:46.485053952,25.941224489795907,22.0,28.614285714285714,-0.054006,560.3875558399984,25.969330827606935
5604,2021-12-20 12:39:46.586059264,25.951282051282053,22.0,28.7425641025641,-0.053593,560.4885611519984,25.957187657777357
5605,2021-12-20 12:39:46.710641152,25.871632653061216,22.0,28.441428571428585,-0.048755,560.6131430399984,25.94494182641851
5606,2021-12-20 12:39:46.807442176,25.874444444444432,22.0,28.630000000000003,-0.050862,560.7099440639984,25.932597525590595
5607,2021-12-20 12:39:46.882185216,25.839999999999996,22.0,28.54304347826085,-0.052521,560.7846871039984,25.920158927524785
5608,2021-12-20 12:39:46.984819968,25.839999999999996,22.0,28.468260869565242,-0.046956,560.8873218559984,25.907630180309134
5609,2021-12-20 12:39:47.112137728,25.84000000000001,22.0,28.38299999999999,-0.050904,561.0146396159984,25.895015403690678
5610,2021-12-20 12:39:47.286196224,25.839999999999993,22.0,28.31500000000001,-0.050037,561.1886981119984,25.8823186849988
5611,2021-12-20 12:39:47.389062400,25.84,22.0,28.24,-0.051056,561.2915642879984,25.869544075194696
5612,2021-12-20 12:39:47.410607104,25.83999999999999,22.0,28.146,-0.043273,561.3131089919984,25.8566955850513
5613,2021-12-20 12:39:47.481970688,25.827755102040808,22.0,28.08510204081632,-0.049301,561.3844725759984,25.843777181467665
5614,2021-12-20 12:39:47.568924672,25.82965517241379,22.0,28.007241379310337,-0.049834,561.4714265599985,25.830792783921556
5615,2021-12-20 12:39:47.667787520,25.871632653061216,22.0,27.92714285714285,-0.04942,561.5702894079984,25.81774626106351
5616,2021-12-20 12:39:47.794803456,25.840000000000003,22.0,27.859999999999996,-0.047981,561.6973053439984,25.804641427455458
5617,2021-12-20 12:39:47.890850048,25.798333333333332,22.0,27.77777777777776,-0.052973,561.7933519359984,25.791482040456557
5618,2021-12-20 12:39:47.985186560,25.74816326530611,22.0,27.70000000000002,-0.049374,561.8876884479985,25.77827179725854
5619,2021-12-20 12:39:48.109406464,25.811428571428575,22.0,27.63166666666668,-0.050447,562.0119083519985,25.765014332072663
5620,2021-12-20 12:39:48.289339136,25.772653061224474,22.0,27.553265306122423,-0.057065,562.1918410239984,25.751713213469934
5621,2021-12-20 12:39:48.403037952,25.84,22.0,27.49,-0.05518,562.3055398399985,25.73837194187605
5622,2021-12-20 12:39:48.420368384,25.69,22.0,27.39,-0.053048,562.3228702719985,25.724993947222178
5623,2021-12-20 12:39:48.479762432,25.724081632653043,22.0,27.324285714285715,-0.061065,562.3822643199984,25.711582586752314
5624,2021-12-20 12:39:48.578404096,25.693846153846145,22.0,27.49948717948717,-0.056104,562.4809059839984,25.698141142987886
5625,2021-12-20 12:39:48.680918016,25.610212765957428,22.0,27.45297872340428,-0.049236,562.5834199039983,25.684672821849677
5626,2021-12-20 12:39:48.800702208,25.566666666666652,22.0,27.121999999999996,-0.048847,562.7032040959983,25.67118075093713
5627,2021-12-20 12:39:48.894988544,25.575294117647047,22.0,27.01999999999999,-0.054383,562.7974904319983,25.65766797796466
5628,2021-12-20 12:39:48.986881024,25.66499999999999,22.0,27.19500000000001,-0.048422,562.8893829119983,25.644137469354373
5629,2021-12-20 12:39:49.096013568,25.59833333333332,22.0,27.172222222222203,-0.050958,562.9985154559982,25.630592108984228
5630,2021-12-20 12:39:49.265867776,25.55836734693876,22.0,27.09428571428571,-0.056889,563.1683696639982,25.61703469709045
5631,2021-12-20 12:39:49.400387072,25.628235294117655,22.0,27.051176470588224,-0.048177,563.3028889599982,25.60346794932267
5632,2021-12-20 12:39:49.442048512,25.593900255754477,22.0,26.965914322250626,-0.053698,563.3445503999982,25.589894495950062
5633,2021-12-20 12:39:49.483709952,25.559565217391295,22.0,26.880652173913028,-0.051962,563.3862118399982,25.5763168812164
5634,2021-12-20 12:39:49.587350528,25.527391304347812,22.0,26.815217391304323,-0.053012,563.4898524159981,25.562737562841782
5635,2021-12-20 12:39:49.686384384,25.547894736842093,22.0,26.733684210526327,-0.047345,563.5888862719981,25.54915891166847
5636,2021-12-20 12:39:49.800163840,25.53999999999998,22.0,26.671224489795925,-0.045302,563.7026657279981,25.53558321144813
5637,2021-12-20 12:39:49.912162816,25.520666666666664,22.0,26.591666666666676,-0.056607,563.8146647039981,25.522012658767558
5638,2021-12-20 12:39:50.057484800,25.53999999999998,22.0,26.52857142857142,-0.045706,563.9599866879981,25.508449363109744
5639,2021-12-20 12:39:50.181543680,25.540000000000006,22.0,26.49444444444444,-0.047371,564.0840455679981,25.49489534704701
5640,2021-12-20 12:39:50.220730624,25.539999999999996,22.0,26.37,-0.045271,564.1232325119981,25.481352546562782
5641,2021-12-20 12:39:50.282579200,25.479583333333323,22.0,26.32041666666664,-0.051323,564.1850810879981,25.46782281149839
5642,2021-12-20 12:39:50.375336704,25.523888888888877,22.0,26.25916666666668,-0.050053,564.2778385919981,25.454307906121173
5643,2021-12-20 12:39:50.480727296,25.529183673469376,22.0,26.18285714285715,-0.04831,564.3832291839982,25.440809509810105
5644,2021-12-20 12:39:50.608618496,25.473255813953475,22.0,26.28697674418604,-0.038485,564.5111203839982,25.427329217855004
5645,2021-12-20 12:39:50.699183104,25.46266666666666,22.0,26.01999999999999,-0.048948,564.6016849919982,25.41386854236534
5646,2021-12-20 12:39:50.786861312,25.380204081632645,22.0,26.15714285714287,-0.049584,564.6893631999983,25.4004289132846
5647,2021-12-20 12:39:50.893921536,25.39891891891892,22.0,26.184594594594582,-0.055062,564.7964234239982,25.387011679506035
5648,2021-12-20 12:39:51.059400448,25.25,22.0,26.118571428571432,-0.044434,564.9619023359983,25.373618110085523
5649,2021-12-20 12:39:51.194292224,25.326315789473682,22.0,26.089999999999986,-0.044446,565.0967941119983,25.360249395547424
5650,2021-12-20 12:39:51.237603072,25.303918764302054,22.0,26.00739130434782,-0.053703,565.1401049599983,25.34690664927896
5651,2021-12-20 12:39:51.280914176,25.28152173913043,22.0,25.92478260869565,-0.049077,565.1834160639984,25.33359090900875
5652,2021-12-20 12:39:51.385067520,25.268913043478257,22.0,25.865,-0.055054,565.2875694079984,25.32030313836495
5653,2021-12-20 12:39:51.482542336,25.28222222222222,22.0,25.789999999999985,-0.057958,565.3850442239984,25.30704422850847
5654,2021-12-20 12:39:51.595557376,25.25,22.0,25.7357142857143,-0.046445,565.4980592639985,25.293814999836638
5655,2021-12-20 12:39:51.696059648,25.25,22.0,25.657419354838698,-0.054527,565.5985615359984,25.280616203752587
5656,2021-12-20 12:39:51.785075456,25.285510204081632,22.0,25.608571428571423,-0.053859,565.6875773439984,25.267448524495595
5657,2021-12-20 12:39:51.885618176,25.25,22.0,25.54166666666666,-0.050124,565.7881200639985,25.25431258102758
5658,2021-12-20 12:39:52.045886720,25.25,22.0,25.480000000000018,-0.055615,565.9483886079985,25.241208928970966
5659,2021-12-20 12:39:52.196730880,25.25,22.0,25.440000000000012,-0.049037,566.0992327679985,25.228138062593064
5660,2021-12-20 12:39:52.243170048,25.25,22.0,25.36038461538462,-0.048064,566.1456719359985,25.21510041683217
5661,2021-12-20 12:39:52.289598976,25.250000000000004,22.0,25.28076923076923,-0.056232,566.1921008639985,25.202096369360568
5662,2021-12-20 12:39:52.388210432,25.21448979591837,22.0,25.222857142857144,-0.050662,566.2907123199984,25.18912624267965
5663,2021-12-20 12:39:52.488350720,25.26611111111111,22.0,25.150000000000002,-0.055014,566.3908526079985,25.176190306242443
5664,2021-12-20 12:39:52.604252416,25.161224489795924,22.0,25.095714285714273,-0.058928,566.5067543039985,25.163288778598922
5665,2021-12-20 12:39:52.700932608,25.25,22.0,25.01750000000001,-0.059119,566.6034344959985,25.150421829559523
5666,2021-12-20 12:39:52.782132992,25.096122448979607,22.0,25.058571428571444,-0.048973,566.6846348799985,25.13758958237242
5667,2021-12-20 12:39:52.884958976,25.111904761904768,22.0,25.18000000000001,-0.057186,566.7874608639985,25.12479211591022
5668,2021-12-20 12:39:53.038468352,25.031020408163275,22.0,25.114693877551012,-0.054298,566.9409702399985,25.112029466861735
5669,2021-12-20 12:39:53.190137344,25.184516129032257,22.0,25.08000000000001,-0.056529,567.0926392319985,25.09930163192479
5670,2021-12-20 12:39:53.239865344,25.142899090157158,22.0,25.007435897435897,-0.053965,567.1423672319985,25.086608569996
5671,2021-12-20 12:39:53.289593600,25.10128205128206,22.0,24.93487179487179,-0.05057,567.1920954879985,25.07395020435354
5672,2021-12-20 12:39:53.388225024,25.031020408163275,22.0,24.87285714285713,-0.05043,567.2907269119985,25.061326424829215
5673,2021-12-20 12:39:53.487701504,25.018000000000015,22.0,24.808999999999994,-0.055899,567.3902033919985,25.04873708996612
5674,2021-12-20 12:39:53.592096512,24.97775510204083,22.0,24.755714285714284,-0.050348,567.4945983999985,25.03618202915838
5675,2021-12-20 12:39:53.691130368,24.998157894736853,22.0,24.699473684210524,-0.054505,567.5936322559985,25.023661044769497
5676,2021-12-20 12:39:53.788283392,24.96000000000002,22.0,24.644081632653045,-0.051992,567.6907852799985,25.011173914226084
5677,2021-12-20 12:39:53.900292352,24.974500000000013,22.0,24.583499999999997,-0.05455,567.8027942399985,24.998720392083772
5678,2021-12-20 12:39:54.061576960,24.96000000000002,22.0,24.526530612244894,-0.057459,567.9640788479985,24.986300212062243
5679,2021-12-20 12:39:54.180063488,24.998666666666665,22.0,24.480000000000004,-0.052318,568.0825653759985,24.973913089046558
5680,2021-12-20 12:39:54.217208832,24.960000000000004,22.0,24.36545454545455,-0.046675,568.1197107199985,24.961558721051933
5681,2021-12-20 12:39:54.284478464,24.96000000000002,22.0,24.347755102040814,-0.051778,568.1869803519985,24.949236791149403
5682,2021-12-20 12:39:54.378473216,24.96000000000001,22.0,24.294857142857136,-0.044117,568.2809751039985,24.936946969349904
5683,2021-12-20 12:39:54.483964416,25.014375000000015,22.0,24.231250000000014,-0.047133,568.3864663039984,24.924688914444424
5684,2021-12-20 12:39:54.608174336,24.931707317073176,22.0,24.17999999999998,-0.049159,568.5106762239984,24.912462275798095
5685,2021-12-20 12:39:54.697280512,24.960000000000008,22.0,24.108709677419366,-0.047904,568.5997823999984,24.900266695096278
5686,2021-12-20 12:39:54.786085120,24.948163265306135,22.0,24.06142857142859,-0.048675,568.6885870079984,24.888101808040904
5687,2021-12-20 12:39:54.889836288,24.917352941176468,22.0,24.05323529411765,-0.049326,568.7923381759985,24.875967245995515
5688,2021-12-20 12:39:55.056572672,24.924489795918376,22.0,24.172857142857172,-0.050751,568.9590745599985,24.863862637577654
5689,2021-12-20 12:39:55.201572864,24.918571428571425,22.0,23.889999999999993,-0.055818,569.1040747519985,24.851787610197373
5690,2021-12-20 12:39:55.244481536,24.86855400696864,22.0,23.966341463414626,-0.049529,569.1469834239984,24.83974179154094
5691,2021-12-20 12:39:55.287400192,24.818536585365855,22.0,24.042682926829258,-0.044257,569.1899020799984,24.82772481099899
5692,2021-12-20 12:39:55.387278848,24.817959183673487,22.0,23.983877551020417,-0.052615,569.2897807359984,24.815736301038584
5693,2021-12-20 12:39:55.487207936,24.77684210526314,22.0,23.923421052631564,-0.048675,569.3897098239984,24.80377589851874
5694,2021-12-20 12:39:55.597959680,24.681836734693874,22.0,23.874897959183667,-0.049347,569.5004615679984,24.791843245949167
5695,2021-12-20 12:39:55.695132672,24.744838709677406,22.0,23.826129032258066,-0.047809,569.5976345599984,24.77993799269216
5696,2021-12-20 12:39:55.784078080,24.81795918367348,22.0,23.756938775510193,-0.054146,569.6865799679983,24.768059796107703
5697,2021-12-20 12:39:55.884278784,24.734444444444435,22.0,23.46222222222223,-0.046576,569.7867806719984,24.756208322641974
5698,2021-12-20 12:39:56.041298688,24.687755102040814,22.0,23.66755102040815,-0.050466,569.9438005759984,24.74438324885963
5699,2021-12-20 12:39:56.188813568,24.759230769230765,22.0,23.61000000000001,-0.043113,570.0913154559984,24.732584262420175
5700,2021-12-20 12:39:56.236831744,24.72135957066189,22.0,23.555000000000007,-0.040505,570.1393336319984,24.720811062998997
5701,2021-12-20 12:39:56.284849920,24.68348837209301,22.0,23.5,-0.050072,570.1873518079984,24.70906336315367
5702,2021-12-20 12:39:56.387484672,24.70551020408163,22.0,23.451020408163288,-0.04435,570.2899865599984,24.69734088913619
5703,2021-12-20 12:39:56.486508544,24.669999999999987,22.0,23.399999999999984,-0.053549,570.3890104319984,24.685643381651897
5704,2021-12-20 12:39:56.587493632,24.687755102040818,22.0,23.34122448979592,-0.050284,570.4899955199984,24.67397059656593
5705,2021-12-20 12:39:56.686054656,24.65585365853657,22.0,23.29121951219511,-0.046101,570.5885565439984,24.662322305558195
5706,2021-12-20 12:39:56.787884800,24.658163265306122,22.0,23.24102040816327,-0.047111,570.6903866879984,24.650698296727743
5707,2021-12-20 12:39:56.906954752,24.654324324324314,22.0,23.183243243243226,-0.048879,570.8094566399984,24.639098375147608
5708,2021-12-20 12:39:57.071437824,24.669999999999998,22.0,23.135102040816335,-0.043716,570.9739397119985,24.627522363371238
5709,2021-12-20 12:39:57.182652416,24.67,22.0,23.107777777777773,-0.050028,571.0851543039985,24.61597010189159
5710,2021-12-20 12:39:57.213460992,24.59266666666667,22.0,23.02,-0.042176,571.1159628799985,24.604441449554148
5711,2021-12-20 12:39:57.284140544,24.610816326530617,22.0,22.978163265306144,-0.051056,571.1866424319985,24.59293628392505
5712,2021-12-20 12:39:57.378849280,24.646486486486474,22.0,22.9308108108108,-0.049493,571.2813511679985,24.58145450161562
5713,2021-12-20 12:39:57.479723776,24.57937500000001,22.0,22.870000000000005,-0.051468,571.3822256639985,24.569996018564627
5714,2021-12-20 12:39:57.583967744,24.597499999999986,22.0,22.82249999999998,-0.045806,571.4864696319985,24.558560770279495
5715,2021-12-20 12:39:57.680788736,24.533877551020414,22.0,22.98142857142856,-0.044597,571.5832906239984,24.54714871203788
5716,2021-12-20 12:39:57.782256896,24.524999999999995,22.0,22.776190476190497,-0.051616,571.6847587839984,24.53575981905088
5717,2021-12-20 12:39:57.878776064,24.52177777777778,22.0,22.880888888888876,-0.050856,571.7812779519984,24.524394086589258
5718,2021-12-20 12:39:57.984931328,24.447872340425537,22.0,22.884893617021273,-0.044521,571.8874332159984,24.51305153007391
5719,2021-12-20 12:39:58.117398784,24.393488372093024,22.0,22.830465116279093,-0.048727,572.0199006719984,24.50173218513179
5720,2021-12-20 12:39:58.291296512,24.39775510204083,22.0,22.786326530612236,-0.049802,572.1937983999984,24.490436107618464
5721,2021-12-20 12:39:58.348920320,24.420399290150847,22.0,22.733163265306118,-0.048828,572.2514222079984,24.479163373608472
5722,2021-12-20 12:39:58.406544384,24.44304347826087,22.0,22.680000000000003,-0.04634,572.3090462719985,24.46791407935446
5723,2021-12-20 12:39:58.486839552,24.42734693877552,22.0,22.647346938775517,-0.042092,572.3893414399985,24.456688341215944
5724,2021-12-20 12:39:58.583710976,24.448684210526306,22.0,22.602368421052645,-0.053081,572.4862128639985,24.445486295558467
5725,2021-12-20 12:39:58.686717696,24.392083333333346,22.0,22.554166666666646,-0.046032,572.5892195839986,24.434308098623916
5726,2021-12-20 12:39:58.788668672,24.420277777777773,22.0,22.515000000000004,-0.050815,572.6911705599986,24.423153926372535
5727,2021-12-20 12:39:58.883840000,24.3457142857143,22.0,22.622857142857164,-0.04934,572.7863418879986,24.412023974297163
5728,2021-12-20 12:39:58.986464768,24.35333333333333,22.0,22.530238095238083,-0.04126,572.8889666559986,24.400918457210057
5729,2021-12-20 12:39:59.146622720,24.380000000000013,22.0,22.365510204081634,-0.048077,573.0491246079986,24.389837609002527
5730,2021-12-20 12:39:59.317191168,24.38,22.0,22.330882352941167,-0.048315,573.2196930559986,24.378781682377586
5731,2021-12-20 12:39:59.362262272,24.38,22.0,22.27044117647058,-0.049205,573.2647641599987,24.367750948555795
5732,2021-12-20 12:39:59.407323392,24.38,22.0,22.209999999999994,-0.046272,573.3098252799987,24.356745696954253
5733,2021-12-20 12:39:59.485395968,24.346122448979596,22.0,22.32142857142855,-0.053981,573.3878978559986,24.34576623483875
5734,2021-12-20 12:39:59.579360256,24.363999999999997,22.0,22.405142857142863,-0.048543,573.4818621439987,24.334812886948995
5735,2021-12-20 12:39:59.689206784,24.351428571428578,22.0,22.228163265306144,-0.05676,573.5917086719987,24.3238859950969
5736,2021-12-20 12:39:59.797343488,24.36133333333333,22.0,22.064666666666664,-0.050202,573.6998453759987,24.312985917737745
5737,2021-12-20 12:39:59.885444096,24.336136363636367,22.0,22.13022727272727,-0.04698,573.7879459839987,24.302113029514118
5738,2021-12-20 12:39:59.989064448,24.280833333333344,22.0,22.117291666666656,-0.055053,573.8915663359987,24.291267720772556
5739,2021-12-20 12:40:00.087494656,24.270731707317076,22.0,22.036585365853647,-0.048252,573.9899965439987,24.280450397052753
5740,2021-12-20 12:40:00.189847808,24.248571428571424,22.0,22.140612244897962,-0.046447,574.0923496959987,24.269661478549253
5741,2021-12-20 12:40:00.317477376,24.277560975609763,22.0,21.98146341463413,-0.046334,574.2199792639987,24.25890139954566
5742,2021-12-20 12:40:00.487854592,24.25999999999999,22.0,21.786938775510198,-0.047902,574.3903564799987,24.248170607821297
5743,2021-12-20 12:40:00.588306688,24.38,22.0,21.76,-0.049576,574.4908085759987,24.237469564030334
5744,2021-12-20 12:40:00.611843072,24.34705882352941,22.0,21.947647058823534,-0.047269,574.5143449599987,24.226798741053546
5745,2021-12-20 12:40:00.685459712,24.202857142857148,22.0,21.866734693877532,-0.049131,574.5879615999986,24.216158623322798
5746,2021-12-20 12:40:00.786082816,24.220000000000006,22.0,21.66190476190477,-0.05213,574.6885847039986,24.205549706118422
5747,2021-12-20 12:40:00.885800704,24.134285714285713,22.0,21.834285714285716,-0.044235,574.7883025919986,24.194972494839813
5748,2021-12-20 12:40:00.986001152,24.126666666666683,22.0,21.79404761904761,-0.045543,574.8885030399986,24.184427504249516
5749,2021-12-20 12:40:01.085558272,24.122857142857143,22.0,21.746734693877553,-0.052851,574.9880601599986,24.173915257691128
5750,2021-12-20 12:40:01.178124544,24.124705882352956,22.0,21.70882352941177,-0.052164,575.0806264319986,24.16343628628151
5751,2021-12-20 12:40:01.323969536,24.117142857142856,22.0,21.669999999999987,-0.049028,575.2264714239985,24.15299112807773
5752,2021-12-20 12:40:01.500220928,24.100000000000012,22.0,21.63,-0.043174,575.4027228159986,24.14258032721916
5753,2021-12-20 12:40:01.551538432,24.10000000000001,22.0,21.585,-0.049767,575.4540403199986,24.132204433045278
5754,2021-12-20 12:40:01.602855680,24.10000000000001,22.0,21.540000000000003,-0.046067,575.5053575679987,24.12186399918973
5755,2021-12-20 12:40:01.687214592,24.1,22.0,21.50408163265306,-0.046966,575.5897164799986,24.111559582651278
5756,2021-12-20 12:40:01.779992064,24.116000000000014,22.0,21.46685714285715,-0.051758,575.6824939519986,24.101291742842093
5757,2021-12-20 12:40:01.878080512,24.08857142857143,22.0,21.427346938775496,-0.045223,575.7805823999986,24.091061040614164
5758,2021-12-20 12:40:01.978150400,24.100000000000012,22.0,21.39111111111111,-0.045746,575.8806522879986,24.080868037264416
5759,2021-12-20 12:40:02.077465856,24.08857142857143,22.0,21.342244897959198,-0.044397,575.9799677439986,24.070713293519393
5760,2021-12-20 12:40:02.172385792,24.081935483870982,22.0,21.30677419354838,-0.041547,576.0748876799986,24.06059736850032
5761,2021-12-20 12:40:02.303203840,24.075652173913053,22.0,21.260434782608694,-0.048514,576.2057057279986,24.05052081866938
5762,2021-12-20 12:40:02.497791488,24.087826086956525,22.0,21.223913043478273,-0.04544,576.4002933759987,24.040484196758232
5763,2021-12-20 12:40:02.554832128,24.07835748792271,22.0,21.171956521739137,-0.043682,576.4573340159986,24.03048805067987
5764,2021-12-20 12:40:02.611872512,24.068888888888896,22.0,21.12,-0.045676,576.5143743999986,24.02053292242493
5765,2021-12-20 12:40:02.686223360,24.008571428571436,22.0,21.250204081632667,-0.042468,576.5887252479986,24.01061934694369
5766,2021-12-20 12:40:02.780087296,24.061111111111124,22.0,21.214999999999986,-0.040093,576.6825891839986,24.00074785101524
5767,2021-12-20 12:40:02.877300480,24.00285714285715,22.0,21.018775510204083,-0.047107,576.7798023679986,23.9909189521052
5768,2021-12-20 12:40:02.975871744,24.00400000000001,22.0,21.069142857142865,-0.044911,576.8783736319987,23.98113315721372
5769,2021-12-20 12:40:03.072783360,23.962857142857153,22.0,21.2012244897959,-0.04647,576.9752852479987,23.971390961715315
5770,2021-12-20 12:40:03.177932544,23.967000000000017,22.0,21.167999999999996,-0.036191,577.0804344319987,23.96169284819245
5771,2021-12-20 12:40:03.312371712,23.902727272727294,22.0,21.12636363636364,-0.038878,577.2148735999987,23.95203928526467
5772,2021-12-20 12:40:03.501427200,23.890000000000015,22.0,21.09416666666669,-0.040128,577.4039290879987,23.942430726415417
5773,2021-12-20 12:40:03.557029376,23.915000000000006,22.0,21.047083333333347,-0.052919,577.4595312639987,23.93286760881848
5774,2021-12-20 12:40:03.612641536,23.939999999999998,22.0,21.0,-0.050495,577.5151434239987,23.923350352166388
5775,2021-12-20 12:40:03.683622912,23.88857142857144,22.0,20.98857142857144,-0.050502,577.5861247999986,23.913879357502857
5776,2021-12-20 12:40:03.773594368,23.9283870967742,22.0,20.95806451612903,-0.041954,577.6760962559986,23.904455006061664
5777,2021-12-20 12:40:03.867005440,23.860000000000007,22.0,20.91938775510203,-0.040915,577.7695073279986,23.895077658114236
5778,2021-12-20 12:40:03.977777408,23.99756097560978,22.0,20.8870731707317,-0.04089,577.8802792959985,23.885747651828453
5779,2021-12-20 12:40:04.080210944,23.884166666666676,22.0,20.789583333333333,-0.047579,577.9827128319986,23.876465302141057
5780,2021-12-20 12:40:04.184324352,23.858181818181837,22.0,20.58499999999998,-0.047403,578.0868262399986,23.867230899646263
5781,2021-12-20 12:40:04.321760768,23.820000000000014,22.0,20.773043478260856,-0.051137,578.2242626559986,23.858044709503098
5782,2021-12-20 12:40:04.503242240,23.838260869565232,22.0,20.737391304347835,-0.050039,578.4057441279986,23.848906970364165
5783,2021-12-20 12:40:04.557104384,23.84468599033817,22.0,20.69619565217392,-0.047588,578.4596062719986,23.839817893328547
5784,2021-12-20 12:40:04.610966528,23.85111111111111,22.0,20.655,-0.044621,578.5134684159987,23.8307776609215
5785,2021-12-20 12:40:04.685669376,23.808979591836746,22.0,20.628367346938774,-0.043383,578.5881712639987,23.82178642610371
5786,2021-12-20 12:40:04.785276672,23.833658536585386,22.0,20.590000000000007,-0.041785,578.6877785599987,23.812844311312936
5787,2021-12-20 12:40:04.885115136,23.84367346938776,22.0,20.560612244897932,-0.039488,578.7876170239987,23.803951407540776
5788,2021-12-20 12:40:04.985738240,23.80731707317075,22.0,20.522926829268282,-0.045301,578.8882401279986,23.795107773447427
5789,2021-12-20 12:40:05.085626880,23.764897959183685,22.0,20.484081632653073,-0.041095,578.9881287679987,23.786313434517357
5790,2021-12-20 12:40:05.188593664,23.793658536585383,22.0,20.454390243902452,-0.037301,579.0910955519987,23.777568382258636
5791,2021-12-20 12:40:05.336349952,23.79795918367348,22.0,20.414897959183666,-0.045219,579.2388518399987,23.768872573448817
5792,2021-12-20 12:40:05.482275328,23.793870967741938,22.0,20.377741935483872,-0.04493,579.3847772159987,23.760225929430227
5793,2021-12-20 12:40:05.534186240,23.782935483870972,22.0,20.341093189964152,-0.03517,579.4366881279988,23.75162833545753
5794,2021-12-20 12:40:05.586086912,23.772000000000006,22.0,20.30444444444443,-0.040485,579.4885887999988,23.743079640100436
5795,2021-12-20 12:40:05.688691456,23.733829787234047,22.0,20.26851063829787,-0.043224,579.5911933439987,23.734579654704362
5796,2021-12-20 12:40:05.787524096,23.738372093023262,22.0,20.23418604651164,-0.037882,579.6900259839987,23.726128152911706
5797,2021-12-20 12:40:05.891677696,23.74285714285714,22.0,20.19979591836737,-0.04072,579.7941795839987,23.717724870246553
5798,2021-12-20 12:40:05.989725952,23.71875000000001,22.0,20.376999999999995,-0.047286,579.8922278399987,23.709369503765426
5799,2021-12-20 12:40:06.089463808,23.682244897959183,22.0,20.390408163265306,-0.039321,579.9919656959987,23.70106171177667
5800,2021-12-20 12:40:06.216731392,23.665714285714273,22.0,20.357142857142872,-0.037497,580.1192332799988,23.692801113631017
5801,2021-12-20 12:40:06.388848640,23.665714285714284,22.0,20.160612244897933,-0.03413,580.2913505279987,23.684587289585654
5802,2021-12-20 12:40:06.489320960,23.6175,22.0,20.06,-0.032573,580.3918228479987,23.676419780744098
5803,2021-12-20 12:40:06.513782528,23.595000000000006,22.0,20.25,-0.037857,580.4162844159987,23.668298089073964
5804,2021-12-20 12:40:06.586664960,23.66812499999999,22.0,20.22666666666668,-0.041646,580.4891668479987,23.66022167750463
5805,2021-12-20 12:40:06.680589056,23.66675675675676,22.0,20.198648648648632,-0.03563,580.5830909439987,23.652189970106612
5806,2021-12-20 12:40:06.790234624,23.605102040816305,22.0,20.16408163265305,-0.030135,580.6927365119988,23.644202352354277
5807,2021-12-20 12:40:06.899266304,23.617499999999993,22.0,20.141562499999996,-0.031202,580.8017681919988,23.63625817147327
5808,2021-12-20 12:40:06.987628288,23.588571428571417,22.0,20.101428571428578,-0.043823,580.8901301759988,23.628356736873968
5809,2021-12-20 12:40:07.091148288,23.58857142857141,22.0,20.074693877550988,-0.038537,580.9936501759988,23.62049732067195
5810,2021-12-20 12:40:07.217822208,23.583749999999984,22.0,20.03799999999999,-0.03711,581.1203240959989,23.61267915829629
5811,2021-12-20 12:40:07.385463552,23.616122448979578,22.0,19.900000000000002,-0.038983,581.2879654399989,23.604901449186308
5812,2021-12-20 12:40:07.485342464,23.55,22.0,19.74,-0.026862,581.3878443519989,23.59716335757712
5813,2021-12-20 12:40:07.511262720,23.550000000000008,22.0,19.930000000000003,-0.031547,581.4137646079988,23.58946401337412
5814,2021-12-20 12:40:07.587846400,23.54999999999998,22.0,19.917755102040804,-0.034546,581.4903482879988,23.581802513116333
5815,2021-12-20 12:40:07.672175104,23.570769230769226,22.0,19.89692307692307,-0.042171,581.5746769919988,23.574177921028287
5816,2021-12-20 12:40:07.766893824,23.566874999999982,22.0,19.85000000000002,-0.03116,581.6693957119987,23.56658927015988
5817,2021-12-20 12:40:07.892008960,23.549999999999983,22.0,19.82357142857142,-0.036845,581.7945108479987,23.55903556361351
5818,2021-12-20 12:40:07.990861568,23.54999999999999,22.0,19.78815789473684,-0.034285,581.8933634559987,23.551515775857478
5819,2021-12-20 12:40:08.089352448,23.544489795918345,22.0,19.762040816326525,-0.033113,581.9918543359987,23.544028854124516
5820,2021-12-20 12:40:08.207426560,23.549999999999986,22.0,19.731081081081093,-0.028616,582.1099284479988,23.53657371989395
5821,2021-12-20 12:40:08.376536576,23.538979591836714,22.0,19.703265306122443,-0.026564,582.2790384639987,23.529149270455967
5822,2021-12-20 12:40:08.495224320,23.500909090909094,22.0,19.680000000000003,-0.029667,582.3977262079987,23.521754380556178
5823,2021-12-20 12:40:08.521647360,23.550000000000004,22.0,19.62,-0.037154,582.4241492479988,23.514387904118493
5824,2021-12-20 12:40:08.583817728,23.522448979591815,22.0,19.615102040816332,-0.021263,582.4863196159988,23.507048676044136
5825,2021-12-20 12:40:08.684531200,23.511428571428553,22.0,19.621428571428563,-0.025621,582.5870330879989,23.499735514084467
5826,2021-12-20 12:40:08.785908736,23.538979591836714,22.0,19.774489795918345,-0.032781,582.6884106239988,23.492447220785174
5827,2021-12-20 12:40:08.886843648,23.446153846153827,22.0,19.51897435897435,-0.034903,582.7893455359988,23.48518258549909
5828,2021-12-20 12:40:08.983714816,23.50591836734692,22.0,19.496938775510205,-0.031799,582.8862167039988,23.477940386464944
5829,2021-12-20 12:40:09.083603712,23.484146341463397,22.0,19.470000000000017,-0.030653,582.9861055999988,23.47071939294895
5830,2021-12-20 12:40:09.215870208,23.455813953488356,22.0,19.46046511627908,-0.034911,583.1183720959989,23.463518367446184
5831,2021-12-20 12:40:09.408536576,23.439795918367324,22.0,19.63632653061224,-0.035124,583.3110384639989,23.45633606793848
5832,2021-12-20 12:40:09.463786752,23.454397959183666,22.0,19.48716326530612,-0.030096,583.3662886399989,23.449171250205474
5833,2021-12-20 12:40:09.519036928,23.469000000000005,22.0,19.337999999999997,-0.029928,583.4215388159988,23.4420226701853
5834,2021-12-20 12:40:09.584838144,23.472857142857123,22.0,19.337959183673483,-0.021677,583.4873400319988,23.43488908638123
5835,2021-12-20 12:40:09.676318208,23.468181818181808,22.0,19.54,-0.025619,583.5788200959988,23.427769262310434
5836,2021-12-20 12:40:09.768854528,23.469574468085092,22.0,19.258723404255313,-0.028971,583.6713564159988,23.420661968990927
5837,2021-12-20 12:40:09.882613760,23.447999999999976,22.0,19.23000000000001,-0.032906,583.7851156479989,23.413565987462633
5838,2021-12-20 12:40:09.979193344,23.401935483870957,22.0,19.200000000000003,-0.0243,583.8816952319988,23.406480111338375
5839,2021-12-20 12:40:10.091715328,23.307551020408148,22.0,19.419999999999987,-0.026859,583.9942172159988,23.399403149380465
5840,2021-12-20 12:40:10.199318784,23.340967741935472,22.0,19.38999999999999,-0.029163,584.1018206719988,23.392333928098374
5841,2021-12-20 12:40:10.287821568,23.296874999999982,22.0,19.37,-0.026926,584.1903234559987,23.385271294362923
5842,2021-12-20 12:40:10.378889472,23.311764705882336,22.0,19.340882352941176,-0.021073,584.2813913599988,23.378214118032098
5843,2021-12-20 12:40:10.475408640,23.35714285714284,22.0,19.07714285714283,-0.021715,584.3779105279988,23.37116129458365
5844,2021-12-20 12:40:10.583545344,23.33268292682925,22.0,19.267560975609747,-0.024914,584.4860472319988,23.36411174774941
5845,2021-12-20 12:40:10.705270528,23.30204081632651,22.0,19.26244897959183,-0.026335,584.6077724159987,23.357064432146004
5846,2021-12-20 12:40:10.829027840,23.339999999999986,22.0,19.234166666666674,-0.02473,584.7315297279987,23.350018335896632
5847,2021-12-20 12:40:10.905531136,23.302499999999984,22.0,19.209999999999994,-0.018768,584.8080330239987,23.34297248323838
5848,2021-12-20 12:40:10.986560512,23.29653061224488,22.0,19.183673469387735,-0.016867,584.8890623999987,23.335925937109387
5849,2021-12-20 12:40:11.079398656,23.279999999999983,22.0,19.16342857142857,-0.012112,584.9819005439987,23.32887780170999
5850,2021-12-20 12:40:11.178271488,23.318571428571413,22.0,19.13367346938775,-0.015532,585.0807733759987,23.321827225032052
5851,2021-12-20 12:40:11.271994624,23.298620689655156,22.0,19.11413793103449,-0.02012,585.1744965119987,23.314773401350408
5852,2021-12-20 12:40:11.409581824,23.30204081632651,22.0,19.084285714285727,-0.0157,585.3120837119986,23.307715573670325
5853,2021-12-20 12:40:11.597440512,23.293170731707296,22.0,19.055853658536574,-0.016898,585.4999423999986,23.300653036124874
5854,2021-12-20 12:40:11.652479232,23.29198536585364,22.0,19.02792682926829,-0.016972,585.5549811199986,23.29358513631595
5855,2021-12-20 12:40:11.707518208,23.290799999999987,22.0,19.0,-0.016445,585.6100200959986,23.286511277592783
5856,2021-12-20 12:40:11.789231872,23.257959183673453,22.0,18.985714285714298,-0.019608,585.6917337599986,23.279430921261692
5857,2021-12-20 12:40:11.883628800,23.250810810810794,22.0,18.96297297297298,-0.013308,585.7861306879986,23.272343588720958
5858,2021-12-20 12:40:11.982169856,23.268979591836718,22.0,18.937346938775487,-0.01809,585.8846717439986,23.26524886351462
5859,2021-12-20 12:40:12.083748352,23.272499999999983,22.0,18.914999999999992,-0.009399,585.9862502399986,23.258146393299157
5860,2021-12-20 12:40:12.243524096,23.268979591836718,22.0,18.88816326530612,-0.010323,586.1460259839986,23.251035891716963
5861,2021-12-20 12:40:12.409697024,23.279999999999983,22.0,18.87129032258065,-0.009459,586.3121989119986,23.243917140170904
5862,2021-12-20 12:40:12.456780032,23.279999999999983,22.0,18.836645161290328,-0.014001,586.3592819199986,23.23678998949407
5863,2021-12-20 12:40:12.503862784,23.279999999999983,22.0,18.802000000000003,-0.011884,586.4063646719986,23.229654361509294
5864,2021-12-20 12:40:12.590675712,23.235918367346923,22.0,18.784081632653056,-0.009777,586.4931775999986,23.22251025047298
5865,2021-12-20 12:40:12.682839808,23.23371428571427,22.0,18.757428571428573,-0.00703,586.5853416959986,23.215357724398142
5866,2021-12-20 12:40:12.781682688,23.20285714285713,22.0,18.862244897959197,-0.006411,586.6841845759986,23.20819692625174
5867,2021-12-20 12:40:12.882979584,23.272499999999983,22.0,18.857500000000012,-0.009711,586.7854814719987,23.201028075021668
5868,2021-12-20 12:40:12.994445568,23.268979591836718,22.0,18.69102040816324,0.000249,586.8969474559987,23.193851466648916
5869,2021-12-20 12:40:13.098498560,23.231785714285703,22.0,18.678928571428575,-0.004373,587.0010004479986,23.186667474820826
5870,2021-12-20 12:40:13.186558720,23.188085106382964,22.0,18.64148936170212,-0.005764,587.0890606079987,23.179476551621654
5871,2021-12-20 12:40:13.289686272,23.18399999999999,22.0,18.61933333333334,-0.005909,587.1921881599988,23.172279228036903
5872,2021-12-20 12:40:13.384314624,23.196923076923063,22.0,18.70615384615386,-0.004048,587.2868165119987,23.165076114308253
5873,2021-12-20 12:40:13.489232640,23.23040816326529,22.0,18.727142857142837,-0.006562,587.3917345279988,23.157867900136228
5874,2021-12-20 12:40:13.585037824,23.206363636363623,22.0,18.53969696969696,-0.003101,587.4875397119988,23.150655354728073
5875,2021-12-20 12:40:13.682975232,23.213877551020396,22.0,18.606326530612236,-0.007847,587.5854771199988,23.143439326688643
5876,2021-12-20 12:40:13.785227776,23.212499999999988,22.0,18.740555555555563,-0.006834,587.6877296639988,23.136220743752563
5877,2021-12-20 12:40:13.896502528,23.066249999999993,22.0,18.72333333333335,-0.003594,587.7990044159988,23.129000612356084
5878,2021-12-20 12:40:13.996793600,23.05999999999999,22.0,18.70629629629629,-0.011298,587.8992954879988,23.121780017047556
5879,2021-12-20 12:40:14.083717376,23.087142857142847,22.0,18.61285714285714,-0.009636,587.9862192639988,23.114560119735614
5880,2021-12-20 12:40:14.180739584,23.045526315789466,22.0,18.438157894736843,-0.009388,588.0832414719988,23.107342158774646
5881,2021-12-20 12:40:14.315490304,23.043749999999992,22.0,18.641249999999992,0.001597,588.2179921919989,23.100127447887434
5882,2021-12-20 12:40:14.498470656,23.065227272727267,22.0,18.615909090909096,0.00311,588.4009725439988,23.09291737492506
5883,2021-12-20 12:40:14.553509632,23.07870059288537,22.0,18.527519762845852,0.000982,588.4560115199988,23.085713400464492
5884,2021-12-20 12:40:14.608538624,23.092173913043467,22.0,18.43913043478261,-0.006509,588.5110405119988,23.07851705624463
5885,2021-12-20 12:40:14.688843776,23.065102040816317,22.0,18.361632653061204,-0.004288,588.5913456639988,23.071329943441874
5886,2021-12-20 12:40:14.783069952,23.047499999999992,22.0,18.535000000000004,0.00381,588.6855718399988,23.064153730786526
5887,2021-12-20 12:40:14.881067776,23.054081632653055,22.0,18.468571428571423,-0.010664,588.7835696639988,23.05699015252163
5888,2021-12-20 12:40:14.981550080,23.06108108108107,22.0,18.298378378378388,0.007167,588.8840519679989,23.049841006206243
5889,2021-12-20 12:40:15.079789312,23.043749999999992,22.0,18.475000000000016,0.003389,588.9822911999988,23.042708150365364
5890,2021-12-20 12:40:15.178471168,23.017499999999995,22.0,18.448888888888888,-0.002557,589.0809730559988,23.035593501989073
5891,2021-12-20 12:40:15.323591936,23.009999999999994,22.0,18.427551020408146,0.003499,589.2260938239988,23.028499033883705
5892,2021-12-20 12:40:15.511521024,23.009999999999994,22.0,18.41,0.010337,589.4140229119988,23.021426771878268
5893,2021-12-20 12:40:15.562737664,23.03249999999999,22.0,18.387777777777778,0.007864,589.4652395519988,23.014378791889584
5894,2021-12-20 12:40:15.613964544,23.054999999999993,22.0,18.36555555555556,0.006863,589.5164664319988,23.007357216849975
5895,2021-12-20 12:40:15.687571200,22.998749999999998,22.0,18.348750000000017,0.021857,589.5900730879988,23.00036421350165
5896,2021-12-20 12:40:15.779745280,23.01771428571428,22.0,18.328285714285705,0.013557,589.6822471679988,22.993401989062246
5897,2021-12-20 12:40:15.876686848,22.998979591836726,22.0,18.308775510204057,0.021143,589.7791887359988,22.9864727877663
5898,2021-12-20 12:40:15.977893376,23.009999999999994,22.0,18.288888888888888,0.015816,589.8803952639988,22.979578887287833
5899,2021-12-20 12:40:16.076132608,22.99897959183673,22.0,18.269183673469378,0.021092,589.9786344959988,22.97272259504949
5900,2021-12-20 12:40:16.181965824,22.990243902439015,22.0,18.25,0.013558,590.0844677119987,22.96590624442408
5901,2021-12-20 12:40:16.305431296,23.017105263157887,22.0,18.229473684210536,0.013795,590.2079331839988,22.95913219083468
5902,2021-12-20 12:40:16.485172992,22.98244897959183,22.0,18.209591836734706,0.010232,590.3876748799987,22.952402807759874
5903,2021-12-20 12:40:16.596729344,23.01,22.0,18.19,0.013541,590.4992312319987,22.945720482650948
5904,2021-12-20 12:40:16.618384896,23.009999999999994,22.0,18.168461538461546,0.014224,590.5208867839987,22.939087612768244
5905,2021-12-20 12:40:16.687545600,22.954897959183672,22.0,18.149591836734682,0.017903,590.5900474879986,22.93250660094423
5906,2021-12-20 12:40:16.788369664,22.958571428571425,22.0,18.13,0.01009,590.6908715519986,22.92597985128115
5907,2021-12-20 12:40:16.886417920,22.931250000000002,22.0,18.11000000000001,0.013498,590.7889198079986,22.919509764791435
5908,2021-12-20 12:40:16.978974208,22.964999999999993,22.0,18.33361111111111,0.018575,590.8814760959986,22.913098734989372
5909,2021-12-20 12:40:17.075171584,22.916326530612242,22.0,18.07551020408165,0.014604,590.9776734719985,22.9067491434428
5910,2021-12-20 12:40:17.179123968,22.947692307692307,22.0,18.051538461538456,0.01331,591.0816258559985,22.90046335529387
5911,2021-12-20 12:40:17.318210048,22.86913043478261,22.0,18.030434782608676,0.018839,591.2207119359985,22.894243714758268
5912,2021-12-20 12:40:17.510775808,22.84565217391304,22.0,18.234999999999992,0.021316,591.4132776959984,22.88809254061236
5913,2021-12-20 12:40:17.564577536,22.844749163879598,22.0,18.232499999999995,0.010142,591.4670794239985,22.882012121678052
5914,2021-12-20 12:40:17.618389504,22.843846153846155,22.0,18.229999999999997,0.017369,591.5208913919985,22.876004712315368
5915,2021-12-20 12:40:17.687550208,22.88877551020408,22.0,18.212857142857153,0.018189,591.5900520959984,22.870072527932788
5916,2021-12-20 12:40:17.775630592,22.938,22.0,18.012000000000004,0.017911,591.6781324799985,22.864217740525657
5917,2021-12-20 12:40:17.866637824,22.86063829787234,22.0,18.139148936170194,0.017997,591.7691397119985,22.85844247425305
5918,2021-12-20 12:40:17.983907584,22.89,22.0,18.16444444444444,0.017711,591.8864094719985,22.85274880106363
5919,2021-12-20 12:40:18.077278464,22.928999999999995,22.0,17.88999999999999,0.026325,591.9797803519984,22.84713873638104
5920,2021-12-20 12:40:18.177559552,22.86375,22.0,18.064999999999994,0.016068,592.0800614399984,22.841614234859453
5921,2021-12-20 12:40:18.294004224,22.875,22.0,18.117777777777786,0.025322,592.1965061119984,22.83617718621993
5922,2021-12-20 12:40:18.464049664,22.828163265306127,22.0,17.922653061224498,0.020642,592.3665515519983,22.8308294111783
5923,2021-12-20 12:40:18.608687872,22.90714285714286,22.0,17.838095238095235,0.021297,592.5111897599983,22.82557265747521
5924,2021-12-20 12:40:18.650982912,22.83032142857143,22.0,17.941297619047617,0.020929,592.5534847999983,22.82040859601905
5925,2021-12-20 12:40:18.693277952,22.753500000000006,22.0,18.044499999999996,0.023564,592.5957798399983,22.815338817152245
5926,2021-12-20 12:40:18.790974208,22.79625,22.0,18.02749999999999,0.023478,592.6934760959982,22.810364827051423
5927,2021-12-20 12:40:18.885340928,22.769189189189195,22.0,18.011891891891885,0.023457,592.7878428159983,22.80548804427175
5928,2021-12-20 12:40:18.986668032,22.778571428571432,22.0,17.99775510204082,0.020014,592.8891699199983,22.800709796445584
5929,2021-12-20 12:40:19.102609920,22.761891891891896,22.0,17.80027027027028,0.028833,593.0051118079982,22.79603131714534
5930,2021-12-20 12:40:19.273791744,22.740000000000006,22.0,17.870816326530623,0.020724,593.1762936319982,22.791453742920343
5931,2021-12-20 12:40:19.405595648,22.773750000000003,22.0,17.960000000000004,0.02534,593.3080975359982,22.786978110517023
5932,2021-12-20 12:40:19.446583040,22.7654920212766,22.0,17.93904255319149,0.026637,593.3490849279982,22.782605354291533
5933,2021-12-20 12:40:19.487580672,22.7572340425532,22.0,17.918085106382975,0.030926,593.3900825599982,22.77833630382367
5934,2021-12-20 12:40:19.590668032,22.74644444444445,22.0,18.032666666666664,0.028694,593.4931699199982,22.774171681740384
5935,2021-12-20 12:40:19.688484864,22.758863636363643,22.0,18.13363636363636,0.031286,593.5909867519982,22.77011210175692
5936,2021-12-20 12:40:19.792115200,22.790625000000002,22.0,17.989166666666666,0.028886,593.6946170879983,22.766158066943202
5937,2021-12-20 12:40:19.892527104,22.75928571428572,22.0,17.86333333333334,0.020267,593.7950289919983,22.76230996822255
5938,2021-12-20 12:40:19.996861696,22.740000000000006,22.0,17.854375000000015,0.029151,593.8993635839983,22.758568083109438
5939,2021-12-20 12:40:20.094044928,22.760769230769238,22.0,17.83666666666667,0.027184,593.9965468159983,22.754932574692454
5940,2021-12-20 12:40:20.192082944,22.740000000000006,22.0,17.824693877551034,0.027333,594.0945848319983,22.75140349086814
5941,2021-12-20 12:40:20.289235968,22.75384615384616,22.0,17.806666666666654,0.032616,594.1917378559983,22.74798076383086
5942,2021-12-20 12:40:20.389909248,22.746326530612254,22.0,17.79489795918366,0.030968,594.2924111359983,22.74466420982323
5943,2021-12-20 12:40:20.491155968,22.740000000000006,22.0,17.77780487804877,0.02851,594.3936578559983,22.741453529151116
5944,2021-12-20 12:40:20.591366656,22.72979166666667,22.0,17.765208333333327,0.028514,594.4938685439982,22.738348306466623
5945,2021-12-20 12:40:20.694464000,22.753500000000006,22.0,17.604750000000003,0.03389,594.5969658879983,22.735348011321847
5946,2021-12-20 12:40:20.818593280,22.729387755102046,22.0,17.6026530612245,0.025635,594.7210951679983,22.73245199899551
5947,2021-12-20 12:40:20.911994624,22.70941176470589,22.0,17.72882352941176,0.025955,594.8144965119983,22.729659511593987
5948,2021-12-20 12:40:20.987220480,22.729387755102046,22.0,17.701020408163284,0.029529,594.8897223679983,22.72696967942745
5949,2021-12-20 12:40:21.087722752,22.690476190476197,22.0,17.686904761904746,0.030091,594.9902246399982,22.7243815226613
5950,2021-12-20 12:40:21.218057984,22.740000000000006,22.0,17.67073170731707,0.031051,595.1205598719982,22.721893953242148
5951,2021-12-20 12:40:21.409416960,22.702857142857148,22.0,17.74918367346939,0.031634,595.3119188479982,22.719505777097012
5952,2021-12-20 12:40:21.517865472,22.74,22.0,17.89,0.037419,595.4203673599982,22.717215696603535
5953,2021-12-20 12:40:21.525600256,22.74,22.0,17.62,0.033785,595.4281021439982,22.715022313328348
5954,2021-12-20 12:40:21.587227392,22.681632653061232,22.0,17.616530612244905,0.037766,595.4897292799982,22.712924131029737
5955,2021-12-20 12:40:21.683676160,22.725945945945952,22.0,17.60864864864866,0.039437,595.5861780479981,22.710919558920114
5956,2021-12-20 12:40:21.784319232,22.700434782608703,22.0,17.680000000000017,0.032932,595.6868211199982,22.709006915182744
5957,2021-12-20 12:40:21.907664128,22.672173913043483,22.0,17.756521739130445,0.03369,595.8101660159982,22.70718443073652
5958,2021-12-20 12:40:22.001487872,22.589032258064524,22.0,17.688709677419357,0.030197,595.9039897599982,22.705450253241544
5959,2021-12-20 12:40:22.090704640,22.628571428571437,22.0,17.797142857142845,0.031631,595.9932065279983,22.703802451337417
5960,2021-12-20 12:40:22.203518464,22.646666666666675,22.0,17.69666666666666,0.032102,596.1060203519983,22.702239019105228
5961,2021-12-20 12:40:22.376681984,22.548979591836744,22.0,17.598571428571415,0.033832,596.2791838719983,22.70075788074326
5962,2021-12-20 12:40:22.507751424,22.6425,22.0,17.770000000000003,0.027037,596.4102533119983,22.69935689544548
5963,2021-12-20 12:40:22.547320576,22.61443181818182,22.0,17.667727272727276,0.027928,596.4498224639983,22.698033862470872
5964,2021-12-20 12:40:22.586889984,22.586363636363647,22.0,17.565454545454546,0.032509,596.4893918719984,22.696786526390742
5965,2021-12-20 12:40:22.691516160,22.61000000000001,22.0,17.685833333333342,0.034771,596.5940180479984,22.695612582500146
5966,2021-12-20 12:40:22.793456896,22.631666666666675,22.0,17.476666666666677,0.033455,596.6959587839983,22.694509682378555
5967,2021-12-20 12:40:22.911159040,22.51183673469389,22.0,17.465102040816348,0.035913,596.8136609279983,22.693475439583853
5968,2021-12-20 12:40:23.006169600,22.593043478260874,22.0,17.445217391304347,0.04765,596.9086714879983,22.692507435462957
5969,2021-12-20 12:40:23.086685952,22.59142857142858,22.0,17.435510204081634,0.040774,596.9891878399983,22.691603225061222
5970,2021-12-20 12:40:23.184794624,22.5291891891892,22.0,17.417297297297303,0.043489,597.0872965119983,22.690760343111993
5971,2021-12-20 12:40:23.343363328,22.506530612244912,22.0,17.456938775510203,0.038788,597.2458652159983,22.689976310086738
5972,2021-12-20 12:40:23.514998016,22.53515151515153,22.0,17.63999999999999,0.036513,597.4174999039983,22.689248638285274
5973,2021-12-20 12:40:23.561688576,22.51797575757577,22.0,17.6232,0.036897,597.4641904639983,22.688574837944877
5974,2021-12-20 12:40:23.608368896,22.50080000000001,22.0,17.60640000000001,0.03836,597.5108707839983,22.68795242334618
5975,2021-12-20 12:40:23.689690112,22.52244897959185,22.0,17.598571428571443,0.037541,597.5921919999982,22.687378918893064
5976,2021-12-20 12:40:23.784851712,22.527894736842114,22.0,17.58815789473684,0.043161,597.6873535999982,22.686851865143176
5977,2021-12-20 12:40:23.884992000,22.51183673469389,22.0,17.57857142857144,0.034999,597.7874938879983,22.686368824765044
5978,2021-12-20 12:40:23.984760064,22.508108108108114,22.0,17.568108108108095,0.037625,597.8872619519983,22.685927388397268
5979,2021-12-20 12:40:24.083944704,22.50122448979593,22.0,17.55857142857141,0.042882,597.9864465919983,22.685525180384865
5980,2021-12-20 12:40:24.189717760,22.51250000000001,22.0,17.548499999999997,0.045418,598.0922196479983,22.685159864367485
5981,2021-12-20 12:40:24.347230464,22.480000000000008,22.0,17.53999999999999,0.055815,598.2497323519983,22.684829148694156
5982,2021-12-20 12:40:24.508344064,22.528750000000006,22.0,17.540000000000003,0.041075,598.4108459519983,22.68453079163901
5983,2021-12-20 12:40:24.555809024,22.52953629032259,22.0,17.529193548387095,0.046855,598.4583109119983,22.68426260639247
5984,2021-12-20 12:40:24.603284224,22.53032258064517,22.0,17.518387096774187,0.052105,598.5057861119983,22.684022465802684
5985,2021-12-20 12:40:24.692088832,22.49061224489797,22.0,17.508979591836727,0.04835,598.5945907199983,22.68380830684228
5986,2021-12-20 12:40:24.779796992,22.506000000000007,22.0,17.499000000000002,0.045047,598.6822988799984,22.683618134775948
5987,2021-12-20 12:40:24.876306176,22.511836734693887,22.0,17.474081632653068,0.044282,598.7788080639983,22.683450027005083
5988,2021-12-20 12:40:24.984261888,22.506666666666675,22.0,17.248461538461548,0.044767,598.8867637759984,22.683302136566574
5989,2021-12-20 12:40:25.085277184,22.495918367346945,22.0,17.4687755102041,0.044278,598.9877790719984,22.68317269526379
5990,2021-12-20 12:40:25.175932416,22.497333333333344,22.0,17.44966666666666,0.042441,599.0784343039984,22.683060016408984
5991,2021-12-20 12:40:25.315501056,22.480000000000008,22.0,17.43959183673471,0.042113,599.2180029439984,22.68296249715795
5992,2021-12-20 12:40:25.513025792,22.48000000000001,22.0,17.42999999999999,0.047486,599.4155276799984,22.682878620419196
5993,2021-12-20 12:40:25.565278464,22.480000000000004,22.0,17.41966666666666,0.045485,599.4677803519984,22.682806956321933
5994,2021-12-20 12:40:25.617541376,22.48,22.0,17.409333333333333,0.047375,599.5200432639983,22.682746163229055
5995,2021-12-20 12:40:25.688562944,22.46938775510205,22.0,17.399999999999988,0.045759,599.5910648319983,22.682694988283828
5996,2021-12-20 12:40:25.782547456,22.465555555555564,22.0,17.38999999999999,0.048782,599.6850493439983,22.682652267481522
5997,2021-12-20 12:40:25.879951872,22.45877551020409,22.0,17.38,0.050923,599.7824537599984,22.682616925260145
5998,2021-12-20 12:40:25.979659776,22.465142857142865,22.0,17.37,0.038939,599.8821616639983,22.682587973607422
5999,2021-12-20 12:40:26.075786752,22.44750000000001,22.0,17.360208333333343,0.052411,599.9782886399984,22.68256451068466
6000,2021-12-20 12:40:26.142241792,22.479999999999997,22.0,17.3525,0.048099,600.0447436799984,22.682545718971863
6001,2021-12-20 12:40:26.297903872,22.47485148514853,22.0,17.34188118811879,,600.2004057599984,22.682530862942556
