frame,epoch time,sensor T,target T,drive T,df/f,time_s,sensor TF
0,2021-12-20 10:36:06.038861568,22.029169467114738,22.0,19.06926068170907,0.042747,0.0,22.026638614740182
1,2021-12-20 10:36:16.032400128,21.97980510105871,22.0,19.133693455245428,0.040883,9.993538560000001,22.024225535931734
2,2021-12-20 10:36:26.028322560,21.96459004568406,22.0,19.22407549891801,0.040848,19.989460992,22.021802362783415
3,2021-12-20 10:36:36.037501952,21.955361171106308,22.0,19.34052315814735,0.042542,29.998640384,22.019371450028164
4,2021-12-20 10:36:42.585555200,21.95599221789883,22.0,19.399517509727627,0.03916,36.546693632,22.01693517331147
5,2021-12-20 10:36:44.259313920,21.950263157894735,22.0,19.497456140350877,0.045645,38.220452352,22.014495924830754
6,2021-12-20 10:36:44.457804288,21.93938775510204,22.0,19.4,0.039069,38.418942720000004,22.012056108950024
7,2021-12-20 10:36:44.561505024,21.90877551020408,22.0,19.522448979591836,0.047501,38.522643456000004,22.009618137802494
8,2021-12-20 10:36:44.668042496,21.98190476190476,22.0,19.50857142857143,0.040349,38.629180928000004,22.00718442689375
9,2021-12-20 10:36:44.800198144,21.92408163265306,22.0,19.40469387755102,0.050997,38.761336576000005,22.00475739071771
10,2021-12-20 10:36:44.895098112,21.93875,22.0,19.41,0.045145,38.856236544000005,22.002339438397296
11,2021-12-20 10:36:44.961965568,21.94674418604651,22.0,19.41,0.040525,38.923104,21.999932969361417
12,2021-12-20 10:36:45.060476416,21.93938775510204,22.0,19.41,0.041915,39.021614848,21.99754036906932
13,2021-12-20 10:36:45.169126144,21.96404761904762,22.0,19.41,0.045194,39.130264576,21.99516400479305
14,2021-12-20 10:36:45.307890176,21.954375,22.0,19.41,0.050263,39.269028608,21.992806221468207
15,2021-12-20 10:36:45.410554880,21.94222222222222,22.0,19.41,0.038191,39.371693312,21.990469337622674
16,2021-12-20 10:36:45.471095808,21.97,22.0,19.41,0.043447,39.43223424,21.988155641392396
17,2021-12-20 10:36:45.558492160,21.918979591836734,22.0,19.41,0.042411,39.519630592,21.98586738663278
18,2021-12-20 10:36:45.660996096,21.97,22.0,19.41,0.049827,39.622134528,21.983606789133656
19,2021-12-20 10:36:45.792528384,21.949591836734694,22.0,19.41,0.047312,39.753666816,21.981376022945238
20,2021-12-20 10:36:45.903139328,21.970000000000002,22.0,19.41,0.040484,39.86427776,21.97917721682182
21,2021-12-20 10:36:45.972883456,21.9465625,22.0,19.42,0.039979,39.934021888000004,21.977012450789513
22,2021-12-20 10:36:46.058791168,21.959795918367348,22.0,19.42,0.043143,40.019929600000005,21.974883752843574
23,2021-12-20 10:36:46.160168704,21.97,22.0,19.42,0.038834,40.121307136000006,21.97279309578039
24,2021-12-20 10:36:46.289146112,21.975102040816324,22.0,19.42,0.045938,40.250284544,21.970742394168543
25,2021-12-20 10:36:46.399324416,21.97,22.0,19.42,0.044672,40.360462848000004,21.968733501462903
26,2021-12-20 10:36:46.471100416,21.97,22.0,19.42,0.047705,40.432238848000004,21.966768207265066
27,2021-12-20 10:36:46.558476800,21.93938775510204,22.0,19.42,0.045382,40.51961523200001,21.9648482347329
28,2021-12-20 10:36:46.664903424,21.910217391304347,22.0,19.477391304347826,0.035338,40.62604185600001,21.962975238141563
29,2021-12-20 10:36:46.799795200,21.97,22.0,19.606122448979594,0.048434,40.76093363200001,21.961150800597668
30,2021-12-20 10:36:46.904883968,21.97,22.0,19.42,0.040368,40.86602240000001,21.95937643190794
31,2021-12-20 10:36:46.972505856,21.97,22.0,19.43,0.042951,40.93364428800001,21.957653566603057
32,2021-12-20 10:36:47.060717056,21.9075,22.0,19.474999999999998,0.051437,41.021855488000014,21.955983562117108
33,2021-12-20 10:36:47.162788608,21.917674418604648,22.0,19.619767441860468,0.047556,41.12392704000001,21.954367697122493
34,2021-12-20 10:36:47.293536256,21.959795918367348,22.0,19.43,0.037064,41.254674688000016,21.952807170019653
35,2021-12-20 10:36:47.403392768,21.970000000000002,22.0,19.43,0.046448,41.364531200000016,21.951303097580784
36,2021-12-20 10:36:47.467715328,21.97,22.0,19.43074074074074,0.050633,41.42885376000002,21.94985651374616
37,2021-12-20 10:36:47.655272192,21.890774647887323,22.0,19.44,0.052604,41.61641062400002,21.948468368571394
38,2021-12-20 10:36:47.873295616,21.97,22.0,19.44,0.041209,41.83443404800002,21.94713952732359
39,2021-12-20 10:36:47.953681408,21.944358974358973,22.0,19.44,0.050542,41.91481984000002,21.945870769724042
40,2021-12-20 10:36:48.047917568,21.92918367346939,22.0,19.44,0.045769,42.00905600000002,21.94466278933486
41,2021-12-20 10:36:48.159081728,21.919999999999998,22.0,19.44,0.043905,42.120220160000024,21.943516193086587
42,2021-12-20 10:36:48.305781760,21.949591836734694,22.0,19.44,0.04387,42.26692019200002,21.94243150094375
43,2021-12-20 10:36:48.412047360,21.94222222222222,22.0,19.44,0.045564,42.37318579200002,21.941409145704927
44,2021-12-20 10:36:48.466704128,21.97,22.0,19.68,0.042182,42.42784256000002,21.940449472933846
45,2021-12-20 10:36:48.547693568,21.95469387755102,22.0,19.46938775510204,0.048667,42.50883200000003,21.939552741017927
46,2021-12-20 10:36:48.649131264,21.953333333333333,22.0,19.448666666666664,0.042091,42.610269696000024,21.9387191213504
47,2021-12-20 10:36:48.767718400,21.949591836734694,22.0,19.45,0.050524,42.72885683200003,21.937948698632084
48,2021-12-20 10:36:48.871057152,21.936666666666664,22.0,19.45,0.043371,42.832195584000026,21.937241471288868
49,2021-12-20 10:36:48.951624192,21.951707317073172,22.0,19.45,0.054019,42.912762624000024,21.93659735200088
50,2021-12-20 10:36:49.047529728,21.95469387755102,22.0,19.45,0.048167,43.00866816000002,21.936016168339425
51,2021-12-20 10:36:49.159035904,21.947272727272725,22.0,19.45,0.043547,43.12017433600002,21.935497663507572
52,2021-12-20 10:36:49.305856768,21.97,22.0,19.45,0.044937,43.26699520000002,21.93504149718044
53,2021-12-20 10:36:49.412524800,21.97,22.0,19.45,0.048216,43.37366323200002,21.934647246441195
54,2021-12-20 10:36:49.467402752,21.854615384615386,22.0,19.45,0.053285,43.42854118400002,21.934314406808912
55,2021-12-20 10:36:49.549599232,21.975102040816324,22.0,19.45,0.041233,43.51073766400002,21.934042393354524
56,2021-12-20 10:36:49.647617024,21.97,22.0,19.45,0.04648,43.60875545600002,21.933830541901177
57,2021-12-20 10:36:49.761788672,21.949591836734694,22.0,19.45,0.045444,43.72292710400002,21.933678110305376
58,2021-12-20 10:36:49.875990528,21.95611111111111,22.0,19.45,0.05288,43.83712896000002,21.933584279815545
59,2021-12-20 10:36:49.958176768,21.97,22.0,19.45,0.050334,43.91931520000002,21.933548156504685
60,2021-12-20 10:36:50.046619136,21.93938775510204,22.0,19.456122448979592,0.043261,44.007757568000024,21.933568772774052
61,2021-12-20 10:36:50.150692352,21.94674418604651,22.0,19.46,0.053844,44.11183078400003,21.933645088924877
62,2021-12-20 10:36:50.289053952,21.94448979591837,22.0,19.46,0.055526,44.25019238400003,21.933775994795436
63,2021-12-20 10:36:50.403788800,21.97,22.0,19.46,0.053606,44.36492723200003,21.933960311460826
64,2021-12-20 10:36:50.467397376,21.970000000000002,22.0,19.46,0.051695,44.42853580800003,21.93419679299303
65,2021-12-20 10:36:50.546556160,21.934285714285714,22.0,19.58734693877551,0.053159,44.50769459200003,21.93448412827917
66,2021-12-20 10:36:50.644865792,21.935116279069767,22.0,19.7,0.049613,44.60600422400003,21.934820942895925
67,2021-12-20 10:36:50.763271936,21.959795918367348,22.0,19.57265306122449,0.046549,44.72441036800003,21.935205801038308
68,2021-12-20 10:36:50.873842688,21.939696969696968,22.0,19.46242424242424,0.045705,44.83498112000003,21.93563720750124
69,2021-12-20 10:36:50.956240128,21.937105263157893,22.0,19.47,0.051305,44.91737856000003,21.936113609712464
70,2021-12-20 10:36:51.047458560,21.91270833333333,22.0,19.47,0.05647,45.00859699200003,21.936633399815573
71,2021-12-20 10:36:51.151783168,21.94674418604651,22.0,19.47,0.052872,45.11292160000003,21.937194916802085
72,2021-12-20 10:36:51.291351808,21.97,22.0,19.47,0.054701,45.25249024000003,21.93779644869167
73,2021-12-20 10:36:51.401439744,21.97,22.0,19.47,0.053169,45.36257817600003,21.938436234759834
74,2021-12-20 10:36:51.463972096,21.97,22.0,19.47,0.04957,45.425110528000026,21.93911246781241
75,2021-12-20 10:36:51.547496192,21.959795918367348,22.0,19.47,0.055762,45.508634624000024,21.939823296506475
76,2021-12-20 10:36:51.647606272,21.934285714285714,22.0,19.474285714285713,0.041076,45.608744704000024,21.940566827717284
77,2021-12-20 10:36:51.776231680,21.97,22.0,19.48,0.049644,45.73737011200002,21.941341128951052
78,2021-12-20 10:36:51.894607616,21.953870967741935,22.0,19.48,0.051612,45.85574604800002,21.942144230803446
79,2021-12-20 10:36:51.966846208,21.97,22.0,19.48,0.051221,45.92798464000002,21.942974129463764
80,2021-12-20 10:36:52.048217600,21.92918367346939,22.0,19.48,0.058316,46.00935603200002,21.943828789264856
81,2021-12-20 10:36:52.150781952,21.90888888888889,22.0,19.570666666666664,0.048013,46.11192038400002,21.944706145278857
82,2021-12-20 10:36:52.274167040,21.949166666666667,22.0,19.64,0.055647,46.23530547200002,21.945604105958804
83,2021-12-20 10:36:52.383490304,21.97,22.0,19.48,0.053984,46.34462873600002,21.946520555826282
84,2021-12-20 10:36:52.459832832,21.96264705882353,22.0,19.72,0.06118,46.420971264000016,21.947453358205188
85,2021-12-20 10:36:52.547440384,21.903673469387755,22.0,19.723061224489793,0.047642,46.50857881600002,21.94840035800154
86,2021-12-20 10:36:52.651563776,21.87760869565217,22.0,19.655,0.053278,46.612702208000016,21.949359384529423
87,2021-12-20 10:36:52.776940288,21.918979591836734,22.0,19.5,0.046089,46.73807872000002,21.95032825438284
88,2021-12-20 10:36:52.872685056,21.924545454545452,22.0,19.5,0.040222,46.83382348800002,21.951304774353197
89,2021-12-20 10:36:52.947035904,21.952954545454546,22.0,19.5,0.052043,46.90817433600002,21.95228674439211
90,2021-12-20 10:36:53.046612992,21.92408163265306,22.0,19.5,0.05097,47.00775142400002,21.95327196061892
91,2021-12-20 10:36:53.161528832,21.882790697674416,22.0,19.57813953488372,0.052101,47.12266726400002,21.954258218372207
92,2021-12-20 10:36:53.316034048,21.97,22.0,19.678979591836736,0.056112,47.27717248000002,21.9552433153045
93,2021-12-20 10:36:53.424311552,21.969999999999995,22.0,19.51,0.052235,47.38544998400002,21.95622505451898
94,2021-12-20 10:36:53.470589696,21.97,22.0,19.51,0.054938,47.43172812800002,21.957201247746944
95,2021-12-20 10:36:53.546972416,21.934285714285714,22.0,19.51,0.055565,47.508110848000015,21.958169718564527
96,2021-12-20 10:36:53.643813632,21.93341463414634,22.0,19.51,0.054322,47.60495206400002,21.95912830564703
97,2021-12-20 10:36:53.753006336,21.959795918367348,22.0,19.51,0.051555,47.71414476800002,21.960074866058925
98,2021-12-20 10:36:53.865447680,21.957179487179484,22.0,19.51,0.053475,47.826586112000015,21.96100727857741
99,2021-12-20 10:36:53.955871744,21.97,22.0,19.51,0.045927,47.91701017600001,21.96192344704723
100,2021-12-20 10:36:54.050349312,21.97,22.0,19.511458333333334,0.050118,48.011487744000014,21.962821303764233
101,2021-12-20 10:36:54.163162880,21.93341463414634,22.0,19.553658536585363,0.041524,48.124301312000014,21.963698812884974
102,2021-12-20 10:36:54.324397312,21.97,22.0,19.721836734693877,0.049858,48.285535744000015,21.964553973859477
103,2021-12-20 10:36:54.438468096,21.97,22.0,19.52,0.050703,48.399606528000014,21.965384824883976
104,2021-12-20 10:36:54.478188288,21.97,22.0,19.52,0.041974,48.43932672000001,21.966189446370446
105,2021-12-20 10:36:54.548324864,21.964897959183673,22.0,19.52,0.053025,48.509463296000014,21.966965964429363
106,2021-12-20 10:36:54.647911936,21.97,22.0,19.52,0.044374,48.60905036800001,21.96771255436205
107,2021-12-20 10:36:54.766670080,21.97,22.0,19.52,0.040886,48.72780851200001,21.96842744415872
108,2021-12-20 10:36:54.882933760,21.97,22.0,19.52,0.050802,48.84407219200001,21.969108917998227
109,2021-12-20 10:36:54.962846720,21.97,22.0,19.53,0.053739,48.923985152000014,21.969755319745243
110,2021-12-20 10:36:55.050424320,21.97,22.0,19.53,0.057929,49.01156275200002,21.970365056440595
111,2021-12-20 10:36:55.157896960,21.93590909090909,22.0,19.53,0.052903,49.119035392000015,21.970936601780135
112,2021-12-20 10:36:55.293050112,21.97,22.0,19.53,0.04553,49.254188544000016,21.971468499577465
113,2021-12-20 10:36:55.395393280,21.97,22.0,19.53,0.055012,49.35653171200001,21.97195936720564
114,2021-12-20 10:36:55.459605248,21.97,22.0,19.53,0.0467,49.420743680000015,21.972407899012815
115,2021-12-20 10:36:55.549154304,21.97,22.0,19.53,0.054653,49.51029273600002,21.97281286970673
116,2021-12-20 10:36:55.658668800,22.008888888888887,22.0,19.53,0.04882,49.61980723200002,21.973173137702613
117,2021-12-20 10:36:55.798760704,21.97,22.0,19.53,0.050384,49.75989913600002,21.973487648429167
118,2021-12-20 10:36:55.895772672,21.969999999999995,22.0,19.530000000000005,0.055998,49.85691110400002,21.973755437586966
119,2021-12-20 10:36:55.956032000,21.963243243243245,22.0,19.53,0.056831,49.91717043200002,21.97397563435359
120,2021-12-20 10:36:56.049272320,21.959795918367348,22.0,19.53,0.052911,50.01041075200002,21.974147464529622
121,2021-12-20 10:36:56.161945088,21.98190476190476,22.0,19.53,0.047225,50.12308352000002,21.974270253619604
122,2021-12-20 10:36:56.318703360,21.97,22.0,19.53,0.049365,50.27984179200002,21.97434342984189
123,2021-12-20 10:36:56.430541568,21.969999999999995,22.0,19.530000000000005,0.052248,50.39168000000002,21.97436652706128
124,2021-12-20 10:36:56.474425856,21.97,22.0,19.53,0.048111,50.43556428800002,21.97433918763812
125,2021-12-20 10:36:56.547790848,21.92918367346939,22.0,19.53938775510204,0.051945,50.508929280000025,21.97426116518752
126,2021-12-20 10:36:56.648926976,21.93590909090909,22.0,19.54,0.050449,50.610065408000025,21.974132327242348
127,2021-12-20 10:36:56.769475584,21.97,22.0,19.54,0.049389,50.730614016000025,21.97395265781339
128,2021-12-20 10:36:56.878949888,21.97,22.0,19.54,0.043294,50.84008832000003,21.97372225984021
129,2021-12-20 10:36:56.958651648,21.97,22.0,19.54,0.046622,50.91979008000003,21.973441357526074
130,2021-12-20 10:36:57.050986752,21.94448979591837,22.0,19.54,0.0478,51.01212518400003,21.97311029855024
131,2021-12-20 10:36:57.162341888,21.975681818181815,22.0,19.54,0.057394,51.12348032000003,21.972729556150917
132,2021-12-20 10:36:57.308378112,21.97,22.0,19.54,0.057844,51.26951654400003,21.9722997310722
133,2021-12-20 10:36:57.406929408,21.970000000000002,22.0,19.54,0.052767,51.36806784000002,21.97182155336826
134,2021-12-20 10:36:57.461606144,21.98470588235294,22.0,19.54,0.050418,51.42274457600002,21.971295884058154
135,2021-12-20 10:36:57.551154944,21.980204081632653,22.0,19.54,0.049627,51.512293376000024,21.97072371662454
136,2021-12-20 10:36:57.656706560,21.96404761904762,22.0,19.54,0.047067,51.61784499200002,21.970106178349752
137,2021-12-20 10:36:57.792372736,21.97,22.0,19.54,0.048891,51.753511168000024,21.969444531482676
138,2021-12-20 10:36:57.895329280,21.93052631578947,22.0,19.54,0.049248,51.856467712000025,21.968740174230057
139,2021-12-20 10:36:57.959682304,21.97,22.0,19.54,0.053019,51.920820736000024,21.967994641565898
140,2021-12-20 10:36:58.050307328,21.97,22.0,19.54,0.060806,52.01144576000002,21.9672096058529
141,2021-12-20 10:36:58.157156608,21.95780487804878,22.0,19.54,0.05163,52.11829504000002,21.966386877269876
142,2021-12-20 10:36:58.302629632,21.97,22.0,19.548571428571428,0.054146,52.26376806400002,21.9655284040393
143,2021-12-20 10:36:58.412988928,21.97,22.0,19.55,0.053085,52.37412736000002,21.964636272449418
144,2021-12-20 10:36:58.468108288,21.98923076923077,22.0,19.55,0.052755,52.429246720000016,21.963712706665472
145,2021-12-20 10:36:58.549419520,21.903673469387755,22.0,19.55,0.051571,52.51055795200001,21.96276006832494
146,2021-12-20 10:36:58.652738304,21.958636363636362,22.0,19.55,0.05354,52.613876736000016,21.961780855911805
147,2021-12-20 10:36:58.778587392,21.97,22.0,19.55,0.052645,52.73972582400002,21.96077770390529
148,2021-12-20 10:36:58.880799744,21.97,22.0,19.55,0.055807,52.84193817600002,21.959753381698757
149,2021-12-20 10:36:58.954597376,21.944358974358973,22.0,19.55,0.048432,52.91573580800002,21.958710792284794
150,2021-12-20 10:36:59.050945792,21.93938775510204,22.0,19.55,0.048954,53.01208422400002,21.95765297070281
151,2021-12-20 10:36:59.164222208,21.94159090909091,22.0,19.55,0.049558,53.12536064000002,21.956583082245967
152,2021-12-20 10:36:59.307944960,21.959795918367348,22.0,19.55,0.047905,53.26908339200002,21.95550442042458
153,2021-12-20 10:36:59.401416448,21.97,22.0,19.55,0.042162,53.36255488000002,21.954420404683585
154,2021-12-20 10:36:59.457793280,21.97,22.0,19.55,0.052987,53.41893171200002,21.95333457787209
155,2021-12-20 10:36:59.551214592,21.97,22.0,19.55,0.05422,53.512353024000014,21.952250603463565
156,2021-12-20 10:36:59.659099648,21.97,22.0,19.55,0.058427,53.620238080000014,21.951172262525628
157,2021-12-20 10:36:59.806091520,21.97,22.0,19.55,0.052134,53.767229952000015,21.95010345043907
158,2021-12-20 10:36:59.911854336,21.969999999999995,22.0,19.552000000000003,0.051724,53.87299276800002,21.949048173366158
159,2021-12-20 10:36:59.966289664,21.969999999999995,22.0,19.56,0.045489,53.927428096000014,21.948010544468996
160,2021-12-20 10:37:00.051523584,21.980204081632653,22.0,19.56,0.048909,54.012662016000014,21.94699477987917
161,2021-12-20 10:37:00.154661376,21.97,22.0,19.56,0.043694,54.11579980800001,21.946005194420643
162,2021-12-20 10:37:00.295618048,21.97,22.0,19.56,0.049276,54.256756480000014,21.945046197088455
163,2021-12-20 10:37:00.412334336,21.97,22.0,19.56,0.044172,54.37347276800001,21.944122286286476
164,2021-12-20 10:37:00.471980032,21.98086956521739,22.0,19.56,0.053633,54.43311846400001,21.943238044828124
165,2021-12-20 10:37:00.550414592,21.97,22.0,19.383673469387755,0.046915,54.51155302400001,21.942398134704696
166,2021-12-20 10:37:00.650766080,21.98190476190476,22.0,19.485714285714284,0.043124,54.61190451200001,21.941607291626525
167,2021-12-20 10:37:00.769886208,21.97,22.0,19.56,0.054309,54.73102464000001,21.94087031934309
168,2021-12-20 10:37:00.877861888,21.969999999999995,22.0,19.56,0.049835,54.83900032000001,21.940192083748684
169,2021-12-20 10:37:00.957925888,21.97,22.0,19.56,0.049061,54.91906432000001,21.939577506781088
170,2021-12-20 10:37:01.051789824,21.97,22.0,19.56,0.042944,55.01292825600001,21.93903156012139
171,2021-12-20 10:37:01.158749696,21.97,22.0,19.56,0.046714,55.11988812800001,21.93855925870375
172,2021-12-20 10:37:01.301315840,21.97,22.0,19.56,0.058253,55.26245427200001,21.93816565404465
173,2021-12-20 10:37:01.406686208,21.97,22.0,19.56,0.057979,55.36782464000001,21.937855827401712
174,2021-12-20 10:37:01.463676416,21.97,22.0,19.56,0.053819,55.42481484800001,21.937634882773043
175,2021-12-20 10:37:01.550831616,21.934285714285714,22.0,19.56,0.050971,55.51197004800001,21.93750793974857
176,2021-12-20 10:37:01.656011008,21.913181818181815,22.0,19.56,0.047138,55.617149440000006,21.93748012622545
177,2021-12-20 10:37:01.783047168,21.97,22.0,19.56,0.044247,55.74418560000001,21.93755657100023
178,2021-12-20 10:37:01.877896704,21.956842105263156,22.0,19.56,0.044197,55.83903513600001,21.937742396251085
179,2021-12-20 10:37:01.949843712,21.952954545454546,22.0,19.56,0.042441,55.91098214400001,21.93804270992388
180,2021-12-20 10:37:02.051170816,21.949591836734694,22.0,19.56,0.047311,56.01230924800001,21.938462598036402
181,2021-12-20 10:37:02.165050624,21.93875,22.0,19.56,0.051935,56.12618905600001,21.939007116915548
182,2021-12-20 10:37:02.312263680,21.97,22.0,19.56,0.054555,56.27340211200001,21.939681285382708
183,2021-12-20 10:37:02.410080512,21.97,22.0,19.56,0.049034,56.371218944000006,21.940490076902993
184,2021-12-20 10:37:02.461498624,21.955714285714283,25.085714285714285,19.57,0.045416,56.422637056000006,21.941438411714298
185,2021-12-20 10:37:02.550625024,21.97,26.0,21.87,0.052856,56.511763456000004,21.942531148952572
186,2021-12-20 10:37:02.655030016,21.97,26.0,23.305238095238092,0.04543,56.616168448,21.943773078789974
187,2021-12-20 10:37:02.793572864,21.980204081632653,26.0,23.378979591836732,0.052239,56.754711296,21.94516891460281
188,2021-12-20 10:37:02.897605632,21.97,26.0,23.41,0.050005,56.85874406400001,21.946723285186433
189,2021-12-20 10:37:02.960681216,21.97,26.0,23.558571428571426,0.053332,56.92181964800001,21.948440727034434
190,2021-12-20 10:37:03.051316224,21.97,26.0,23.618979591836734,0.046111,57.01245465600001,21.950325676699556
191,2021-12-20 10:37:03.156274432,21.88463414634146,26.0,23.704634146341462,0.041855,57.11741286400001,21.952382463253798
192,2021-12-20 10:37:03.293570048,21.959795918367348,26.0,23.775714285714287,0.053941,57.25470848000001,21.954615300865342
193,2021-12-20 10:37:03.397602816,21.97,26.0,23.81,0.058631,57.358741248000015,21.957028281509846
194,2021-12-20 10:37:03.460678400,21.998571428571427,26.0,23.954,0.044935,57.42181683200002,21.959625367833503
195,2021-12-20 10:37:03.551313664,21.95469387755102,26.0,24.015714285714285,0.050003,57.51245209600002,21.962410386185184
196,2021-12-20 10:37:03.655809024,21.952142857142857,26.0,24.09952380952381,0.049809,57.61694745600002,21.965387019834772
197,2021-12-20 10:37:03.784997632,21.94395833333333,26.0,24.171666666666667,0.045313,57.74613606400002,21.96855880239457
198,2021-12-20 10:37:03.881215232,21.97,26.0,24.21,0.053487,57.84235366400002,21.97192911146034
199,2021-12-20 10:37:03.951985408,21.981627906976744,26.0,24.34232558139535,0.047883,57.913123840000026,21.97550116248819
200,2021-12-20 10:37:04.052698880,21.964897959183673,26.0,24.42081632653061,0.052775,58.01383731200003,21.979278002923042
201,2021-12-20 10:37:04.166065920,22.02,26.0,24.36,0.052964,58.12720435200003,21.983262506594077
202,2021-12-20 10:37:04.313580544,21.980204081632653,26.0,24.456734693877554,0.050209,58.27471897600003,21.98745736839185
203,2021-12-20 10:37:04.413368832,21.97,26.0,24.62,0.053273,58.37450726400003,21.991865099241437
204,2021-12-20 10:37:04.463770880,21.97,26.0,24.7475,0.059374,58.42490931200003,21.996488021385066
205,2021-12-20 10:37:04.552022272,21.975102040816324,26.0,24.694897959183674,0.055012,58.51316070400003,22.001328263987173
206,2021-12-20 10:37:04.659293952,21.964318181818182,26.0,24.777272727272727,0.064553,58.620432384000026,22.00638775907398
207,2021-12-20 10:37:04.794889728,21.980204081632653,26.0,24.967551020408166,0.056185,58.75602816000003,22.011668237819
208,2021-12-20 10:37:04.894688000,21.97,26.0,25.01,0.055673,58.85582643200003,22.01717122718491
209,2021-12-20 10:37:04.958135552,21.983888888888888,26.0,25.134444444444444,0.051891,58.91927398400003,22.02289804693149
210,2021-12-20 10:37:05.050742272,21.95469387755102,26.0,25.202653061224492,0.053673,59.01188070400003,22.028849806998185
211,2021-12-20 10:37:05.164531456,21.97,26.0,25.28720930232558,0.057813,59.125669888000026,22.035027405269062
212,2021-12-20 10:37:05.322697984,21.98530612244898,26.0,25.36265306122449,0.054971,59.28383641600003,22.041431525726797
213,2021-12-20 10:37:05.434536192,21.969999999999995,26.0,25.41,0.05708,59.39567462400003,22.04806263700121
214,2021-12-20 10:37:05.478521088,22.04894736842105,26.0,25.57,0.048831,59.43965952000003,22.054920991316852
215,2021-12-20 10:37:05.551151872,22.00125,26.0,25.601666666666663,0.055508,59.512290304000025,22.062006623842997
216,2021-12-20 10:37:05.651503360,22.00409090909091,26.0,25.598863636363635,0.05693,59.612641792000026,22.069319352448264
217,2021-12-20 10:37:05.771327744,22.010816326530612,26.0,25.62408163265306,0.050424,59.732466176000024,22.076858777860963
218,2021-12-20 10:37:05.881747456,21.97,26.0,25.824375,0.056226,59.842885888000026,22.08462428423506
219,2021-12-20 10:37:05.960685056,22.027142857142856,26.0,25.93342857142857,0.052613,59.92182348800003,22.092615040120545
220,2021-12-20 10:37:06.051310080,22.041428571428572,26.0,26.001020408163264,0.05004,60.01244851200003,22.100829999835767
221,2021-12-20 10:37:06.164123904,22.075555555555557,26.0,26.083777777777776,0.049711,60.12526233600003,22.109267905238173
222,2021-12-20 10:37:06.313368576,22.06895833333333,26.0,26.16,0.048789,60.27450700800003,22.11792728788882
223,2021-12-20 10:37:06.416154112,22.10333333333333,26.0,26.21,0.057301,60.37729254400003,22.126806471604826
224,2021-12-20 10:37:06.468125440,22.121785714285714,26.0,26.344642857142855,0.061887,60.42926387200003,22.13590357539298
225,2021-12-20 10:37:06.551216896,22.17408163265306,26.0,26.324489795918364,0.055547,60.51235532800003,22.14521651675649
226,2021-12-20 10:37:06.653419008,22.112857142857145,26.0,26.34952380952381,0.051717,60.61455744000003,22.154743015366147
227,2021-12-20 10:37:06.785987328,22.16387755102041,26.0,26.481020408163264,0.050051,60.747125760000024,22.164480597085905
228,2021-12-20 10:37:06.896256256,22.199166666666667,26.0,26.37,0.042798,60.85739468800003,22.17442659834221
229,2021-12-20 10:37:06.963686912,22.22,26.0,26.488709677419354,0.047427,60.92482534400003,22.184578170825457
230,2021-12-20 10:37:07.050841856,22.18938775510204,26.0,26.55142857142857,0.050921,61.011980288000025,22.194932286511172
231,2021-12-20 10:37:07.160869632,22.202558139534883,26.0,26.627906976744185,0.04936,61.12200806400003,22.20548574298782
232,2021-12-20 10:37:07.318905344,22.22,26.0,26.70142857142857,0.050376,61.28004377600003,22.216235169077297
233,2021-12-20 10:37:07.441304576,22.22,26.0,26.75,0.043755,61.40244300800003,22.22717703073374
234,2021-12-20 10:37:07.484716032,22.22,26.0,26.910000000000004,0.042554,61.44585446400003,22.238307637205406
235,2021-12-20 10:37:07.548364800,22.23061224489796,26.0,26.928571428571427,0.037401,61.50950323200003,22.249623147444122
236,2021-12-20 10:37:07.646443264,22.244761904761905,26.0,26.98952380952381,0.051779,61.607581696000025,22.26111957674599
237,2021-12-20 10:37:07.761198080,22.251836734693875,26.0,27.077142857142857,0.048192,61.72233651200003,22.27279280360677
238,2021-12-20 10:37:07.888596480,22.22,26.0,27.13952380952381,0.042761,61.849734912000024,22.28463857677489
239,2021-12-20 10:37:07.972271360,22.22,26.0,27.2436,0.043838,61.93340979200002,22.29665252248472
240,2021-12-20 10:37:08.052194304,22.279583333333335,26.0,27.296666666666667,0.039131,62.013332736000024,22.308830151852398
241,2021-12-20 10:37:08.155080704,22.29090909090909,26.0,27.32136363636364,0.041459,62.116219136000026,22.321166868416235
242,2021-12-20 10:37:08.282851072,22.373877551020406,26.0,27.255306122448978,0.044478,62.24398950400003,22.33365797580353
243,2021-12-20 10:37:08.390213120,22.34,26.0,27.509999999999998,0.040571,62.351351552000025,22.346298685505452
244,2021-12-20 10:37:08.462501888,22.465142857142855,26.0,27.536285714285714,0.044863,62.423640320000025,22.359084124741713
245,2021-12-20 10:37:08.552704768,22.453469387755103,26.0,27.424693877551018,0.048023,62.513843200000025,22.372009344396616
246,2021-12-20 10:37:08.660740608,22.425581395348836,26.0,27.50302325581395,0.039254,62.621879040000024,22.385069327008193
247,2021-12-20 10:37:08.803095552,22.464081632653063,26.0,27.571428571428573,0.036773,62.76423398400002,22.398258994792233
248,2021-12-20 10:37:08.905388288,22.48,26.0,27.63,0.029851,62.866526720000024,22.411573217683316
249,2021-12-20 10:37:08.963686144,22.48,26.0,27.714848484848485,0.032194,62.92482457600003,22.425006821375167
250,2021-12-20 10:37:09.052591360,22.45877551020408,26.0,27.78,0.044607,63.01372979200003,22.438554595342964
251,2021-12-20 10:37:09.162769664,22.491818181818182,26.0,27.851136363636364,0.035025,63.12390809600003,22.45221130083061
252,2021-12-20 10:37:09.309570304,22.49083333333333,26.0,27.91875,0.041459,63.27070873600003,22.465971678786378
253,2021-12-20 10:37:09.417254400,22.48,26.0,27.98,0.02887,63.37839283200003,22.479830457730877
254,2021-12-20 10:37:09.471015936,22.500799999999998,26.0,28.066800000000004,0.036717,63.432154368000035,22.493782361541676
255,2021-12-20 10:37:09.551240704,22.506530612244898,26.0,28.128571428571426,0.036134,63.512379136000035,22.50782211713951
256,2021-12-20 10:37:09.654871296,22.562727272727273,26.0,28.166818181818186,0.033615,63.61600972800004,22.52194446206143
257,2021-12-20 10:37:09.784643328,22.554285714285715,26.0,28.051632653061223,0.031051,63.745781760000035,22.536144151906907
258,2021-12-20 10:37:09.892136192,22.542399999999997,26.0,28.33,0.030568,63.853274624000036,22.55041596764348
259,2021-12-20 10:37:09.962021120,22.59030303030303,26.0,28.158484848484846,0.034483,63.92315955200004,22.56475472275907
260,2021-12-20 10:37:10.051801344,22.564897959183675,26.0,28.225714285714286,0.028878,64.01293977600004,22.579155270248698
261,2021-12-20 10:37:10.165339136,22.633636363636363,26.0,28.318181818181817,0.028384,64.12647756800004,22.593612509424172
262,2021-12-20 10:37:10.325426944,22.676326530612243,26.0,28.588979591836736,0.027697,64.28656537600004,22.608121392535693
263,2021-12-20 10:37:10.441801216,22.69411764705882,26.0,28.42,0.023245,64.40293964800004,22.62267693119523
264,2021-12-20 10:37:10.482818816,22.740000000000002,26.0,28.49923076923077,0.020678,64.44395724800005,22.637274202592064
265,2021-12-20 10:37:10.549062912,22.644489795918364,26.0,28.556326530612246,0.019648,64.51020134400005,22.651908355491667
266,2021-12-20 10:37:10.650822400,22.655217391304344,26.0,28.86152173913043,0.026657,64.61196083200005,22.666574616009754
267,2021-12-20 10:37:10.770395392,22.72408163265306,26.0,28.926326530612243,0.02419,64.73153382400005,22.681268293154048
268,2021-12-20 10:37:10.884013824,22.74,26.0,28.75,0.026162,64.84515225600005,22.69598478412702
269,2021-12-20 10:37:10.965033216,22.74,26.0,28.82212121212121,0.032344,64.92617164800005,22.71071957938356
270,2021-12-20 10:37:11.053707008,22.75125,26.0,28.89,0.024208,65.01484544000004,22.725468267438195
271,2021-12-20 10:37:11.162074880,22.77139534883721,26.0,28.94860465116279,0.018881,65.12321331200005,22.740226539417183
272,2021-12-20 10:37:11.312054016,22.76204081632653,26.0,29.01857142857143,0.01743,65.27319244800005,22.754990193351425
273,2021-12-20 10:37:11.425873664,22.74,26.0,29.076842105263154,0.024623,65.38701209600005,22.769755138206847
274,2021-12-20 10:37:11.476496896,22.794,26.0,29.15,0.026927,65.43763532800006,22.784517397649374
275,2021-12-20 10:37:11.550948352,22.795102040816328,26.0,29.20877551020408,0.026546,65.51208678400006,22.799273113542323
276,2021-12-20 10:37:11.646371328,22.78846153846154,26.0,29.03461538461539,0.016101,65.60750976000006,22.81401854917458
277,2021-12-20 10:37:11.762936832,22.773061224489794,26.0,29.321020408163264,0.021399,65.72407526400005,22.82875009221852
278,2021-12-20 10:37:11.881865984,22.77085714285714,26.0,29.39485714285714,0.02285,65.84300441600006,22.843464257417
279,2021-12-20 10:37:11.964695808,22.846363636363634,26.0,29.47,0.02247,65.92583424000006,22.858157688999306
280,2021-12-20 10:37:12.053591040,22.833673469387755,26.0,29.301020408163264,0.01773,66.01472947200006,22.872827162826358
281,2021-12-20 10:37:12.164815360,22.850454545454543,26.0,29.345909090909092,0.014529,66.12595379200006,22.887469588265972
282,2021-12-20 10:37:12.316212736,22.891875,26.0,29.63416666666667,0.017125,66.27735116800007,22.902082009799294
283,2021-12-20 10:37:12.427376896,22.980000000000004,26.0,29.522777777777776,0.018841,66.38851532800007,22.91666160836002
284,2021-12-20 10:37:12.476400896,22.983,26.0,29.53,0.011435,66.43753932800007,22.931205702408302
285,2021-12-20 10:37:12.550490368,22.899795918367346,26.0,29.582653061224487,0.011392,66.51162880000007,22.945711748741708
286,2021-12-20 10:37:12.652169472,22.914,26.0,29.641999999999996,0.012749,66.61330790400007,22.960177343045945
287,2021-12-20 10:37:12.770082816,23.01,26.0,29.702653061224492,0.016355,66.73122124800007,22.974600220188414
288,2021-12-20 10:37:12.872305152,23.01,26.0,29.75758620689655,0.018481,66.83344358400007,22.988978254258008
289,2021-12-20 10:37:12.953877760,23.00357142857143,26.0,29.83,0.013914,66.91501619200007,23.003309458354988
290,2021-12-20 10:37:13.053505024,23.01,26.0,29.88142857142857,0.018132,67.01464345600007,23.017591984135024
291,2021-12-20 10:37:13.176075264,23.01,26.0,29.943181818181817,0.015503,67.13721369600007,23.031824121111853
292,2021-12-20 10:37:13.339824128,23.021020408163263,26.0,30.000204081632653,0.013505,67.30096256000007,23.04600429572338
293,2021-12-20 10:37:13.440618240,23.01,26.0,30.01,0.015876,67.40175667200008,23.060131070166324
294,2021-12-20 10:37:13.474685696,23.06142857142857,26.0,30.130000000000003,0.014286,67.43582412800008,23.07420314100486
295,2021-12-20 10:37:13.550585344,23.09265306122449,26.0,30.1765306122449,0.010677,67.51172377600008,23.088219337558908
296,2021-12-20 10:37:13.653783552,23.1,26.0,30.235333333333333,0.015807,67.61492198400008,23.10217862007816
297,2021-12-20 10:37:13.777138176,23.13122448979592,26.0,30.29530612244898,0.011492,67.73827660800008,23.11608007770811
298,2021-12-20 10:37:13.882911232,23.125714285714285,26.0,30.201428571428572,0.01746,67.84404966400008,23.129922926254725
299,2021-12-20 10:37:13.960108544,23.17342105263158,26.0,30.421842105263156,0.015613,67.92124697600008,23.143706505754636
300,2021-12-20 10:37:14.053358848,23.20125,26.0,30.284166666666668,0.010544,68.01449728000007,23.157430277857994
301,2021-12-20 10:37:14.161103104,23.2395,26.0,30.275,0.009782,68.12224153600008,23.17109382303152
302,2021-12-20 10:37:14.312440064,23.263469387755105,26.0,30.33285714285714,0.013755,68.27357849600007,23.184696837589524
303,2021-12-20 10:37:14.426370304,23.24823529411765,26.0,30.358823529411765,0.00588,68.38750873600007,23.198239130560886
304,2021-12-20 10:37:14.475786496,23.254285714285714,26.0,30.459999999999997,0.00196,68.43692492800007,23.211720620400413
305,2021-12-20 10:37:14.552058624,23.22489795918367,26.0,30.668163265306124,0.006412,68.51319705600007,23.22514133155318
306,2021-12-20 10:37:14.653053696,23.192093023255815,26.0,30.636279069767443,0.002943,68.61419212800007,23.238501390880703
307,2021-12-20 10:37:14.771490048,23.246938775510205,26.0,30.61040816326531,0.011796,68.73262848000007,23.251801023958134
308,2021-12-20 10:37:14.877926912,23.280000000000005,26.0,30.653333333333332,0.018974,68.83906534400008,23.26504055125177
309,2021-12-20 10:37:14.958805504,23.293846153846154,26.0,30.72923076923077,-0.003338,68.91994393600008,23.278220384186447
310,2021-12-20 10:37:15.055596288,23.28,26.0,30.77265306122449,0.008319,69.01673472000009,23.291341021112533
311,2021-12-20 10:37:15.168852736,23.28,26.0,30.82720930232558,0.012529,69.12999116800009,23.30440304318228
312,2021-12-20 10:37:15.314798336,23.307551020408166,26.0,30.879183673469385,0.006185,69.2759367680001,23.317407110145542
313,2021-12-20 10:37:15.412393984,23.325000000000003,26.0,30.899999999999995,0.000509,69.37353241600009,23.330353956074838
314,2021-12-20 10:37:15.464526080,23.337272727272726,26.0,30.76212121212121,0.001069,69.42566451200008,23.34324438502987
315,2021-12-20 10:37:15.553008640,23.335102040816327,26.0,30.939795918367345,0.006589,69.51414707200009,23.35607926667162
316,2021-12-20 10:37:15.663267584,23.304000000000002,26.0,31.094444444444445,0.005277,69.62440601600008,23.368859531836176
317,2021-12-20 10:37:15.808680192,23.34061224489796,26.0,31.14673469387755,0.003794,69.76981862400008,23.381586168078268
318,2021-12-20 10:37:15.911314944,23.364375000000003,26.0,31.17,0.006551,69.87245337600008,23.39426021519464
319,2021-12-20 10:37:15.966444288,23.397000000000002,26.0,31.26833333333333,0.000146,69.92758272000007,23.40688276073712
320,2021-12-20 10:37:16.052090624,23.390204081632657,26.0,31.30428571428571,0.002488,70.01322905600007,23.419454935525376
321,2021-12-20 10:37:16.160176896,23.424,26.0,31.214444444444442,-0.001731,70.12131532800007,23.431977909169166
322,2021-12-20 10:37:16.300278784,23.52244897959184,26.0,31.1565306122449,0.003247,70.26141721600007,23.444452885609646
323,2021-12-20 10:37:16.404432384,23.507368421052632,26.0,31.179999999999996,-0.001222,70.36557081600007,23.45688109868933
324,2021-12-20 10:37:16.465938688,23.55,26.0,31.2690625,-0.000183,70.42707712000008,23.469263807760115
325,2021-12-20 10:37:16.553506304,23.521874999999998,26.0,31.304999999999996,0.001558,70.51464473600008,23.481602293338643
326,2021-12-20 10:37:16.658715904,23.50704545454545,26.0,31.35727272727273,0.001286,70.61985433600007,23.493897852818172
327,2021-12-20 10:37:16.789423104,23.52795918367347,26.0,31.404489795918366,0.003164,70.75056153600008,23.506151796245867
328,2021-12-20 10:37:16.887139328,23.55,26.0,31.429999999999996,0.004575,70.84827776000007,23.518365442174392
329,2021-12-20 10:37:16.957024512,23.537142857142857,26.0,31.507380952380952,-0.000575,70.91816294400007,23.530540113596476
330,2021-12-20 10:37:17.054720512,23.533469387755105,26.0,31.5534693877551,0.001999,71.01585894400007,23.542677133970773
331,2021-12-20 10:37:17.174836480,23.574545454545454,26.0,31.6,-0.00165,71.13597491200007,23.554777823347177
332,2021-12-20 10:37:17.335175680,23.55,26.0,31.642448979591837,-0.003626,71.29631411200006,23.566843494599507
333,2021-12-20 10:37:17.433877504,23.55,26.0,31.67,0.001191,71.39501593600006,23.578875449773104
334,2021-12-20 10:37:17.472400896,23.55,26.0,31.764,0.005564,71.43353932800007,23.59087497655463
335,2021-12-20 10:37:17.553792512,23.57204081632653,26.0,31.675714285714285,-0.009013,71.51493094400007,23.602843344870823
336,2021-12-20 10:37:17.653409792,23.5905,26.0,31.6995,-0.00354,71.61454822400007,23.6147818036227
337,2021-12-20 10:37:17.775567616,23.623125,26.0,31.886666666666667,-0.001472,71.73670604800007,23.626691577561207
338,2021-12-20 10:37:17.888874240,23.586000000000002,26.0,31.91166666666667,-0.001121,71.85001267200008,23.638573864309794
339,2021-12-20 10:37:17.965699328,23.566363636363636,26.0,31.990303030303032,-0.008189,71.92683776000008,23.65042983153897
340,2021-12-20 10:37:18.054604544,23.61061224489796,26.0,32.03040816326531,-0.00413,72.01574297600008,23.66226061429728
341,2021-12-20 10:37:18.162801408,23.63590909090909,26.0,31.97409090909091,0.000594,72.12393984000009,23.674067312502686
342,2021-12-20 10:37:18.302420480,23.605102040816327,26.0,31.96387755102041,-0.001109,72.2635589120001,23.68585098859762
343,2021-12-20 10:37:18.403496192,23.581764705882353,26.0,32.16,-0.002311,72.36463462400009,23.69761266537061
344,2021-12-20 10:37:18.463604480,23.69294117647059,26.0,32.101176470588236,-0.00198,72.42474291200008,23.70935332394659
345,2021-12-20 10:37:18.553153280,23.67122448979592,26.0,32.00632653061224,-0.004723,72.51429171200009,23.721073901947463
346,2021-12-20 10:37:18.661209600,23.770909090909093,26.0,32.059318181818185,-0.006834,72.62234803200009,23.732775291824012
347,2021-12-20 10:37:18.799742208,23.72081632653061,26.0,32.1030612244898,-0.011799,72.7608806400001,23.744458339359486
348,2021-12-20 10:37:18.898263040,23.82,26.0,32.13,-0.00506,72.8594014720001,23.75612384234479
349,2021-12-20 10:37:18.960222208,23.798108108108107,26.0,32.18756756756757,-0.00648,72.9213606400001,23.767772549424592
350,2021-12-20 10:37:19.053925120,23.754285714285714,26.0,32.2934693877551,-0.004828,73.0150635520001,23.779405159113118
351,2021-12-20 10:37:19.167513344,23.777045454545455,26.0,32.46,-0.014972,73.1286517760001,23.791022318977884
352,2021-12-20 10:37:19.317864448,23.808979591836735,26.0,32.31224489795918,-0.004273,73.27900288000009,23.802624624989253
353,2021-12-20 10:37:19.419362816,23.82,26.0,32.35,-0.008327,73.38050124800009,23.81421262103314
354,2021-12-20 10:37:19.469503232,23.82,26.0,32.41655172413793,-0.006535,73.43064166400009,23.825786798583803
355,2021-12-20 10:37:19.553389312,23.826458333333335,26.0,32.44916666666666,-0.007985,73.51452774400009,23.83734759653327
356,2021-12-20 10:37:19.657331712,23.845454545454547,26.0,32.4925,-0.010732,73.61847014400009,23.848895401173444
357,2021-12-20 10:37:19.788350720,23.82,26.0,32.538979591836735,-0.003246,73.74948915200008,23.860430546326718
358,2021-12-20 10:37:19.891488512,23.90909090909091,26.0,32.57,-0.002421,73.85262694400008,23.871953313620438
359,2021-12-20 10:37:19.961021440,23.835135135135136,26.0,32.62081081081081,-0.008052,73.92215987200008,23.88346393290024
360,2021-12-20 10:37:20.054271744,23.84285714285714,26.0,32.6665306122449,-0.008539,74.01541017600007,23.894962582777097
361,2021-12-20 10:37:20.165948928,23.880000000000003,26.0,32.70666666666667,-0.00531,74.12708736000008,23.906449391302466
362,2021-12-20 10:37:20.318985728,23.90571428571429,26.0,32.71,-0.001107,74.28012416000007,23.91792443676569
363,2021-12-20 10:37:20.428118016,23.89466666666667,26.0,32.53,-0.0144,74.38925644800007,23.92938774860762
364,2021-12-20 10:37:20.475613184,23.97826086956522,26.0,32.76304347826087,-0.004146,74.43675161600007,23.940839308444183
365,2021-12-20 10:37:20.552921344,23.96857142857143,26.0,32.61571428571429,-0.010097,74.51405977600007,23.952279051193443
366,2021-12-20 10:37:20.655254272,23.963111111111115,26.0,32.65622222222222,-0.008957,74.61639270400006,23.96370686629953
367,2021-12-20 10:37:20.774515200,24.03,26.0,32.695,-0.018984,74.73565363200007,23.97512259904671
368,2021-12-20 10:37:20.874383872,24.006666666666668,26.0,32.73,-0.008385,74.83552230400007,23.986526051956773
369,2021-12-20 10:37:20.954981120,24.02186046511628,26.0,32.99790697674419,-0.010728,74.91611955200007,23.997916986262858
370,2021-12-20 10:37:21.055704576,23.991428571428575,26.0,32.82530612244898,-0.006658,75.01684300800007,24.00929512345289
371,2021-12-20 10:37:21.177641216,24.047906976744184,26.0,33.11372093023255,-0.012081,75.13877964800007,24.020660146875752
372,2021-12-20 10:37:21.339821056,24.1,26.0,33.13204081632653,-0.014533,75.30095948800006,24.032011703403345
373,2021-12-20 10:37:21.440615168,24.1,26.0,32.93,-0.007959,75.40175360000006,24.043349405141896
374,2021-12-20 10:37:21.475980032,24.1,26.0,32.97545454545454,-0.010258,75.43711846400006,24.0546728311858
375,2021-12-20 10:37:21.553710336,24.082857142857147,26.0,33.01244897959184,-0.012091,75.51484876800006,24.065981529407544
376,2021-12-20 10:37:21.652955392,24.079512195121954,26.0,33.05731707317073,-0.010545,75.61409382400007,24.077275018277273
377,2021-12-20 10:37:21.770054144,24.10571428571429,26.0,33.34530612244898,-0.007997,75.73119257600007,24.08855278870587
378,2021-12-20 10:37:21.879116032,24.1,26.0,33.12,-0.015105,75.84025446400007,24.09981430590546
379,2021-12-20 10:37:21.960507648,24.1,26.0,33.17,-0.009882,75.92164608000007,24.11105901126154
380,2021-12-20 10:37:22.055739392,24.122857142857143,26.0,33.21,-0.007836,76.01687782400008,24.12228632421097
381,2021-12-20 10:37:22.170112256,24.152093023255812,26.0,32.98,-0.008539,76.13125068800008,24.133495644120504
382,2021-12-20 10:37:22.323360256,24.111428571428572,26.0,33.27387755102041,-0.011816,76.28449868800008,24.144686352160328
383,2021-12-20 10:37:22.427795456,24.1,26.0,33.30769230769231,-0.014874,76.38893388800008,24.1558578131677
384,2021-12-20 10:37:22.474144000,24.1448,26.0,33.09,-0.011569,76.43528243200008,24.167009377495727
385,2021-12-20 10:37:22.553674752,24.158333333333335,26.0,33.12666666666667,-0.012761,76.51481318400008,24.178140382842596
386,2021-12-20 10:37:22.655032064,24.15727272727273,26.0,33.38704545454545,-0.018965,76.61617049600008,24.189250156056776
387,2021-12-20 10:37:22.773428224,24.145714285714288,26.0,33.44632653061225,-0.017828,76.73456665600008,24.20033801491394
388,2021-12-20 10:37:22.872099840,24.164615384615384,26.0,33.48076923076923,-0.015885,76.83323827200009,24.211403269861478
389,2021-12-20 10:37:22.953632512,24.29288888888889,26.0,33.28955555555556,-0.018849,76.91477094400008,24.222445225726776
390,2021-12-20 10:37:23.057514240,24.271428571428572,26.0,33.295102040816325,-0.011414,77.01865267200009,24.233463183385677
391,2021-12-20 10:37:23.174260736,24.286666666666665,26.0,33.33794871794872,-0.014504,77.13539916800009,24.244456441387868
392,2021-12-20 10:37:23.326885376,24.345714285714287,26.0,33.36448979591837,-0.006918,77.28802380800009,24.255424297536145
393,2021-12-20 10:37:23.429369088,24.296,26.0,33.4,-0.019032,77.39050752000009,24.26636605041685
394,2021-12-20 10:37:23.472237568,24.38,26.0,33.43,-0.017607,77.43337600000008,24.277281000879064
395,2021-12-20 10:37:23.553940992,24.322857142857142,26.0,33.461836734693875,-0.019225,77.51507942400008,24.28816845346057
396,2021-12-20 10:37:23.652803840,24.345,26.0,33.4925,-0.013032,77.61394227200007,24.29902771775881
397,2021-12-20 10:37:23.773684224,24.38,26.0,33.531666666666666,-0.017786,77.73482265600008,24.309858109745537
398,2021-12-20 10:37:23.883912960,24.36068965517241,26.0,33.55862068965517,-0.021059,77.84505139200007,24.320658953024253
399,2021-12-20 10:37:23.962458112,24.357297297297297,26.0,33.6,-0.010468,77.92359654400008,24.33142958002977
400,2021-12-20 10:37:24.054340608,24.345714285714287,26.0,33.623265306122455,-0.015986,78.01547904000007,24.342169333169604
401,2021-12-20 10:37:24.165353728,24.366976744186047,26.0,33.66069767441861,-0.018202,78.12649216000007,24.352877565907324
402,2021-12-20 10:37:24.315403264,24.38,26.0,33.69265306122449,-0.019733,78.27654169600007,24.363553643788155
403,2021-12-20 10:37:24.419526656,24.38,26.0,33.70428571428572,-0.021965,78.38066508800007,24.374196945407405
404,2021-12-20 10:37:24.470270720,24.400714285714287,26.0,33.76,-0.017281,78.43140915200007,24.38480686332266
405,2021-12-20 10:37:24.553754368,24.38,26.0,33.78938775510204,-0.019537,78.51489280000007,24.395382804910728
406,2021-12-20 10:37:24.657596160,24.393181818181816,26.0,33.63090909090909,-0.018829,78.61873459200007,24.405924193170623
407,2021-12-20 10:37:24.783686912,24.38,26.0,33.78040816326531,-0.022249,78.74482534400006,24.416430467473983
408,2021-12-20 10:37:24.882710528,24.406363636363633,26.0,33.87090909090909,-0.020479,78.84384896000006,24.426901084264365
409,2021-12-20 10:37:24.957313024,24.393488372093024,26.0,33.91441860465117,-0.027588,78.91845145600006,24.43733551770704
410,2021-12-20 10:37:25.055491840,24.404166666666665,26.0,33.75,-0.012222,79.01663027200006,24.447733260290942
411,2021-12-20 10:37:25.176734464,24.412222222222223,26.0,33.906666666666666,-0.020377,79.13787289600006,24.458093823384303
412,2021-12-20 10:37:25.339316480,24.439183673469387,26.0,34.00081632653061,-0.02009,79.30045491200006,24.468416737745617
413,2021-12-20 10:37:25.436580096,24.38,26.0,34.01,-0.017806,79.39771852800007,24.47870155399148
414,2021-12-20 10:37:25.474238208,24.424615384615382,26.0,34.08,-0.016303,79.43537664000007,24.48894784302272
415,2021-12-20 10:37:25.555941888,24.43326530612245,26.0,34.10020408163265,-0.023979,79.51708032000008,24.499155196410275
416,2021-12-20 10:37:25.656524544,24.455952380952382,26.0,34.12857142857143,-0.021325,79.61766297600008,24.50932322674203
417,2021-12-20 10:37:25.774779904,24.468775510204082,26.0,34.1595918367347,-0.029584,79.73591833600008,24.519451567931842
418,2021-12-20 10:37:25.875443200,24.536153846153848,26.0,34.17923076923077,-0.027633,79.83658163200008,24.5295398754917
419,2021-12-20 10:37:25.955165184,24.584318181818183,26.0,34.0484090909091,-0.020345,79.91630361600008,24.539587826768038
420,2021-12-20 10:37:26.055013632,24.575306122448982,26.0,33.987755102040815,-0.017523,80.01615206400008,24.54959512114292
421,2021-12-20 10:37:26.179867136,24.616046511627907,26.0,34.018837209302326,-0.026827,80.14100556800008,24.559561480200863
422,2021-12-20 10:37:26.347619328,24.639791666666667,26.0,34.04625,-0.020701,80.30875776000008,24.569486647861954
423,2021-12-20 10:37:26.451068672,24.5975,26.0,34.06,-0.026509,80.41220710400007,24.579370390481856
424,2021-12-20 10:37:26.481434624,24.618823529411767,26.0,34.11,-0.024593,80.44257305600007,24.589212496919224
425,2021-12-20 10:37:26.553341184,24.539795918367346,26.0,34.12591836734694,-0.023194,80.51447961600007,24.59901277857109
426,2021-12-20 10:37:26.654497536,24.604090909090914,26.0,34.27181818181818,-0.022411,80.61563596800008,24.608771069376697
427,2021-12-20 10:37:26.763408640,24.658163265306122,26.0,34.30755102040816,-0.022227,80.72454707200008,24.61848722579027
428,2021-12-20 10:37:26.863096320,24.643636363636364,26.0,34.198181818181816,-0.018703,80.82423475200008,24.62816112672314
429,2021-12-20 10:37:26.952112128,24.65148936170213,26.0,34.23468085106383,-0.025696,80.91325056000008,24.63779267345575
430,2021-12-20 10:37:27.056708096,24.652244897959186,26.0,34.25938775510204,-0.021577,81.01784652800008,24.647381789519905
431,2021-12-20 10:37:27.177156096,24.6555,26.0,34.28725,-0.02578,81.13829452800007,24.656928420551694
432,2021-12-20 10:37:27.332667136,24.664081632653065,26.0,34.3134693877551,-0.02615,81.29380556800007,24.6664325341155
433,2021-12-20 10:37:27.430524160,24.752857142857145,26.0,34.33,-0.023405,81.39166259200007,24.675894119499418
434,2021-12-20 10:37:27.470274560,24.690714285714286,26.0,34.3725,-0.024946,81.43141299200008,24.685313187482453
435,2021-12-20 10:37:27.553768448,24.67,26.0,34.392857142857146,-0.014028,81.51490688000008,24.694689770073847
436,2021-12-20 10:37:27.656805376,24.67659090909091,26.0,34.419090909090905,-0.02824,81.61794380800008,24.70402392022474
437,2021-12-20 10:37:27.778007808,24.67,26.0,34.442244897959185,-0.030216,81.73914624000008,24.713315711512433
438,2021-12-20 10:37:27.872927744,24.67,26.0,34.46,-0.022657,81.83406617600008,24.722565237797482
439,2021-12-20 10:37:27.952458752,24.700208333333336,26.0,34.49791666666667,-0.020445,81.91359718400008,24.73177261285371
440,2021-12-20 10:37:28.057547520,24.70625,26.0,34.52125,-0.029706,82.01868595200008,24.740937969971224
441,2021-12-20 10:37:28.179202560,24.706250000000004,26.0,34.5535,-0.031764,82.14034099200008,24.750061461532386
442,2021-12-20 10:37:28.339390720,24.735102040816326,26.0,34.5769387755102,-0.024395,82.30052915200008,24.759143258560634
443,2021-12-20 10:37:28.440194816,24.669999999999998,26.0,34.59,-0.019373,82.40133324800009,24.768183550241982
444,2021-12-20 10:37:28.476052736,24.754583333333333,26.0,34.45,-0.024738,82.43719116800008,24.77718254341897
445,2021-12-20 10:37:28.555593472,24.752857142857145,26.0,34.48061224489796,-0.020572,82.51673190400008,24.786140462056746
446,2021-12-20 10:37:28.656568576,24.845348837209304,26.0,34.582790697674426,-0.02818,82.61770700800008,24.795057546680923
447,2021-12-20 10:37:28.771464448,24.72326530612245,26.0,34.51183673469387,-0.03517,82.73260288000009,24.803934053786815
448,2021-12-20 10:37:28.869462272,24.76666666666667,26.0,34.72,-0.026234,82.83060070400009,24.812770255219668
449,2021-12-20 10:37:28.953117184,24.904468085106384,26.0,34.668510638297874,-0.026067,82.91425561600009,24.821566437525476
450,2021-12-20 10:37:29.057703168,24.800204081632653,26.0,34.505714285714284,-0.024063,83.01884160000009,24.83032290127215
451,2021-12-20 10:37:29.182506240,24.83186046511628,26.0,34.61767441860466,-0.029466,83.1436446720001,24.83903996034067
452,2021-12-20 10:37:29.339596544,24.923750000000002,26.0,34.7575,-0.028572,83.30073497600009,24.84771794118611
453,2021-12-20 10:37:29.431096832,24.96,26.0,34.57,-0.02857,83.39223526400009,24.85635718206856
454,2021-12-20 10:37:29.469589760,24.96,26.0,34.598,-0.028805,83.43072819200009,24.864958032254048
455,2021-12-20 10:37:29.555658496,24.906734693877553,26.0,34.616734693877554,-0.024856,83.51679692800009,24.873520851185912
456,2021-12-20 10:37:29.657257216,24.938780487804877,26.0,34.64536585365854,-0.026264,83.61839564800009,24.88204600762718
457,2021-12-20 10:37:29.783951360,24.96,26.0,34.66408163265306,-0.02706,83.74508979200009,24.89053387877484
458,2021-12-20 10:37:29.888165376,24.96,26.0,34.68,-0.025571,83.84930380800009,24.89898484934707
459,2021-12-20 10:37:29.960112128,24.92184210526316,26.0,34.70473684210526,-0.034582,83.92125056000009,24.907399310644966
460,2021-12-20 10:37:30.054448896,24.97183673469388,26.0,34.723673469387755,-0.026255,84.0155873280001,24.915777659590397
461,2021-12-20 10:37:30.172161024,24.97288888888889,26.0,34.74355555555556,-0.028917,84.13329945600009,24.924120297741965
462,2021-12-20 10:37:30.331262976,24.96,26.0,34.76326530612245,-0.029453,84.29240140800009,24.932427630291343
463,2021-12-20 10:37:30.433887488,24.96,26.0,34.78,-0.034972,84.3950259200001,24.94070006504256
464,2021-12-20 10:37:30.475569152,24.959999999999997,26.0,34.805,-0.030663,84.43670758400009,24.948938011376978
465,2021-12-20 10:37:30.553571072,24.983673469387757,26.0,34.82244897959183,-0.033246,84.5147095040001,24.957141879206986
466,2021-12-20 10:37:30.653701376,24.96,26.0,34.84418604651163,-0.033809,84.6148398080001,24.96531207792157
467,2021-12-20 10:37:30.776281600,24.96,26.0,34.872040816326525,-0.037085,84.7374200320001,24.97344901532715
468,2021-12-20 10:37:30.881873408,24.98148148148148,26.0,34.89,-0.031418,84.8430118400001,24.981553096587152
469,2021-12-20 10:37:30.960287744,24.96,26.0,34.912499999999994,-0.034438,84.9214261760001,24.9896247231639
470,2021-12-20 10:37:31.055690752,25.008333333333336,26.0,34.93125,-0.034917,85.0168291840001,24.997664291766508
471,2021-12-20 10:37:31.167387904,24.995365853658534,26.0,34.951463414634155,-0.028904,85.1285263360001,25.00567219330848
472,2021-12-20 10:37:31.322607360,25.01918367346939,26.0,34.971224489795915,-0.037239,85.2837457920001,25.013648811878674
473,2021-12-20 10:37:31.432353280,24.96,26.0,34.99,-0.041718,85.3934917120001,25.021594523729394
474,2021-12-20 10:37:31.477776384,24.96,26.0,35.01181818181818,-0.035443,85.43891481600009,25.029509696285135
475,2021-12-20 10:37:31.554742528,25.013265306122452,26.0,35.01979591836735,-0.031907,85.51588096000009,25.037394687175457
476,2021-12-20 10:37:31.656240640,24.99295454545455,26.0,34.78,-0.028691,85.61737907200009,25.04524984329539
477,2021-12-20 10:37:31.771890688,25.031020408163265,26.0,35.07,-0.034347,85.7330291200001,25.053075499896593
478,2021-12-20 10:37:31.871186176,25.011785714285715,26.0,35.09,-0.039527,85.83232460800009,25.06087197971232
479,2021-12-20 10:37:31.954317824,25.010434782608694,26.0,35.11,-0.03635,85.9154562560001,25.06863959211901
480,2021-12-20 10:37:32.056318976,25.05469387755102,26.0,35.1295918367347,-0.032839,86.0174574080001,25.07637863233708
481,2021-12-20 10:37:32.174543872,25.032500000000002,26.0,35.1495,-0.035313,86.1356823040001,25.084089380673365
482,2021-12-20 10:37:32.327751680,25.080833333333334,26.0,34.91041666666666,-0.041057,86.2888901120001,25.091772101807393
483,2021-12-20 10:37:32.427057152,25.121111111111112,26.0,34.913333333333334,-0.037733,86.3881955840001,25.099427044123413
484,2021-12-20 10:37:32.471645440,25.04,26.0,35.21,-0.02561,86.4327838720001,25.10705443908984
485,2021-12-20 10:37:32.557040384,25.036938775510205,26.0,34.97122448979592,-0.039458,86.5181788160001,25.114654500687546
486,2021-12-20 10:37:32.659866112,25.061162790697676,26.0,35.21302325581396,-0.034281,86.6210045440001,25.122227424888205
487,2021-12-20 10:37:32.780012288,25.125714285714288,26.0,35.257959183673464,-0.035242,86.7411507200001,25.129773389183782
488,2021-12-20 10:37:32.874922496,25.223636363636363,26.0,35.06681818181818,-0.038946,86.83606092800011,25.137292552167892
489,2021-12-20 10:37:32.953115392,25.20063829787234,26.0,35.028297872340424,-0.041372,86.91425382400011,25.144785053169713
490,2021-12-20 10:37:33.057711616,25.173061224489796,26.0,35.03857142857142,-0.033927,87.01885004800012,25.152251011940827
491,2021-12-20 10:37:33.182424320,25.1509756097561,26.0,35.06,-0.039294,87.14356275200012,25.15969052839537
492,2021-12-20 10:37:33.345368320,25.25,26.0,35.06857142857143,-0.03887,87.30650675200012,25.167103682403628
493,2021-12-20 10:37:33.444945408,25.25,26.0,35.07,-0.040965,87.40608384000012,25.17449053363915
494,2021-12-20 10:37:33.477856256,25.25,26.0,35.1,-0.042617,87.43899468800012,25.18185112147948
495,2021-12-20 10:37:33.554822144,25.153333333333336,26.0,35.11666666666667,-0.032801,87.51596057600013,25.189185464960357
496,2021-12-20 10:37:33.656521472,25.172666666666665,26.0,35.12777777777778,-0.035511,87.61765990400012,25.196493562783342
497,2021-12-20 10:37:33.774404608,25.214489795918368,26.0,35.14591836734694,-0.037968,87.73554304000012,25.203775393376638
498,2021-12-20 10:37:33.873207040,25.25,26.0,35.15592592592592,-0.039283,87.83434547200012,25.211030915008912
499,2021-12-20 10:37:33.955403264,25.230666666666668,26.0,35.17688888888889,-0.037525,87.91654169600012,25.218260065955825
500,2021-12-20 10:37:34.058802432,25.208571428571428,26.0,35.18755102040816,-0.038728,88.01994086400012,25.225462764718976
501,2021-12-20 10:37:34.180266240,25.26380952380952,26.0,35.207142857142856,-0.038686,88.14140467200012,25.232638910296853
502,2021-12-20 10:37:34.337638144,25.25,26.0,35.21714285714285,-0.038347,88.29877657600012,25.239788382507268
503,2021-12-20 10:37:34.434610176,25.25,26.0,35.22,-0.041114,88.39574860800012,25.246911042360704
504,2021-12-20 10:37:34.474129152,25.25,26.0,35.25,-0.038696,88.43526758400012,25.254006732484044
505,2021-12-20 10:37:34.557210624,25.25,26.0,35.2634693877551,-0.037859,88.51834905600012,25.261075277593854
506,2021-12-20 10:37:34.663074048,25.230227272727276,26.0,35.27613636363637,-0.033852,88.62421248000012,25.268116485018453
507,2021-12-20 10:37:34.802642688,25.262083333333333,26.0,35.2925,-0.042304,88.76378112000012,25.27513014526779
508,2021-12-20 10:37:34.914380288,25.28782608695652,26.0,35.30173913043478,-0.034843,88.87551872000012,25.282116032650077
509,2021-12-20 10:37:34.975021568,25.2848,26.0,35.33,-0.04351,88.93616000000011,25.289073905933932
510,2021-12-20 10:37:35.055256576,25.273673469387756,26.0,35.33591836734694,-0.039724,89.01639500800012,25.296003509054792
511,2021-12-20 10:37:35.156000256,25.278292682926832,26.0,35.34975609756098,-0.034821,89.11713868800011,25.302904571863987
512,2021-12-20 10:37:35.291244032,25.285510204081632,26.0,35.36571428571428,-0.037794,89.2523824640001,25.30977681091886
513,2021-12-20 10:37:35.413230848,25.270714285714288,26.0,35.37428571428571,-0.03395,89.37436928000011,25.31661993031208
514,2021-12-20 10:37:35.478881280,25.276363636363637,26.0,35.4,-0.028846,89.44001971200011,25.323433622538218
515,2021-12-20 10:37:35.556239616,25.326938775510204,26.0,35.41061224489796,-0.033822,89.51737804800011,25.330217569395398
516,2021-12-20 10:37:35.657999104,25.3225,26.0,35.42454545454546,-0.037123,89.61913753600011,25.336971442919687
517,2021-12-20 10:37:35.772080384,25.303265306122448,26.0,35.439795918367345,-0.040721,89.7332188160001,25.34369490634973
518,2021-12-20 10:37:35.869756160,25.25,26.0,35.45107142857143,-0.048142,89.8308945920001,25.350387615118947
519,2021-12-20 10:37:35.954115072,25.348723404255317,26.0,35.46978723404255,-0.03876,89.9152535040001,25.357049217872564
520,2021-12-20 10:37:36.058711296,25.30918367346939,26.0,35.484489795918364,-0.041637,90.01984972800011,25.36367935750649
521,2021-12-20 10:37:36.180416512,25.34441860465116,26.0,35.50023255813954,-0.03809,90.1415549440001,25.37027767222499
522,2021-12-20 10:37:36.332457472,25.403877551020408,26.0,35.39326530612245,-0.04518,90.2935959040001,25.37684379661394
523,2021-12-20 10:37:36.420045056,25.54,26.0,35.25,-0.041195,90.3811834880001,25.383377362726428
524,2021-12-20 10:37:36.464924928,25.41842105263158,26.0,35.545,-0.033901,90.4260633600001,25.38987800117736
525,2021-12-20 10:37:36.557722880,25.328541666666666,26.0,35.44875,-0.032627,90.5188613120001,25.3963453422438
526,2021-12-20 10:37:36.665980160,25.372444444444444,26.0,35.4,-0.04484,90.6271185920001,25.402779016967653
527,2021-12-20 10:37:36.800177664,25.38020408163265,26.0,35.486326530612246,-0.043975,90.7613160960001,25.409178658257456
528,2021-12-20 10:37:36.888137472,25.370833333333334,26.0,35.31,-0.036784,90.8492759040001,25.415543901986055
529,2021-12-20 10:37:36.954592512,25.45978723404255,26.0,35.41872340425532,-0.045732,90.91573094400009,25.42187438808098
530,2021-12-20 10:37:37.060204544,25.468979591836735,26.0,35.6130612244898,-0.042063,91.02134297600008,25.428169761604458
531,2021-12-20 10:37:37.181356544,25.41675,26.0,35.626999999999995,-0.034848,91.14249497600008,25.434429673820194
532,2021-12-20 10:37:37.337330176,25.492653061224487,26.0,35.56836734693877,-0.040487,91.29846860800008,25.440653783244127
533,2021-12-20 10:37:37.435479040,25.54,26.0,35.37,-0.032768,91.39661747200007,25.446841756676516
534,2021-12-20 10:37:37.474183168,25.539999999999996,26.0,35.394444444444446,-0.041718,91.43532160000008,25.452993270212993
535,2021-12-20 10:37:37.556590848,25.504489795918367,26.0,35.40244897959183,-0.040523,91.51772928000008,25.45910801023249
536,2021-12-20 10:37:37.655353088,25.54,26.0,35.41,-0.048323,91.61649152000008,25.465185674360097
537,2021-12-20 10:37:37.777008128,25.50979166666667,26.0,35.464375,-0.041785,91.73814656000008,25.47122597240324
538,2021-12-20 10:37:37.886200832,25.54,26.0,35.7,-0.044698,91.84733926400007,25.477228627259855
539,2021-12-20 10:37:37.964021760,25.53216216216216,26.0,35.43432432432432,-0.042146,91.92516019200006,25.48319337579743
540,2021-12-20 10:37:38.057272064,25.504489795918367,26.0,35.451632653061225,-0.045345,92.01841049600006,25.489119969702198
541,2021-12-20 10:37:38.167953408,25.51928571428571,26.0,35.46190476190476,-0.043269,92.12909184000006,25.495008176297986
542,2021-12-20 10:37:38.317278720,25.522244897959183,26.0,35.47142857142857,-0.040925,92.27841715200006,25.50085777933442
543,2021-12-20 10:37:38.423715584,25.54,26.0,35.48,-0.039333,92.38485401600006,25.506668579744545
544,2021-12-20 10:37:38.475183616,25.539999999999996,26.0,35.48185185185185,-0.046719,92.43632204800006,25.51244039637208
545,2021-12-20 10:37:38.557591296,25.47489795918367,26.0,35.513673469387754,-0.045681,92.51872972800007,25.518173066668815
546,2021-12-20 10:37:38.660346624,25.467499999999998,26.0,35.75545454545455,-0.040489,92.62148505600007,25.523866447362575
547,2021-12-20 10:37:38.780834816,25.534081632653063,26.0,35.511224489795914,-0.039229,92.74197324800006,25.529520415096627
548,2021-12-20 10:37:38.876710400,25.54,26.0,35.53,-0.048503,92.83784883200006,25.535134867041258
549,2021-12-20 10:37:38.954400512,25.586666666666662,26.0,35.54,-0.042043,92.91553894400006,25.540709721478414
550,2021-12-20 10:37:39.057799680,25.53448979591837,26.0,35.54,-0.045989,93.01893811200006,25.54624491836046
551,2021-12-20 10:37:39.184785664,25.533863636363638,26.0,35.55,-0.045009,93.14592409600006,25.55174041984394
552,2021-12-20 10:37:39.350515968,25.54,26.0,35.56,-0.038439,93.31165440000005,25.557196210799255
553,2021-12-20 10:37:39.446854144,25.54,26.0,35.57,-0.036971,93.40799257600005,25.56261229929718
554,2021-12-20 10:37:39.478929920,25.540000000000003,26.0,35.58,-0.041162,93.44006835200005,25.567988717072993
555,2021-12-20 10:37:39.556992256,25.521874999999998,26.0,35.58979166666667,-0.044543,93.51813068800006,25.573325519968986
556,2021-12-20 10:37:39.657444352,25.567272727272726,26.0,35.599545454545456,-0.039931,93.61858278400005,25.57862278835582
557,2021-12-20 10:37:39.772551424,25.588979591836733,26.0,35.3465306122449,-0.045114,93.73368985600005,25.583880627533148
558,2021-12-20 10:37:39.869744640,25.56222222222222,26.0,35.57703703703704,-0.050535,93.83088307200005,25.589099168109794
559,2021-12-20 10:37:39.954455552,25.564999999999998,26.0,35.62,-0.040025,93.91559398400005,25.59427856636342
560,2021-12-20 10:37:40.059544320,25.564999999999998,26.0,35.62895833333334,-0.042742,94.02068275200006,25.599419004579484
561,2021-12-20 10:37:40.186379520,25.58186046511628,26.0,35.639767441860464,-0.038669,94.14751795200006,25.604520691369043
562,2021-12-20 10:37:40.351496192,25.564489795918366,26.0,35.64857142857143,-0.042495,94.31263462400005,25.60958386196462
563,2021-12-20 10:37:40.446607360,25.54,26.0,35.65,-0.041858,94.40774579200006,25.614608778493135
564,2021-12-20 10:37:40.477053696,25.602500000000003,26.0,35.67,-0.048784,94.43819212800005,25.61959573022455
565,2021-12-20 10:37:40.556584704,25.564489795918366,26.0,35.67836734693878,-0.039838,94.51772313600006,25.624545033794686
566,2021-12-20 10:37:40.659229440,25.58772727272727,26.0,35.68,-0.037709,94.62036787200006,25.62945703340033
567,2021-12-20 10:37:40.777977600,25.58375,26.0,35.688125,-0.046442,94.73911603200006,25.63433210096442
568,2021-12-20 10:37:40.878238464,25.595555555555553,26.0,35.696296296296296,-0.045583,94.83937689600006,25.639170636268823
569,2021-12-20 10:37:40.958533632,25.630697674418602,26.0,35.708837209302324,-0.039794,94.91967206400007,25.643973067051927
570,2021-12-20 10:37:41.058291712,25.6134693877551,26.0,35.50061224489796,-0.042772,95.01943014400007,25.64873984906806
571,2021-12-20 10:37:41.178176512,25.686666666666667,26.0,35.44844444444445,-0.05401,95.13931494400006,25.653471466105362
572,2021-12-20 10:37:41.331102720,25.63795918367347,26.0,35.661428571428566,-0.040588,95.29224115200006,25.658168429958657
573,2021-12-20 10:37:41.420842752,25.689999999999998,26.0,35.73,-0.03461,95.38198118400005,25.6628312803536
574,2021-12-20 10:37:41.465863424,25.65142857142857,26.0,35.46,-0.047801,95.42700185600006,25.66746058481822
575,2021-12-20 10:37:41.556941312,25.619591836734692,26.0,35.667142857142856,-0.0436,95.51807974400006,25.67205693849778
576,2021-12-20 10:37:41.665540608,25.61333333333333,26.0,35.75,-0.053162,95.62667904000006,25.67662096390881
577,2021-12-20 10:37:41.798802688,25.619591836734692,26.0,35.7569387755102,-0.045972,95.75994112000005,25.68115331062807
578,2021-12-20 10:37:41.889317376,25.647142857142857,26.0,35.76,-0.045672,95.85045580800005,25.685654654912142
579,2021-12-20 10:37:41.955742208,25.68318181818182,26.0,35.4975,-0.044842,95.91688064000004,25.690125699243392
580,2021-12-20 10:37:42.059030784,25.656326530612247,26.0,35.682857142857145,-0.047853,96.02016921600004,25.694567171797924
581,2021-12-20 10:37:42.178613504,25.58186046511628,26.0,35.787441860465115,-0.041292,96.13975193600004,25.698979825831334
582,2021-12-20 10:37:42.329870080,25.735918367346937,26.0,35.79,-0.039279,96.29100851200003,25.703364438978145
583,2021-12-20 10:37:42.422114560,25.84,26.0,35.79,-0.04206,96.38325299200004,25.707721812460974
584,2021-12-20 10:37:42.468684544,25.754285714285714,26.0,35.560857142857145,-0.042145,96.42982297600004,25.712052770205645
585,2021-12-20 10:37:42.559309568,25.723673469387755,26.0,35.713469387755104,-0.04389,96.52044800000004,25.716358157858707
586,2021-12-20 10:37:42.663231744,25.766829268292685,26.0,35.6219512195122,-0.038668,96.62437017600004,25.720638841704247
587,2021-12-20 10:37:42.796011264,25.797142857142855,26.0,35.545918367346935,-0.0394,96.75714969600004,25.724895707477206
588,2021-12-20 10:37:42.896503552,25.756666666666668,26.0,35.55,-0.043786,96.85764198400004,25.72912965907081
589,2021-12-20 10:37:42.963401216,25.80923076923077,26.0,35.56,-0.044634,96.92453964800004,25.733341617136382
590,2021-12-20 10:37:43.059276800,25.735918367346937,26.0,35.720000000000006,-0.049699,97.02041523200003,25.737532517574113
591,2021-12-20 10:37:43.172110592,25.790000000000003,26.0,35.653333333333336,-0.044666,97.13324902400004,25.741703309914094
592,2021-12-20 10:37:43.320872448,25.821250000000003,26.0,35.565625000000004,-0.047282,97.28201088000003,25.745854955587415
593,2021-12-20 10:37:43.424312064,25.775714285714287,26.0,35.57,-0.049971,97.38545049600003,25.749988426087917
594,2021-12-20 10:37:43.473919488,25.84,26.0,35.58,-0.047517,97.43505792000003,25.754104701025746
595,2021-12-20 10:37:43.555512320,25.827755102040815,26.0,35.58,-0.043686,97.51665075200003,25.758204766074584
596,2021-12-20 10:37:43.657050624,25.839999999999996,26.0,35.5853488372093,-0.051281,97.61818905600003,25.76228961081518
597,2021-12-20 10:37:43.782095104,25.840000000000003,26.0,35.59,-0.042497,97.74323353600003,25.76636022647843
598,2021-12-20 10:37:43.884669440,25.8025,26.0,35.59,-0.044041,97.84580787200004,25.770417603592087
599,2021-12-20 10:37:43.960156928,25.79609756097561,26.0,35.75268292682927,-0.044991,97.92129536000003,25.774462729535905
600,2021-12-20 10:37:44.057269760,25.821632653061226,26.0,35.74857142857143,-0.040842,98.01840819200002,25.778496586010643
601,2021-12-20 10:37:44.182817280,25.813333333333333,26.0,35.605111111111114,-0.043907,98.14395571200002,25.782520146427178
602,2021-12-20 10:37:44.357419008,25.833877551020407,26.0,35.61,-0.0496,98.31855744000002,25.786534373222636
603,2021-12-20 10:37:44.463926016,25.84,26.0,35.61,-0.042985,98.42506444800001,25.790540215111108
604,2021-12-20 10:37:44.488981248,25.84,26.0,35.62,-0.049111,98.45011968000001,25.7945386042772
605,2021-12-20 10:37:44.555436288,25.827755102040815,26.0,35.62,-0.045609,98.51657472000001,25.79853045352121
606,2021-12-20 10:37:44.653323520,25.788780487804875,26.0,35.62,-0.048155,98.61446195200001,25.802516653365323
607,2021-12-20 10:37:44.761369600,25.840000000000003,26.0,35.62408163265306,-0.045634,98.72250803200001,25.80649806913083
608,2021-12-20 10:37:44.877422080,25.818048780487803,26.0,35.63,-0.050411,98.838560512,25.810475537996815
609,2021-12-20 10:37:44.967131904,25.84,26.0,35.63,-0.048878,98.928270336,25.814449866051316
610,2021-12-20 10:37:45.058642176,25.834166666666665,26.0,35.63375,-0.047432,99.01978060799999,25.818421825346125
611,2021-12-20 10:37:45.169997568,25.81954545454545,26.0,35.64,-0.04592,99.13113599999998,25.822392150966934
612,2021-12-20 10:37:45.321093120,25.840000000000003,26.0,35.64,-0.045204,99.28223155199998,25.8263615381308
613,2021-12-20 10:37:45.426865920,25.84,26.0,35.64,-0.048278,99.38800435199998,25.8303306393231
614,2021-12-20 10:37:45.477368576,25.84,26.0,35.65,-0.04451,99.43850700799999,25.834300061486402
615,2021-12-20 10:37:45.559474432,25.821632653061226,26.0,35.65,-0.043835,99.52061286399999,25.838270363273764
616,2021-12-20 10:37:45.660519936,25.83309523809524,26.0,35.653571428571425,-0.049326,99.62165836799998,25.842242052379106
617,2021-12-20 10:37:45.779257856,25.85265306122449,26.0,35.66,-0.051576,99.74039628799999,25.846215582957242
618,2021-12-20 10:37:45.880323584,25.84,26.0,35.66,-0.046656,99.84146201599998,25.85019135314615
619,2021-12-20 10:37:45.959763968,25.839999999999996,26.0,35.66,-0.041871,99.92090239999997,25.854169702703913
620,2021-12-20 10:37:46.059984640,25.840000000000003,26.0,35.66265306122449,-0.044798,100.02112307199998,25.858150910772668
621,2021-12-20 10:37:46.176248320,25.870243902439025,26.0,35.67,-0.044356,100.13738675199998,25.86213519378171
622,2021-12-20 10:37:46.327977472,25.87875,26.0,35.67,-0.046434,100.28911590399998,25.86612270350149
623,2021-12-20 10:37:46.428892416,25.84,26.0,35.67,-0.046844,100.39003084799998,25.870113525259946
624,2021-12-20 10:37:46.475130368,25.84,26.0,35.68,-0.033768,100.43626879999998,25.874107676332386
625,2021-12-20 10:37:46.558211584,25.858979591836732,26.0,35.68,-0.044964,100.51935001599998,25.878105104515416
626,2021-12-20 10:37:46.662063360,25.882272727272724,26.0,35.682272727272725,-0.045497,100.62320179199997,25.88210568689508
627,2021-12-20 10:37:46.790769152,25.85265306122449,26.0,35.69,-0.048361,100.75190758399998,25.886109228818846
628,2021-12-20 10:37:46.892046080,25.882272727272724,26.0,35.69,-0.046981,100.85318451199998,25.89011546308037
629,2021-12-20 10:37:46.963198464,25.84,26.0,35.69205128205128,-0.049229,100.92433689599999,25.894124049325345
630,2021-12-20 10:37:47.058621440,25.840000000000003,26.0,35.7,-0.049971,101.01975987199998,25.898134573686107
631,2021-12-20 10:37:47.175257088,25.867555555555555,26.0,35.7,-0.040283,101.13639551999998,25.902146548651775
632,2021-12-20 10:37:47.328344320,25.85265306122449,26.0,35.70142857142857,-0.045755,101.28948275199998,25.906159413179978
633,2021-12-20 10:37:47.425215744,25.901999999999997,26.0,35.71,-0.044344,101.38635417599998,25.910172533055384
634,2021-12-20 10:37:47.471443456,25.88133333333333,26.0,35.71,-0.046118,101.43258188799999,25.914185201499354
635,2021-12-20 10:37:47.557099776,25.86530612244898,26.0,35.71,-0.034788,101.51823820799999,25.918196640034196
636,2021-12-20 10:37:47.662259200,25.867555555555555,26.0,35.71088888888889,-0.044026,101.62339763199998,25.92220599960438
637,2021-12-20 10:37:47.787223296,25.86530612244898,26.0,35.72,-0.049625,101.74836172799998,25.92621236195629
638,2021-12-20 10:37:47.879558400,25.888947368421054,26.0,35.72,-0.046193,101.84069683199998,25.930214741277016
639,2021-12-20 10:37:47.956544512,25.896938775510204,26.0,35.72061224489796,-0.051492,101.91768294399998,25.934212086091737
640,2021-12-20 10:37:48.061643520,25.932340425531912,26.0,35.72382978723404,-0.050154,102.02278195199997,25.9382032814181
641,2021-12-20 10:37:48.184414976,25.88931818181818,26.0,35.44659090909091,-0.044933,102.14555340799997,25.94218715117516
642,2021-12-20 10:37:48.341042432,25.877959183673468,26.0,35.73,-0.05075,102.30218086399996,25.946162460843194
643,2021-12-20 10:37:48.428630016,25.84,26.0,35.73,-0.045611,102.38976844799997,25.950127920369855
644,2021-12-20 10:37:48.469044224,25.97285714285714,26.0,35.73,-0.050637,102.43018265599997,25.954082187316992
645,2021-12-20 10:37:48.560554496,25.915918367346936,26.0,35.74,-0.042921,102.52169292799996,25.95802387024146
646,2021-12-20 10:37:48.663551232,25.95625,26.0,35.74,-0.047915,102.62468966399996,25.961951532302276
647,2021-12-20 10:37:48.793906688,25.934897959183672,26.0,35.74,-0.047775,102.75504511999996,25.965863695085446
648,2021-12-20 10:37:48.895183616,25.905263157894737,26.0,35.74894736842106,-0.049904,102.85632204799997,25.969758842636807
649,2021-12-20 10:37:48.964283904,25.940749999999998,26.0,35.46,-0.048741,102.92542233599997,25.973635425692358
650,2021-12-20 10:37:49.060773120,25.966530612244895,26.0,35.46959183673469,-0.043109,103.02191155199996,25.977491866094525
651,2021-12-20 10:37:49.172983296,25.95341463414634,26.0,35.46073170731707,-0.044644,103.13412172799997,25.981326561382105
652,2021-12-20 10:37:49.321684992,25.962708333333335,26.0,35.46,-0.048379,103.28282342399997,25.985137889540614
653,2021-12-20 10:37:49.426109952,25.90642857142857,26.0,35.46,-0.048116,103.38724838399997,25.9889242138991
654,2021-12-20 10:37:49.476059392,26.03518518518518,26.0,35.74,-0.046625,103.43719782399998,25.992683888158595
655,2021-12-20 10:37:49.558054656,25.934897959183672,26.0,35.4795918367347,-0.050974,103.51919308799998,25.99641526153681
656,2021-12-20 10:37:49.659995392,25.924545454545456,26.0,35.70704545454546,-0.055321,103.62113382399998,26.000116684012816
657,2021-12-20 10:37:49.777797888,25.95387755102041,26.0,35.74,-0.048139,103.73893631999998,26.003786511655033
658,2021-12-20 10:37:49.872597248,25.982083333333332,26.0,35.5225,-0.045078,103.83373567999998,26.007423112015218
659,2021-12-20 10:37:49.954733056,26.010816326530612,26.0,35.69857142857143,-0.050991,103.91587148799998,26.011024869570704
660,2021-12-20 10:37:50.058735872,26.055652173913042,26.0,35.74,-0.045851,104.01987430399998,26.014590191196604
661,2021-12-20 10:37:50.185590784,26.013023255813952,26.0,35.473023255813956,-0.039008,104.14672921599998,26.01811751164935
662,2021-12-20 10:37:50.355535616,26.042448979591835,26.0,35.46,-0.042742,104.31667404799998,26.021605299042722
663,2021-12-20 10:37:50.453453056,25.84,26.0,35.46,-0.047341,104.41459148799999,26.025052060297167
664,2021-12-20 10:37:50.481656576,26.15,26.0,35.46,-0.050407,104.44279500799999,26.028456346543184
665,2021-12-20 10:37:50.558260480,26.02979591836735,26.0,35.45224489795918,-0.053163,104.51939891199999,26.03181675845941
666,2021-12-20 10:37:50.659024384,26.05840909090909,26.0,35.45,-0.053906,104.62016281599999,26.03513195152607
667,2021-12-20 10:37:50.771727360,26.10571428571428,26.0,35.45,-0.046793,104.73286579199998,26.038400641174466
668,2021-12-20 10:37:50.869342976,26.11793103448276,26.0,35.44413793103449,-0.039044,104.83048140799998,26.04162160781342
669,2021-12-20 10:37:50.956729344,26.02979591836735,26.0,35.65306122448979,-0.047041,104.91786777599998,26.044793701713676
670,2021-12-20 10:37:51.060742144,26.04891304347826,26.0,35.52195652173913,-0.046379,105.02188057599999,26.047915847731755
671,2021-12-20 10:37:51.180526080,26.104634146341464,26.0,35.44,-0.045172,105.14166451199999,26.05098704985492
672,2021-12-20 10:37:51.339215616,26.11204081632653,26.0,35.44,-0.054559,105.30035404799999,26.05400639554967
673,2021-12-20 10:37:51.436187648,26.149999999999995,26.0,35.44,-0.050963,105.39732607999998,26.056973059896322
674,2021-12-20 10:37:51.475505408,26.11793103448276,26.0,35.43,-0.049895,105.43664383999999,26.059886309492995
675,2021-12-20 10:37:51.560487936,26.010816326530612,26.0,35.43,-0.044524,105.52162636799999,26.062745506112925
676,2021-12-20 10:37:51.663706112,26.009090909090904,26.0,35.43,-0.050687,105.62484454399998,26.06555011009967
677,2021-12-20 10:37:51.781217024,26.130625,26.0,35.42333333333334,-0.045257,105.74235545599998,26.068299683485577
678,2021-12-20 10:37:51.874960128,26.124166666666667,26.0,35.42,-0.047346,105.83609855999998,26.070993892819594
679,2021-12-20 10:37:51.956100352,26.15,26.0,35.42,-0.057228,105.91723878399998,26.073632511691375
680,2021-12-20 10:37:52.057528064,26.108666666666664,26.0,35.58177777777778,-0.054068,106.01866649599998,26.076215422939423
681,2021-12-20 10:37:52.182693376,26.09833333333333,26.0,35.49285714285714,-0.055581,106.14383180799997,26.07874262053193
682,2021-12-20 10:37:52.355112448,26.124693877551017,26.0,35.41,-0.049485,106.31625087999997,26.081214211109987
683,2021-12-20 10:37:52.457415168,26.15,26.0,35.41,-0.047521,106.41855359999997,26.083630415183702
684,2021-12-20 10:37:52.483607040,26.15,26.0,35.41,-0.053644,106.44474547199997,26.085991567972826
685,2021-12-20 10:37:52.556952064,26.067755102040817,26.0,35.41,-0.05469,106.51809049599997,26.088298119884456
686,2021-12-20 10:37:52.658530560,26.05840909090909,26.0,35.54363636363636,-0.043179,106.61966899199997,26.09055063662143
687,2021-12-20 10:37:52.766596864,26.131020408163263,26.0,35.53612244897959,-0.053026,106.72773529599998,26.092749798916106
688,2021-12-20 10:37:52.866053120,26.122647058823528,26.0,35.4,-0.049992,106.82719155199997,26.094896401885297
689,2021-12-20 10:37:52.956557568,26.149999999999995,26.0,35.4,-0.052534,106.91769599999998,26.096991354003244
690,2021-12-20 10:37:53.058960896,26.15,26.0,35.4,-0.051624,107.02009932799997,26.099035675690505
691,2021-12-20 10:37:53.179398912,26.14205128205128,26.0,35.39384615384615,-0.056385,107.14053734399997,26.10103049751781
692,2021-12-20 10:37:53.344747008,26.13734693877551,26.0,35.39,-0.049098,107.30588543999997,26.102977058024955
693,2021-12-20 10:37:53.451847680,26.15,26.0,35.39,-0.050012,107.41298611199997,26.104876701155963
694,2021-12-20 10:37:53.485703680,26.15,26.0,35.38,-0.053478,107.44684211199997,26.1067308733129
695,2021-12-20 10:37:53.559782912,26.085416666666664,26.0,35.38,-0.052756,107.52092134399997,26.108541120031614
696,2021-12-20 10:37:53.658756608,26.063488372093023,26.0,35.481162790697674,-0.049201,107.61989503999997,26.110309082283923
697,2021-12-20 10:37:53.766420480,26.118367346938776,26.0,35.551632653061226,-0.044969,107.72755891199998,26.112036492411853
698,2021-12-20 10:37:53.865605120,26.14060606060606,26.0,35.38,-0.048942,107.82674355199998,26.113725169700402
699,2021-12-20 10:37:53.956210176,26.13734693877551,26.0,35.38,-0.053102,107.91734860799998,26.115377015596476
700,2021-12-20 10:37:54.059206912,26.15,26.0,35.37652173913043,-0.049414,108.02034534399998,26.116994008582584
701,2021-12-20 10:37:54.184171008,26.15,26.0,35.37,-0.044852,108.14530943999998,26.11857819871488
702,2021-12-20 10:37:54.353240832,26.15,26.0,35.37,-0.047715,108.31437926399998,26.120131701836083
703,2021-12-20 10:37:54.453562112,26.15,26.0,35.37,-0.052985,108.41470054399998,26.121656693474844
704,2021-12-20 10:37:54.482680832,26.15,26.0,35.36,-0.043792,108.44381926399998,26.12315540244392
705,2021-12-20 10:37:54.558570496,26.11204081632653,26.0,35.36,-0.047644,108.51970892799999,26.12463010415049
706,2021-12-20 10:37:54.657674752,26.127857142857142,26.0,35.36,-0.050736,108.61881318399999,26.126083113632728
707,2021-12-20 10:37:54.770116352,26.149999999999995,26.0,35.35729166666667,-0.048138,108.73125478399999,26.1275167783377
708,2021-12-20 10:37:54.874531584,26.15,26.0,35.35,-0.049902,108.83567001599998,26.12893347065638
709,2021-12-20 10:37:54.960982528,26.150000000000002,26.0,35.35,-0.052924,108.92212095999999,26.13033558023232
710,2021-12-20 10:37:55.061696000,26.15,26.0,35.347959183673474,-0.051082,109.02283443199998,26.131725506061347
711,2021-12-20 10:37:55.176561664,26.134499999999996,26.0,35.34,-0.052255,109.13770009599999,26.133105648400228
712,2021-12-20 10:37:55.328260608,26.16265306122449,26.0,35.34,-0.055625,109.28939903999999,26.13447840050294
713,2021-12-20 10:37:55.430895360,26.15,26.0,35.34,-0.052557,109.39203379199999,26.135846140203828
714,2021-12-20 10:37:55.476338688,26.172962962962963,26.0,35.33,-0.045064,109.43747712,26.137211221367437
715,2021-12-20 10:37:55.559128576,26.131020408163263,26.0,35.33,-0.04864,109.52026700799999,26.138575965225396
716,2021-12-20 10:37:55.663362560,26.128863636363633,26.0,35.33,-0.049481,109.624500992,26.13994265162114
717,2021-12-20 10:37:55.790921472,26.15,26.0,35.32877551020408,-0.046276,109.75205990399999,26.141313510183767
718,2021-12-20 10:37:55.892862208,26.15,26.0,35.32,-0.048229,109.85400064,26.142690711452623
719,2021-12-20 10:37:55.965201408,26.15,26.0,35.32,-0.048809,109.92633984,26.14407635797465
720,2021-12-20 10:37:56.060604416,26.15,26.0,35.31918367346939,-0.04704,110.021742848,26.145472475396666
721,2021-12-20 10:37:56.170229504,26.165897435897435,26.0,35.31,-0.054735,110.131367936,26.14688100357509
722,2021-12-20 10:37:56.322783488,26.15,26.0,35.31,-0.049687,110.28392192,26.148303787725784
723,2021-12-20 10:37:56.436703744,26.15,26.0,35.31,-0.056044,110.397842176,26.149742569636803
724,2021-12-20 10:37:56.484470528,26.179523809523808,26.0,35.30904761904762,-0.056269,110.44560896,26.15119897896683
725,2021-12-20 10:37:56.558549760,26.149999999999995,26.0,35.3,-0.048813,110.519688192,26.152674524652216
726,2021-12-20 10:37:56.658549248,26.12933333333333,26.0,35.3,-0.043993,110.61968768,26.154170586445517
727,2021-12-20 10:37:56.769562368,26.16265306122449,26.0,35.299795918367344,-0.054787,110.7307008,26.15568840660815
728,2021-12-20 10:37:56.868224256,26.15,26.0,35.29,-0.051272,110.82936268799999,26.15722908177985
729,2021-12-20 10:37:56.957270016,26.15,26.0,35.29,-0.046062,110.918408448,26.158793555047282
730,2021-12-20 10:37:57.057601536,26.128863636363633,26.0,35.29,-0.04456,111.01873996799999,26.160382608234013
731,2021-12-20 10:37:57.186216704,26.177555555555557,26.0,35.28,-0.055159,111.14735513599999,26.161996854433596
732,2021-12-20 10:37:57.361834496,26.15,26.0,35.28,-0.057118,111.32297292799998,26.163636730807223
733,2021-12-20 10:37:57.457126656,26.15,26.0,35.28,-0.054181,111.41826508799998,26.16530249166696
734,2021-12-20 10:37:57.481870080,26.15,26.0,35.28,-0.055048,111.44300851199998,26.166994201865098
735,2021-12-20 10:37:57.559218176,26.15,26.0,35.27061224489796,-0.053692,111.52035660799997,26.168711730509575
736,2021-12-20 10:37:57.657417216,26.16512195121951,26.0,35.27,-0.047864,111.61855564799997,26.17045474502497
737,2021-12-20 10:37:57.765372672,26.149999999999995,26.0,35.27,-0.045532,111.72651110399997,26.172222705577767
738,2021-12-20 10:37:57.866006016,26.1790625,26.0,35.016875,-0.050948,111.82714444799997,26.174014859883968
739,2021-12-20 10:37:57.957294848,26.18163265306122,26.0,35.2304081632653,-0.052806,111.91843327999997,26.175830238416463
740,2021-12-20 10:37:58.061891072,26.163191489361697,26.0,35.251063829787235,-0.058854,112.02302950399998,26.17766765002868
741,2021-12-20 10:37:58.181584640,26.165499999999998,26.0,35.25,-0.049911,112.14272307199998,26.179525678010325
742,2021-12-20 10:37:58.340384768,26.15,26.0,35.25,-0.056701,112.30152319999998,26.181402676590004
743,2021-12-20 10:37:58.440293632,26.15,26.0,35.24857142857143,-0.053868,112.40143206399998,26.183296767898728
744,2021-12-20 10:37:58.477398784,26.112799999999996,26.0,35.24,-0.049619,112.43853721599997,26.185205839407296
745,2021-12-20 10:37:58.558790400,26.15,26.0,35.24,-0.051985,112.51992883199998,26.18712754184943
746,2021-12-20 10:37:58.663195392,26.171136363636364,26.0,35.23181818181818,-0.056913,112.62433382399998,26.1890592876417
747,2021-12-20 10:37:58.789285888,26.18163265306122,26.0,35.23,-0.051043,112.75042431999998,26.190998249810043
748,2021-12-20 10:37:58.893278464,26.15,26.0,35.23,-0.04798,112.85441689599998,26.19294136143166
749,2021-12-20 10:37:58.966724096,26.182631578947365,26.0,35.23,-0.044165,112.92786252799998,26.194885315599855
750,2021-12-20 10:37:59.060135424,26.175306122448976,26.0,35.22224489795918,-0.054113,113.02127385599998,26.196826565918233
751,2021-12-20 10:37:59.171239168,26.194285714285712,26.0,35.22,-0.054562,113.13237759999998,26.19876132752953
752,2021-12-20 10:37:59.321791488,26.175306122448976,26.0,35.22,-0.050167,113.28292991999999,26.20068557868306
753,2021-12-20 10:37:59.427232512,26.15,26.0,35.21857142857143,-0.048085,113.38837094399999,26.20259506284351
754,2021-12-20 10:37:59.477322752,26.20740740740741,26.0,35.21,-0.062666,113.43846118399999,26.204485291342653
755,2021-12-20 10:37:59.559026176,26.175833333333333,26.0,35.21,-0.052912,113.52016460799999,26.20635154657425
756,2021-12-20 10:37:59.658945280,26.1647619047619,26.0,35.20333333333334,-0.048844,113.62008371199998,26.20818888573113
757,2021-12-20 10:37:59.780580096,26.16265306122449,26.0,35.2,-0.049168,113.74171852799998,26.209992145082065
758,2021-12-20 10:37:59.884401664,26.15,26.0,35.2,-0.045087,113.84554009599998,26.211755944784926
759,2021-12-20 10:37:59.964103424,26.209047619047617,26.0,35.2,-0.044861,113.92524185599999,26.213474694231156
760,2021-12-20 10:38:00.064203520,26.206938775510203,26.0,35.19326530612245,-0.055021,114.02534195199999,26.215142597915335
761,2021-12-20 10:38:00.175528704,26.217027027027026,26.0,34.939189189189186,-0.052886,114.13666713599999,26.216753661822406
762,2021-12-20 10:38:00.329008128,26.200612244897957,26.0,35.08938775510204,-0.054555,114.29014655999998,26.218301700323714
763,2021-12-20 10:38:00.443873536,26.191333333333333,26.0,35.18999999999999,-0.055857,114.40501196799998,26.219780343571824
764,2021-12-20 10:38:00.487516416,26.184444444444445,26.0,35.17,-0.056125,114.44865484799998,26.221183045382663
765,2021-12-20 10:38:00.560519424,26.175306122448976,26.0,35.17,-0.060639,114.52165785599998,26.222503091592408
766,2021-12-20 10:38:00.658668288,26.18780487804878,26.0,35.17,-0.056296,114.61980671999997,26.22373360887527
767,2021-12-20 10:38:00.771119872,26.194285714285712,26.0,35.17,-0.057057,114.73225830399997,26.224867574007117
768,2021-12-20 10:38:00.882082816,26.167714285714286,26.0,35.16571428571429,-0.048758,114.84322124799996,26.22589782355856
769,2021-12-20 10:38:00.966924544,26.19078947368421,26.0,35.16,-0.053484,114.92806297599996,26.226817064000056
770,2021-12-20 10:38:01.060788480,26.23224489795918,26.0,34.99428571428571,-0.049832,115.02192691199997,26.2276178822003
771,2021-12-20 10:38:01.171872000,26.218048780487806,26.0,35.05439024390244,-0.050066,115.13301043199996,26.228292756298192
772,2021-12-20 10:38:01.325341440,26.194285714285712,26.0,34.990204081632655,-0.050801,115.28647987199996,26.228834066927448
773,2021-12-20 10:38:01.435831552,26.15,26.0,34.86,-0.053285,115.39696998399995,26.22923410877194
774,2021-12-20 10:38:01.482874112,26.15,26.0,34.84,-0.055131,115.44401254399995,26.229485102428836
775,2021-12-20 10:38:01.560232448,26.16265306122449,26.0,34.98795918367347,-0.04971,115.52137087999995,26.229579206555496
776,2021-12-20 10:38:01.659648512,26.201666666666668,26.0,35.12571428571429,-0.051871,115.62078694399995,26.229508530275307
777,2021-12-20 10:38:01.771003904,26.18163265306122,26.0,35.12,-0.047284,115.73214233599994,26.229265145816598
778,2021-12-20 10:38:01.871204352,26.15,26.0,35.11833333333333,-0.05041,115.83234278399993,26.22884110135815
779,2021-12-20 10:38:01.959445760,26.240416666666665,26.0,35.11,-0.060366,115.92058419199994,26.228228434053957
780,2021-12-20 10:38:02.064544768,26.233958333333334,26.0,35.11,-0.056124,116.02568319999993,26.22741918320914
781,2021-12-20 10:38:02.172842240,26.27,26.0,35.11,-0.050672,116.13398067199994,26.226405403578298
782,2021-12-20 10:38:02.324410624,26.22591836734694,26.0,35.105714285714285,-0.054439,116.28554905599994,26.22517917875717
783,2021-12-20 10:38:02.447574272,26.15,26.0,35.1,-0.052325,116.40871270399994,26.22373263463782
784,2021-12-20 10:38:02.491176960,26.294666666666668,18.0,27.58,-0.046893,116.45231539199995,26.2220579528973
785,2021-12-20 10:38:02.560569088,26.23224489795918,18.0,27.51061224489796,-0.052654,116.52170751999995,26.220147384489398
786,2021-12-20 10:38:02.654744832,26.182631578947365,18.0,27.3721052631579,-0.04956,116.61588326399995,26.217993263108855
787,2021-12-20 10:38:02.761262080,26.206938775510203,18.0,27.191224489795918,-0.046217,116.72240051199995,26.215588018597227
788,2021-12-20 10:38:02.880150784,26.18780487804878,18.0,27.050975609756094,-0.053902,116.84128921599995,26.212924190259578
789,2021-12-20 10:38:02.970041856,26.24742857142857,18.0,26.70657142857143,-0.055554,116.93118028799995,26.20999444006123
790,2021-12-20 10:38:03.061552128,26.21326530612245,18.0,26.515102040816327,-0.055768,117.02269055999994,26.2067915656738
791,2021-12-20 10:38:03.176075776,26.225777777777775,18.0,26.436444444444447,-0.050957,117.13721420799995,26.20330851334002
792,2021-12-20 10:38:03.329132544,26.169375,18.0,26.180625000000003,-0.054815,117.29027097599995,26.199538390526985
793,2021-12-20 10:38:03.434573568,26.15,18.0,26.27,-0.050959,117.39571199999995,26.19547447833792
794,2021-12-20 10:38:03.482943744,26.214583333333334,18.0,26.00666666666667,-0.052845,117.44408217599995,26.19111024365289
795,2021-12-20 10:38:03.562082304,26.18795918367347,18.0,25.891428571428573,-0.05057,117.52322073599996,26.186439350969422
796,2021-12-20 10:38:03.663389440,26.192272727272726,18.0,25.719090909090905,-0.053948,117.62452787199996,26.1814556739146
797,2021-12-20 10:38:03.775790848,26.16265306122449,18.0,25.56755102040816,-0.062081,117.73692927999996,26.176153306400806
798,2021-12-20 10:38:03.871233792,26.194285714285712,18.0,25.437857142857144,-0.058452,117.83237222399995,26.17052657339811
799,2021-12-20 10:38:03.956648704,26.175306122448976,18.0,25.240816326530613,-0.054316,117.91778713599996,26.164570041296997
800,2021-12-20 10:38:04.059062272,26.163777777777774,18.0,25.09511111111111,-0.054965,118.02020070399996,26.15827852783615
801,2021-12-20 10:38:04.180375296,26.22380952380952,18.0,24.91547619047619,-0.057548,118.14151372799996,26.151647111570878
802,2021-12-20 10:38:04.343208704,26.15,18.0,24.75408163265306,-0.057348,118.30434713599996,26.144671140859003
803,2021-12-20 10:38:04.439838720,26.15,18.0,24.63,-0.054925,118.40097715199997,26.137346242342037
804,2021-12-20 10:38:04.476410624,26.172142857142855,18.0,24.418571428571425,-0.05091,118.43754905599997,26.12966832890083
805,2021-12-20 10:38:04.560296704,26.16265306122449,18.0,24.28224489795918,-0.052319,118.52143513599997,26.121633607066055
806,2021-12-20 10:38:04.665053696,26.15,18.0,24.110909090909093,-0.058242,118.62619212799997,26.113238583865297
807,2021-12-20 10:38:04.794292480,26.15,18.0,23.95714285714286,-0.052368,118.75543091199997,26.104480073090045
808,2021-12-20 10:38:04.895931648,26.178181818181816,18.0,23.819999999999997,-0.052682,118.85707007999997,26.095355200967337
809,2021-12-20 10:38:04.967395584,26.165897435897435,18.0,23.621282051282048,-0.055061,118.92853401599997,26.08586141122234
810,2021-12-20 10:38:05.062184960,26.149999999999995,18.0,23.473333333333333,-0.061092,119.02332339199997,26.075996469519875
811,2021-12-20 10:38:05.171609088,26.126153846153844,18.0,23.308205128205127,-0.055426,119.13274751999997,26.065758467274655
812,2021-12-20 10:38:05.329675008,26.15,18.0,23.143673469387753,-0.057663,119.29081343999997,26.055145824821643
813,2021-12-20 10:38:05.449871360,26.15,18.0,23.0,-0.049534,119.41100979199996,26.04415729393977
814,2021-12-20 10:38:05.492076032,26.15,18.0,22.77846153846154,-0.056481,119.45321446399996,26.032791959724022
815,2021-12-20 10:38:05.559617280,26.131020408163263,18.0,22.689795918367345,-0.051503,119.52075571199995,26.02104924180292
816,2021-12-20 10:38:05.655301888,26.110256410256408,18.0,22.765384615384615,-0.056335,119.61644031999995,26.00892889490011
817,2021-12-20 10:38:05.758962432,26.131020408163263,18.0,22.340204081632656,-0.059554,119.72010086399995,25.996431008740842
818,2021-12-20 10:38:05.873425664,26.083571428571428,18.0,22.19,-0.052948,119.83456409599995,25.98355600730593
819,2021-12-20 10:38:05.966806784,26.15,18.0,22.02179487179487,-0.053993,119.92794521599996,25.97030464743768
820,2021-12-20 10:38:06.063597824,26.06142857142857,18.0,21.874897959183677,-0.05396,120.02473625599995,25.956678016804208
821,2021-12-20 10:38:06.174228736,25.878750000000004,18.0,21.982,-0.054734,120.13536716799996,25.94267753123033
822,2021-12-20 10:38:06.320948992,25.988541666666666,18.0,21.826666666666664,-0.055065,120.28208742399995,25.928304931405027
823,2021-12-20 10:38:06.428733440,25.95625,18.0,21.67,-0.055913,120.38987187199996,25.913562278977253
824,2021-12-20 10:38:06.480835328,25.899615384615384,18.0,21.509999999999998,-0.058961,120.44197375999995,25.89845195205349
825,2021-12-20 10:38:06.561372160,25.86591836734694,18.0,21.359999999999996,-0.057333,120.52251059199996,25.882976640112076
826,2021-12-20 10:38:06.663282688,25.84,18.0,21.2,-0.054536,120.62442111999997,25.86713933835086
827,2021-12-20 10:38:06.777735936,25.840000000000003,18.0,21.043265306122446,-0.054406,120.73887436799997,25.85094334148623
828,2021-12-20 10:38:06.873229312,25.862142857142857,18.0,20.90607142857143,-0.053428,120.83436774399996,25.83439223702284
829,2021-12-20 10:38:06.957879808,25.840000000000003,18.0,20.743061224489797,-0.061924,120.91901823999996,25.817489898014717
830,2021-12-20 10:38:07.056551424,25.84,18.0,20.585238095238097,-0.060792,121.01768985599996,25.800240475339574
831,2021-12-20 10:38:07.189843968,25.82723404255319,18.0,20.429574468085107,-0.058774,121.15098239999996,25.782648389509333
832,2021-12-20 10:38:07.375278336,25.821632653061226,18.0,20.276326530612245,-0.062248,121.33641676799996,25.76471832204083
833,2021-12-20 10:38:07.430890752,25.797482993197278,18.0,20.108163265306125,-0.06511,121.39202918399997,25.746455206411657
834,2021-12-20 10:38:07.486512896,25.773333333333333,18.0,19.94,-0.05185,121.44765132799996,25.72786421862687
835,2021-12-20 10:38:07.559505920,25.705306122448977,18.0,20.05142857142857,-0.059198,121.52064435199996,25.70895076742326
836,2021-12-20 10:38:07.660642048,25.58772727272727,18.0,19.935454545454544,-0.062239,121.62178047999996,25.689720484138338
837,2021-12-20 10:38:07.769009920,25.62571428571428,18.0,19.781428571428574,-0.059407,121.73014835199996,25.67017921227187
838,2021-12-20 10:38:07.867772160,25.585454545454542,18.0,19.64636363636364,-0.060646,121.82891059199996,25.65033299676838
839,2021-12-20 10:38:07.958206208,25.595102040816325,18.0,19.484489795918368,-0.056634,121.91934463999996,25.630188073049233
840,2021-12-20 10:38:08.061213184,25.566086956521737,18.0,19.336086956521736,-0.058418,122.02235161599997,25.60975085582323
841,2021-12-20 10:38:08.181369344,25.561951219512196,18.0,19.167317073170732,-0.059083,122.14250777599996,25.589027927704862
842,2021-12-20 10:38:08.341949952,25.552244897959184,18.0,19.04061224489796,-0.057343,122.30308838399996,25.56802602766942
843,2021-12-20 10:38:08.440078592,25.540000000000003,18.0,19.01,-0.063237,122.40121702399996,25.546752039374145
844,2021-12-20 10:38:08.478410496,25.550714285714285,18.0,18.71,-0.057762,122.43954892799997,25.52521297937453
845,2021-12-20 10:38:08.562306816,25.44530612244898,18.0,18.593673469387753,-0.054806,122.52344524799996,25.50341598526471
846,2021-12-20 10:38:08.661732864,25.49756097560975,18.0,18.44682926829268,-0.053253,122.62287129599996,25.481368303770623
847,2021-12-20 10:38:08.777051136,25.44530612244898,18.0,18.29591836734694,-0.055799,122.73818956799995,25.459077278824235
848,2021-12-20 10:38:08.874425344,25.4008,18.0,18.302,-0.056856,122.83556377599996,25.436550339646757
849,2021-12-20 10:38:08.958291456,25.397959183673468,18.0,18.090408163265305,-0.054251,122.91942988799995,25.41379498886828
850,2021-12-20 10:38:09.062887424,25.330212765957448,18.0,18.042340425531915,-0.055897,123.02402585599995,25.390818790710817
851,2021-12-20 10:38:09.187660544,25.325952380952383,18.0,17.752142857142857,-0.060219,123.14879897599995,25.367629359260995
852,2021-12-20 10:38:09.351560192,25.262083333333333,18.0,17.74395833333333,-0.060174,123.31269862399995,25.344234346857892
853,2021-12-20 10:38:09.449900032,25.25,18.0,17.79,-0.050744,123.41103846399994,25.320641432620892
854,2021-12-20 10:38:09.483213056,25.25,18.0,17.49,-0.056374,123.44435148799994,25.296858311141623
855,2021-12-20 10:38:09.562402048,25.232244897959188,18.0,17.404285714285717,-0.049115,123.52354047999994,25.2728926813629
856,2021-12-20 10:38:09.663427328,25.25674418604651,18.0,17.266279069767442,-0.053355,123.62456575999994,25.248752235667002
857,2021-12-20 10:38:09.771201792,25.232244897959188,18.0,17.114285714285714,-0.056256,123.73234022399994,25.224444649194385
858,2021-12-20 10:38:09.870286080,25.232941176470586,18.0,16.993823529411763,-0.054788,123.83142451199994,25.199977569413022
859,2021-12-20 10:38:09.960287488,25.117083333333337,18.0,16.985833333333332,-0.059048,123.92142591999995,25.175358605957342
860,2021-12-20 10:38:10.060437760,25.04568181818182,18.0,16.96681818181818,-0.057141,124.02157619199994,25.15059532075481
861,2021-12-20 10:38:10.192764672,25.031020408163265,18.0,16.82,-0.058439,124.15390310399994,25.125695218457004
862,2021-12-20 10:38:10.355034880,24.992222222222225,18.0,16.685333333333332,-0.053903,124.31617331199993,25.10066573719078
863,2021-12-20 10:38:10.412809728,24.98394894894895,18.0,16.531585585585585,-0.059728,124.37394815999993,25.075514239644022
864,2021-12-20 10:38:10.470594560,24.975675675675678,18.0,16.377837837837838,-0.044191,124.43173299199992,25.050248004499196
865,2021-12-20 10:38:10.564096256,24.978125000000002,18.0,16.264166666666664,-0.050849,124.52523468799993,25.024874218226742
866,2021-12-20 10:38:10.663301120,24.96,18.0,16.102777777777774,-0.057524,124.62443955199993,24.999399967248927
867,2021-12-20 10:38:10.796794624,24.965918367346937,18.0,15.991020408163264,-0.052409,124.75793305599993,24.973832230483687
868,2021-12-20 10:38:10.910403072,24.96,18.0,15.93,-0.051931,124.87154150399992,24.94817787227662
869,2021-12-20 10:38:10.976677120,24.96,18.0,15.677096774193549,-0.05657,124.93781555199992,24.922443635728087
870,2021-12-20 10:38:11.063842304,24.87122448979592,18.0,15.57857142857143,-0.051409,125.02498073599992,24.896636136421193
871,2021-12-20 10:38:11.165400576,24.88564102564103,18.0,15.427435897435897,-0.044278,125.12653900799992,24.870761856555177
872,2021-12-20 10:38:11.303873024,24.800204081632653,18.0,15.431020408163265,-0.049387,125.26501145599993,24.8448271394876
873,2021-12-20 10:38:11.422590976,24.73041666666667,18.0,15.5,-0.047808,125.38372940799992,24.81883818468762
874,2021-12-20 10:38:11.484087296,24.79608695652174,18.0,14.960000000000003,-0.049112,125.44522572799993,24.792801043101353
875,2021-12-20 10:38:11.562904064,24.681836734693878,18.0,15.021020408163265,-0.043959,125.52404249599992,24.76672161292929
876,2021-12-20 10:38:11.663617536,24.670000000000005,18.0,15.032558139534883,-0.050702,125.62475596799992,24.74060563581478
877,2021-12-20 10:38:11.771341824,24.67,18.0,14.89875,-0.048256,125.73248025599992,24.71445869344136
878,2021-12-20 10:38:11.869480448,24.687575757575758,18.0,14.80030303030303,-0.041985,125.83061887999992,24.688286204535856
879,2021-12-20 10:38:11.959119872,24.64040816326531,18.0,14.634285714285715,-0.048653,125.92025830399992,24.662093422273
880,2021-12-20 10:38:12.057912320,24.649767441860465,18.0,14.511162790697675,-0.043479,126.01905075199991,24.635885432076563
881,2021-12-20 10:38:12.189836800,24.627708333333334,18.0,14.365833333333333,-0.041113,126.15097523199991,24.609667149811056
882,2021-12-20 10:38:12.367164416,24.651875,18.0,14.238541666666665,-0.041766,126.32830284799991,24.58344332035727
883,2021-12-20 10:38:12.423782400,24.6203375,18.0,14.079870833333333,-0.038746,126.3849208319999,24.55721851656395
884,2021-12-20 10:38:12.480390400,24.588800000000003,18.0,13.9212,-0.039732,126.4415288319999,24.53099713856738
885,2021-12-20 10:38:12.561802240,24.47469387755102,18.0,13.839591836734694,-0.035125,126.5229406719999,24.50478341346986
886,2021-12-20 10:38:12.663310592,24.42720930232558,18.0,13.817441860465117,-0.036391,126.6244490239999,24.478581395367524
887,2021-12-20 10:38:12.774786304,24.39183673469388,18.0,13.842244897959183,-0.044893,126.7359247359999,24.452394965717325
888,2021-12-20 10:38:12.872512768,24.409,18.0,13.742666666666667,-0.040834,126.8336511999999,24.426227834032478
889,2021-12-20 10:38:12.958913280,24.398124999999997,18.0,13.583958333333333,-0.036194,126.9200517119999,24.40008353889519
890,2021-12-20 10:38:13.059154176,24.38659090909091,18.0,13.470454545454546,-0.034481,127.0202926079999,24.373965449274962
891,2021-12-20 10:38:13.187467776,24.38,18.0,13.330869565217393,-0.035935,127.1486062079999,24.347876766140526
892,2021-12-20 10:38:13.359474432,24.36285714285714,18.0,13.210204081632652,-0.03776,127.3206128639999,24.321820524352834
893,2021-12-20 10:38:13.449999104,24.38,18.0,13.12,-0.025485,127.4111375359999,24.29579959482654
894,2021-12-20 10:38:13.479419392,24.259999999999998,18.0,12.920357142857142,-0.036542,127.4405578239999,24.269816686947028
895,2021-12-20 10:38:13.562209280,24.3275,18.0,12.825000000000001,-0.028375,127.52334771199989,24.243874351229653
896,2021-12-20 10:38:13.661303552,24.29121951219512,18.0,12.784390243902438,-0.030502,127.62244198399989,24.21797498220793
897,2021-12-20 10:38:13.783471360,24.208571428571428,18.0,12.832857142857142,-0.027366,127.74460979199989,24.192120821537106
898,2021-12-20 10:38:13.888872192,24.132307692307695,18.0,12.74,-0.036871,127.85001062399989,24.16631396129959
899,2021-12-20 10:38:13.967356928,24.1,18.0,12.584878048780489,-0.02551,127.92849535999989,24.140556347498606
900,2021-12-20 10:38:14.064952320,24.094285714285718,18.0,12.473061224489797,-0.020054,128.02609075199987,24.114849783726356
901,2021-12-20 10:38:14.178701568,24.10682926829268,18.0,12.350731707317074,-0.025185,128.13983999999988,24.08919593499303
902,2021-12-20 10:38:14.331215360,24.1,18.0,12.233469387755104,-0.024617,128.2923537919999,24.063596331703014
903,2021-12-20 10:38:14.435248128,24.100000000000005,18.0,12.13,-0.021885,128.39638655999988,24.03805237376471
904,2021-12-20 10:38:14.481103872,24.08923076923077,18.0,11.973076923076924,-0.02353,128.44224230399988,24.01256533482038
905,2021-12-20 10:38:14.562425088,23.962857142857143,18.0,11.907142857142858,-0.014971,128.52356351999987,23.9871363665825
906,2021-12-20 10:38:14.664054016,23.94727272727273,18.0,12.019090909090908,-0.010633,128.62519244799986,23.96176650326335
907,2021-12-20 10:38:14.776485376,23.895833333333332,18.0,11.902500000000002,-0.019178,128.73762380799985,23.936456666084492
908,2021-12-20 10:38:14.872531968,23.82,18.0,11.778620689655172,-0.012613,128.83367039999985,23.91120766785311
909,2021-12-20 10:38:14.959304960,23.865714285714287,18.0,11.67265306122449,-0.010871,128.92044339199984,23.88602021759219
910,2021-12-20 10:38:15.060028416,23.872093023255815,18.0,11.56,-0.016003,129.02116684799984,23.860894925211902
911,2021-12-20 10:38:15.189136640,23.856521739130436,18.0,11.43282608695652,-0.011364,129.15027507199983,23.83583230620945
912,2021-12-20 10:38:15.364623616,23.82,18.0,11.322653061224491,-0.016078,129.32576204799983,23.81083278638511
913,2021-12-20 10:38:15.456998912,23.82,18.0,11.21,-0.002079,129.41813734399983,23.785896706562266
914,2021-12-20 10:38:15.482768128,23.8648,18.0,11.081199999999999,-0.010236,129.44390655999982,23.761024327299534
915,2021-12-20 10:38:15.562228480,23.704285714285714,18.0,10.985714285714288,-0.007548,129.52336691199983,23.73621583358333
916,2021-12-20 10:38:15.663948032,23.723999999999997,18.0,11.114666666666666,-0.007311,129.62508646399982,23.71147133948953
917,2021-12-20 10:38:15.777757440,23.638571428571428,18.0,11.0,0.003206,129.73889587199983,23.686790892803245
918,2021-12-20 10:38:15.875222272,23.631000000000004,18.0,10.890000000000002,-0.00895,129.83636070399984,23.66217447958599
919,2021-12-20 10:38:15.960657408,23.617500000000003,18.0,10.78,-0.002881,129.92179583999985,23.637622028679967
920,2021-12-20 10:38:16.057760000,23.595,18.0,10.672619047619047,-0.00437,130.01889843199984,23.61313341613943
921,2021-12-20 10:38:16.188326656,23.55,18.0,10.56,0.001499,130.14946508799986,23.588708469579498
922,2021-12-20 10:38:16.364668416,23.55,18.0,10.452291666666666,-0.006828,130.32580684799987,23.564346972433295
923,2021-12-20 10:38:16.422392832,23.55,18.0,10.336145833333333,-0.000867,130.38353126399988,23.5400486681086
924,2021-12-20 10:38:16.480127488,23.55,18.0,10.22,0.003002,130.4412659199999,23.515813264035636
925,2021-12-20 10:38:16.562132736,23.51625,18.0,10.112291666666666,0.001639,130.5232711679999,23.49164043559811
926,2021-12-20 10:38:16.663530240,23.49477272727273,18.0,10.005,0.009618,130.6246686719999,23.467529829940077
927,2021-12-20 10:38:16.784994048,23.48938775510204,18.0,10.137755102040817,0.008042,130.7461324799999,23.44348106964167
928,2021-12-20 10:38:16.883092480,23.505,18.0,9.841666666666667,0.004084,130.8442309119999,23.419493756257427
929,2021-12-20 10:38:16.961557248,23.430000000000003,18.0,9.68,0.010016,130.9226956799999,23.3955674737113
930,2021-12-20 10:38:17.063155968,23.439795918367345,18.0,9.569795918367348,0.009806,131.0242943999999,23.371701791543124
931,2021-12-20 10:38:17.178755584,23.320500000000003,18.0,9.695,0.011099,131.1398940159999,23.34789626800193
932,2021-12-20 10:38:17.341247232,23.302040816326528,18.0,9.613469387755103,0.013965,131.3023856639999,23.324150452982042
933,2021-12-20 10:38:17.462590464,23.32764705882353,18.0,9.535294117647059,0.013839,131.4237288959999,23.300463890798532
934,2021-12-20 10:38:17.498488320,23.31857142857143,18.0,9.39,0.0211,131.45962675199988,23.2768361227991
935,2021-12-20 10:38:17.559009024,23.235918367346937,18.0,9.300204081632653,0.020932,131.52014745599988,23.253266689810363
936,2021-12-20 10:38:17.659521536,23.237045454545456,18.0,9.195,0.016557,131.62065996799987,23.22975513441682
937,2021-12-20 10:38:17.755769344,23.256521739130434,18.0,9.091739130434783,0.020349,131.71690777599986,23.206301003071584
938,2021-12-20 10:38:17.860838144,23.235918367346937,18.0,8.991428571428573,0.016484,131.82197657599986,23.18290384803848
939,2021-12-20 10:38:17.961451008,23.25,18.0,9.073333333333334,0.019718,131.92258943999985,23.15956322916575
940,2021-12-20 10:38:18.061410304,23.19734693877551,18.0,8.852857142857141,0.016426,132.02254873599986,23.13627871549221
941,2021-12-20 10:38:18.170452224,23.157857142857146,18.0,8.860714285714286,0.023864,132.13159065599987,23.113049886687325
942,2021-12-20 10:38:18.321004544,23.059591836734697,18.0,8.82857142857143,0.024264,132.28214297599988,23.08987633432721
943,2021-12-20 10:38:18.437047040,23.037,18.0,8.775,0.029887,132.39818547199988,23.066757663009152
944,2021-12-20 10:38:18.487298304,23.070000000000004,18.0,8.6,0.028484,132.44843673599988,23.0436934913076
945,2021-12-20 10:38:18.559365888,22.993469387755102,18.0,8.701020408163266,0.031516,132.52050431999987,23.02068345257536
946,2021-12-20 10:38:18.658087936,23.022558139534883,18.0,8.538372093023257,0.027345,132.6192263679999,22.99772719559403
947,2021-12-20 10:38:18.763387904,22.998979591836736,18.0,8.33673469387755,0.019303,132.72452633599988,22.97482438507829
948,2021-12-20 10:38:18.871122176,22.95731707317073,18.0,8.24390243902439,0.028234,132.83226060799987,22.951974702038886
949,2021-12-20 10:38:18.964181504,22.928372093023256,18.0,8.130232558139534,0.038632,132.92531993599988,22.929177844009722
950,2021-12-20 10:38:19.062078720,22.869375,18.0,8.1875,0.032194,133.0232171519999,22.90643352514465
951,2021-12-20 10:38:19.177406976,22.88086956521739,18.0,8.044565217391305,0.037878,133.13854540799989,22.88374147619001
952,2021-12-20 10:38:19.330403584,22.811632653061224,18.0,7.991428571428572,0.037113,133.29154201599988,22.861101444339198
953,2021-12-20 10:38:19.432867328,22.89428571428571,18.0,8.06,0.038472,133.39400575999989,22.838513192975764
954,2021-12-20 10:38:19.481971968,22.789999999999996,18.0,7.863703703703704,0.035622,133.44311039999988,22.815976501311823
955,2021-12-20 10:38:19.563735808,22.729387755102042,18.0,7.812244897959184,0.042711,133.5248742399999,22.79349116392866
956,2021-12-20 10:38:19.663554048,22.74046511627907,18.0,7.723488372093024,0.041855,133.62469247999988,22.77105699022664
957,2021-12-20 10:38:19.779063552,22.751020408163264,18.0,7.624081632653061,0.048399,133.74020198399987,22.74867380379165
958,2021-12-20 10:38:19.884604928,22.74,18.0,7.558125,0.046106,133.84574335999986,22.726341441685392
959,2021-12-20 10:38:19.968038400,22.72731707317073,18.0,7.427317073170731,0.047807,133.92917683199985,22.704059753666932
960,2021-12-20 10:38:20.064859648,22.69224489795918,18.0,7.463469387755102,0.044929,134.02599807999985,22.681828601352915
961,2021-12-20 10:38:20.169807616,22.613333333333333,18.0,7.483589743589744,0.042702,134.13094604799986,22.659647857323883
962,2021-12-20 10:38:20.310875136,22.669583333333332,18.0,7.4025,0.049359,134.27201356799986,22.63751740418422
963,2021-12-20 10:38:20.427782656,22.626956521739128,18.0,7.35,0.044656,134.38892108799988,22.61543713358315
964,2021-12-20 10:38:20.485818880,22.678095238095235,18.0,6.961428571428572,0.043661,134.44695731199988,22.593406945204162
965,2021-12-20 10:38:20.562181376,22.564897959183675,18.0,6.985102040816326,0.048686,134.52331980799988,22.571426745730182
966,2021-12-20 10:38:20.663096064,22.503636363636364,18.0,7.051363636363636,0.053565,134.62423449599987,22.549496447791803
967,2021-12-20 10:38:20.765600000,22.49061224489796,18.0,6.958775510204082,0.059385,134.72673843199988,22.52761596890568
968,2021-12-20 10:38:20.864583680,22.46,18.0,6.923076923076923,0.059872,134.82572211199988,22.50578523041018
969,2021-12-20 10:38:20.958930432,22.45877551020408,18.0,6.948979591836735,0.050582,134.9200688639999,22.484004156405042
970,2021-12-20 10:38:21.064361216,22.416326530612245,18.0,6.768979591836735,0.053457,135.02549964799988,22.462272672701754
971,2021-12-20 10:38:21.183873792,22.42292682926829,18.0,6.759268292682926,0.0518,135.14501222399988,22.44059070579104
972,2021-12-20 10:38:21.336608768,22.448163265306125,18.0,6.524285714285714,0.056555,135.2977471999999,22.418958181833716
973,2021-12-20 10:38:21.436729088,22.48,18.0,6.459999999999999,0.066559,135.3978675199999,22.397375025680823
974,2021-12-20 10:38:21.479838720,22.393333333333334,18.0,6.475555555555555,0.060516,135.4409771519999,22.375841159928658
975,2021-12-20 10:38:21.561210368,22.288979591836732,18.0,6.3126530612244895,0.055703,135.5223487999999,22.354356504014095
976,2021-12-20 10:38:21.661119232,22.308636363636364,18.0,6.419545454545456,0.057169,135.6222576639999,22.332920973355243
977,2021-12-20 10:38:21.771559168,22.246530612244896,18.0,6.33530612244898,0.059009,135.7326975999999,22.311534478542164
978,2021-12-20 10:38:21.871619072,22.259393939393938,18.0,6.264545454545455,0.061275,135.83275750399991,22.29019692458208
979,2021-12-20 10:38:21.961942272,22.267755102040812,18.0,6.168571428571428,0.069345,135.92308070399991,22.26890821020305
980,2021-12-20 10:38:22.066287104,22.247083333333332,18.0,6.090624999999999,0.055827,136.02742553599992,22.247668227219815
981,2021-12-20 10:38:22.188756736,22.177560975609754,18.0,6.000243902439024,0.068531,136.14989516799992,22.226476859965036
982,2021-12-20 10:38:22.353662208,22.22,18.0,5.922653061224489,0.06487,136.3148006399999,22.20533398478882
983,2021-12-20 10:38:22.463659520,22.22,18.0,5.84,0.072138,136.4247979519999,22.184239469628995
984,2021-12-20 10:38:22.495916544,22.184285714285714,18.0,5.905714285714287,0.069875,136.45705497599988,22.163193173654264
985,2021-12-20 10:38:22.563367424,22.09755102040816,18.0,5.683877551020408,0.067655,136.52450585599988,22.14219494698179
986,2021-12-20 10:38:22.662602496,22.06090909090909,18.0,5.83590909090909,0.072416,136.62374092799988,22.12124463047048
987,2021-12-20 10:38:22.759765504,22.092448979591836,18.0,5.7483673469387755,0.074917,136.72090393599987,22.100342055590822
988,2021-12-20 10:38:22.860428800,21.986304347826085,18.0,5.67,0.073642,136.82156723199986,22.079487044371643
989,2021-12-20 10:38:22.960196864,22.000612244897958,18.0,5.35,0.071377,136.92133529599985,22.058679409423693
990,2021-12-20 10:38:23.066120704,22.010816326530612,18.0,5.506734693877551,0.092094,137.02725913599986,22.037918954039696
991,2021-12-20 10:38:23.186950912,21.999761904761904,18.0,5.19,0.075308,137.14808934399986,22.017205472369977
992,2021-12-20 10:38:23.338317824,21.980416666666667,18.0,5.349999999999999,0.075482,137.29945625599984,21.996538749672357
993,2021-12-20 10:38:23.435873280,21.97,18.0,5.2780000000000005,0.077333,137.39701171199985,21.975918562634657
994,2021-12-20 10:38:23.480179968,21.97,18.0,5.19,0.081858,137.44131839999986,21.95534467976768
995,2021-12-20 10:38:23.563402240,21.90877551020408,18.0,5.116530612244898,0.085124,137.52454067199986,21.9348168618663
996,2021-12-20 10:38:23.662466304,21.90452380952381,18.0,5.03952380952381,0.087572,137.62360473599986,21.91433486253588
997,2021-12-20 10:38:23.775762688,21.90877551020408,18.0,4.958163265306123,0.085537,137.73690111999986,21.89389842878102
998,2021-12-20 10:38:23.880077312,21.845,18.0,4.8875,0.097895,137.84121574399987,21.87350730165311
999,2021-12-20 10:38:23.965975040,21.876976744186045,18.0,4.797441860465116,0.085392,137.92711347199986,21.853161216953215
1000,2021-12-20 10:38:24.066688512,21.816938775510202,18.0,4.726326530612245,0.084564,138.02782694399986,21.832859905986343
1001,2021-12-20 10:38:24.186693888,21.78875,18.0,4.638,0.086334,138.14783231999985,21.812603096363034
1002,2021-12-20 10:38:24.352836608,21.771020408163263,18.0,4.566326530612245,0.085501,138.31397503999986,21.792390512844015
1003,2021-12-20 10:38:24.465258240,21.81090909090909,18.0,4.55,0.090193,138.42639667199987,21.77222187822357
1004,2021-12-20 10:38:24.495986176,21.7825,18.0,4.63,0.090181,138.45712460799987,21.752096914247044
1005,2021-12-20 10:38:24.562441216,21.730204081632653,18.0,4.569591836734694,0.090894,138.52357964799987,21.73201534255797
1006,2021-12-20 10:38:24.663376128,21.72,18.0,4.499090909090909,0.07463,138.62451455999988,21.711976885670044
1007,2021-12-20 10:38:24.765337088,21.70469387755102,18.0,4.428571428571429,0.087454,138.7264755199999,21.69198126795931
1008,2021-12-20 10:38:24.865457152,21.701249999999998,18.0,4.356,0.09802,138.8265955839999,21.67202821667178
1009,2021-12-20 10:38:24.961644544,21.67918367346939,18.0,4.2785714285714285,0.096222,138.9227829759999,21.652117462941902
1010,2021-12-20 10:38:25.064057856,21.714444444444442,18.0,4.203111111111111,0.088753,139.0251962879999,21.632248742817186
1011,2021-12-20 10:38:25.195761152,21.608297872340422,18.0,4.2957446808510635,0.098829,139.15689958399992,21.612421798284487
1012,2021-12-20 10:38:25.370584064,21.59755102040816,18.0,4.124897959183674,0.098353,139.3317224959999,21.59263637829349
1013,2021-12-20 10:38:25.427373312,21.56877551020408,18.0,4.127448979591836,0.096892,139.3885117439999,21.57289223977309
1014,2021-12-20 10:38:25.484152320,21.54,18.0,4.13,0.092909,139.44529075199992,21.55318914863647
1015,2021-12-20 10:38:25.564769280,21.58734693877551,18.0,4.081428571428571,0.096969,139.5259077119999,21.533526880770882
1016,2021-12-20 10:38:25.661861888,21.514871794871794,18.0,4.016923076923077,0.098288,139.6230003199999,21.513905223008265
1017,2021-12-20 10:38:25.779805440,21.505714285714284,18.0,3.9428571428571426,0.103888,139.74094387199992,21.494323974073087
1018,2021-12-20 10:38:25.890406400,21.469999999999995,18.0,3.8896666666666664,0.104741,139.85154483199992,21.47478294550382
1019,2021-12-20 10:38:25.971315200,21.483157894736838,18.0,3.7947368421052627,0.103837,139.93245363199992,21.45528196254485
1020,2021-12-20 10:38:26.066094336,21.45469387755102,18.0,3.737142857142857,0.10444,140.02723276799992,21.435820865005738
1021,2021-12-20 10:38:26.173728000,21.419999999999998,18.0,3.65925,0.091966,140.1348664319999,21.416399508084982
1022,2021-12-20 10:38:26.314694912,21.45958333333333,18.0,3.5991666666666666,0.097989,140.27583334399992,21.397017763155624
1023,2021-12-20 10:38:26.420055296,21.425882352941176,18.0,3.57,0.104149,140.38119372799991,21.377675518510355
1024,2021-12-20 10:38:26.478524160,21.389354838709675,18.0,3.4412903225806453,0.108704,140.4396625919999,21.35837268006395
1025,2021-12-20 10:38:26.565256704,21.332244897959182,18.0,3.5148979591836733,0.107307,140.5263951359999,21.339109172011092
1026,2021-12-20 10:38:26.665618432,21.357499999999998,18.0,3.554,0.104476,140.6267568639999,21.31988493743783
1027,2021-12-20 10:38:26.791950336,21.301632653061223,18.0,3.492857142857143,0.106449,140.7530887679999,21.3006999388853
1028,2021-12-20 10:38:26.896938752,21.22,18.0,3.46,0.106741,140.8580771839999,21.281554158864395
1029,2021-12-20 10:38:26.970203392,21.22,18.0,3.3605128205128207,0.116085,140.9313418239999,21.26244760032035
1030,2021-12-20 10:38:27.065606144,21.225102040816324,18.0,3.3030612244897957,0.111857,141.0267445759999,21.2433802870464
1031,2021-12-20 10:38:27.177072128,21.23875,18.0,3.2314999999999996,0.102614,141.13821055999992,21.224352264045862
1032,2021-12-20 10:38:27.331889152,21.22,18.0,3.173061224489796,0.106666,141.29302758399993,21.20536359784213
1033,2021-12-20 10:38:27.444390912,21.219999999999995,18.0,3.14,0.108878,141.40552934399992,21.18641437673624
1034,2021-12-20 10:38:27.488707840,21.22,18.0,3.01,0.112908,141.44984627199992,21.167504711011873
1035,2021-12-20 10:38:27.563139072,21.1465306122449,18.0,3.0793877551020405,0.11377,141.5242775039999,21.14863473308772
1036,2021-12-20 10:38:27.661639936,21.14390243902439,18.0,3.084878048780488,0.108237,141.6227783679999,21.12980459761736
1037,2021-12-20 10:38:27.770862848,21.117142857142856,18.0,2.8555102040816323,0.11008,141.7320012799999,21.111014481536802
1038,2021-12-20 10:38:27.876142848,21.036470588235293,18.0,2.811176470588235,0.108918,141.8372812799999,21.092264584060214
1039,2021-12-20 10:38:27.966164480,21.028,18.0,2.831111111111111,0.112045,141.9273029119999,21.07355512662417
1040,2021-12-20 10:38:28.069080832,21.038775510204083,18.0,2.8955102040816327,0.114393,142.0302192639999,21.05488635278107
1041,2021-12-20 10:38:28.185988352,21.035384615384615,18.0,2.8307692307692305,0.117166,142.1471267839999,21.036258528042335
1042,2021-12-20 10:38:28.340453376,21.004489795918367,18.0,2.7767346938775512,0.117723,142.3015918079999,21.017671939672145
1043,2021-12-20 10:38:28.444174336,20.98,18.0,2.74,0.119099,142.4053127679999,20.99912689643244
1044,2021-12-20 10:38:28.485061376,21.0,18.0,2.6325,0.12459,142.4461998079999,20.98062372828001
1045,2021-12-20 10:38:28.564592128,20.939183673469387,18.0,2.596734693877551,0.114553,142.52573055999991,20.962162786016496
1046,2021-12-20 10:38:28.667528704,20.939318181818184,18.0,2.434772727272727,0.120695,142.6286671359999,20.943744440892267
1047,2021-12-20 10:38:28.788791296,20.964375,18.0,2.3337499999999998,0.119819,142.7499297279999,20.92536908416504
1048,2021-12-20 10:38:28.891426048,20.924444444444447,18.0,2.44,0.120981,142.8525644799999,20.907037126614245
1049,2021-12-20 10:38:28.969498368,20.892500000000002,18.0,2.356,0.117447,142.9306367999999,20.88874899801205
1050,2021-12-20 10:38:29.066450176,20.82183673469388,18.0,2.3004081632653057,0.123351,143.0275886079999,20.870505146552134
1051,2021-12-20 10:38:29.180853248,20.858048780487806,18.0,2.326341463414634,0.115259,143.14199167999988,20.852306038237096
1052,2021-12-20 10:38:29.337299712,20.76061224489796,18.0,2.4104081632653065,0.126463,143.29843814399987,20.834152156225645
1053,2021-12-20 10:38:29.445969408,20.787692307692307,18.0,2.37,0.119419,143.40710783999987,20.816044000140533
1054,2021-12-20 10:38:29.488586240,20.765714285714285,18.0,2.274285714285714,0.117451,143.44972467199986,20.797982085338298
1055,2021-12-20 10:38:29.564103936,20.74020408163265,18.0,2.174285714285714,0.132849,143.52524236799985,20.77996694214187
1056,2021-12-20 10:38:29.664435200,20.73,18.0,2.0302272727272728,0.119481,143.62557363199986,20.761999115037092
1057,2021-12-20 10:38:29.773235712,20.74020408163265,18.0,2.134081632653061,0.12714,143.73437414399984,20.74407916183423
1058,2021-12-20 10:38:29.871736576,20.76787878787879,18.0,2.0827272727272725,0.1173,143.83287500799983,20.726207652795456
1059,2021-12-20 10:38:29.961214976,20.705000000000002,18.0,2.020625,0.127513,143.92235340799982,20.70838516972951
1060,2021-12-20 10:38:30.061928704,20.71409090909091,18.0,1.9877272727272726,0.124323,144.0230671359998,20.690612305054568
1061,2021-12-20 10:38:30.201849344,20.70391304347826,18.0,2.107391304347826,0.12699,144.16298777599982,20.67288966083054
1062,2021-12-20 10:38:30.397845248,20.72020408163265,18.0,1.8648979591836736,0.128779,144.35898367999982,20.655217847762046
1063,2021-12-20 10:38:30.501003008,20.73,18.0,1.82,0.13384,144.4621414399998,20.63759748417341
1064,2021-12-20 10:38:30.504322048,20.73,18.0,1.71,0.129113,144.46546047999982,20.62002919495703
1065,2021-12-20 10:38:30.561785088,20.555,18.0,1.7089583333333334,0.129377,144.5229235199998,20.602513610496768
1066,2021-12-20 10:38:30.663474432,20.528181818181817,18.0,1.66,0.12208,144.6246128639998,20.58505136556787
1067,2021-12-20 10:38:30.760969216,20.55782608695652,18.0,1.83,0.131573,144.7221076479998,20.567643098215257
1068,2021-12-20 10:38:30.866480640,20.499795918367344,18.0,1.78,0.127395,144.8276190719998,20.550289448611952
1069,2021-12-20 10:38:30.965836544,20.523488372093023,18.0,1.7311627906976743,0.138725,144.9269749759998,20.532991057899714
1070,2021-12-20 10:38:31.066509824,20.519387755102038,18.0,1.6810204081632651,0.129578,145.0276482559998,20.515748567013812
1071,2021-12-20 10:38:31.187048192,20.50170731707317,18.0,1.6312195121951218,0.128872,145.1481866239998,20.498562615494095
1072,2021-12-20 10:38:31.354850560,20.49,18.0,1.582040816326531,0.145922,145.3159889919998,20.481433840284577
1073,2021-12-20 10:38:31.467261952,20.427272727272726,18.0,1.6881818181818182,0.137647,145.42840038399981,20.46436287452373
1074,2021-12-20 10:38:31.498040320,20.55,18.0,1.4799999999999998,0.126427,145.45917875199981,20.44735034632787
1075,2021-12-20 10:38:31.564817152,20.443061224489796,18.0,1.4351020408163264,0.13654,145.5259555839998,20.430396877570026
1076,2021-12-20 10:38:31.665128448,20.393720930232558,18.0,1.3881395348837209,0.135224,145.6262668799998,20.41350308265672
1077,2021-12-20 10:38:31.762975488,20.394166666666667,18.0,1.3393750000000002,0.135093,145.7241139199998,20.396669567305207
1078,2021-12-20 10:38:31.863488000,20.359318181818182,18.0,1.4613636363636362,0.130308,145.8246264319998,20.379896927323717
1079,2021-12-20 10:38:31.963306240,20.400816326530613,18.0,1.2906122448979591,0.135956,145.9244446719998,20.36318574739738
1080,2021-12-20 10:38:32.064019968,20.404418604651163,18.0,1.2002325581395348,0.134062,146.02515839999978,20.346536599882423
1081,2021-12-20 10:38:32.189577472,20.334883720930232,18.0,1.340232558139535,0.137436,146.15071590399978,20.32995004361145
1082,2021-12-20 10:38:32.363897600,20.283469387755105,18.0,1.3212244897959184,0.133977,146.3250360319998,20.313426622712488
1083,2021-12-20 10:38:32.464319488,20.26,18.0,1.31,0.136026,146.4254579199998,20.296966865444627
1084,2021-12-20 10:38:32.490501376,20.283,18.0,1.22,0.136579,146.45163980799978,20.280571283052986
1085,2021-12-20 10:38:32.564952576,20.24530612244898,18.0,1.1822448979591837,0.13621,146.52609100799978,20.264240368645808
1086,2021-12-20 10:38:32.665133056,20.21636363636364,18.0,1.1409090909090909,0.139038,146.6262714879998,20.24797459609645
1087,2021-12-20 10:38:32.772535552,20.25510204081633,18.0,1.0922448979591837,0.135764,146.73367398399978,20.231774418973004
1088,2021-12-20 10:38:32.872042240,20.246285714285715,18.0,1.054857142857143,0.15351,146.83318067199977,20.21564026949825
1089,2021-12-20 10:38:32.962204672,20.26,18.0,1.005625,0.142572,146.92334310399977,20.199572557542623
1090,2021-12-20 10:38:33.059910656,20.20418604651163,18.0,0.9658139534883721,0.136726,147.02104908799976,20.183571669652757
1091,2021-12-20 10:38:33.187912448,20.153333333333332,18.0,1.0633333333333335,0.145356,147.14905087999975,20.167637968118253
1092,2021-12-20 10:38:33.365018624,20.176734693877552,18.0,0.9608163265306122,0.136846,147.32615705599974,20.151771790079074
1093,2021-12-20 10:38:33.461105408,20.02,18.0,0.86,0.133121,147.42224383999974,20.135973446676
1094,2021-12-20 10:38:33.487930880,20.099999999999998,18.0,0.9899999999999999,0.143655,147.44906931199975,20.120243222246465
1095,2021-12-20 10:38:33.565993216,20.065,18.0,0.9674999999999999,0.136589,147.52713164799974,20.10458137356796
1096,2021-12-20 10:38:33.660229376,20.070526315789472,18.0,0.9342105263157895,0.132197,147.62136780799975,20.08898812915113
1097,2021-12-20 10:38:33.779802368,20.044489795918366,18.0,0.889591836734694,0.138495,147.74094079999975,20.073463688584486
1098,2021-12-20 10:38:33.899344896,20.04909090909091,18.0,0.8603030303030303,0.13397,147.86048332799976,20.058008221932567
1099,2021-12-20 10:38:33.978845696,20.02,18.0,0.7990322580645162,0.136183,147.93998412799976,20.042621869189187
1100,2021-12-20 10:38:34.066423040,20.02979591836735,18.0,0.7712244897959184,0.134186,148.02756147199977,20.027304739787265
1101,2021-12-20 10:38:34.167498752,20.014473684210525,18.0,0.7278947368421053,0.141735,148.12863718399979,20.01205691216665
1102,2021-12-20 10:38:34.308465664,20.01061224489796,18.0,0.6936734693877551,0.140604,148.2696040959998,19.996878433401136
1103,2021-12-20 10:38:34.432695552,19.9924,18.0,0.67,0.134207,148.3938339839998,19.981769318885753
1104,2021-12-20 10:38:34.491606784,20.02,18.0,0.59,0.137847,148.4527452159998,19.96672955208522
1105,2021-12-20 10:38:34.564962048,19.996530612244896,18.0,0.5753061224489796,0.142859,148.52610047999983,19.951759084344353
1106,2021-12-20 10:38:34.657799936,19.98166666666667,18.0,0.5422222222222223,0.142011,148.61893836799982,19.93685783476114
1107,2021-12-20 10:38:34.759016448,19.924166666666668,18.0,0.5595833333333333,0.138198,148.72015487999982,19.922025690122982
1108,2021-12-20 10:38:34.872846080,19.83487804878049,18.0,0.6495121951219512,0.145894,148.83398451199983,19.907262504906594
1109,2021-12-20 10:38:34.968238848,19.872142857142858,18.0,0.48142857142857143,0.143418,148.92937727999984,19.89256810134177
1110,2021-12-20 10:38:35.066427648,19.897959183673468,18.0,0.6010204081632653,0.139925,149.02756607999984,19.87794226953929
1111,2021-12-20 10:38:35.178406656,19.8245,18.0,0.5609999999999999,0.140482,149.13954508799984,19.863384767682945
1112,2021-12-20 10:38:35.327118336,19.804081632653062,18.0,0.5251020408163265,0.147207,149.28825676799983,19.84889532228557
1113,2021-12-20 10:38:35.429521664,19.79,18.0,0.5,0.138619,149.39066009599983,19.83447362850889
1114,2021-12-20 10:38:35.479752704,19.828333333333333,18.0,0.41833333333333333,0.135364,149.44089113599983,19.820119350546726
1115,2021-12-20 10:38:35.566233856,19.808775510204082,18.0,0.2246938775510204,0.143953,149.52737228799984,19.805832122071056
1116,2021-12-20 10:38:35.665388544,19.801794871794872,18.0,0.3869230769230769,0.14549,149.62652697599984,19.79161154674015
1117,2021-12-20 10:38:35.788189952,19.79,18.0,0.3491836734693877,0.143793,149.74932838399982,19.77745719876802
1118,2021-12-20 10:38:35.894506240,19.79,18.0,0.31,0.148737,149.8556446719998,19.76336862355419
1119,2021-12-20 10:38:35.970989312,19.76051282051282,18.0,0.28,0.139245,149.9321277439998,19.74934533837272
1120,2021-12-20 10:38:36.068262912,19.743061224489797,18.0,0.24244897959183673,0.147295,150.0294013439998,19.735386833119158
1121,2021-12-20 10:38:36.178330880,19.71333333333333,18.0,0.2041025641025641,0.149469,150.13946931199982,19.721492571114137
1122,2021-12-20 10:38:36.327736576,19.771224489795916,18.0,0.17244897959183675,0.13892,150.28887500799982,19.707661989962137
1123,2021-12-20 10:38:36.439262720,19.660625,18.0,0.14500000000000002,0.140813,150.40040115199983,19.693894502463873
1124,2021-12-20 10:38:36.487210496,19.69142857142857,18.0,0.1,0.136346,150.44834892799983,19.680189497580624
1125,2021-12-20 10:38:36.563844608,19.622291666666666,18.0,0.065,0.135139,150.52498303999982,19.666546341448726
1126,2021-12-20 10:38:36.666388992,19.591363636363635,18.0,0.20727272727272725,0.142436,150.62752742399982,19.652964378442373
1127,2021-12-20 10:38:36.783457280,19.630408163265304,18.0,0.044081632653061226,0.139013,150.74459571199984,19.63944293228277
1128,2021-12-20 10:38:36.886997248,19.651999999999997,18.0,0.0,0.149481,150.84813567999984,19.625981307191548
1129,2021-12-20 10:38:36.969887488,19.58738095238095,18.0,0.12666666666666668,0.131725,150.93102591999985,19.61257878908631
1130,2021-12-20 10:38:37.069504768,19.58816326530612,18.0,0.10816326530612247,0.146356,151.03064319999984,19.59923464681597
1131,2021-12-20 10:38:37.173215744,19.600588235294115,18.0,0.07441176470588236,0.143823,151.13435417599985,19.58594813343352
1132,2021-12-20 10:38:37.312613376,19.579166666666666,18.0,0.04750000000000001,0.144493,151.27375180799984,19.572718487503824
1133,2021-12-20 10:38:37.427207424,19.584210526315786,18.0,0.032105263157894734,0.14113,151.38834585599983,19.55954493444388
1134,2021-12-20 10:38:37.485364480,19.577692307692306,18.0,0.0,0.146366,151.44650291199983,19.546426687892986
1135,2021-12-20 10:38:37.567470336,19.52857142857143,18.0,0.0,0.142043,151.52860876799983,19.533362951110202
1136,2021-12-20 10:38:37.671342080,19.49,18.0,0.0,0.139652,151.63248051199983,19.520352918396412
1137,2021-12-20 10:38:37.795129600,19.52408163265306,18.0,0.0,0.147784,151.75626803199984,19.507395776538157
1138,2021-12-20 10:38:37.895410688,19.514166666666664,18.0,0.0,0.146454,151.85654911999984,19.494490706270543
1139,2021-12-20 10:38:37.970586112,19.544146341463414,18.0,0.0,0.155224,151.93172454399985,19.481636883756437
1140,2021-12-20 10:38:38.068634368,19.461224489795917,18.0,0.0,0.145349,152.02977279999985,19.46883348207911
1141,2021-12-20 10:38:38.177243648,19.473157894736843,18.0,0.0,0.151267,152.13838207999984,19.456079672745485
1142,2021-12-20 10:38:38.323229696,19.425306122448976,18.0,0.0,0.14389,152.28436812799984,19.44337462719714
1143,2021-12-20 10:38:38.431346176,19.413333333333334,18.0,0.0,0.149042,152.39248460799985,19.4307175183262
1144,2021-12-20 10:38:38.483327232,19.37259259259259,18.0,0.0,0.144324,152.44446566399984,19.41810752199317
1145,2021-12-20 10:38:38.566137088,19.37142857142857,18.0,0.0,0.149197,152.52727551999985,19.405543818543848
1146,2021-12-20 10:38:38.664396544,19.3785,18.0,0.0,0.150481,152.62553497599984,19.393025594322356
1147,2021-12-20 10:38:38.780107008,19.35795918367347,18.0,0.0,0.143117,152.74124543999983,19.380552043177435
1148,2021-12-20 10:38:38.882108160,19.356296296296296,18.0,0.0,0.149409,152.84324659199984,19.368122367958932
1149,2021-12-20 10:38:38.966497024,19.349565217391305,18.0,0.0,0.145545,152.92763545599985,19.35573578200154
1150,2021-12-20 10:38:39.069896192,19.330416666666668,18.0,0.0,0.14078,153.03103462399986,19.34339151059276
1151,2021-12-20 10:38:39.191913216,19.33948717948718,18.0,0.0,0.152182,153.15305164799986,19.331088792422097
1152,2021-12-20 10:38:39.361656832,19.33530612244898,18.0,0.0,0.141705,153.32279526399986,19.318826881008484
1153,2021-12-20 10:38:39.475617280,19.317,18.0,0.0,0.139799,153.43675571199987,19.306605046102987
1154,2021-12-20 10:38:39.501758720,19.34,18.0,0.0,0.148236,153.46289715199987,19.294422575063845
1155,2021-12-20 10:38:39.565256704,19.32122448979592,18.0,0.0,0.146758,153.52639513599988,19.282278774200957
1156,2021-12-20 10:38:39.665708800,19.31860465116279,18.0,0.0,0.139058,153.62684723199988,19.270172970086954
1157,2021-12-20 10:38:39.764199424,19.311836734693877,18.0,0.0,0.137474,153.72533785599987,19.258104510832048
1158,2021-12-20 10:38:39.865415936,19.177954545454543,18.0,0.0,0.14423,153.82655436799988,19.246072767320026
1159,2021-12-20 10:38:39.964932608,19.180408163265305,18.0,0.0,0.143547,153.92607103999987,19.234077134402707
1160,2021-12-20 10:38:40.067828992,19.247999999999998,18.0,0.0,0.144127,154.02896742399986,19.222117032050363
1161,2021-12-20 10:38:40.186818304,19.201999999999998,18.0,0.0,0.143957,154.14795673599986,19.210191906455602
1162,2021-12-20 10:38:40.346604288,19.148333333333333,18.0,0.0,0.152231,154.30774271999985,19.1983012310884
1163,2021-12-20 10:38:40.448293632,19.1675,18.0,0.0,0.143926,154.40943206399984,19.18644450769991
1164,2021-12-20 10:38:40.487017984,19.1836,18.0,0.0,0.145512,154.44815641599985,19.17462126727291
1165,2021-12-20 10:38:40.567252736,19.138163265306122,18.0,0.0,0.146395,154.52839116799984,19.16283107091673
1166,2021-12-20 10:38:40.666839808,19.120952380952378,18.0,0.0,0.149496,154.62797823999983,19.151073510704578
1167,2021-12-20 10:38:40.781403904,19.142857142857142,18.0,0.0,0.1451,154.74254233599984,19.13934821045136
1168,2021-12-20 10:38:40.880196352,19.127037037037034,18.0,0.0,0.144242,154.84133478399986,19.12765482643011
1169,2021-12-20 10:38:40.964605440,19.13936170212766,18.0,0.0,0.14043,154.92574387199986,19.1159930480253
1170,2021-12-20 10:38:41.070207232,19.115306122448978,18.0,0.0,0.14746,155.03134566399984,19.1043625983214
1171,2021-12-20 10:38:41.178565120,19.11,18.0,0.0,0.134267,155.13970355199984,19.092763234625213
1172,2021-12-20 10:38:41.329902080,19.096530612244898,18.0,0.0,0.143852,155.29104051199985,19.081194748920634
1173,2021-12-20 10:38:41.456344832,19.084117647058825,18.0,0.0,0.142861,155.41748326399986,19.069656968254655
1174,2021-12-20 10:38:41.498810880,19.11,18.0,0.0,0.151426,155.45994931199985,19.058149755053584
1175,2021-12-20 10:38:41.564310528,19.047142857142855,18.0,0.0,0.146817,155.52544895999986,19.04667300736865
1176,2021-12-20 10:38:41.659652864,19.0825,18.0,0.0,0.149179,155.62079129599985,19.035226659050313
1177,2021-12-20 10:38:41.759692544,19.015714285714285,18.0,0.0,0.145314,155.72083097599986,19.02381067985082
1178,2021-12-20 10:38:41.867447040,18.92666666666667,18.0,0.0,0.146054,155.82858547199987,19.012425075454782
1179,2021-12-20 10:38:41.965967872,19.057391304347824,18.0,0.0,0.149882,155.92710630399986,19.00106988743769
1180,2021-12-20 10:38:42.070362880,19.0275,18.0,0.0,0.147617,156.03150131199988,18.98974519315242
1181,2021-12-20 10:38:42.192369664,19.002820512820513,18.0,0.0,0.144015,156.15350809599988,18.978451105544153
1182,2021-12-20 10:38:42.360725248,18.984285714285715,18.0,0.0,0.146152,156.3218636799999,18.967187772894196
1183,2021-12-20 10:38:42.473750272,18.978,18.0,0.0,0.149748,156.4348887039999,18.9559553784934
1184,2021-12-20 10:38:42.499801344,18.963333333333335,18.0,0.0,0.147156,156.4609397759999,18.944754140246143
1185,2021-12-20 10:38:42.563610880,18.916938775510204,18.0,0.0,0.150896,156.5247493119999,18.933584310205948
1186,2021-12-20 10:38:42.659295488,18.913157894736845,18.0,0.0,0.145307,156.6204339199999,18.922446174043966
1187,2021-12-20 10:38:42.758359552,18.90795918367347,18.0,0.0,0.145715,156.7194979839999,18.91134005045182
1188,2021-12-20 10:38:42.875075840,18.89,18.0,0.0,0.153331,156.8362142719999,18.900266290480438
1189,2021-12-20 10:38:42.973083648,18.879,18.0,0.0,0.148437,156.9342220799999,18.889225276816592
1190,2021-12-20 10:38:43.069110016,18.89,18.0,0.0,0.148231,157.0302484479999,18.878217422999043
1191,2021-12-20 10:38:43.180354816,18.873076923076926,18.0,0.0,0.144149,157.1414932479999,18.86724317257639
1192,2021-12-20 10:38:43.334628608,18.89,18.0,0.0,0.159929,157.2957670399999,18.85630299820873
1193,2021-12-20 10:38:43.449152256,18.89,18.0,0.0,0.147057,157.4102906879999,18.845397400715406
1194,2021-12-20 10:38:43.493600000,18.864117647058823,18.0,0.0,0.146703,157.45473843199989,18.834526908071187
1195,2021-12-20 10:38:43.566200576,18.782244897959185,18.0,0.0,0.147695,157.5273390079999,18.82369207435336
1196,2021-12-20 10:38:43.667517696,18.808139534883722,18.0,0.0,0.154716,157.6286561279999,18.8128934786423
1197,2021-12-20 10:38:43.782373120,18.84061224489796,18.0,0.0,0.156565,157.74351155199992,18.802131723878112
1198,2021-12-20 10:38:43.891576064,18.76058823529412,18.0,0.0,0.144611,157.85271449599992,18.791407435675943
1199,2021-12-20 10:38:43.974033920,18.771081081081082,18.0,0.0,0.146104,157.9351723519999,18.78072126110272
1200,2021-12-20 10:38:44.067264000,18.737346938775513,18.0,0.0,0.14882,158.02840243199992,18.770073867417967
1201,2021-12-20 10:38:44.174042880,18.747000000000003,18.0,0.0,0.151341,158.13518131199993,18.759465940781467
1202,2021-12-20 10:38:44.317202432,18.701428571428576,18.0,0.0,0.153684,158.27834086399992,18.748898184930407
1203,2021-12-20 10:38:44.424886272,18.67,18.0,0.0,0.161202,158.3860247039999,18.73837131982867
1204,2021-12-20 10:38:44.482439936,18.692,18.0,0.0,0.159791,158.44357836799992,18.727886080290883
1205,2021-12-20 10:38:44.568086016,18.692448979591838,18.0,0.0,0.149424,158.52922444799992,18.717443214583817
1206,2021-12-20 10:38:44.670952192,18.695,18.0,0.0,0.154032,158.63209062399991,18.70704348300754
1207,2021-12-20 10:38:44.789056512,18.67448979591837,18.0,0.0,0.157378,158.7501949439999,18.696687656458792
1208,2021-12-20 10:38:44.883051264,18.67,18.0,0.0,0.157655,158.8441896959999,18.686376514978914
1209,2021-12-20 10:38:44.964603904,18.678979591836736,18.0,0.0,0.154537,158.9257423359999,18.67611084628846
1210,2021-12-20 10:38:45.065800192,18.680232558139537,18.0,0.0,0.155018,159.0269386239999,18.665891444310752
1211,2021-12-20 10:38:45.200229120,18.67,18.0,0.0,0.145666,159.16136755199992,18.65571910768651
1212,2021-12-20 10:38:45.388731392,18.67,18.0,0.0,0.147969,159.3498698239999,18.64559463828162
1213,2021-12-20 10:38:45.490993920,18.67,18.0,0.0,0.151389,159.45213235199992,18.635518839690054
1214,2021-12-20 10:38:45.501756416,18.67,18.0,0.0,0.145918,159.46289484799993,18.625492515733953
1215,2021-12-20 10:38:45.565254400,18.62510204081633,18.0,0.0,0.150195,159.52639283199994,18.615516468962795
1216,2021-12-20 10:38:45.660496128,18.606315789473687,18.0,0.0,0.148037,159.62163455999993,18.605591499153743
1217,2021-12-20 10:38:45.759358976,18.629591836734694,18.0,0.0,0.165209,159.72049740799994,18.595718401814995
1218,2021-12-20 10:38:45.876075520,18.524893617021277,18.0,0.0,0.158686,159.83721395199996,18.585897966694144
1219,2021-12-20 10:38:45.973198080,18.55153846153846,18.0,0.0,0.143458,159.93433651199996,18.576130976293395
1220,2021-12-20 10:38:46.068611072,18.62510204081633,18.0,0.0,0.151297,160.02974950399997,18.566418204393628
1221,2021-12-20 10:38:46.171688448,18.584444444444447,18.0,0.0,0.148631,160.13282687999995,18.556760414589238
1222,2021-12-20 10:38:46.313168128,18.54877551020408,18.0,0.0,0.157277,160.27430655999996,18.547158358835627
1223,2021-12-20 10:38:46.427681792,18.496315789473684,18.0,0.0,0.145765,160.38882022399994,18.537612776011212
1224,2021-12-20 10:38:46.485909248,18.53962962962963,18.0,0.0,0.146528,160.44704767999994,18.528124390495886
1225,2021-12-20 10:38:46.567512064,18.503877551020405,18.0,0.0,0.144382,160.52865049599993,18.518693910767706
1226,2021-12-20 10:38:46.671383808,18.494,18.0,0.0,0.15095,160.63252223999993,18.50932202801969
1227,2021-12-20 10:38:46.797655552,18.476938775510206,18.0,0.0,0.148018,160.75879398399994,18.50000941479846
1228,2021-12-20 10:38:46.895934976,18.45,18.0,0.0,0.142541,160.85707340799993,18.490756723666475
1229,2021-12-20 10:38:46.969883648,18.486666666666665,18.0,0.0,0.142019,160.93102207999993,18.481564585889632
1230,2021-12-20 10:38:47.069510912,18.467959183673468,18.0,0.0,0.146413,161.03064934399993,18.47243361015188
1231,2021-12-20 10:38:47.185512960,18.455365853658535,18.0,0.0,0.152943,161.14665139199994,18.46336438129852
1232,2021-12-20 10:38:47.340159232,18.476938775510206,18.0,0.0,0.153875,161.30129766399995,18.454357459109737
1233,2021-12-20 10:38:47.443729408,18.45,18.0,0.0,0.154748,161.40486783999995,18.445413377106007
1234,2021-12-20 10:38:47.488368128,18.492307692307694,18.0,0.0,0.145154,161.44950655999995,18.436532641386876
1235,2021-12-20 10:38:47.569377536,18.4225,18.0,0.0,0.153914,161.53051596799995,18.4277157295047
1236,2021-12-20 10:38:47.669376768,18.398837209302325,18.0,0.0,0.153497,161.63051519999993,18.418963089374802
1237,2021-12-20 10:38:47.780792576,18.445510204081632,18.0,0.0,0.160136,161.74193100799994,18.41027513822355
1238,2021-12-20 10:38:47.878518784,18.45,18.0,0.0,0.15384,161.83965721599995,18.40165226157588
1239,2021-12-20 10:38:47.965713920,18.427551020408163,18.0,0.0,0.157578,161.92685235199994,18.393094812283728
1240,2021-12-20 10:38:48.065462016,18.403953488372093,18.0,0.0,0.151584,162.02660044799995,18.384603109596846
1241,2021-12-20 10:38:48.197145088,18.37177777777778,18.0,0.0,0.151491,162.15828351999994,18.376177438277477
1242,2021-12-20 10:38:48.381191680,18.414081632653062,18.0,0.0,0.152022,162.34233011199993,18.36781804776028
1243,2021-12-20 10:38:48.481040128,18.34,18.0,0.0,0.145661,162.44217855999992,18.35952515135896
1244,2021-12-20 10:38:48.498259968,18.362000000000002,18.0,0.0,0.158191,162.4593983999999,18.351298925520926
1245,2021-12-20 10:38:48.567983872,18.288367346938774,18.0,0.0,0.154763,162.5291223039999,18.3431395091314
1246,2021-12-20 10:38:48.668858368,18.3,18.0,0.0,0.154388,162.6299967999999,18.335047002868187
1247,2021-12-20 10:38:48.771090944,18.289583333333333,18.0,0.0,0.151371,162.7322293759999,18.32702146860831
1248,2021-12-20 10:38:48.870265600,18.26948717948718,18.0,0.0,0.142848,162.8314040319999,18.319062928887693
1249,2021-12-20 10:38:48.966120960,18.261428571428574,18.0,0.0,0.150892,162.9272593919999,18.31117136641482
1250,2021-12-20 10:38:49.067930880,18.28,18.0,0.0,0.154915,163.0290693119999,18.303346723639365
1251,2021-12-20 10:38:49.195822080,18.303333333333335,18.0,0.0,0.149099,163.1569605119999,18.295588902376583
1252,2021-12-20 10:38:49.368482560,18.274897959183676,18.0,0.0,0.152315,163.3296209919999,18.28789776348805
1253,2021-12-20 10:38:49.462165504,18.23,18.0,0.0,0.151638,163.42330393599988,18.280273126619402
1254,2021-12-20 10:38:49.489302528,18.266666666666666,18.0,0.0,0.15152,163.4504409599999,18.272714769995435
1255,2021-12-20 10:38:49.569597952,18.261428571428574,18.0,0.0,0.152131,163.5307363839999,18.265222430272935
1256,2021-12-20 10:38:49.670844672,18.260697674418605,18.0,0.0,0.150075,163.63198310399991,18.25779580245147
1257,2021-12-20 10:38:49.780449792,18.24795918367347,18.0,0.0,0.154406,163.7415882239999,18.25043453984221
1258,2021-12-20 10:38:49.877773568,18.23,18.0,0.0,0.147668,163.8389119999999,18.243138254094937
1259,2021-12-20 10:38:49.965501952,18.239166666666666,18.0,0.0,0.144755,163.9266403839999,18.235906515283183
1260,2021-12-20 10:38:50.066698496,18.23,18.0,0.0,0.150711,164.0278369279999,18.22873885204746
1261,2021-12-20 10:38:50.193895424,18.255454545454544,18.0,0.0,0.152681,164.1550338559999,18.221634751796522
1262,2021-12-20 10:38:50.366666496,18.238979591836735,18.0,0.0,0.152723,164.3278049279999,18.214593660966546
1263,2021-12-20 10:38:50.463276544,18.23,18.0,0.0,0.154216,164.4244149759999,18.207614985338157
1264,2021-12-20 10:38:50.491087616,18.258695652173913,18.0,0.0,0.150759,164.4522260479999,18.200698090411212
1265,2021-12-20 10:38:50.568807936,18.226041666666667,18.0,0.0,0.141967,164.52994636799988,18.19384230183727
1266,2021-12-20 10:38:50.669441024,18.196590909090908,18.0,0.0,0.149863,164.63057945599988,18.187046905909728
1267,2021-12-20 10:38:50.778653952,18.204285714285714,18.0,0.0,0.148537,164.73979238399988,18.18031115011162
1268,2021-12-20 10:38:50.877043968,18.217272727272725,18.0,0.0,0.141684,164.83818239999988,18.17363424372128
1269,2021-12-20 10:38:50.967488256,18.178571428571427,18.0,0.0,0.145604,164.92862668799987,18.16701535847593
1270,2021-12-20 10:38:51.067115520,18.18,18.0,0.0,0.152736,165.02825395199986,18.16045362929346
1271,2021-12-20 10:38:51.196304128,18.179782608695653,18.0,0.0,0.145353,165.15744255999985,18.153948155052706
1272,2021-12-20 10:38:51.374315520,18.187142857142856,18.0,0.0,0.144722,165.33545395199985,18.147497999432495
1273,2021-12-20 10:38:51.467998464,18.02,18.0,0.0,0.149829,165.42913689599985,18.14110219180984
1274,2021-12-20 10:38:51.491846656,18.184347826086956,18.0,0.0,0.152217,165.45298508799985,18.134759728217723
1275,2021-12-20 10:38:51.569918976,18.08,18.0,0.0,0.151652,165.53105740799984,18.12846957236291
1276,2021-12-20 10:38:51.671628288,18.091590909090908,18.0,0.0,0.149634,165.63276671999984,18.122230656704204
1277,2021-12-20 10:38:51.787097344,18.11625,18.0,0.0,0.144726,165.74823577599983,18.11604188359163
1278,2021-12-20 10:38:51.885910016,18.1025,18.0,0.0,0.142,165.84704844799984,18.10990212646697
1279,2021-12-20 10:38:51.968750080,18.16318181818182,18.0,0.0,0.152054,165.92988851199985,18.103810231126072
1280,2021-12-20 10:38:52.072028416,18.114285714285714,18.0,0.0,0.146419,166.03316684799984,18.09776501704332
1281,2021-12-20 10:38:52.177861888,18.12878787878788,18.0,0.0,0.148083,166.13900031999984,18.09176527875858
1282,2021-12-20 10:38:52.320719616,18.084285714285713,18.0,0.0,0.136704,166.28185804799983,18.085809787327044
1283,2021-12-20 10:38:52.436047872,18.04470588235294,18.0,0.0,0.145554,166.39718630399983,18.079897291832207
1284,2021-12-20 10:38:52.489054976,18.0725,18.0,0.0,0.14732,166.45019340799982,18.074026520962203
1285,2021-12-20 10:38:52.568595968,18.032857142857143,18.0,0.0,0.149278,166.52973439999982,18.06819618464966
1286,2021-12-20 10:38:52.665386752,18.068461538461538,18.0,0.0,0.152369,166.62652518399983,18.062404975775234
1287,2021-12-20 10:38:52.781731072,18.05857142857143,18.0,0.0,0.147852,166.74286950399983,18.056651571934747
1288,2021-12-20 10:38:52.892472576,18.033548387096772,18.0,0.0,0.148769,166.85361100799983,18.050934637269883
1289,2021-12-20 10:38:52.974316800,18.047631578947367,18.0,0.0,0.156732,166.93545523199984,18.045252824362287
1290,2021-12-20 10:38:53.069096192,18.02,18.0,0.0,0.147731,167.03023462399983,18.03960477619076
1291,2021-12-20 10:38:53.178319104,18.041,18.0,0.0,0.142028,167.13945753599984,18.033989128151166
1292,2021-12-20 10:38:53.326839552,18.02857142857143,18.0,0.0,0.144359,167.28797798399984,18.028404510138493
1293,2021-12-20 10:38:53.436655872,18.02,18.0,0.0,0.14396,167.39779430399983,18.02284954869039
1294,2021-12-20 10:38:53.489240832,18.02,18.0,0.0,0.139152,167.45037926399982,18.017322869191457
1295,2021-12-20 10:38:53.569857792,18.01125,18.0,0.0,0.145786,167.5309962239998,18.011823098137242
1296,2021-12-20 10:38:53.666085376,18.01475,18.0,0.0,0.151403,167.6272238079998,18.006348865456975
1297,2021-12-20 10:38:53.775117312,18.02,18.0,0.0,0.150903,167.7362557439998,18.000898806893712
1298,2021-12-20 10:38:53.875991808,18.006451612903223,18.0,0.0,0.149577,167.8371302399998,17.995471566440575
1299,2021-12-20 10:38:53.965933056,18.02,18.0,0.0,0.160703,167.9270714879998,17.990065798831463
1300,2021-12-20 10:38:54.068829184,17.973333333333333,18.0,0.0,0.148137,168.0299676159998,17.984680172084524
1301,2021-12-20 10:38:54.195473152,17.976046511627906,18.0,0.0,0.147579,168.1566115839998,17.97931337009655
1302,2021-12-20 10:38:54.367358976,17.97285714285714,18.0,0.0,0.145846,168.32849740799978,17.973964095286167
1303,2021-12-20 10:38:54.466382848,18.02,18.0,0.0,0.14403,168.42752127999978,17.968631071283642
1304,2021-12-20 10:38:54.492896512,17.915,18.0,0.036,0.15435,168.45403494399977,17.963313045664776
1305,2021-12-20 10:38:54.568796416,17.917142857142856,18.0,0.18,0.147227,168.52993484799978,17.95800879272629
1306,2021-12-20 10:38:54.667719424,17.95341463414634,18.0,0.17121951219512194,0.145011,168.6288578559998,17.952717116299812
1307,2021-12-20 10:38:54.774940928,17.95875,18.0,0.0,0.150403,168.7360793599998,17.9474368526014
1308,2021-12-20 10:38:54.877656064,17.89029411764706,18.0,0.0,0.152633,168.8387944959998,17.942166873113248
1309,2021-12-20 10:38:54.967627264,17.93133333333333,18.0,0.0,0.144228,168.9287656959998,17.93690608749403
1310,2021-12-20 10:38:55.071529472,17.942857142857143,18.0,0.0,0.142623,169.0326679039998,17.931653446513998
1311,2021-12-20 10:38:55.189844992,17.892894736842106,18.0,0.0,0.140797,169.1509834239998,17.92640794501073
1312,2021-12-20 10:38:55.349429760,17.925714285714285,18.0,0.0,0.148556,169.3105681919998,17.92116862486122
1313,2021-12-20 10:38:55.459638272,17.829090909090908,18.0,0.10363636363636365,0.150968,169.42077670399982,17.915934577965622
1314,2021-12-20 10:38:55.495526400,17.85941176470588,18.0,0.0,0.141334,169.45666483199983,17.910704949237818
1315,2021-12-20 10:38:55.567774976,17.9,18.0,0.15122448979591838,0.14305,169.52891340799982,17.905478939597508
1316,2021-12-20 10:38:55.663831552,17.896153846153844,18.0,0.05358974358974359,0.142297,169.62496998399982,17.90025580895846
1317,2021-12-20 10:38:55.766587136,17.86142857142857,18.0,0.0,0.142193,169.7277255679998,17.895034879207202
1318,2021-12-20 10:38:55.872822528,17.832105263157896,18.0,0.125,0.142069,169.8339609599998,17.889815537166115
1319,2021-12-20 10:38:55.967873536,17.908297872340423,18.0,0.04851063829787235,0.14512,169.92901196799983,17.884597237534724
1320,2021-12-20 10:38:56.070870272,17.919375,18.0,0.1416666666666667,0.142939,170.03200870399982,17.87937950580277
1321,2021-12-20 10:38:56.182285824,17.862499999999997,18.0,0.2,0.148382,170.14342425599983,17.874161941128296
1322,2021-12-20 10:38:56.332053760,17.84,18.0,0.2,0.148963,170.29319219199982,17.86894421917394
1323,2021-12-20 10:38:56.439607040,17.88,18.0,0.20000000000000004,0.138505,170.4007454719998,17.863726094894385
1324,2021-12-20 10:38:56.487604992,17.817777777777778,18.0,0.21,0.142937,170.44874342399982,17.858507405267677
1325,2021-12-20 10:38:56.571199488,17.83142857142857,18.0,0.21,0.137263,170.5323379199998,17.853288071963075
1326,2021-12-20 10:38:56.671993600,17.83,18.0,0.21000000000000002,0.149326,170.6331320319998,17.848068103938
1327,2021-12-20 10:38:56.784696576,17.818571428571428,18.0,0.21489795918367346,0.143316,170.7458350079998,17.842847599956485
1328,2021-12-20 10:38:56.880883968,17.81,18.0,0.22,0.150268,170.8420223999998,17.83762675102147
1329,2021-12-20 10:38:56.965926656,17.81,18.0,0.22489795918367347,0.145621,170.92706508799978,17.832405842713296
1330,2021-12-20 10:38:57.068833024,17.828666666666667,18.0,0.22999999999999998,0.141214,171.02997145599977,17.82718525742662
1331,2021-12-20 10:38:57.199218688,17.837999999999997,18.0,0.1366666666666667,0.133682,171.16035711999976,17.821965476498068
1332,2021-12-20 10:38:57.372975360,17.845,18.0,0.11312499999999999,0.138455,171.33411379199975,17.8167470822169
1333,2021-12-20 10:38:57.468257536,17.81,18.0,0.24,0.148847,171.42939596799977,17.81153075971111
1334,2021-12-20 10:38:57.493785344,17.78,18.0,0.38285714285714284,0.141994,171.45492377599976,17.806317298701494
1335,2021-12-20 10:38:57.570047488,17.80142857142857,18.0,0.43999999999999995,0.138681,171.53118591999976,17.801107595116203
1336,2021-12-20 10:38:57.666214656,17.81,18.0,0.37666666666666665,0.143623,171.62735308799975,17.795902652558706
1337,2021-12-20 10:38:57.778314240,17.818571428571428,18.0,0.25224489795918364,0.145417,171.73945267199974,17.790703583622058
1338,2021-12-20 10:38:57.889709824,17.791470588235292,18.0,0.26,0.142318,171.85084825599975,17.78551161104281
1339,2021-12-20 10:38:57.975597312,17.82076923076923,18.0,0.27,0.143005,171.93673574399975,17.78032806868797
1340,2021-12-20 10:38:58.071935744,17.767142857142854,18.0,0.27,0.143839,172.03307417599976,17.77515440236884
1341,2021-12-20 10:38:58.180193024,17.764594594594595,18.0,0.27135135135135136,0.136209,172.14133145599976,17.769992170475934
1342,2021-12-20 10:38:58.334466816,17.81,18.0,0.28,0.146613,172.29560524799976,17.764843044429462
1343,2021-12-20 10:38:58.456131840,17.775,18.0,0.28,0.146696,172.41727027199977,17.759708808940264
1344,2021-12-20 10:38:58.500076544,17.81,18.0,0.2823076923076923,0.142748,172.46121497599978,17.754591362076468
1345,2021-12-20 10:38:58.567617792,17.80142857142857,18.0,0.29,0.147446,172.52875622399978,17.749492715131684
1346,2021-12-20 10:38:58.668562944,17.81954545454545,18.0,0.29,0.14124,172.6297013759998,17.744414992290938
1347,2021-12-20 10:38:58.771670272,17.767142857142854,18.0,0.3,0.142326,172.73280870399978,17.739360430091104
1348,2021-12-20 10:38:58.872051968,17.766923076923074,18.0,0.3,0.1522,172.83319039999978,17.734331376672994
1349,2021-12-20 10:38:58.967655936,17.724285714285713,18.0,0.3,0.144325,172.92879436799979,17.729330290822954
1350,2021-12-20 10:38:59.070059264,17.730666666666668,18.0,0.30955555555555553,0.145536,173.0311976959998,17.724359740802164
1351,2021-12-20 10:38:59.192941312,17.769024390243903,18.0,0.31,0.144474,173.1540797439998,17.719422402962483
1352,2021-12-20 10:38:59.361578496,17.724285714285713,18.0,0.31,0.151243,173.3227169279998,17.71452106014819
1353,2021-12-20 10:38:59.464625664,17.775,18.0,0.3133333333333333,0.149483,173.4257640959998,17.709658599883557
1354,2021-12-20 10:38:59.494901248,17.7155,18.0,0.52,0.14227,173.4560396799998,17.704838012346652
1355,2021-12-20 10:38:59.570800896,17.677142857142858,18.0,0.35714285714285715,0.154926,173.5319393279998,17.700062388130306
1356,2021-12-20 10:38:59.668557312,17.65775,18.0,0.33,0.146913,173.6296957439998,17.695334915791754
1357,2021-12-20 10:38:59.775305984,17.69,18.0,0.33795918367346944,0.148041,173.7364444159998,17.690658879192913
1358,2021-12-20 10:38:59.878845952,17.64323529411765,18.0,0.46941176470588236,0.151925,173.83998438399982,17.68603765463374
1359,2021-12-20 10:38:59.969270016,17.682173913043478,18.0,0.54,0.145437,173.9304084479998,17.681474707781653
1360,2021-12-20 10:39:00.073262592,17.724285714285713,18.0,0.40428571428571425,0.142711,174.0344010239998,17.6769735904004
1361,2021-12-20 10:39:00.191185920,17.691538461538464,18.0,0.5330769230769231,0.143221,174.1523243519998,17.67253793688224
1362,2021-12-20 10:39:00.343568896,17.683125,18.0,0.56,0.133016,174.3047073279998,17.66817146058777
1363,2021-12-20 10:39:00.445228032,17.663,18.0,0.56,0.146014,174.4063664639998,17.663877949998135
1364,2021-12-20 10:39:00.489051904,17.67,18.0,0.38,0.145503,174.4501903359998,17.659661264684757
1365,2021-12-20 10:39:00.571046912,17.655714285714286,18.0,0.5042857142857143,0.140411,174.5321853439998,17.65552533110219
1366,2021-12-20 10:39:00.673319680,17.61909090909091,18.0,0.4809090909090909,0.143518,174.6344581119998,17.65147413821
1367,2021-12-20 10:39:00.793325056,17.63857142857143,18.0,0.5057142857142858,0.144856,174.7544634879998,17.647511732930116
1368,2021-12-20 10:39:00.888808192,17.6,18.0,0.6,0.143659,174.8499466239998,17.643642215446327
1369,2021-12-20 10:39:00.968349184,17.60893617021277,18.0,0.6051063829787233,0.148269,174.92948761599982,17.639869734352978
1370,2021-12-20 10:39:01.073448192,17.642857142857142,18.0,0.7038775510204082,0.150269,175.03458662399981,17.636198481660276
1371,2021-12-20 10:39:01.195797248,17.694499999999998,18.0,0.7110000000000001,0.138053,175.1569356799998,17.632632687663964
1372,2021-12-20 10:39:01.355049984,17.617142857142856,18.0,0.6342857142857143,0.148986,175.31618841599982,17.629176615687378
1373,2021-12-20 10:39:01.455270656,17.6,18.0,0.64,0.143849,175.41640908799982,17.62583455670429
1374,2021-12-20 10:39:01.490937344,17.617500000000003,18.0,0.6575000000000001,0.150904,175.45207577599982,17.622610823851158
1375,2021-12-20 10:39:01.570086144,17.63,18.0,0.66,0.138644,175.53122457599983,17.61950974683775
1376,2021-12-20 10:39:01.670246400,17.645,18.0,0.6638095238095238,0.150454,175.63138483199984,17.616535666265367
1377,2021-12-20 10:39:01.791489024,17.621428571428574,18.0,0.6732653061224491,0.142591,175.75262745599983,17.613692927862136
1378,2021-12-20 10:39:01.898478848,17.6,18.0,0.68,0.146341,175.85961727999984,17.610985876645152
1379,2021-12-20 10:39:01.977396224,17.62153846153846,18.0,0.6935897435897436,0.142141,175.93853465599983,17.608418851019508
1380,2021-12-20 10:39:02.072175360,17.613125,18.0,0.6999999999999998,0.138954,176.03331379199983,17.605996176824416
1381,2021-12-20 10:39:02.182595328,17.656341463414638,18.0,0.7029268292682926,0.136926,176.14373375999983,17.60372216133696
1382,2021-12-20 10:39:02.335179520,17.60857142857143,18.0,0.7120408163265306,0.147288,176.29631795199984,17.60160108724418
1383,2021-12-20 10:39:02.444985856,17.6,18.0,0.72,0.141618,176.40612428799983,17.599637206594434
1384,2021-12-20 10:39:02.493084416,17.6,24.0,2.6534782608695653,0.142097,176.45422284799983,17.59783473473923
1385,2021-12-20 10:39:02.571911168,17.6,24.0,6.279591836734694,0.137683,176.53304959999983,17.596197844276755
1386,2021-12-20 10:39:02.669255168,17.626250000000002,24.0,6.366,0.141677,176.63039359999982,17.594730659008647
1387,2021-12-20 10:39:02.775108608,17.60857142857143,24.0,6.3638775510204075,0.144303,176.73624703999982,17.593437247921624
1388,2021-12-20 10:39:02.876647168,17.61235294117647,24.0,6.650588235294117,0.13991,176.83778559999982,17.592321619205777
1389,2021-12-20 10:39:02.969112832,17.617142857142856,24.0,6.770612244897959,0.14412,176.93025126399982,17.5913877143214
1390,2021-12-20 10:39:03.070922752,17.604772727272728,24.0,6.89,0.1462,177.03206118399982,17.590639402126364
1391,2021-12-20 10:39:03.203098624,17.609545454545454,24.0,7.216818181818181,0.138127,177.16423705599982,17.590080473076018
1392,2021-12-20 10:39:03.385153536,17.6,24.0,7.152708333333334,0.144425,177.34629196799983,17.589714633507754
1393,2021-12-20 10:39:03.488059904,17.6,24.0,7.28,0.142456,177.44919833599982,17.58954550002236
1394,2021-12-20 10:39:03.503901696,17.663,24.0,7.409999999999999,0.133466,177.46504012799983,17.58957659397428
1395,2021-12-20 10:39:03.568797696,17.604285714285716,24.0,7.53734693877551,0.143622,177.52993612799983,17.589811336082793
1396,2021-12-20 10:39:03.664431872,17.594473684210527,24.0,7.471842105263158,0.150888,177.62557030399984,17.59025304117619
1397,2021-12-20 10:39:03.763777536,17.595714285714287,24.0,7.783469387755102,0.140675,177.72491596799983,17.59090491308074
1398,2021-12-20 10:39:03.879287040,17.6,24.0,7.911521739130435,0.149272,177.84042547199982,17.591770039666294
1399,2021-12-20 10:39:03.975202816,17.6,24.0,8.04,0.145021,177.93634124799982,17.592851388060087
1400,2021-12-20 10:39:04.070605568,17.57857142857143,24.0,8.156734693877551,0.141493,178.03174399999983,17.594151800040056
1401,2021-12-20 10:39:04.184525568,17.595,24.0,8.281428571428572,0.14547,178.14566399999984,17.595673987618756
1402,2021-12-20 10:39:04.339644416,17.6,24.0,8.416734693877551,0.145825,178.30078284799984,17.597420528828632
1403,2021-12-20 10:39:04.446352896,17.6,24.0,8.51,0.141217,178.40749132799985,17.599393863719126
1404,2021-12-20 10:39:04.492188416,17.57375,24.0,8.68,0.150623,178.45332684799985,17.601596290575618
1405,2021-12-20 10:39:04.571005184,17.525625,24.0,8.791041666666667,0.153491,178.53214361599984,17.60402996236981
1406,2021-12-20 10:39:04.672815104,17.53318181818182,24.0,8.916363636363636,0.149185,178.63395353599984,17.606696883450645
1407,2021-12-20 10:39:04.792649472,17.587142857142858,24.0,9.04877551020408,0.138915,178.75378790399984,17.609598906484297
1408,2021-12-20 10:39:04.894238208,17.6,24.0,9.156666666666666,0.138434,178.85537663999983,17.612737729651318
1409,2021-12-20 10:39:04.974312192,17.575000000000003,24.0,9.30857142857143,0.151513,178.93545062399983,17.616114894108296
1410,2021-12-20 10:39:05.074895104,17.6,24.0,9.420816326530613,0.143045,179.03603353599982,17.619731781720766
1411,2021-12-20 10:39:05.182840576,17.570833333333336,24.0,9.561944444444444,0.143198,179.14397900799983,17.6235896130735
1412,2021-12-20 10:39:05.328313600,17.60857142857143,24.0,9.667551020408164,0.150423,179.28945203199984,17.62768944576353
1413,2021-12-20 10:39:05.440181760,17.6,24.0,9.71,0.148988,179.40132019199984,17.632032172980626
1414,2021-12-20 10:39:05.491800832,17.6,24.0,9.96,0.138342,179.45293926399984,17.636618522379138
1415,2021-12-20 10:39:05.571372032,17.60857142857143,24.0,10.036938775510205,0.141061,179.53251046399984,17.64144905524442
1416,2021-12-20 10:39:05.674569984,17.63266666666667,24.0,10.162222222222223,0.144018,179.63570841599983,17.646524165956283
1417,2021-12-20 10:39:05.794434560,17.6,24.0,10.290416666666667,0.142015,179.75557299199983,17.651844081751147
1418,2021-12-20 10:39:05.887875840,17.627391304347828,24.0,10.372608695652174,0.133225,179.84901427199983,17.657408862783704
1419,2021-12-20 10:39:05.968231680,17.634285714285713,24.0,10.543673469387755,0.13823,179.92937011199984,17.66321840248827
1420,2021-12-20 10:39:06.064449024,17.62153846153846,24.0,10.649999999999999,0.139484,180.02558745599984,17.6692724282391
1421,2021-12-20 10:39:06.204641536,17.672857142857143,24.0,10.698571428571428,0.139023,180.16577996799984,17.67557050230825
1422,2021-12-20 10:39:06.393686784,17.6146511627907,24.0,10.775116279069767,0.134306,180.35482521599985,17.6821120231187
1423,2021-12-20 10:39:06.445637888,17.650560875512998,24.0,11.007558139534883,0.139404,180.40677631999986,17.688896226789836
1424,2021-12-20 10:39:06.497579008,17.686470588235295,24.0,11.24,0.136509,180.45871743999987,17.695922188971476
1425,2021-12-20 10:39:06.570109184,17.647142857142857,24.0,11.285102040816327,0.136748,180.53124761599986,17.70318882696211
1426,2021-12-20 10:39:06.672321536,17.705,24.0,11.417272727272726,0.143591,180.63345996799987,17.710694902106077
1427,2021-12-20 10:39:06.783385088,17.655714285714286,24.0,11.539795918367348,0.132953,180.74452351999986,17.718439022463926
1428,2021-12-20 10:39:06.881252096,17.76258064516129,24.0,11.616451612903226,0.13504,180.84239052799987,17.726419645749413
1429,2021-12-20 10:39:06.969161472,17.753125,24.0,11.590000000000002,0.148226,180.93029990399987,17.73463508252607
1430,2021-12-20 10:39:07.064131840,17.754736842105263,24.0,11.68,0.13554,181.02527027199986,17.743083499655587
1431,2021-12-20 10:39:07.201266432,17.775714285714287,24.0,11.832040816326531,0.141566,181.16240486399985,17.75176292398976
1432,2021-12-20 10:39:07.385775616,17.81,24.0,11.936046511627907,0.141016,181.34691404799986,17.760671246297186
1433,2021-12-20 10:39:07.439798784,17.819130434782608,24.0,12.149327603640042,0.143757,181.40093721599985,17.7698062254155
1434,2021-12-20 10:39:07.493821696,17.828260869565216,24.0,12.362608695652176,0.140349,181.45496012799984,17.779165492619427
1435,2021-12-20 10:39:07.570667008,17.73125,24.0,12.320625,0.143162,181.53180543999983,17.788746556194532
1436,2021-12-20 10:39:07.672527360,17.782,24.0,12.626444444444445,0.124973,181.63366579199982,17.798546806206286
1437,2021-12-20 10:39:07.789364224,17.818571428571428,24.0,12.55,0.139755,181.7505026559998,17.808563519453475
1438,2021-12-20 10:39:07.885129216,17.833333333333332,24.0,12.68,0.136888,181.8462676479998,17.818793864594937
1439,2021-12-20 10:39:07.969327104,17.81,24.0,12.807346938775511,0.129831,181.93046553599982,17.82923490743812
1440,2021-12-20 10:39:08.064900864,17.82657894736842,24.0,12.923684210526314,0.13531,182.02603929599982,17.839883616377772
1441,2021-12-20 10:39:08.203544320,17.831875,24.0,13.040000000000001,0.140871,182.16468275199983,17.85073686797278
1442,2021-12-20 10:39:08.379101696,17.850975609756098,24.0,12.990243902439024,0.143768,182.34024012799983,17.86179145264899
1443,2021-12-20 10:39:08.433708032,17.8630740117746,24.0,13.205121951219512,0.131142,182.39484646399984,17.873044080515612
1444,2021-12-20 10:39:08.488314368,17.875172413793102,24.0,13.42,0.142019,182.44945279999985,17.884491387282676
1445,2021-12-20 10:39:08.572733696,17.887142857142855,24.0,13.362857142857143,0.140442,182.53387212799984,17.8961299402668
1446,2021-12-20 10:39:08.679311104,17.929318181818182,24.0,13.442727272727273,0.134061,182.64044953599984,17.907956244472462
1447,2021-12-20 10:39:08.810792960,17.94125,24.0,13.5625,0.130222,182.77193139199983,17.91996674873587
1448,2021-12-20 10:39:08.901066240,17.945,24.0,13.612857142857141,0.138115,182.86220467199982,17.93215785191848
1449,2021-12-20 10:39:08.970287360,17.97978723404255,24.0,13.850425531914894,0.145345,182.93142579199983,17.94452590913719
1450,2021-12-20 10:39:09.070890240,17.987333333333332,24.0,13.909999999999998,0.132604,183.03202867199983,17.95706723801822
1451,2021-12-20 10:39:09.197393408,17.99,24.0,14.044285714285715,0.133989,183.15853183999982,17.969778124961667
1452,2021-12-20 10:39:09.371391488,18.02,24.0,14.148367346938775,0.134858,183.3325299199998,17.98265483140393
1453,2021-12-20 10:39:09.466995456,18.02,24.0,14.19,0.139764,183.42813388799982,17.995693600065138
1454,2021-12-20 10:39:09.492141312,18.02,24.0,14.43,0.128901,183.45327974399981,18.008890661168905
1455,2021-12-20 10:39:09.571963648,18.032857142857143,24.0,14.498571428571429,0.138831,183.53310207999982,18.022242238621885
1456,2021-12-20 10:39:09.677957888,18.03909090909091,24.0,14.504545454545456,0.129858,183.63909631999982,18.035744556140713
1457,2021-12-20 10:39:09.812990464,18.041428571428572,24.0,14.639795918367348,0.130967,183.7741288959998,18.04939384331408
1458,2021-12-20 10:39:09.913502976,18.02,24.0,14.79,0.13514,183.8746414079998,18.063186341587873
1459,2021-12-20 10:39:09.978559744,18.048378378378377,24.0,14.975405405405406,0.133529,183.9396981759998,18.077118310161573
1460,2021-12-20 10:39:10.073057536,18.08,24.0,15.071428571428571,0.136233,184.0341959679998,18.0911860317842
1461,2021-12-20 10:39:10.186213120,18.084615384615383,24.0,15.09897435897436,0.136608,184.1473515519998,18.105385818438403
1462,2021-12-20 10:39:10.341321984,18.114285714285714,24.0,15.184081632653061,0.130688,184.3024604159998,18.119714016901415
1463,2021-12-20 10:39:10.446028544,18.146,24.0,15.38,0.130549,184.40716697599981,18.134167014171897
1464,2021-12-20 10:39:10.490285056,18.16777777777778,24.0,15.449629629629628,0.133682,184.45142348799982,18.148741242751978
1465,2021-12-20 10:39:10.571877888,18.16,24.0,15.520000000000001,0.127152,184.53301631999983,18.163433185774046
1466,2021-12-20 10:39:10.676413696,18.14409090909091,24.0,15.711363636363636,0.129139,184.63755212799984,18.178239381962175
1467,2021-12-20 10:39:10.807955968,18.217142857142857,24.0,15.681836734693876,0.132798,184.76909439999983,18.193156430418266
1468,2021-12-20 10:39:10.902242304,18.23,24.0,15.77,0.135407,184.86338073599984,18.208180995223493
1469,2021-12-20 10:39:10.971724800,18.220454545454547,24.0,15.915,0.132492,184.93286323199985,18.22330980984586
1470,2021-12-20 10:39:11.073826560,18.243750000000002,24.0,16.0225,0.134456,185.03496499199986,18.23853968134514
1471,2021-12-20 10:39:11.196336384,18.31105263157895,24.0,16.143157894736845,0.12637,185.15747481599985,18.253867494366833
1472,2021-12-20 10:39:11.361744896,18.23,24.0,16.247142857142858,0.12887,185.32288332799985,18.269290214917152
1473,2021-12-20 10:39:11.464399616,18.23,24.0,16.35,0.126639,185.42553804799985,18.28480489391162
1474,2021-12-20 10:39:11.494966784,18.29,24.0,16.481818181818184,0.124285,185.45610521599986,18.300408670490135
1475,2021-12-20 10:39:11.572596736,18.310816326530613,24.0,16.58673469387755,0.138719,185.53373516799985,18.316098775091934
1476,2021-12-20 10:39:11.673783040,18.337441860465116,24.0,16.69558139534884,0.134656,185.63492147199986,18.331872532284294
1477,2021-12-20 10:39:11.785007616,18.275833333333335,24.0,16.81,0.130199,185.74614604799987,18.34772736333943
1478,2021-12-20 10:39:11.881758208,18.384,24.0,16.926,0.121363,185.84289663999988,18.363660788554473
1479,2021-12-20 10:39:11.969335552,18.427551020408163,24.0,16.843673469387756,0.128116,185.9304739839999,18.379670429309975
1480,2021-12-20 10:39:12.064899328,18.45,24.0,16.941315789473684,0.129642,186.0260377599999,18.39575400986301
1481,2021-12-20 10:39:12.207586048,18.436530612244898,24.0,17.04877551020408,0.120382,186.1687244799999,18.411909358871412
1482,2021-12-20 10:39:12.386563328,18.4665,24.0,17.1535,0.117098,186.3477017599999,18.428134410646436
1483,2021-12-20 10:39:12.438967040,18.48905,24.0,17.27675,0.121725,186.4001054719999,18.444427206131596
1484,2021-12-20 10:39:12.491380736,18.5116,24.0,17.4,0.121874,186.4525191679999,18.460785893606342
1485,2021-12-20 10:39:12.572691712,18.494897959183675,24.0,17.487551020408166,0.118659,186.5338301439999,18.477208729113674
1486,2021-12-20 10:39:12.673848064,18.4995,24.0,17.589750000000002,0.119011,186.6349864959999,18.49369407661163
1487,2021-12-20 10:39:12.802493440,18.499387755102042,24.0,17.703061224489797,0.115496,186.7636318719999,18.51024040784921
1488,2021-12-20 10:39:12.907109632,18.481428571428573,24.0,17.77190476190476,0.114109,186.8682480639999,18.526846301968014
1489,2021-12-20 10:39:12.977256192,18.600526315789477,24.0,17.759473684210526,0.11556,186.93839462399993,18.543510444831615
1490,2021-12-20 10:39:13.071894528,18.62510204081633,24.0,17.824081632653062,0.119374,187.03303295999993,18.5602316280854
1491,2021-12-20 10:39:13.183652096,18.590555555555554,24.0,17.94611111111111,0.119953,187.14479052799993,18.577008747950316
1492,2021-12-20 10:39:13.344725504,18.63857142857143,24.0,18.027346938775512,0.111561,187.30586393599992,18.59384080375465
1493,2021-12-20 10:39:13.461019392,18.67,24.0,18.07,0.115938,187.42215782399992,18.610726896208718
1494,2021-12-20 10:39:13.499401728,18.708823529411767,24.0,18.28,0.123175,187.46054015999994,18.62766622542806
1495,2021-12-20 10:39:13.571207936,18.67448979591837,24.0,18.34061224489796,0.113326,187.53234636799993,18.644658088711363
1496,2021-12-20 10:39:13.671337984,18.67511627906977,24.0,18.43860465116279,0.114211,187.63247641599995,18.661701878080123
1497,2021-12-20 10:39:13.780923136,18.68795918367347,24.0,18.546938775510206,0.107382,187.74206156799994,18.678797077587696
1498,2021-12-20 10:39:13.880037376,18.690625,24.0,18.620625,0.118623,187.84117580799995,18.695943260406022
1499,2021-12-20 10:39:13.970582016,18.692448979591838,24.0,18.757142857142856,0.102438,187.93172044799994,18.713140085698914
1500,2021-12-20 10:39:14.069334272,18.758000000000003,24.0,18.7925,0.110896,188.03047270399995,18.73038729529155
1501,2021-12-20 10:39:14.211920384,18.77326530612245,24.0,18.833877551020407,0.105106,188.17305881599995,18.747684710146235
1502,2021-12-20 10:39:14.386502144,18.791000000000004,24.0,19.05,0.107923,188.34764057599995,18.765032226655133
1503,2021-12-20 10:39:14.438493440,18.827807692307694,24.0,19.118076923076924,0.102798,188.39963187199996,18.782429812761094
1504,2021-12-20 10:39:14.490474496,18.864615384615384,24.0,19.186153846153847,0.107591,188.45161292799995,18.799877503918243
1505,2021-12-20 10:39:14.572892160,18.800204081632653,24.0,19.169183673469387,0.09801,188.53403059199994,18.81737539890447
1506,2021-12-20 10:39:14.677337344,18.85,24.0,19.275000000000002,0.107596,188.63847577599995,18.83492365549828
1507,2021-12-20 10:39:14.798066944,18.89,24.0,19.370408163265306,0.105578,188.75920537599995,18.852522486032864
1508,2021-12-20 10:39:14.891045888,18.92,24.0,19.477272727272727,0.098788,188.85218431999996,18.87017215284063
1509,2021-12-20 10:39:14.969601024,18.89,24.0,19.562244897959186,0.094845,188.93073945599997,18.887872963601623
1510,2021-12-20 10:39:15.064671744,18.89578947368421,24.0,19.652894736842104,0.105699,189.02581017599996,18.905625266609576
1511,2021-12-20 10:39:15.207680512,18.92142857142857,24.0,19.768163265306125,0.101143,189.16881894399995,18.923429445969465
1512,2021-12-20 10:39:15.398174464,18.905714285714286,24.0,19.86,0.09682,189.35931289599995,18.94128591674061
1513,2021-12-20 10:39:15.449330688,18.918482142857144,24.0,19.96,0.097631,189.41046911999996,18.959195120039386
1514,2021-12-20 10:39:15.500487168,18.93125,24.0,20.06,0.087367,189.46162559999996,18.977157518115643
1515,2021-12-20 10:39:15.571911168,18.948367346938777,24.0,20.17,0.098664,189.53304959999997,18.99517358941696
1516,2021-12-20 10:39:15.672805632,18.97186046511628,24.0,20.267674418604653,0.088725,189.63394406399996,19.013243823654626
1517,2021-12-20 10:39:15.780700928,18.96183673469388,24.0,20.16673469387755,0.100397,189.74183935999997,19.031368716885254
1518,2021-12-20 10:39:15.880368384,19.0,24.0,20.24823529411765,0.08632,189.84150681599996,19.049548766621616
1519,2021-12-20 10:39:15.970772480,19.087551020408164,24.0,20.347755102040814,0.085961,189.93191091199995,19.06778446698614
1520,2021-12-20 10:39:16.062302720,19.079444444444444,24.0,20.440555555555555,0.093468,190.02344115199995,19.08607630392016
1521,2021-12-20 10:39:16.195212800,19.09204081632653,24.0,20.539591836734694,0.095077,190.15635123199993,19.1044247504617
1522,2021-12-20 10:39:16.377690368,19.11,24.0,20.626976744186045,0.097868,190.33882879999993,19.122830262104312
1523,2021-12-20 10:39:16.434097152,19.130535714285713,24.0,20.738488372093023,0.098645,190.39523558399992,19.141293272249012
1524,2021-12-20 10:39:16.490514176,19.15107142857143,24.0,20.85,0.09607,190.45165260799993,19.159814187761036
1525,2021-12-20 10:39:16.574712064,19.156938775510202,24.0,20.91938775510204,0.090817,190.53585049599994,19.178393384642657
1526,2021-12-20 10:39:16.676672768,19.156,24.0,21.0125,0.093468,190.63781119999993,19.19703120383293
1527,2021-12-20 10:39:16.806464768,19.175714285714285,24.0,20.97408163265306,0.086332,190.76760319999994,19.21572794714469
1528,2021-12-20 10:39:16.906595072,19.16111111111111,24.0,20.93,0.079846,190.86773350399994,19.234483873348722
1529,2021-12-20 10:39:16.976600832,19.31809523809524,24.0,21.302142857142854,0.090054,190.93773926399993,19.25329919441438
1530,2021-12-20 10:39:17.075614464,19.293061224489797,24.0,21.269387755102038,0.088129,191.03675289599994,19.272174071915547
1531,2021-12-20 10:39:17.191184128,19.296486486486486,24.0,21.29027027027027,0.085896,191.15232255999993,19.29110861361021
1532,2021-12-20 10:39:17.343818496,19.330416666666668,24.0,21.363125,0.086867,191.30495692799994,19.310102870201426
1533,2021-12-20 10:39:17.444431616,19.34,24.0,21.41,0.086129,191.40557004799993,19.32915683228682
1534,2021-12-20 10:39:17.488386304,19.354666666666667,24.0,21.573,0.081144,191.44952473599994,19.34827042750327
1535,2021-12-20 10:39:17.573891840,19.33061224489796,24.0,21.634897959183675,0.094519,191.53503027199994,19.367443517872758
1536,2021-12-20 10:39:17.676616960,19.350731707317074,24.0,21.73390243902439,0.087818,191.63775539199995,19.386675897354873
1537,2021-12-20 10:39:17.804850176,19.40795918367347,24.0,21.82122448979592,0.08418,191.76598860799996,19.40596728961073
1538,2021-12-20 10:39:17.897688064,19.34,24.0,21.88,0.085325,191.85882649599995,19.425317345982602
1539,2021-12-20 10:39:17.969645056,19.41333333333333,24.0,21.997083333333332,0.081212,191.93078348799995,19.44472564369283
1540,2021-12-20 10:39:18.070750976,19.444999999999997,24.0,22.049318181818183,0.07729,192.03188940799996,19.46419168426489
1541,2021-12-20 10:39:18.205763328,19.437777777777775,24.0,22.00888888888889,0.082648,192.16690175999994,19.48371489216897
1542,2021-12-20 10:39:18.389256448,19.503829787234043,24.0,22.263404255319152,0.082466,192.35039487999995,19.503294613693622
1543,2021-12-20 10:39:18.444426240,19.5196926713948,24.0,22.284757683215133,0.078568,192.40556467199994,19.52293011604447
1544,2021-12-20 10:39:18.499585792,19.535555555555554,24.0,22.30611111111111,0.086166,192.46072422399993,19.542620586670242
1545,2021-12-20 10:39:18.572850432,19.551020408163264,24.0,22.51938775510204,0.08617,192.53398886399992,19.56236513281581
1546,2021-12-20 10:39:18.668997632,19.56,24.0,22.407692307692308,0.072509,192.6301360639999,19.58216278130119
1547,2021-12-20 10:39:18.774790656,19.569387755102042,24.0,22.501632653061222,0.08152,192.73592908799992,19.602012478524898
1548,2021-12-20 10:39:18.878974208,19.579714285714285,24.0,22.58,0.082061,192.84011263999992,19.621913090689386
1549,2021-12-20 10:39:18.971279104,19.59755102040816,24.0,22.67,0.078318,192.93241753599992,19.641863404245647
1550,2021-12-20 10:39:19.063422976,19.653243243243242,24.0,22.75756756756757,0.070253,193.02456140799993,19.661862126553487
1551,2021-12-20 10:39:19.196252672,19.65583333333333,24.0,22.638125,0.077292,193.1573911039999,19.681907886753393
1552,2021-12-20 10:39:19.380761856,19.727272727272727,24.0,22.709772727272725,0.078607,193.34190028799992,19.701999236845328
1553,2021-12-20 10:39:19.436997888,19.744836363636363,24.0,22.79988636363636,0.076197,193.3981363199999,19.722134652969235
1554,2021-12-20 10:39:19.493243648,19.7624,24.0,22.89,0.073367,193.4543820799999,19.74231253688148
1555,2021-12-20 10:39:19.574162688,19.738367346938773,24.0,22.963469387755104,0.072039,193.5353011199999,19.76253121762105
1556,2021-12-20 10:39:19.673226752,19.778205128205126,24.0,23.03948717948718,0.070143,193.6343651839999,19.782788953358676
1557,2021-12-20 10:39:19.798039808,19.79,24.0,23.120408163265306,0.075383,193.7591782399999,19.803083933421856
1558,2021-12-20 10:39:19.902193408,19.79,24.0,23.17681818181818,0.074157,193.8633318399999,19.823414280488077
1559,2021-12-20 10:39:19.977831680,19.828333333333333,24.0,23.296666666666663,0.072343,193.93897011199988,19.843778052938227
1560,2021-12-20 10:39:20.077328128,19.813469387755102,24.0,23.370612244897956,0.068442,194.03846655999988,19.86417324736186
1561,2021-12-20 10:39:20.201407232,19.841749999999998,24.0,23.464,0.073911,194.16254566399988,19.88459780120554
1562,2021-12-20 10:39:20.366212096,19.914583333333333,24.0,23.53625,0.068776,194.32735052799987,19.905049595555266
1563,2021-12-20 10:39:20.465497600,19.79,24.0,23.57,0.069537,194.42663603199986,19.925526458043624
1564,2021-12-20 10:39:20.496185344,20.074545454545454,24.0,23.519999999999996,0.069607,194.45732377599987,19.946026165872055
1565,2021-12-20 10:39:20.574599680,19.991836734693877,24.0,23.564081632653064,0.06892,194.53573811199988,19.966546448938427
1566,2021-12-20 10:39:20.676610816,19.993953488372092,24.0,23.64093023255814,0.067823,194.63774924799986,19.9870849930599
1567,2021-12-20 10:39:20.788750592,20.020408163265305,24.0,23.72081632653061,0.072323,194.74988902399986,20.007639443280873
1568,2021-12-20 10:39:20.885048576,20.044827586206896,24.0,23.782068965517244,0.064851,194.84618700799984,20.02820740725582
1569,2021-12-20 10:39:20.970976512,20.02,24.0,23.87591836734694,0.064809,194.93211494399984,20.048786458696654
1570,2021-12-20 10:39:21.067264512,20.056923076923077,24.0,23.942564102564102,0.066407,195.02840294399982,20.069374140874327
1571,2021-12-20 10:39:21.213542144,20.08857142857143,24.0,24.034285714285716,0.07155,195.17468057599982,20.08996797016435
1572,2021-12-20 10:39:21.391955968,20.056923076923077,24.0,24.10051282051282,0.069975,195.3530943999998,20.11056543962599
1573,2021-12-20 10:39:21.442931456,20.14846153846154,24.0,24.120673076923076,0.068408,195.4040698879998,20.131164022605013
1574,2021-12-20 10:39:21.493906688,20.240000000000002,24.0,24.140833333333333,0.06122,195.45504511999982,20.151761176349872
1575,2021-12-20 10:39:21.572914688,20.235510204081635,24.0,24.126122448979594,0.056221,195.5340531199998,20.17235434563155
1576,2021-12-20 10:39:21.672672512,20.224,24.0,24.20625,0.055627,195.6338109439998,20.19294096635735
1577,2021-12-20 10:39:21.802484736,20.254489795918367,24.0,24.26857142857143,0.059499,195.7636231679998,20.213518469169287
1578,2021-12-20 10:39:21.910158848,20.28090909090909,24.0,24.319999999999997,0.065188,195.87129727999982,20.234084283017875
1579,2021-12-20 10:39:21.982256640,20.278157894736843,24.0,24.41842105263158,0.05426,195.94339507199982,20.254635838702637
1580,2021-12-20 10:39:22.075808768,20.269583333333333,24.0,24.483333333333334,0.059543,196.03694719999982,20.275170572370804
1581,2021-12-20 10:39:22.180706560,20.347941176470588,24.0,24.564411764705884,0.060488,196.14184499199982,20.295685928966137
1582,2021-12-20 10:39:22.334859776,20.35857142857143,24.0,24.602857142857143,0.058368,196.29599820799982,20.316179365620176
1583,2021-12-20 10:39:22.454764544,20.336666666666666,24.0,24.48,0.064817,196.4159029759998,20.336648354978653
1584,2021-12-20 10:39:22.499493632,20.349444444444444,24.0,24.561666666666667,0.063717,196.4606320639998,20.357090388456186
1585,2021-12-20 10:39:22.572386048,20.405510204081633,24.0,24.62591836734694,0.059941,196.5335244799998,20.377502979412878
1586,2021-12-20 10:39:22.671611136,20.41880952380952,24.0,24.91,0.060311,196.6327495679998,20.397883666246837
1587,2021-12-20 10:39:22.780924416,20.499999999999996,24.0,24.76,0.058102,196.74206284799982,20.418230015397043
1588,2021-12-20 10:39:22.881084928,20.49,24.0,24.8325,0.060061,196.84222335999982,20.438539624251476
1589,2021-12-20 10:39:22.972062208,20.49,24.0,24.904285714285713,0.058891,196.93320063999982,20.458810123955914
1590,2021-12-20 10:39:23.068128768,20.49,24.0,24.97078947368421,0.048604,197.02926719999982,20.479039182119244
1591,2021-12-20 10:39:23.199721216,20.52063829787234,24.0,25.04255319148936,0.055588,197.1608596479998,20.499224505411572
1592,2021-12-20 10:39:23.381202944,20.548666666666666,24.0,25.10755555555556,0.057547,197.3423413759998,20.51936384205182
1593,2021-12-20 10:39:23.437237504,20.55933333333333,24.0,25.18377777777778,0.051159,197.3983759359998,20.539454984182058
1594,2021-12-20 10:39:23.493272320,20.569999999999997,24.0,25.26,0.049225,197.4544107519998,20.559495770126034
1595,2021-12-20 10:39:23.573497088,20.553673469387753,24.0,25.31285714285714,0.050758,197.5346355199998,20.579484086530005
1596,2021-12-20 10:39:23.677288704,20.555454545454545,24.0,25.379318181818178,0.049732,197.6384271359998,20.599417870384187
1597,2021-12-20 10:39:23.796157440,20.58795918367347,24.0,25.288979591836732,0.046138,197.7572958719998,20.619295110923574
1598,2021-12-20 10:39:23.891821824,20.5956,24.0,25.2652,0.048784,197.8529602559998,20.639113851407206
1599,2021-12-20 10:39:23.972368384,20.685,24.0,25.355208333333334,0.057755,197.93350681599978,20.658872190775217
1600,2021-12-20 10:39:24.068083200,20.676,24.0,25.532249999999998,0.055846,198.02922163199977,20.678568285183342
1601,2021-12-20 10:39:24.213485568,20.710408163265306,24.0,25.575306122448982,0.052434,198.17462399999977,20.69820034941486
1602,2021-12-20 10:39:24.393931264,20.73,24.0,25.5415,0.054311,198.35506969599976,20.717766658170117
1603,2021-12-20 10:39:24.445560320,20.73,24.0,25.62575,0.052614,198.40669875199976,20.737265547234053
1604,2021-12-20 10:39:24.497179648,20.73,24.0,25.71,0.047613,198.45831807999974,20.756695414522458
1605,2021-12-20 10:39:24.575201536,20.756041666666665,24.0,25.73875,0.049447,198.53633996799974,20.77605472100777
1606,2021-12-20 10:39:24.673068800,20.767500000000002,24.0,25.80325,0.049707,198.63420723199974,20.79534199152557
1607,2021-12-20 10:39:24.789714688,20.77081632653061,24.0,25.86857142857143,0.055557,198.75085311999973,20.814555815462988
1608,2021-12-20 10:39:24.888788736,20.750833333333333,24.0,25.91,0.041956,198.84992716799974,20.83369484733043
1609,2021-12-20 10:39:24.971910400,20.865416666666665,24.0,25.76625,0.048713,198.93304883199974,20.852757807218236
1610,2021-12-20 10:39:25.073509120,20.872045454545454,24.0,25.882499999999997,0.03938,199.03464755199974,20.87174348113997
1611,2021-12-20 10:39:25.202003712,20.92767441860465,24.0,26.0446511627907,0.04962,199.16314214399975,20.890650721264215
1612,2021-12-20 10:39:25.379431936,20.959591836734692,24.0,25.94857142857143,0.048826,199.34057036799976,20.909478446036886
1613,2021-12-20 10:39:25.437679360,20.96936113575865,24.0,26.01863354037267,0.04744,199.39881779199976,20.928225640196164
1614,2021-12-20 10:39:25.495926784,20.979130434782608,24.0,26.08869565217391,0.040507,199.45706521599976,20.946891354682386
1615,2021-12-20 10:39:25.574270976,20.944285714285712,24.0,26.177142857142858,0.046453,199.53540940799977,20.965474706445313
1616,2021-12-20 10:39:25.677800704,20.990222222222222,24.0,26.371555555555556,0.04363,199.63893913599978,20.983974878151354
1617,2021-12-20 10:39:25.793641984,20.98,24.0,26.2475,0.039305,199.7547804159998,21.002391117793362
1618,2021-12-20 10:39:25.888129536,20.98,24.0,26.31111111111111,0.05143,199.8492679679998,21.020722738205887
1619,2021-12-20 10:39:25.972327424,21.01918367346939,24.0,26.364897959183672,0.037696,199.9334658559998,21.0389691164888
1620,2021-12-20 10:39:26.069098240,21.029230769230768,24.0,26.40692307692308,0.042618,200.0302366719998,21.057129693342294
1621,2021-12-20 10:39:26.216462080,21.09755102040816,24.0,26.261836734693876,0.044908,200.1776005119998,21.07520397231642
1622,2021-12-20 10:39:26.396334336,21.072307692307692,24.0,26.54,0.046102,200.3574727679998,21.09319151897838
1623,2021-12-20 10:39:26.446535168,21.135244755244756,24.0,26.6,0.042282,200.4076735999998,21.11109196000082
1624,2021-12-20 10:39:26.496736256,21.198181818181816,24.0,26.66,0.03584,200.4578746879998,21.128904982174568
1625,2021-12-20 10:39:26.573581568,21.10734693877551,24.0,26.500408163265305,0.041243,200.5347199999998,21.146630331349243
1626,2021-12-20 10:39:26.675139840,21.154545454545453,24.0,26.544545454545457,0.045319,200.6362782719998,21.164267811305304
1627,2021-12-20 10:39:26.789271296,21.210204081632654,24.0,26.603877551020407,0.037047,200.7504097279998,21.181817282561067
1628,2021-12-20 10:39:26.886233088,21.22,24.0,26.647931034482756,0.04365,200.8473715199998,21.199278661118356
1629,2021-12-20 10:39:26.971064832,21.22,24.0,26.709999999999997,0.038803,200.9322032639998,21.216651917150553
1630,2021-12-20 10:39:27.067473408,21.25125,24.0,26.75625,0.02605,201.0286118399998,21.233937073636834
1631,2021-12-20 10:39:27.216265472,21.23530612244898,24.0,26.815306122448977,0.055046,201.1774039039998,21.251134204946407
1632,2021-12-20 10:39:27.392184832,21.2528947368421,24.0,26.867894736842107,0.034978,201.35332326399978,21.268243435376636
1633,2021-12-20 10:39:27.443120128,21.27971659919028,24.0,26.93394736842105,0.039004,201.4042585599998,21.285264937648932
1634,2021-12-20 10:39:27.494055168,21.306538461538462,24.0,27.0,0.03649,201.4551935999998,21.302198931366334
1635,2021-12-20 10:39:27.574159360,21.308541666666667,24.0,27.032291666666666,0.036036,201.5352977919998,21.319045681436748
1636,2021-12-20 10:39:27.671332608,21.338749999999997,24.0,27.083,0.040415,201.63247103999979,21.3358054964658
1637,2021-12-20 10:39:27.788340480,21.332244897959182,24.0,27.13959183673469,0.039923,201.74947891199977,21.352478727123202
1638,2021-12-20 10:39:27.887816960,21.32,24.0,27.132800000000003,0.032866,201.84895539199977,21.36906576448655
1639,2021-12-20 10:39:27.971843840,21.41387755102041,24.0,27.016530612244896,0.029782,201.93298227199978,21.38556703836644
1640,2021-12-20 10:39:28.070083072,21.42625,24.0,27.058749999999996,0.037992,202.03122150399977,21.401983015616853
1641,2021-12-20 10:39:28.204693248,21.47,24.0,27.112916666666667,0.027194,202.16583167999977,21.41831419843457
1642,2021-12-20 10:39:28.378691328,21.47,24.0,27.157441860465116,0.040343,202.33982975999976,21.434561122651395
1643,2021-12-20 10:39:28.434534912,21.47833333333333,24.0,27.218720930232557,0.03105,202.39567334399976,21.45072435602295
1644,2021-12-20 10:39:28.490388736,21.486666666666665,24.0,27.279999999999998,0.038092,202.45152716799976,21.466804496517728
1645,2021-12-20 10:39:28.575904256,21.47,24.0,27.316326530612244,0.029106,202.53704268799976,21.482802170610068
1646,2021-12-20 10:39:28.680610816,21.50409090909091,24.0,27.36704545454546,0.037811,202.64174924799977,21.49871803158054
1647,2021-12-20 10:39:28.802738688,21.50125,24.0,27.412499999999998,0.034512,202.76387711999976,21.514552757827282
1648,2021-12-20 10:39:28.895013376,21.526818181818182,24.0,27.470454545454547,0.035392,202.85615180799977,21.530307051191674
1649,2021-12-20 10:39:28.972793856,21.510816326530612,24.0,27.510204081632654,0.030788,202.93393228799977,21.545981635301597
1650,2021-12-20 10:39:29.064123136,21.52,24.0,27.551428571428573,0.034023,203.02526156799976,21.56157725393537
1651,2021-12-20 10:39:29.204758016,21.577142857142857,24.0,27.607142857142858,0.031131,203.16589644799976,21.577094669409338
1652,2021-12-20 10:39:29.397263616,21.535476190476192,24.0,27.65,0.031555,203.35840204799976,21.592534660991937
1653,2021-12-20 10:39:29.449466112,21.576267507002804,24.0,27.601470588235294,0.034266,203.41060454399977,21.60789802334681
1654,2021-12-20 10:39:29.501668608,21.617058823529412,24.0,27.552941176470586,0.03553,203.46280703999977,21.62318556500742
1655,2021-12-20 10:39:29.574561024,21.61285714285714,24.0,27.80081632653061,0.03666,203.53569945599978,21.63839810688536
1656,2021-12-20 10:39:29.675918336,21.62116279069767,24.0,27.839999999999996,0.027936,203.63705676799978,21.65353648081433
1657,2021-12-20 10:39:29.783672576,21.65877551020408,24.0,27.659999999999997,0.033987,203.74481100799977,21.66860152813157
1658,2021-12-20 10:39:29.882807040,21.742058823529412,24.0,27.707058823529415,0.028997,203.84394547199977,21.683594098298315
1659,2021-12-20 10:39:29.973221120,21.70958333333333,24.0,27.756875000000004,0.030143,203.93435955199976,21.698515047560544
1660,2021-12-20 10:39:30.068815104,21.72,24.0,27.793846153846154,0.026728,204.02995353599977,21.713365237651143
1661,2021-12-20 10:39:30.216742144,21.72,24.0,27.84285714285714,0.02374,204.17788057599978,21.728145534534356
1662,2021-12-20 10:39:30.402568960,21.72,24.0,27.881999999999998,0.03077,204.36370739199978,21.742856807193206
1663,2021-12-20 10:39:30.452628992,21.733888888888888,24.0,27.930999999999997,0.038323,204.4137674239998,21.757499926460348
1664,2021-12-20 10:39:30.502679040,21.747777777777777,24.0,27.98,0.029502,204.4638174719998,21.77207576389258
1665,2021-12-20 10:39:30.575209216,21.75125,24.0,28.017500000000002,0.023609,204.53634764799978,21.786585190689085
1666,2021-12-20 10:39:30.674997504,21.789767441860462,24.0,28.05697674418605,0.025772,204.6361359359998,21.80102907665314
1667,2021-12-20 10:39:30.782671616,21.745510204081633,24.0,27.942040816326532,0.025972,204.7438100479998,21.81540828919702
1668,2021-12-20 10:39:30.881795840,21.778823529411767,24.0,28.025000000000002,0.02294,204.8429342719998,21.829723692389468
1669,2021-12-20 10:39:30.972984320,21.80673469387755,24.0,28.195306122448983,0.026306,204.9341227519998,21.843976146044994
1670,2021-12-20 10:39:31.064826368,21.855714285714285,24.0,28.22714285714286,0.025917,205.0259647999998,21.85816650485404
1671,2021-12-20 10:39:31.195745024,21.839791666666667,24.0,28.278125,0.033415,205.1568834559998,21.87229561755291
1672,2021-12-20 10:39:31.379228416,21.93590909090909,24.0,28.213636363636365,0.025625,205.3403668479998,21.886364326132217
1673,2021-12-20 10:39:31.436329216,21.96684343434343,24.0,28.19811447811448,0.026605,205.3974676479998,21.90037346508237
1674,2021-12-20 10:39:31.493420032,21.997777777777774,24.0,28.182592592592595,0.03328,205.4545584639998,21.914323860674703
1675,2021-12-20 10:39:31.576521472,21.964897959183673,24.0,28.20714285714286,0.019364,205.5376599039998,21.928216330276626
1676,2021-12-20 10:39:31.679246848,21.929302325581393,24.0,28.248604651162793,0.024205,205.6403852799998,21.9420516816992
1677,2021-12-20 10:39:31.797381376,21.975102040816324,24.0,28.28469387755102,0.019274,205.75851980799982,21.955830712575438
1678,2021-12-20 10:39:31.892572928,21.97,24.0,28.327999999999996,0.025838,205.8537113599998,21.969554209767782
1679,2021-12-20 10:39:31.973441536,21.97,24.0,28.371428571428574,0.02056,205.9345799679998,21.98322294880307
1680,2021-12-20 10:39:32.071650560,21.982195121951218,24.0,28.406829268292686,0.025143,206.0327889919998,21.996837693333354
1681,2021-12-20 10:39:32.236626688,21.98530612244898,24.0,28.449795918367347,0.018124,206.19776511999981,22.010399194620973
1682,2021-12-20 10:39:32.425309952,22.011666666666667,24.0,28.48,0.021838,206.3864483839998,22.02390819104639
1683,2021-12-20 10:39:32.467947008,22.053333333333335,24.0,28.445,0.030288,206.4290854399998,22.03736540763722
1684,2021-12-20 10:39:32.510574080,22.095,24.0,28.41,0.024532,206.47171251199978,22.050771555617
1685,2021-12-20 10:39:32.572271616,22.026122448979592,24.0,28.388571428571428,0.024878,206.53341004799978,22.06412733197231
1686,2021-12-20 10:39:32.665260288,22.105135135135136,24.0,28.62864864864865,0.01352,206.62639871999977,22.07743341903685
1687,2021-12-20 10:39:32.763720960,22.169591836734693,24.0,28.44183673469388,0.031259,206.72485939199976,22.090690484091336
1688,2021-12-20 10:39:32.873989888,22.091951219512193,24.0,28.72,0.018214,206.83512831999977,22.10389917897801
1689,2021-12-20 10:39:32.974914560,22.18875,24.0,28.75,0.026173,206.93605299199976,22.117060139728764
1690,2021-12-20 10:39:33.076513536,22.168863636363636,24.0,28.55454545454546,0.023646,207.03765196799975,22.13017398620591
1691,2021-12-20 10:39:33.199596544,22.13463414634146,24.0,28.59,0.015762,207.16073497599976,22.1432413217548
1692,2021-12-20 10:39:33.369722368,22.153673469387755,24.0,28.625918367346937,0.019715,207.33086079999975,22.15626273286759
1693,2021-12-20 10:39:33.466110976,22.095,24.0,28.63,0.022197,207.42724940799977,22.169238788857644
1694,2021-12-20 10:39:33.495481088,22.220000000000002,24.0,28.94,0.022398,207.45661951999978,22.18217004154404
1695,2021-12-20 10:39:33.577898752,22.209795918367348,24.0,28.76857142857143,0.020172,207.53903718399977,22.19505702494586
1696,2021-12-20 10:39:33.674890752,22.22,24.0,28.758421052631576,0.018311,207.63602918399977,22.207900254986043
1697,2021-12-20 10:39:33.788157184,22.236326530612242,24.0,28.79938775510204,0.030508,207.74929561599976,22.220700229204674
1698,2021-12-20 10:39:33.888971264,22.22,24.0,28.82777777777778,0.02172,207.85010969599975,22.23345742648166
1699,2021-12-20 10:39:33.974416384,22.22,24.0,28.870204081632654,0.016303,207.93555481599975,22.246172306768788
1700,2021-12-20 10:39:34.069547776,22.28157894736842,24.0,28.90105263157895,0.013685,208.03068620799976,22.258845310831276
1701,2021-12-20 10:39:34.200486400,22.276521739130434,24.0,28.78304347826087,0.02166,208.16162483199977,22.271476859999066
1702,2021-12-20 10:39:34.385508608,22.25391304347826,24.0,28.86217391304348,0.01657,208.34664703999977,22.28406735592814
1703,2021-12-20 10:39:34.441804800,22.28648033126294,24.0,28.956086956521744,0.028261,208.40294323199976,22.296617180372138
1704,2021-12-20 10:39:34.498091008,22.31904761904762,24.0,29.050000000000004,0.017817,208.45922943999975,22.30912669496463
1705,2021-12-20 10:39:34.575398912,22.278367346938772,24.0,29.068775510204084,0.015548,208.53653734399975,22.321596241012525
1706,2021-12-20 10:39:34.674030336,22.337,24.0,29.103500000000004,0.019616,208.63516876799974,22.334026139301038
1707,2021-12-20 10:39:34.784530688,22.288979591836732,24.0,29.136326530612248,0.014747,208.74566911999975,22.346416689910733
1708,2021-12-20 10:39:34.883966976,22.300689655172416,24.0,29.16551724137931,0.0213,208.84510540799974,22.358768172047146
1709,2021-12-20 10:39:34.971846144,22.373877551020406,24.0,29.13142857142857,0.021607,208.93298457599974,22.37108084388357
1710,2021-12-20 10:39:35.069039360,22.419999999999998,24.0,29.01871794871795,0.019237,209.03017779199973,22.383354942417547
1711,2021-12-20 10:39:35.207008768,22.426938775510205,24.0,29.211632653061223,0.020645,209.16814719999974,22.395590683341727
1712,2021-12-20 10:39:35.390994944,22.43767441860465,24.0,29.0546511627907,0.016165,209.35213337599973,22.40778826092971
1713,2021-12-20 10:39:35.444474880,22.458837209302324,24.0,29.169143763213533,0.011742,209.40561331199973,22.419947847937614
1714,2021-12-20 10:39:35.497964800,22.48,24.0,29.283636363636365,0.021021,209.45910323199973,22.43206959552204
1715,2021-12-20 10:39:35.575604736,22.448163265306125,24.0,29.15489795918367,0.014325,209.53674316799973,22.44415363317528
1716,2021-12-20 10:39:35.678038272,22.456363636363637,24.0,29.19340909090909,0.021529,209.63917670399974,22.45620006867857
1717,2021-12-20 10:39:35.792270080,22.45877551020408,24.0,29.236530612244895,0.01855,209.75340851199974,22.468208988074384
1718,2021-12-20 10:39:35.889242112,22.50689655172414,24.0,29.475517241379308,0.013706,209.85038054399973,22.480180455658605
1719,2021-12-20 10:39:35.975532032,22.48,24.0,29.28,0.010544,209.93667046399975,22.492114513993677
1720,2021-12-20 10:39:36.071236608,22.50052631578947,24.0,29.31,0.010854,210.03237503999975,22.504011183943774
1721,2021-12-20 10:39:36.224535040,22.522448979591836,24.0,29.10857142857143,0.012198,210.18567347199976,22.515870464733094
1722,2021-12-20 10:39:36.415531776,22.48,24.0,29.342307692307696,0.013455,210.37667020799975,22.52769233402839
1723,2021-12-20 10:39:36.462262528,22.55090909090909,24.0,29.38615384615385,0.011784,210.42340095999975,22.5394767480469
1724,2021-12-20 10:39:36.508993280,22.62181818181818,24.0,29.430000000000003,0.014736,210.47013171199976,22.551223641690765
1725,2021-12-20 10:39:36.574915328,22.49591836734694,24.0,29.455102040816325,0.015436,210.53605375999976,22.562932928709117
1726,2021-12-20 10:39:36.671283712,22.599999999999998,24.0,29.482307692307693,0.008888,210.63242214399975,22.574604501889
1727,2021-12-20 10:39:36.769190912,22.533061224489792,24.0,29.323877551020406,0.014971,210.73032934399976,22.586238233276237
1728,2021-12-20 10:39:36.874410752,22.546511627906977,24.0,29.290232558139536,0.014827,210.83554918399975,22.597833974427353
1729,2021-12-20 10:39:36.974450432,22.649795918367346,24.0,29.487346938775513,0.012179,210.93558886399975,22.609391556693655
1730,2021-12-20 10:39:37.066916352,22.682222222222222,24.0,29.453888888888894,0.013626,211.02805478399975,22.62091079153847
1731,2021-12-20 10:39:37.203638528,22.61,24.0,29.530833333333334,0.011501,211.16477695999976,22.63239147088856
1732,2021-12-20 10:39:37.396747520,22.68681818181818,24.0,29.64090909090909,0.017816,211.35788595199975,22.64383336752072
1733,2021-12-20 10:39:37.450197248,22.68965909090909,24.0,29.555454545454545,0.013345,211.41133567999975,22.655236235484427
1734,2021-12-20 10:39:37.503646976,22.6925,24.0,29.47,0.008821,211.46478540799976,22.66659981056138
1735,2021-12-20 10:39:37.575784960,22.708163265306123,24.0,29.479795918367348,0.013617,211.53692339199975,22.677923810762767
1736,2021-12-20 10:39:37.677504256,22.667441860465114,24.0,29.594186046511627,0.002742,211.63864268799975,22.689207936865007
1737,2021-12-20 10:39:37.783951104,22.70285714285714,24.0,29.675714285714285,0.010941,211.74508953599974,22.7004518729846
1738,2021-12-20 10:39:37.881868544,22.709411764705884,24.0,29.556176470588234,0.007596,211.84300697599974,22.711655287192713
1739,2021-12-20 10:39:37.973811456,22.718775510204082,24.0,29.586938775510205,0.017045,211.93494988799975,22.722817832169895
1740,2021-12-20 10:39:38.071457024,22.726666666666663,24.0,29.603846153846153,0.009032,212.03259545599974,22.73393914590132
1741,2021-12-20 10:39:38.214999040,22.756530612244898,24.0,29.635714285714283,0.007623,212.17613747199974,22.745018852412752
1742,2021-12-20 10:39:38.393000448,22.74,24.0,29.65225,0.008864,212.35413887999974,22.75605656254727
1743,2021-12-20 10:39:38.444579328,22.74,24.0,29.681124999999998,0.0084,212.40571775999973,22.767051874782652
1744,2021-12-20 10:39:38.496147968,22.74,24.0,29.709999999999997,0.006296,212.45728639999973,22.77800437608913
1745,2021-12-20 10:39:38.575960576,22.729387755102042,24.0,29.732857142857146,-0.001291,212.53709900799973,22.788913642826934
1746,2021-12-20 10:39:38.679178752,22.758409090909087,24.0,29.75409090909091,0.007631,212.64031718399974,22.79977924168298
1747,2021-12-20 10:39:38.797071872,22.76755102040816,24.0,29.781632653061223,0.012036,212.75821030399973,22.810600730645692
1748,2021-12-20 10:39:38.891991808,22.761599999999998,24.0,29.803600000000003,0.005413,212.85313023999973,22.82137766001679
1749,2021-12-20 10:39:38.974469632,22.773061224489794,24.0,29.830408163265304,-1e-05,212.93560806399972,22.8321095734585
1750,2021-12-20 10:39:39.071642880,22.823076923076922,24.0,29.85,0.000169,213.0327813119997,22.84279600907451
1751,2021-12-20 10:39:39.221229568,22.850204081632654,24.0,29.87938775510204,0.004349,213.1823679999997,22.85343650052271
1752,2021-12-20 10:39:39.409500672,22.80075,24.0,29.667250000000003,0.010297,213.3706391039997,22.86403057815746
1753,2021-12-20 10:39:39.457931264,22.847517857142854,24.0,29.808625,0.00684,213.4190696959997,22.87457777019898
1754,2021-12-20 10:39:39.506351872,22.89428571428571,24.0,29.95,0.00291,213.46749030399968,22.885077603927133
1755,2021-12-20 10:39:39.575934976,22.89428571428571,24.0,29.967142857142854,0.008687,213.53707340799969,22.895529606896734
1756,2021-12-20 10:39:39.675713280,22.939285714285717,24.0,29.78380952380952,0.005431,213.6368517119997,22.905933308171285
1757,2021-12-20 10:39:39.773912320,22.92183673469388,24.0,29.763265306122445,0.015065,213.7350507519997,22.9162882395719
1758,2021-12-20 10:39:39.874907392,22.948636363636364,24.0,29.784545454545455,0.006771,213.83604582399968,22.926593936938072
1759,2021-12-20 10:39:39.975098112,22.954897959183672,24.0,29.80428571428571,0.00763,213.93623654399968,22.93684994139676
1760,2021-12-20 10:39:40.076073216,23.003863636363636,24.0,29.82318181818182,-0.000863,214.0372116479997,22.947055800636303
1761,2021-12-20 10:39:40.176706304,23.004489795918367,24.0,29.8434693877551,0.005546,214.1378447359997,22.957211070181515
1762,2021-12-20 10:39:40.267904768,23.01,24.0,29.859411764705882,0.007598,214.2290431999997,22.96731531466633
1763,2021-12-20 10:39:40.380798976,23.01,24.0,29.882083333333338,0.003131,214.3419374079997,22.977368109100404
1764,2021-12-20 10:39:40.511687424,22.995789473684212,24.0,29.89842105263158,-0.001525,214.4728258559997,22.987369040125955
1765,2021-12-20 10:39:40.595342080,23.009999999999998,24.0,29.93,0.005405,214.5564805119997,22.997317707261235
1766,2021-12-20 10:39:40.677347328,23.015510204081632,24.0,29.94020408163265,-0.00053,214.6384857599997,23.00721372412707
1767,2021-12-20 10:39:40.773102080,23.01,24.0,29.96128205128205,0.003376,214.7342405119997,23.01705671965291
1768,2021-12-20 10:39:40.873654784,23.021020408163263,24.0,29.978979591836737,0.001869,214.8347932159997,23.0268463392589
1769,2021-12-20 10:39:40.977395968,23.06142857142857,24.0,29.99904761904762,7.6e-05,214.9385343999997,23.036582246010468
1770,2021-12-20 10:39:41.076902400,23.0265306122449,24.0,29.92183673469388,0.003368,215.0380408319997,23.046264121742002
1771,2021-12-20 10:39:41.171993600,23.045526315789473,24.0,29.778421052631575,0.003353,215.1331320319997,23.055891668146216
1772,2021-12-20 10:39:41.271178240,23.01,24.0,29.87265306122449,0.005597,215.2323166719997,23.065464607825955
1773,2021-12-20 10:39:41.365424384,23.052187500000002,24.0,30.061562499999997,-0.001263,215.32656281599972,23.07498268530503
1774,2021-12-20 10:39:41.481456640,23.059591836734697,24.0,30.008979591836734,0.007681,215.44259507199973,23.084445667994892
1775,2021-12-20 10:39:41.618651648,23.045526315789473,24.0,29.847105263157896,-0.002169,215.57979007999973,23.09385334711393
1776,2021-12-20 10:39:41.699842304,23.046818181818182,24.0,30.11818181818182,-0.005164,215.66098073599971,23.10320553855628
1777,2021-12-20 10:39:41.777089792,23.09265306122449,24.0,30.13326530612245,0.005572,215.73822822399973,23.112502083706982
1778,2021-12-20 10:39:41.877119488,23.114318181818184,24.0,30.152727272727272,0.003165,215.83825791999973,23.1217428502005
1779,2021-12-20 10:39:41.977259776,23.01,24.0,30.172040816326533,0.00014,215.93839820799974,23.130927732619636
1780,2021-12-20 10:39:42.077319424,23.138863636363638,24.0,30.19181818181818,0.005584,216.03845785599975,23.14005665313187
1781,2021-12-20 10:39:42.176876544,23.173125000000002,24.0,30.205208333333335,-0.00118,216.13801497599974,23.149129562060455
1782,2021-12-20 10:39:42.275437568,23.253,24.0,29.98,-0.013091,216.23657599999973,23.158146438387522
1783,2021-12-20 10:39:42.400140288,23.21938775510204,24.0,30.0,-0.002799,216.36127871999972,23.16710729018684
1784,2021-12-20 10:39:42.504977664,23.23304347826087,24.0,30.00913043478261,-0.002547,216.46611609599972,23.176012154983965
1785,2021-12-20 10:39:42.581380352,23.18357142857143,24.0,30.02,-0.001709,216.54251878399972,23.184861100041655
1786,2021-12-20 10:39:42.679881216,23.22489795918367,24.0,30.038367346938774,-0.004296,216.6410196479997,23.193654222568767
1787,2021-12-20 10:39:42.775173376,23.265405405405406,24.0,30.049729729729727,-0.004748,216.73631180799973,23.202391649851105
1788,2021-12-20 10:39:42.879065344,23.28,24.0,30.067142857142855,0.005162,216.84020377599973,23.211073539303026
1789,2021-12-20 10:39:42.981599488,23.28,24.0,30.078249999999997,0.005627,216.94273791999973,23.21970007843893
1790,2021-12-20 10:39:43.078641920,23.28,24.0,30.09591836734694,-0.011756,217.03978035199972,23.22827148476397
1791,2021-12-20 10:39:43.174386688,23.252307692307692,24.0,30.1074358974359,-0.000854,217.13552511999973,23.236788005583833
1792,2021-12-20 10:39:43.274727936,23.25795918367347,24.0,30.125102040816323,-0.003676,217.23586636799973,23.24524991773374
1793,2021-12-20 10:39:43.380239360,23.28,24.0,30.301219512195118,-0.000737,217.34137779199975,23.253657527227023
1794,2021-12-20 10:39:43.500999168,23.285510204081632,24.0,30.228367346938775,-0.001635,217.46213759999975,23.262011168824035
1795,2021-12-20 10:39:43.596633344,23.280000000000005,24.0,30.226363636363637,-0.010599,217.55777177599975,23.270311205522596
1796,2021-12-20 10:39:43.675932928,23.307551020408166,24.0,30.2830612244898,-0.002856,217.63707135999977,23.278558027971357
1797,2021-12-20 10:39:43.771476480,23.29421052631579,24.0,30.198947368421052,0.006749,217.73261491199978,23.286752053807763
1798,2021-12-20 10:39:43.869061888,23.307551020408166,24.0,30.21551020408163,-0.006884,217.83020031999976,23.294893726922634
1799,2021-12-20 10:39:43.976564992,23.28,24.0,30.228571428571428,-0.000629,217.93770342399975,23.302983516653565
1800,2021-12-20 10:39:44.075548416,23.29148936170213,24.0,30.244893617021276,-0.004435,218.03668684799976,23.31102191690962
1801,2021-12-20 10:39:44.176644352,23.334,24.0,30.257555555555555,-0.010204,218.13778278399977,23.319009445229906
1802,2021-12-20 10:39:44.269733632,23.30842105263158,24.0,30.275263157894738,-0.01066,218.23087206399975,23.326946641778957
1803,2021-12-20 10:39:44.374893056,23.31857142857143,24.0,30.287346938775514,0.000399,218.33603148799975,23.33483406828187
1804,2021-12-20 10:39:44.480163072,23.313750000000002,24.0,30.3053125,-0.008871,218.44130150399974,23.342672306902383
1805,2021-12-20 10:39:44.610377728,23.29125,24.0,30.312916666666666,0.001828,218.57151615999973,23.350461959066987
1806,2021-12-20 10:39:44.716794368,23.32764705882353,24.0,30.320000000000004,0.003686,218.67793279999972,23.358203644238536
1807,2021-12-20 10:39:44.784546816,23.335384615384616,24.0,30.342820512820516,-0.008916,218.74568524799972,23.365897998642584
1808,2021-12-20 10:39:44.880774400,23.351632653061223,24.0,30.301020408163264,-0.00642,218.8419128319997,23.373545673949938
1809,2021-12-20 10:39:44.979064064,23.394750000000002,24.0,30.163999999999998,-0.003347,218.9402024959997,23.38114733591882
1810,2021-12-20 10:39:45.084414464,23.31857142857143,24.0,30.38142857142857,-0.000664,219.0455528959997,23.388703663000104
1811,2021-12-20 10:39:45.183719936,23.407894736842106,24.0,30.35842105263158,-0.009896,219.1448583679997,23.396215344909056
1812,2021-12-20 10:39:45.279474688,23.450816326530614,24.0,30.166530612244895,-0.004087,219.2406131199997,23.40368308116694
1813,2021-12-20 10:39:45.381656832,23.335384615384616,24.0,30.420512820512823,-0.003355,219.3427952639997,23.411107579615983
1814,2021-12-20 10:39:45.508632576,23.346122448979592,24.0,30.43,-0.00504,219.4697710079997,23.418489554911048
1815,2021-12-20 10:39:45.603995136,23.398125,24.0,30.44,-0.003187,219.5651335679997,23.425829726991406
1816,2021-12-20 10:39:45.676545536,23.4236170212766,24.0,30.199999999999996,-0.01304,219.63768396799972,23.433128819536048
1817,2021-12-20 10:39:45.777651456,23.442000000000004,24.0,30.218666666666664,-0.010085,219.73878988799973,23.440387558405813
1818,2021-12-20 10:39:45.871696384,23.46972972972973,24.0,30.23,-0.017985,219.83283481599972,23.447606670075714
1819,2021-12-20 10:39:45.980838912,23.412244897959184,24.0,30.45285714285714,-0.001196,219.94197734399972,23.45478688006076
1820,2021-12-20 10:39:46.084539904,23.52868421052632,24.0,30.49842105263158,-0.005977,220.04567833599972,23.461928911338592
1821,2021-12-20 10:39:46.179469824,23.478367346938775,24.0,30.308979591836735,-0.013538,220.14060825599972,23.469033482772346
1822,2021-12-20 10:39:46.280656128,23.53578947368421,24.0,30.267105263157898,-0.008584,220.24179455999973,23.476101307537164
1823,2021-12-20 10:39:46.408054528,23.5275,24.0,30.2775,-0.001477,220.36919295999974,23.483133091553793
1824,2021-12-20 10:39:46.505911552,23.55,24.0,30.281764705882352,-0.0064,220.46704998399974,23.490129531932748
1825,2021-12-20 10:39:46.577486336,23.55,24.0,30.2975,0.003437,220.53862476799975,23.497091315432584
1826,2021-12-20 10:39:46.679095040,23.521874999999998,24.0,30.306458333333335,-0.007752,220.64023347199975,23.504019116935954
1827,2021-12-20 10:39:46.773532160,23.535405405405406,24.0,30.527837837837836,-0.006149,220.73467059199976,23.51091359794721
1828,2021-12-20 10:39:46.875110912,23.55,24.0,30.423061224489796,-0.007073,220.83624934399975,23.51777540511535
1829,2021-12-20 10:39:46.974738176,23.55,24.0,30.337297297297297,-0.006294,220.93587660799975,23.524605168786188
1830,2021-12-20 10:39:47.075944704,23.561020408163266,24.0,30.34530612244898,-0.01118,221.03708313599975,23.531403501587594
1831,2021-12-20 10:39:47.179937280,23.562857142857144,24.0,30.35595238095238,-0.008018,221.14107571199975,23.538170997051857
1832,2021-12-20 10:39:47.279091712,23.55,24.0,30.364693877551023,-0.003089,221.24023014399975,23.54490822827914
1833,2021-12-20 10:39:47.384804352,23.55,24.0,30.375,-0.001863,221.34594278399976,23.551615746646053
1834,2021-12-20 10:39:47.509295616,23.55,24.0,30.384285714285713,-0.003502,221.47043404799976,23.5582940805633
1835,2021-12-20 10:39:47.599991296,23.59263157894737,24.0,30.393684210526317,-0.003894,221.56112972799977,23.564943734286416
1836,2021-12-20 10:39:47.674784768,23.57204081632653,24.0,30.403469387755102,-0.010487,221.63592319999978,23.571565186783374
1837,2021-12-20 10:39:47.776142080,23.54386363636364,24.0,30.41,-0.005131,221.73728051199978,23.57815889066289
1838,2021-12-20 10:39:47.879490816,23.55,24.0,30.412857142857142,-0.002295,221.84062924799977,23.584725271167095
1839,2021-12-20 10:39:47.980294912,23.57076923076923,24.0,30.421025641025643,-0.007584,221.94143334399976,23.59126472523204
1840,2021-12-20 10:39:48.076220928,23.577551020408162,24.0,30.432244897959183,0.00071,222.03735935999975,23.59777762061932
1841,2021-12-20 10:39:48.173494528,23.5905,24.0,30.440250000000002,-0.00543,222.13463295999975,23.604264295121894
1842,2021-12-20 10:39:48.270587136,23.57204081632653,24.0,30.45142857142857,-0.010514,222.23172556799975,23.61072505584703
1843,2021-12-20 10:39:48.373594112,23.55,24.0,30.459999999999997,-0.001582,222.33473254399973,23.617160178578917
1844,2021-12-20 10:39:48.486729472,23.56148936170213,24.0,30.47106382978723,-0.006353,222.44786790399974,23.623569907223285
1845,2021-12-20 10:39:48.620182784,23.567999999999998,24.0,30.479999999999997,-0.002372,222.58132121599974,23.62995445333597
1846,2021-12-20 10:39:48.704672512,23.577,24.0,30.464999999999996,-0.00862,222.66581094399973,23.636313995737144
1847,2021-12-20 10:39:48.778651136,23.600624999999997,24.0,30.24,-0.007232,222.73978956799974,23.64264868021255
1848,2021-12-20 10:39:48.872967680,23.64,24.0,30.493333333333332,-0.00649,222.83410611199974,23.648958619302732
1849,2021-12-20 10:39:48.974133760,23.583061224489796,24.0,30.260204081632654,-0.011016,222.93527219199976,23.65524389218088
1850,2021-12-20 10:39:49.078337792,23.66475,24.0,30.49975,-0.007107,223.03947622399977,23.661504544619564
1851,2021-12-20 10:39:49.176908800,23.69326530612245,24.0,30.52,-0.014732,223.13804723199976,23.667740589046414
1852,2021-12-20 10:39:49.268912128,23.732647058823527,24.0,30.314117647058826,-0.012089,223.23005055999977,23.673952004688392
1853,2021-12-20 10:39:49.385044992,23.660204081632656,24.0,30.27836734693878,0.00242,223.34618342399978,23.680138737804008
1854,2021-12-20 10:39:49.526856704,23.631,24.0,30.28,-0.011146,223.48799513599977,23.686300702002555
1855,2021-12-20 10:39:49.606397696,23.69294117647059,24.0,30.55,-0.008891,223.56753612799977,23.692437778649158
1856,2021-12-20 10:39:49.678203648,23.726326530612244,24.0,30.358979591836732,-0.00132,223.63934207999978,23.698549817354234
1857,2021-12-20 10:39:49.778494720,23.67886363636364,24.0,30.467954545454543,-0.005587,223.73963315199978,23.704636636545697
1858,2021-12-20 10:39:49.878393600,23.726326530612244,24.0,30.38489795918367,-0.009713,223.8395320319998,23.710698024121996
1859,2021-12-20 10:39:49.978664704,23.715681818181817,24.0,30.305909090909093,-0.010783,223.9398031359998,23.716733738183965
1860,2021-12-20 10:39:50.077939968,23.7075,24.0,30.316041666666667,-0.012317,224.0390783999998,23.722743507843226
1861,2021-12-20 10:39:50.174620160,23.714634146341464,24.0,30.44682926829268,-0.012681,224.1357585919998,23.728727034104768
1862,2021-12-20 10:39:50.274549248,23.770408163265305,24.0,30.58,-0.009516,224.2356876799998,23.734683990821217
1863,2021-12-20 10:39:50.375966976,23.766,24.0,30.479999999999997,-0.008837,224.33710540799981,23.740614025716162
1864,2021-12-20 10:39:50.500589056,23.78142857142857,24.0,30.33489795918367,-0.019977,224.4617274879998,23.746516761473888
1865,2021-12-20 10:39:50.618663168,23.82,24.0,30.341,-0.009721,224.5798015999998,23.75239179689272
1866,2021-12-20 10:39:50.693396224,23.793,24.0,30.35,-0.008793,224.6545346559998,23.75823870809917
1867,2021-12-20 10:39:50.778901760,23.808979591836735,24.0,30.445510204081632,-0.017719,224.7400401919998,23.76405704981999
1868,2021-12-20 10:39:50.874083328,23.799230769230768,24.0,30.50102564102564,-0.00431,224.8352217599998,23.76984635670932
1869,2021-12-20 10:39:50.975480832,23.78142857142857,24.0,30.439591836734692,-0.004288,224.9366192639998,23.77560614472807
1870,2021-12-20 10:39:51.080157440,23.80744186046512,24.0,30.538604651162792,-0.01224,225.0412958719998,23.781335912572647
1871,2021-12-20 10:39:51.180337920,23.77591836734694,24.0,30.436122448979596,-0.010205,225.1414763519998,23.78703514315021
1872,2021-12-20 10:39:51.279170560,23.842105263157894,24.0,30.571578947368423,-0.01472,225.24030899199983,23.792703305097625
1873,2021-12-20 10:39:51.408459776,23.84857142857143,24.0,30.381632653061224,-0.013539,225.36959820799981,23.7983398543413
1874,2021-12-20 10:39:51.517692928,23.819999999999997,24.0,30.39,-0.011895,225.47883135999982,23.803944235694985
1875,2021-12-20 10:39:51.587366656,23.82,24.0,30.391714285714286,-0.012822,225.5485050879998,23.8095158844928
1876,2021-12-20 10:39:51.679671296,23.82,24.0,30.4,-0.000607,225.64080972799982,23.815054228254635
1877,2021-12-20 10:39:51.777116160,23.841538461538462,24.0,30.4,-0.010618,225.73825459199983,23.820558688380988
1878,2021-12-20 10:39:51.881158912,23.820000000000004,24.0,30.400208333333335,-0.010645,225.84229734399983,23.826028681874373
1879,2021-12-20 10:39:51.983592448,23.8065,24.0,30.410000000000004,-0.019212,225.94473087999984,23.831463623084225
1880,2021-12-20 10:39:52.081087488,23.825714285714287,24.0,30.409999999999997,-0.010038,226.04222591999985,23.83686292547234
1881,2021-12-20 10:39:52.175947008,23.842105263157894,24.0,30.409999999999997,-0.00827,226.13708543999985,23.84222600339559
1882,2021-12-20 10:39:52.274146048,23.82,24.0,30.419387755102044,-0.008746,226.23528447999985,23.847552273902743
1883,2021-12-20 10:39:52.377635840,23.834,24.0,30.420000000000005,-0.009385,226.33877427199985,23.85284115854191
1884,2021-12-20 10:39:52.502630144,23.849166666666665,24.0,30.428749999999997,-0.012288,226.46376857599986,23.858092085175095
1885,2021-12-20 10:39:52.610535424,23.82,24.0,30.43,-0.007613,226.57167385599988,23.86330448979612
1886,2021-12-20 10:39:52.686254080,23.82,24.0,30.429999999999996,-0.011368,226.64739251199987,23.868477818347966
1887,2021-12-20 10:39:52.780902656,23.82,24.0,30.437755102040818,-0.013546,226.74204108799987,23.87361152853537
1888,2021-12-20 10:39:52.877753856,23.86780487804878,24.0,30.439999999999998,-0.00627,226.83889228799987,23.878705091628333
1889,2021-12-20 10:39:52.977843712,23.82,24.0,30.440000000000005,-0.007687,226.93898214399988,23.88375799425195
1890,2021-12-20 10:39:53.078436608,23.872093023255815,24.0,30.447674418604652,-0.011578,227.03957503999987,23.88876974015779
1891,2021-12-20 10:39:53.180186368,23.877142857142857,24.0,30.45,-0.008268,227.14132479999986,23.893739851971656
1892,2021-12-20 10:39:53.286371584,23.906153846153845,24.0,30.25,-0.012422,227.24751001599986,23.89866787291249
1893,2021-12-20 10:39:53.418839296,23.871428571428574,24.0,30.34979591836735,-0.011576,227.37997772799986,23.903553368476896
1894,2021-12-20 10:39:53.509836544,23.87090909090909,24.0,30.46,-0.011054,227.47097497599987,23.908395928083547
1895,2021-12-20 10:39:53.576653568,23.872500000000002,24.0,30.459999999999997,-0.013548,227.53779199999985,23.913195166671407
1896,2021-12-20 10:39:53.677749504,23.921818181818182,24.0,30.347727272727273,-0.015623,227.63888793599986,23.9179507262457
1897,2021-12-20 10:39:53.772760064,23.906666666666666,24.0,30.199999999999996,-0.018479,227.73389849599985,23.922662277365244
1898,2021-12-20 10:39:53.878754304,23.860000000000003,24.0,30.2,-0.008581,227.83989273599985,23.927329520564626
1899,2021-12-20 10:39:53.977607168,23.903243243243246,24.0,30.340540540540538,-0.014937,227.93874559999986,23.931952187704496
1900,2021-12-20 10:39:54.080070656,23.84857142857143,24.0,30.46,-0.011368,228.04120908799987,23.936530043243195
1901,2021-12-20 10:39:54.182997248,23.929268292682927,24.0,30.345853658536587,-0.012603,228.14413567999986,23.941062885422777
1902,2021-12-20 10:39:54.281015296,23.91916666666667,24.0,30.203333333333333,-0.009351,228.24215372799986,23.94555054736253
1903,2021-12-20 10:39:54.385259264,23.925,24.0,30.307499999999997,-0.007964,228.34639769599985,23.949992898052862
1904,2021-12-20 10:39:54.517596160,23.882857142857144,24.0,30.467346938775506,-0.018942,228.47873459199985,23.95438984324263
1905,2021-12-20 10:39:54.610936832,23.992307692307694,24.0,30.46,-0.020746,228.57207526399986,23.95874132621273
1906,2021-12-20 10:39:54.678458112,24.03304347826087,24.0,30.21,-0.018405,228.63959654399986,23.9630473284291
1907,2021-12-20 10:39:54.779554048,24.008695652173916,24.0,30.21,-0.013683,228.74069247999986,23.967307870068286
1908,2021-12-20 10:39:54.873307392,23.986486486486488,24.0,30.25216216216216,-0.006379,228.83444582399986,23.97152301040899
1909,2021-12-20 10:39:54.979150592,23.934285714285714,24.0,30.442448979591834,-0.011699,228.94028902399987,23.97569284808309
1910,2021-12-20 10:39:55.083052544,24.009,24.0,30.22025,-0.011957,229.04419097599987,23.97981752118002
1911,2021-12-20 10:39:55.181110784,24.025714285714287,24.0,30.47,-0.013017,229.14224921599987,23.983897207198698
1912,2021-12-20 10:39:55.284077568,24.04105263157895,24.0,30.47,-0.020317,229.24521599999986,23.98793212284147
1913,2021-12-20 10:39:55.413587968,24.014285714285716,24.0,30.47,-0.007593,229.37472639999984,23.99192252364506
1914,2021-12-20 10:39:55.508427520,23.96,24.0,30.47,-0.021228,229.46956595199984,23.995868703443893
1915,2021-12-20 10:39:55.577688832,24.008695652173916,24.0,30.22,-0.009143,229.53882726399985,23.999770993661695
1916,2021-12-20 10:39:55.679307776,24.008695652173916,24.0,30.22,-0.016049,229.64044620799984,24.003629762427728
1917,2021-12-20 10:39:55.776762368,24.015348837209306,24.0,30.220000000000002,-0.01372,229.73790079999984,24.007445413514667
1918,2021-12-20 10:39:55.881398784,24.03714285714286,24.0,30.211428571428574,-0.021646,229.84253721599984,24.01121838509562
1919,2021-12-20 10:39:55.979628032,24.07846153846154,24.0,30.21,-0.012394,229.94076646399984,24.014949148318472
1920,2021-12-20 10:39:56.079536896,24.0475,24.0,30.415833333333335,-0.013061,230.04067532799985,24.01863820569644
1921,2021-12-20 10:39:56.180572416,24.06744186046512,24.0,30.026279069767444,-0.013947,230.14171084799986,24.022286089314374
1922,2021-12-20 10:39:56.281939712,24.071428571428573,24.0,30.132857142857144,-0.01337,230.24307814399987,24.02589335885105
1923,2021-12-20 10:39:56.388275968,24.065,24.0,30.2015,-0.011626,230.34941439999986,24.029460599418513
1924,2021-12-20 10:39:56.515865344,24.065714285714286,24.0,30.2,-0.013668,230.47700377599986,24.032988419220143
1925,2021-12-20 10:39:56.606812160,24.1,24.0,30.2,-0.015978,230.56795059199987,24.036477447030087
1926,2021-12-20 10:39:56.677230336,24.100000000000005,24.0,30.2,-0.017248,230.63836876799988,24.0399283294974
1927,2021-12-20 10:39:56.769535232,24.1,24.0,30.200000000000003,-0.00421,230.73067366399988,24.04334172827915
1928,2021-12-20 10:39:56.863751168,24.1,24.0,30.19363636363636,-0.011005,230.8248895999999,24.046718317007446
1929,2021-12-20 10:39:56.983052544,24.099999999999998,24.0,30.19,-0.008655,230.9441909759999,24.05005877809628
1930,2021-12-20 10:39:57.085546240,24.1,24.0,30.19,-0.019271,231.0466846719999,24.053363799394752
1931,2021-12-20 10:39:57.181773824,24.077142857142857,24.0,30.190000000000005,-0.014793,231.1429122559999,24.05663407069429
1932,2021-12-20 10:39:57.288592896,24.1,24.0,30.19,-0.014767,231.2497313279999,24.05987028009805
1933,2021-12-20 10:39:57.420648192,24.1,24.0,30.185714285714287,-0.008819,231.38178662399991,24.063073110261602
1934,2021-12-20 10:39:57.509935616,24.150909090909092,24.0,30.180000000000003,-0.013994,231.4710740479999,24.066243234514697
1935,2021-12-20 10:39:57.576632064,24.077142857142857,24.0,30.275510204081634,-0.016542,231.5377704959999,24.06938131287469
1936,2021-12-20 10:39:57.674931712,24.072000000000003,24.0,30.387999999999998,-0.018316,231.6360701439999,24.072487987962866
1937,2021-12-20 10:39:57.772336128,24.08857142857143,24.0,30.264897959183674,-0.013768,231.73347455999988,24.075563880835606
1938,2021-12-20 10:39:57.876459264,24.080465116279072,24.0,30.385581395348837,-0.017651,231.83759769599988,24.07860958674285
1939,2021-12-20 10:39:57.975644160,24.100000000000005,24.0,30.179999999999996,-0.015519,231.93678259199987,24.081625670827048
1940,2021-12-20 10:39:58.076750080,24.1,24.0,30.180000000000003,-0.011646,232.03788851199988,24.08461266377628
1941,2021-12-20 10:39:58.176759552,24.117142857142856,24.0,30.18,-0.008707,232.1378979839999,24.08757105744563
1942,2021-12-20 10:39:58.277855232,24.113023255813957,24.0,30.18,-0.008932,232.23899366399988,24.090501300461398
1943,2021-12-20 10:39:58.390025216,24.1,24.0,30.18,-0.015482,232.35116364799987,24.09340379382308
1944,2021-12-20 10:39:58.524987392,24.1,24.0,30.179347826086957,-0.011611,232.48612582399986,24.096278886518387
1945,2021-12-20 10:39:58.607485440,24.1525,24.0,30.17,-0.011377,232.56862387199985,24.099126871166895
1946,2021-12-20 10:39:58.678909184,24.117142857142856,24.0,30.17,-0.012,232.64004761599983,24.101947979708054
1947,2021-12-20 10:39:58.774100736,24.1221052631579,24.0,30.162894736842105,-0.010812,232.73523916799982,24.104742379149595
1948,2021-12-20 10:39:58.873315840,24.10571428571429,24.0,29.9,-0.011991,232.83445427199982,24.10751016739238
1949,2021-12-20 10:39:58.978485248,24.1,24.0,30.17,-0.014103,232.9396236799998,24.11025136914779
1950,2021-12-20 10:39:59.077891072,24.1,24.0,30.160204081632653,-0.004614,233.0390295039998,24.11296593196375
1951,2021-12-20 10:39:59.172700672,24.1,24.0,30.160000000000004,-0.001679,233.1338391039998,24.115653722375377
1952,2021-12-20 10:39:59.268908032,24.1,24.0,30.15081632653061,-0.014182,233.2300464639998,24.118314522196094
1953,2021-12-20 10:39:59.373685248,24.1,24.0,30.149999999999995,-0.015238,233.3348236799998,24.1209480249648
1954,2021-12-20 10:39:59.491085568,24.117142857142856,24.0,30.15,-0.013078,233.4522239999998,24.12355383256455
1955,2021-12-20 10:39:59.624076032,24.1,24.0,30.15,-0.016895,233.5852144639998,24.126131452027735
1956,2021-12-20 10:39:59.704884480,24.1,24.0,30.15,-0.015769,233.6660229119998,24.128680292542356
1957,2021-12-20 10:39:59.779607296,24.100000000000005,24.0,30.142291666666665,-0.008616,233.74074572799978,24.131199662673534
1958,2021-12-20 10:39:59.875985920,24.1,24.0,30.139999999999997,-0.013864,233.8371243519998,24.133688767813805
1959,2021-12-20 10:39:59.979385088,24.117142857142856,24.0,30.140000000000004,-0.016659,233.9405235199998,24.13614670787519
1960,2021-12-20 10:40:00.082170624,24.1221052631579,24.0,30.139999999999997,-0.007169,234.0433090559998,24.138572475235463
1961,2021-12-20 10:40:00.178307584,24.140000000000004,24.0,30.140000000000004,-0.012385,234.1394460159998,24.14096495295021
1962,2021-12-20 10:40:00.278970880,24.12,24.0,30.13428571428571,-0.011536,234.2401093119998,24.14332291324168
1963,2021-12-20 10:40:00.397346816,24.100000000000005,24.0,30.13,-0.01234,234.3584852479998,24.145645016274447
1964,2021-12-20 10:40:00.514033152,24.1,24.0,30.130000000000003,-0.013067,234.47517158399978,24.147929809227193
1965,2021-12-20 10:40:00.593795328,24.1,24.0,30.13,-0.010559,234.55493375999978,24.150175725668927
1966,2021-12-20 10:40:00.681272064,24.111428571428572,24.0,30.13,-0.011678,234.6424104959998,24.15238108524713
1967,2021-12-20 10:40:00.775608832,24.130270270270273,24.0,30.123783783783782,-0.008517,234.7367472639998,24.154544093694266
1968,2021-12-20 10:40:00.877931776,24.1,24.0,30.12,-0.011368,234.8390702079998,24.156662843158177
1969,2021-12-20 10:40:00.982487552,24.128,24.0,30.119999999999997,-0.018821,234.94362598399982,24.158735312860667
1970,2021-12-20 10:40:01.080093184,24.117142857142856,24.0,30.12,-0.016946,235.04123161599983,24.160759370087735
1971,2021-12-20 10:40:01.180132864,24.099999999999998,24.0,30.12,-0.016473,235.14127129599984,24.16273277151362
1972,2021-12-20 10:40:01.280594944,24.1,24.0,30.116938775510203,-0.015409,235.24173337599984,24.164653164859924
1973,2021-12-20 10:40:01.380856064,24.121000000000002,24.0,30.110000000000003,-0.008841,235.34199449599984,24.166518090889795
1974,2021-12-20 10:40:01.505226752,24.111428571428572,24.0,30.109999999999996,-0.009147,235.46636518399984,24.168324985736103
1975,2021-12-20 10:40:01.611502592,24.100000000000005,24.0,30.11,-0.013144,235.57264102399984,24.170071183561358
1976,2021-12-20 10:40:01.686547200,24.12153846153846,24.0,30.11,-0.005195,235.64768563199985,24.17175391954595
1977,2021-12-20 10:40:01.782764800,24.1,24.0,30.108367346938774,-0.011614,235.74390323199984,24.173370333200204
1978,2021-12-20 10:40:01.879495424,24.142000000000003,24.0,30.1,-0.011148,235.84063385599984,24.174917471994682
1979,2021-12-20 10:40:01.980480512,24.1,24.0,30.1,-0.0144,235.94161894399983,24.17639229530186
1980,2021-12-20 10:40:02.082250240,24.15860465116279,24.0,30.06860465116279,-0.009151,236.04338867199982,24.177791678641388
1981,2021-12-20 10:40:02.182420736,24.175833333333333,24.0,29.846874999999997,-0.003488,236.14355916799983,24.179112418220058
1982,2021-12-20 10:40:02.284713472,24.166315789473686,24.0,30.099736842105262,-0.012535,236.24585190399984,24.18035123575649
1983,2021-12-20 10:40:02.414002688,24.134285714285717,24.0,30.090000000000003,-0.001172,236.37514111999982,24.181504783579673
1984,2021-12-20 10:40:02.506991360,24.207692307692305,24.0,30.09,-0.001594,236.46812979199981,24.18256964998942
1985,2021-12-20 10:40:02.577741568,24.134285714285717,20.653061224489797,30.08020408163265,-0.012987,236.5388799999998,24.183542364866106
1986,2021-12-20 10:40:02.678847232,24.178139534883723,20.0,26.571162790697674,-0.013351,236.6399856639998,24.184419405515975
1987,2021-12-20 10:40:02.772982784,24.213333333333335,20.0,26.06,-0.012437,236.7341212159998,24.185197202737672
1988,2021-12-20 10:40:02.879479808,24.185714285714287,20.0,25.97918367346939,-0.006895,236.8406182399998,24.185872147094816
1989,2021-12-20 10:40:02.978222080,24.19837837837838,20.0,26.14513513513513,-0.006292,236.9393605119998,24.186440595378752
1990,2021-12-20 10:40:03.079760384,24.111428571428572,20.0,26.072857142857142,-0.012864,237.0408988159998,24.18689887724504
1991,2021-12-20 10:40:03.183109376,24.18,20.0,25.993333333333332,-0.006613,237.14424780799982,24.18724330200662
1992,2021-12-20 10:40:03.283320064,24.15714285714286,20.0,25.694285714285712,-0.020027,237.24445849599982,24.18747016556605
1993,2021-12-20 10:40:03.387926272,24.143076923076926,20.0,25.781025641025643,-0.010576,237.34906470399983,24.187575757468775
1994,2021-12-20 10:40:03.517788672,24.162857142857142,20.0,25.55551020408163,-0.007168,237.47892710399984,24.18755636805896
1995,2021-12-20 10:40:03.608624896,24.17,20.0,25.459999999999997,-0.013289,237.56976332799982,24.1874082957191
1996,2021-12-20 10:40:03.677745408,24.202857142857145,20.0,25.407551020408164,-0.010026,237.63888383999983,24.187127854174253
1997,2021-12-20 10:40:03.778851328,24.204186046511627,20.0,25.404883720930233,-0.010926,237.73998975999984,24.186711379841558
1998,2021-12-20 10:40:03.874234112,24.188780487804877,20.0,25.223902439024393,-0.015078,237.83537254399985,24.186155239205462
1999,2021-12-20 10:40:03.983768832,24.1525,20.0,25.235,-0.008602,237.94490726399985,24.185455836199196
2000,2021-12-20 10:40:04.084492544,24.27948717948718,20.0,25.076666666666668,-0.005117,238.04563097599984,24.18460961957289
2001,2021-12-20 10:40:04.181524736,24.23142857142857,20.0,24.914081632653062,-0.010919,238.14266316799984,24.183613090228782
2002,2021-12-20 10:40:04.287941376,24.25076923076923,20.0,24.976153846153846,-0.007352,238.24907980799983,24.18246280850406
2003,2021-12-20 10:40:04.422309888,24.15714285714286,20.0,25.009591836734696,0.004131,238.38344831999984,24.18115540138208
2004,2021-12-20 10:40:04.514614784,24.30363636363636,20.0,24.96,-0.015939,238.47575321599984,24.1796875696131
2005,2021-12-20 10:40:04.579702016,24.240434782608695,20.0,24.84695652173913,-0.011806,238.54084044799984,24.17805609472585
2006,2021-12-20 10:40:04.681300736,24.197391304347825,20.0,24.77391304347826,0.000427,238.64243916799984,24.176257845911692
2007,2021-12-20 10:40:04.777628928,24.226666666666667,20.0,24.68357142857143,-0.009052,238.73876735999983,24.17428978676358
2008,2021-12-20 10:40:04.881128704,24.202857142857145,20.0,24.603877551020407,-0.003582,238.84226713599983,24.172148981852484
2009,2021-12-20 10:40:04.980544768,24.198,20.0,24.52,-0.004461,238.94168319999983,24.169832603124522
2010,2021-12-20 10:40:05.082696704,24.134285714285717,20.0,24.448775510204083,-0.007421,239.04383513599984,24.16733793610261
2011,2021-12-20 10:40:05.183641600,24.16,20.0,24.36904761904762,-0.003656,239.14478003199983,24.164662385876984
2012,2021-12-20 10:40:05.283942912,24.202857142857145,20.0,24.291632653061225,-0.006056,239.24508134399983,24.161803482869697
2013,2021-12-20 10:40:05.392582400,24.145581395348838,20.0,24.20325581395349,-0.015131,239.35372083199982,24.158758888358705
2014,2021-12-20 10:40:05.519014912,24.18,20.0,24.128571428571426,-0.005044,239.48015334399983,24.15552639974801
2015,2021-12-20 10:40:05.606984704,24.177777777777777,20.0,24.03333333333333,-0.007428,239.56812313599983,24.152103955570972
2016,2021-12-20 10:40:05.680309504,24.174285714285713,20.0,23.97183673469388,-0.003748,239.64144793599982,24.14848964021453
2017,2021-12-20 10:40:05.780711424,24.178139534883723,20.0,23.893720930232554,-0.015814,239.74184985599982,24.144681688353
2018,2021-12-20 10:40:05.879503872,24.117142857142856,20.0,23.80673469387755,-0.009257,239.84064230399983,24.1406784890808
2019,2021-12-20 10:40:05.980016384,24.150909090909092,20.0,23.728181818181817,-0.00318,239.94115481599982,24.13647858973435
2020,2021-12-20 10:40:06.080106240,24.15714285714286,20.0,23.65,-0.004934,240.04124467199983,24.132080699394088
2021,2021-12-20 10:40:06.178003456,24.14780487804878,20.0,23.571951219512197,-0.005418,240.13914188799984,24.127483692058465
2022,2021-12-20 10:40:06.277892352,24.111428571428572,20.0,23.493265306122446,-0.006689,240.23903078399985,24.122686609482653
2023,2021-12-20 10:40:06.378113024,24.128717948717952,20.0,23.175897435897436,-0.005573,240.33925145599986,24.117688663675537
2024,2021-12-20 10:40:06.502513920,24.128571428571426,20.0,23.297959183673466,-0.007081,240.46365235199985,24.11248923904944
2025,2021-12-20 10:40:06.633120768,24.116000000000003,20.0,23.25057142857143,-0.007056,240.59425919999987,24.107087894217905
2026,2021-12-20 10:40:06.706667008,24.1,20.0,22.89,-2.2e-05,240.66780543999988,24.101484363437734
2027,2021-12-20 10:40:06.781731840,24.117142857142856,20.0,23.033265306122452,-0.003949,240.7428702719999,24.095678557692576
2028,2021-12-20 10:40:06.878311680,24.114,20.0,23.00475,-0.000417,240.8394501119999,24.089670565416036
2029,2021-12-20 10:40:06.980131584,24.100000000000005,20.0,22.919999999999998,-0.006593,240.9412700159999,24.083460652853354
2030,2021-12-20 10:40:07.082374144,24.1,20.0,22.84871794871795,-0.007861,241.0435125759999,24.077049264061596
2031,2021-12-20 10:40:07.179516928,24.111428571428572,20.0,22.76448979591837,-0.006838,241.1406553599999,24.070437020549186
2032,2021-12-20 10:40:07.281618688,24.086976744186046,20.0,22.848837209302324,-0.005448,241.2427571199999,24.063624720556618
2033,2021-12-20 10:40:07.406622976,24.117142857142856,20.0,22.69857142857143,-0.005632,241.36776140799992,24.056613337981243
2034,2021-12-20 10:40:07.523982848,24.1,20.0,22.54516129032258,-0.008,241.48512127999993,24.049404020949684
2035,2021-12-20 10:40:07.598615552,24.1,20.0,22.413103448275862,0.001854,241.55975398399994,24.04199809004262
2036,2021-12-20 10:40:07.682803200,24.076666666666668,20.0,22.366666666666664,-0.008024,241.64394163199995,24.034397036177605
2037,2021-12-20 10:40:07.778226176,24.085641025641028,20.0,22.28076923076923,0.001944,241.73936460799996,24.026602518156352
2038,2021-12-20 10:40:07.883033600,24.065714285714286,20.0,22.21081632653061,-0.004953,241.84417203199996,24.018616359883964
2039,2021-12-20 10:40:07.985959936,24.1,20.0,22.130000000000003,-0.004579,241.94709836799996,24.010440547268445
2040,2021-12-20 10:40:08.081030912,24.03142857142857,20.0,22.05142857142857,-0.001763,242.04216934399994,24.002077224809664
2041,2021-12-20 10:40:08.177731072,24.037,20.0,21.968,-0.004107,242.13886950399996,23.993528691887843
2042,2021-12-20 10:40:08.275849728,24.00666666666667,20.0,21.888333333333335,-0.002088,242.23698815999995,23.984797398762332
2043,2021-12-20 10:40:08.376674048,24.058,20.0,21.816,-0.002013,242.33781247999994,23.97588594229236
2044,2021-12-20 10:40:08.505752064,23.962857142857143,20.0,21.82244897959184,-0.005131,242.46689049599993,23.966797061392
2045,2021-12-20 10:40:08.631027968,23.856129032258064,20.0,21.94,-0.002613,242.59216639999994,23.957533632232444
2046,2021-12-20 10:40:08.702300928,23.990434782608695,20.0,21.811304347826088,-0.001737,242.66343935999993,23.948098663205112
2047,2021-12-20 10:40:08.781811712,23.985714285714284,20.0,21.75877551020408,-0.006774,242.74295014399993,23.93849528965974
2048,2021-12-20 10:40:08.876460032,23.94864864864865,20.0,21.601891891891892,0.003387,242.83759846399994,23.928726768432124
2049,2021-12-20 10:40:08.977223936,23.84285714285714,20.0,21.406734693877553,0.005651,242.93836236799993,23.918796472176506
2050,2021-12-20 10:40:09.082564352,23.82,20.0,21.534,-0.006069,243.04370278399992,23.908707883518034
2051,2021-12-20 10:40:09.180924416,23.877142857142857,20.0,21.421428571428567,0.003102,243.1420628479999,23.898464589041016
2052,2021-12-20 10:40:09.279827456,23.8415,20.0,21.152499999999996,-0.002991,243.24096588799992,23.88807027312891
2053,2021-12-20 10:40:09.406078976,23.854285714285716,20.0,21.3034693877551,-0.00199,243.36721740799993,23.877528711672166
2054,2021-12-20 10:40:09.531133696,23.82,20.0,21.23,0.000662,243.49227212799994,23.86684376566019
2055,2021-12-20 10:40:09.603060480,23.82,20.0,21.16,-0.008399,243.56419891199994,23.85601937467373
2056,2021-12-20 10:40:09.681776640,23.82,20.0,21.08,0.000539,243.64291507199994,23.84505955029406
2057,2021-12-20 10:40:09.779150848,23.82,20.0,21.003999999999998,-0.001155,243.74028927999993,23.83396836944526
2058,2021-12-20 10:40:09.884863232,23.82,20.0,20.934285714285714,0.007357,243.8460016639999,23.82274996768575
2059,2021-12-20 10:40:09.987799808,23.82,20.0,20.85864864864865,-0.000799,243.9489382399999,23.81140853246531
2060,2021-12-20 10:40:10.081422336,23.78625,20.0,20.778333333333332,-0.001464,244.0425607679999,23.799948296363567
2061,2021-12-20 10:40:10.180737792,23.814186046511626,20.0,20.711395348837208,-0.004012,244.1418762239999,23.7883735303257
2062,2021-12-20 10:40:10.279912448,23.78142857142857,20.0,20.634693877551022,-0.004043,244.2410508799999,23.776688536911106
2063,2021-12-20 10:40:10.378835712,23.793658536585365,20.0,20.55951219512195,0.001865,244.3399741439999,23.76489764357031
2064,2021-12-20 10:40:10.503387392,23.792448979591835,20.0,20.485714285714284,-0.001734,244.4645258239999,23.753005195965322
2065,2021-12-20 10:40:10.625334016,23.744062500000002,20.0,20.4225,-0.002902,244.5864724479999,23.74101555134822
2066,2021-12-20 10:40:10.699614464,23.716153846153848,20.0,20.32,-0.001407,244.6607528959999,23.728933072012524
2067,2021-12-20 10:40:10.782434304,23.665714285714287,20.0,20.437551020408165,-0.000657,244.74357273599992,23.71676211883143
2068,2021-12-20 10:40:10.879164928,23.79230769230769,20.0,20.454871794871796,0.001287,244.84030335999992,23.70450704489674
2069,2021-12-20 10:40:10.980663040,23.627142857142857,20.0,20.21795918367347,0.003679,244.94180147199992,23.692172189271826
2070,2021-12-20 10:40:11.084152832,23.655365853658537,20.0,20.055853658536584,0.007062,245.04529126399993,23.679761870871484
2071,2021-12-20 10:40:11.182221056,23.638163265306122,20.0,20.119183673469387,0.00452,245.14335948799993,23.667280382481067
2072,2021-12-20 10:40:11.281627136,23.604000000000003,20.0,20.17025,0.007759,245.24276556799992,23.654731984926702
2073,2021-12-20 10:40:11.411147520,23.577551020408162,20.0,20.090816326530614,0.010344,245.3722859519999,23.642120901407868
2074,2021-12-20 10:40:11.526536192,23.550000000000004,20.0,20.050000000000004,0.006753,245.4876746239999,23.629451312003
2075,2021-12-20 10:40:11.597034752,23.577,20.0,19.931,0.007108,245.5581731839999,23.61672734835809
2076,2021-12-20 10:40:11.684280320,23.55,20.0,19.88142857142857,0.018959,245.6454187519999,23.603953088567703
2077,2021-12-20 10:40:11.776685824,23.55,20.0,19.802941176470586,0.005399,245.7378242559999,23.591132552257
2078,2021-12-20 10:40:11.879451136,23.55,20.0,19.746666666666666,0.004074,245.8405895679999,23.578269695872834
2079,2021-12-20 10:40:11.985978368,23.55,20.0,19.673513513513512,0.008248,245.9471167999999,23.565368408191052
2080,2021-12-20 10:40:12.081511936,23.5169387755102,20.0,19.61142857142857,0.011967,246.0426503679999,23.5524325060466
2081,2021-12-20 10:40:12.181843456,23.537441860465115,20.0,19.540465116279066,0.011112,246.1429818879999,23.539465730292207
2082,2021-12-20 10:40:12.280686080,23.55,20.0,19.475714285714286,0.010716,246.2418245119999,23.52647174199073
2083,2021-12-20 10:40:12.378191104,23.50275,20.0,19.402,0.020101,246.3393295359999,23.51345411884537
2084,2021-12-20 10:40:12.503296256,23.566875,20.0,19.33125,0.005646,246.4644346879999,23.500416351871586
2085,2021-12-20 10:40:12.629245952,23.51727272727273,20.0,19.27,0.00875,246.5903843839999,23.487361842313565
2086,2021-12-20 10:40:12.703184384,23.46782608695652,20.0,19.22478260869565,0.008001,246.6643228159999,23.474293898807552
2087,2021-12-20 10:40:12.782292736,23.450816326530614,20.0,19.3765306122449,0.010177,246.7434311679999,23.461215734793516
2088,2021-12-20 10:40:12.882352640,23.40558139534884,20.0,19.06,0.002481,246.8434910719999,23.44813046617614
2089,2021-12-20 10:40:12.983337728,23.329591836734696,20.0,19.25,0.013057,246.94447615999988,23.4350411092353
2090,2021-12-20 10:40:13.079152896,23.415,20.0,18.928684210526317,0.005923,247.04029132799988,23.421950578785683
2091,2021-12-20 10:40:13.177472768,23.478367346938775,20.0,19.094489795918367,0.011088,247.13861119999987,23.408861686584327
2092,2021-12-20 10:40:13.278216448,23.343947368421055,20.0,19.04921052631579,0.008725,247.23935487999987,23.395777139984464
2093,2021-12-20 10:40:13.404256768,23.296530612244897,20.0,18.98857142857143,0.019661,247.36539519999985,23.382699540833222
2094,2021-12-20 10:40:13.526223616,23.307000000000002,20.0,18.92866666666667,0.012231,247.48736204799985,23.369631384610155
2095,2021-12-20 10:40:13.600373248,23.30892857142857,20.0,18.85,0.012906,247.56151167999985,23.356575059802964
2096,2021-12-20 10:40:13.683052288,23.28,20.0,18.796041666666667,0.010122,247.64419071999984,23.343532847516165
2097,2021-12-20 10:40:13.778626048,23.347500000000004,20.0,18.7345,0.014811,247.73976447999985,23.330506921307947
2098,2021-12-20 10:40:13.881351424,23.296530612244897,20.0,18.668367346938776,0.014059,247.84248985599984,23.317499347249743
2099,2021-12-20 10:40:13.984750592,23.312926829268292,20.0,18.6090243902439,0.015559,247.94588902399985,23.304512084202624
2100,2021-12-20 10:40:14.084106240,23.28,20.0,18.54204081632653,0.019201,248.04524467199985,23.29154698430411
2101,2021-12-20 10:40:14.184055552,23.260714285714286,20.0,18.614285714285714,0.009969,248.14519398399986,23.278605793658578
2102,2021-12-20 10:40:14.283260416,23.26875,20.0,18.525625,0.017306,248.24439884799986,23.265690153224007
2103,2021-12-20 10:40:14.385955328,23.28,20.0,18.362857142857145,0.02157,248.34709375999986,23.25280159988735
2104,2021-12-20 10:40:14.517889792,23.296530612244897,20.0,18.295714285714286,0.008736,248.47902822399988,23.239941567720606
2105,2021-12-20 10:40:14.628983552,23.28,20.0,18.26,0.018441,248.59012198399986,23.227111389409384
2106,2021-12-20 10:40:14.697138688,23.184193548387096,20.0,18.15258064516129,0.008619,248.65827711999987,23.214312297845364
2107,2021-12-20 10:40:14.785480448,23.19734693877551,20.0,18.10142857142857,0.011897,248.74661887999986,23.201545427874038
2108,2021-12-20 10:40:14.884182528,23.235,20.0,18.035714285714285,0.019748,248.84532095999987,23.18881181818883
2109,2021-12-20 10:40:14.983095552,23.22489795918367,20.0,17.97714285714286,0.004499,248.94423398399988,23.17611241336265
2110,2021-12-20 10:40:15.082602240,23.217209302325582,20.0,17.996279069767443,0.011281,249.04374067199987,23.163448066007664
2111,2021-12-20 10:40:15.184462336,23.19734693877551,20.0,18.028571428571432,0.011902,249.14560076799987,23.150819539054346
2112,2021-12-20 10:40:15.288726528,23.224615384615383,20.0,17.781538461538464,0.018539,249.24986495999985,23.13822750814052
2113,2021-12-20 10:40:15.424141312,23.087142857142858,20.0,17.782653061224487,0.014102,249.38527974399986,23.12567256410132
2114,2021-12-20 10:40:15.527852288,23.01,20.0,17.93,0.015387,249.48899071999986,23.11315521555093
2115,2021-12-20 10:40:15.591460864,23.0775,20.0,17.646944444444443,0.021425,249.55259929599987,23.10067589154702
2116,2021-12-20 10:40:15.684861952,23.087142857142858,20.0,17.793877551020408,0.021285,249.64600038399988,23.088234944328825
2117,2021-12-20 10:40:15.783262208,23.113846153846154,20.0,17.73384615384615,0.014633,249.74440063999987,23.07583265212003
2118,2021-12-20 10:40:15.891459328,23.0265306122449,20.0,17.677551020408163,0.021793,249.85259775999987,23.06346922198755
2119,2021-12-20 10:40:15.991448576,23.01,20.0,17.618285714285715,0.025967,249.95258700799988,23.05114479274746
2120,2021-12-20 10:40:16.082395648,22.9875,20.0,17.56,0.014837,250.0435340799999,23.03885943790955
2121,2021-12-20 10:40:16.182294528,23.05909090909091,20.0,17.502727272727274,0.012584,250.1434329599999,23.026613168651966
2122,2021-12-20 10:40:16.283490816,23.004489795918367,20.0,17.443673469387754,0.018438,250.2446292479999,23.014405936817663
2123,2021-12-20 10:40:16.387312384,23.01,20.0,17.386976744186047,0.012359,250.3484508159999,23.00223763792453
2124,2021-12-20 10:40:16.513030912,23.01,20.0,17.32734693877551,0.017205,250.4741693439999,22.990108114181403
2125,2021-12-20 10:40:16.608685312,23.01,20.0,17.285263157894736,0.01968,250.5698237439999,22.97801715750231
2126,2021-12-20 10:40:16.683699968,23.015869565217393,20.0,17.20782608695652,0.017677,250.6448383999999,22.965964512511565
2127,2021-12-20 10:40:16.785298688,22.998260869565218,20.0,17.15434782608696,0.01613,250.7464371199999,22.953949879532708
2128,2021-12-20 10:40:16.882864128,23.004,20.0,17.092,0.014844,250.84400255999992,22.941972917554633
2129,2021-12-20 10:40:16.982953984,22.99276595744681,20.0,17.03914893617021,0.019309,250.94409241599993,22.930033247168527
2130,2021-12-20 10:40:17.082209024,22.980652173913047,20.0,16.969782608695652,0.012721,251.04334745599994,22.918130453469644
2131,2021-12-20 10:40:17.182801920,22.945434782608697,20.0,17.065652173913044,0.028082,251.14394035199993,22.90626408891837
2132,2021-12-20 10:40:17.296973568,22.954772727272726,20.0,16.92863636363636,0.022371,251.25811199999993,22.894433676155447
2133,2021-12-20 10:40:17.435989248,22.897499999999997,20.0,16.801875,0.019165,251.39712767999993,22.882638710766585
2134,2021-12-20 10:40:17.516797440,22.956,20.0,16.97,0.023902,251.47793587199993,22.870878663992226
2135,2021-12-20 10:40:17.580979200,22.844693877551016,20.0,16.940612244897956,0.028906,251.54211763199993,22.85915298537855
2136,2021-12-20 10:40:17.677498624,22.82775,20.0,16.889000000000003,0.016972,251.63863705599994,22.847461105366232
2137,2021-12-20 10:40:17.777568512,22.86122448979592,20.0,16.72142857142857,0.02451,251.73870694399994,22.835802437813864
2138,2021-12-20 10:40:17.881480704,22.848,20.0,16.5335,0.025667,251.84261913599994,22.824176382453416
2139,2021-12-20 10:40:17.981158144,22.773749999999996,20.0,16.557291666666668,0.025744,251.94229657599993,22.81258232727535
2140,2021-12-20 10:40:18.082213888,22.7535,20.0,16.6695,0.025661,252.04335231999994,22.801019650841344
2141,2021-12-20 10:40:18.179487488,22.751020408163264,20.0,16.60571428571429,0.030093,252.14062591999993,22.78948772452304
2142,2021-12-20 10:40:18.281116416,22.770681818181817,20.0,16.513636363636365,0.017962,252.24225484799993,22.7779859146654
2143,2021-12-20 10:40:18.397701888,22.756530612244898,20.0,16.304897959183673,0.019778,252.35884031999993,22.76651358467356
2144,2021-12-20 10:40:18.528208128,22.752857142857142,20.0,16.455714285714286,0.025968,252.48934655999992,22.755070097022287
2145,2021-12-20 10:40:18.606783488,22.74,20.0,16.377894736842105,0.023532,252.56792191999992,22.743654815187448
2146,2021-12-20 10:40:18.681506560,22.718775510204082,20.0,16.333877551020407,0.01793,252.64264499199993,22.732267105499098
2147,2021-12-20 10:40:18.782109440,22.74,20.0,16.28441860465116,0.028599,252.74324787199993,22.720906338915906
2148,2021-12-20 10:40:18.886695424,22.708163265306123,20.0,16.226938775510206,0.029475,252.84783385599994,22.709571892720938
2149,2021-12-20 10:40:18.987539712,22.734102564102564,20.0,16.17846153846154,0.024659,252.94867814399993,22.698263152139006
2150,2021-12-20 10:40:19.084139520,22.708163265306123,20.0,16.12,0.02975,253.04527795199994,22.686979511875837
2151,2021-12-20 10:40:19.183877376,22.70285714285714,20.0,16.07,0.039716,253.14501580799993,22.67572037757953
2152,2021-12-20 10:40:19.282509056,22.644489795918364,20.0,16.013673469387758,0.03204,253.24364748799994,22.66448516722506
2153,2021-12-20 10:40:19.384459776,22.703720930232556,20.0,15.964651162790698,0.041622,253.34559820799993,22.653273312422503
2154,2021-12-20 10:40:19.510500096,22.644489795918364,20.0,16.126734693877548,0.031311,253.47163852799991,22.6420842596499
2155,2021-12-20 10:40:19.624923136,22.569655172413793,20.0,15.922413793103448,0.030107,253.5860615679999,22.63091747141167
2156,2021-12-20 10:40:19.698197760,22.61,20.0,16.05,0.031181,253.6593361919999,22.619772427323714
2157,2021-12-20 10:40:19.784759296,22.572083333333335,20.0,16.0025,0.03638,253.7458977279999,22.60864862512625
2158,2021-12-20 10:40:19.887897088,22.60093023255814,20.0,15.955116279069767,0.032379,253.84903551999992,22.59754558162561
2159,2021-12-20 10:40:20.006031616,22.533061224489792,20.0,15.904285714285715,0.035812,253.96717004799993,22.58646283356618
2160,2021-12-20 10:40:20.100348160,22.542399999999997,20.0,15.868,0.041018,254.06148659199994,22.575399938433655
2161,2021-12-20 10:40:20.181920768,22.538367346938777,20.0,15.80734693877551,0.030822,254.14305919999993,22.564356475190788
2162,2021-12-20 10:40:20.284645888,22.49772727272727,20.0,15.76159090909091,0.035009,254.24578431999993,22.553332044946835
2163,2021-12-20 10:40:20.409549824,22.50708333333333,20.0,15.710833333333333,0.032413,254.37068825599994,22.54232627156169
2164,2021-12-20 10:40:20.527352320,22.48,20.0,15.6759375,0.040779,254.48849075199993,22.531338802185857
2165,2021-12-20 10:40:20.601431552,22.50888888888889,20.0,15.37148148148148,0.029465,254.56256998399994,22.520369307737237
2166,2021-12-20 10:40:20.684533248,22.48,20.0,15.556530612244897,0.036124,254.64567167999994,22.509417483315765
2167,2021-12-20 10:40:20.781595648,22.493000000000002,20.0,15.625,0.039381,254.74273407999993,22.498483048556743
2168,2021-12-20 10:40:20.884350976,22.46938775510204,20.0,15.469591836734693,0.037747,254.84548940799993,22.48756574792382
2169,2021-12-20 10:40:20.985497088,22.48,20.0,15.416923076923077,0.04175,254.94663551999994,22.47666535094247
2170,2021-12-20 10:40:21.082187520,22.48,20.0,15.373673469387755,0.041796,255.04332595199995,22.465781652374744
2171,2021-12-20 10:40:21.177731072,22.48,20.0,15.320263157894736,0.052709,255.13886950399996,22.454914472336235
2172,2021-12-20 10:40:21.276855552,22.46938775510204,20.0,15.27938775510204,0.043569,255.23799398399996,22.44406365635602
2173,2021-12-20 10:40:21.383000576,22.46731707317073,20.0,15.235365853658536,0.037382,255.34413900799996,22.43322907538054
2174,2021-12-20 10:40:21.524047872,22.48,20.0,15.189795918367347,0.041703,255.48518630399997,22.42241062572239
2175,2021-12-20 10:40:21.658607616,22.462666666666667,20.0,15.15,0.041889,255.61974604799997,22.41160822895496
2176,2021-12-20 10:40:21.717941504,22.454,20.0,15.069999999999999,0.044961,255.67907993599997,22.40082183175412
2177,2021-12-20 10:40:21.783098880,22.464081632653063,20.0,15.06938775510204,0.047546,255.74423731199997,22.390051405688013
2178,2021-12-20 10:40:21.883098368,22.41190476190476,20.0,15.21238095238095,0.04061,255.84423679999998,22.37929694695641
2179,2021-12-20 10:40:21.980794624,22.421632653061227,20.0,14.947959183673468,0.043909,255.94193305599998,22.368558476080885
2180,2021-12-20 10:40:22.082574336,22.31822222222222,20.0,14.904444444444445,0.042795,256.043712768,22.357836037547415
2181,2021-12-20 10:40:22.183197440,22.355416666666667,20.0,15.1,0.047412,256.144335872,22.34712969940291
2182,2021-12-20 10:40:22.282623488,22.356190476190477,20.0,15.052380952380954,0.045643,256.24376192,22.33643955280745
2183,2021-12-20 10:40:22.400114432,22.267755102040812,20.0,15.003061224489796,0.050702,256.361252864,22.325765711543934
2184,2021-12-20 10:40:22.515945472,22.235294117647058,20.0,14.75264705882353,0.044339,256.477083904,22.315108311486885
2185,2021-12-20 10:40:22.597337088,22.243636363636362,20.0,14.91,0.044703,256.55847552,22.304467510032296
2186,2021-12-20 10:40:22.687901952,22.262448979591834,20.0,14.868163265306121,0.055917,256.649040384,22.293843485490235
2187,2021-12-20 10:40:22.780508672,22.26457142857143,20.0,14.652000000000001,0.047173,256.741647104,22.283236436442156
2188,2021-12-20 10:40:22.879311104,22.22,20.0,14.7234693877551,0.057077,256.840449536,22.27264658106459
2189,2021-12-20 10:40:22.984721920,22.23857142857143,20.0,14.73547619047619,0.05708,256.945860352,22.262074156420994
2190,2021-12-20 10:40:23.083966976,22.22,20.0,14.692244897959183,0.052635,257.045105408,22.25151941772348
2191,2021-12-20 10:40:23.178645504,22.274736842105263,20.0,14.65684210526316,0.057645,257.13978393599996,22.240982637566066
2192,2021-12-20 10:40:23.278172416,22.209795918367348,20.0,14.608367346938778,0.058669,257.23931084799995,22.230464105131112
2193,2021-12-20 10:40:23.378030848,22.22,20.0,14.571111111111113,0.054704,257.33916927999996,22.219964125370513
2194,2021-12-20 10:40:23.505519616,22.262448979591834,20.0,14.522448979591838,0.053766,257.46665804799994,22.209483018163276
2195,2021-12-20 10:40:23.633873408,22.22,20.0,14.48967741935484,0.060209,257.5950118399999,22.199021117450986
2196,2021-12-20 10:40:23.706051584,22.199565217391303,20.0,14.41,0.054447,257.66719001599995,22.188578770352816
2197,2021-12-20 10:40:23.784777984,22.14857142857143,20.0,14.391224489795917,0.059214,257.74591641599994,22.178156336261612
2198,2021-12-20 10:40:23.881307136,22.2075,20.0,14.344999999999999,0.052098,257.84244556799996,22.16775418592272
2199,2021-12-20 10:40:23.978993408,22.183541666666667,20.0,14.304166666666667,0.058298,257.94013183999994,22.15737270049719
2200,2021-12-20 10:40:24.081356544,22.163181818181815,20.0,14.357272727272727,0.054702,258.04249497599994,22.14701227061099
2201,2021-12-20 10:40:24.182703616,22.17408163265306,20.0,14.385306122448979,0.056416,258.14384204799995,22.136673295391947
2202,2021-12-20 10:40:24.280782080,22.16736842105263,20.0,14.175263157894737,0.054997,258.241920512,22.126356181496238
2203,2021-12-20 10:40:24.418862080,22.138367346938775,20.0,14.139387755102042,0.052387,258.380000512,22.116061342126166
2204,2021-12-20 10:40:24.550002176,22.041428571428572,20.0,14.11,0.064141,258.511140608,22.105789196041126
2205,2021-12-20 10:40:24.611468288,22.219999999999995,20.0,14.132,0.068681,258.57260672,22.095540166563694
2206,2021-12-20 10:40:24.682147840,22.08734693877551,20.0,14.048571428571428,0.062893,258.643286272,22.0853146805827
2207,2021-12-20 10:40:24.781986304,22.077142857142857,20.0,14.212857142857144,0.062927,258.743124736,22.075113167555333
2208,2021-12-20 10:40:24.882187008,22.026122448979592,20.0,14.166734693877551,0.057562,258.84332544,22.064936058510217
2209,2021-12-20 10:40:24.984479744,22.022325581395346,20.0,14.127906976744185,0.049695,258.945618176,22.054783785053516
2210,2021-12-20 10:40:25.084519424,21.990408163265304,20.0,14.094285714285714,0.066751,259.045657856,22.04465677838004
2211,2021-12-20 10:40:25.181813248,22.00125,20.0,13.819999999999999,0.064036,259.14295168,22.03455546829132
2212,2021-12-20 10:40:25.280223488,22.000612244897958,20.0,14.015918367346938,0.058764,259.24136192000003,22.024480282222637
2213,2021-12-20 10:40:25.381178368,21.982499999999998,20.0,13.97375,0.062858,259.34231680000005,22.01443164428095
2214,2021-12-20 10:40:25.510024960,21.97,20.0,13.933265306122449,0.072346,259.47116339200005,22.00440997429552
2215,2021-12-20 10:40:25.645258752,21.97,20.0,13.895714285714286,0.077083,259.60639718400006,21.994415686883016
2216,2021-12-20 10:40:25.714278656,21.97,20.0,13.85,0.059,259.6754170880001,21.98444919052885
2217,2021-12-20 10:40:25.783519744,22.010816326530612,20.0,13.816530612244899,0.065478,259.7446581760001,21.974510886686353
2218,2021-12-20 10:40:25.882885632,21.95809523809524,20.0,13.779523809523809,0.068222,259.8440240640001,21.96460116889539
2219,2021-12-20 10:40:25.982130688,21.97,20.0,13.747346938775511,0.052833,259.9432691200001,21.954720421921962
2220,2021-12-20 10:40:26.083528192,21.981627906976744,20.0,13.551162790697676,0.063352,260.04466662400006,21.944869020920315
2221,2021-12-20 10:40:26.183316480,21.934285714285714,20.0,13.598775510204081,0.067804,260.14445491200007,21.935047330618954
2222,2021-12-20 10:40:26.281716736,21.951249999999998,20.0,13.63125,0.064755,260.24285516800006,21.925255704532052
2223,2021-12-20 10:40:26.411468544,21.97,20.0,13.58469387755102,0.068711,260.37260697600004,21.915494484197545
2224,2021-12-20 10:40:26.543483392,21.939696969696968,20.0,13.64878787878788,0.067737,260.504621824,21.90576399844332
2225,2021-12-20 10:40:26.611648512,21.923125,20.0,13.73,0.063708,260.57278694400003,21.896064562682874
2226,2021-12-20 10:40:26.683796480,21.842448979591836,20.0,13.71469387755102,0.065608,260.64493491200005,21.88639647824172
2227,2021-12-20 10:40:26.780024064,21.937105263157893,20.0,13.60763157894737,0.07066,260.7411624960001,21.876760031715868
2228,2021-12-20 10:40:26.882387200,21.84755102040816,20.0,13.411224489795918,0.068369,260.8435256320001,21.86715549436368
2229,2021-12-20 10:40:26.986892800,21.84162162162162,20.0,13.438648648648648,0.072476,260.94803123200006,21.857583121532407
2230,2021-12-20 10:40:27.081943552,21.845,20.0,13.574166666666668,0.075534,261.0430819840001,21.848043152120514
2231,2021-12-20 10:40:27.179086592,21.85125,20.0,13.496,0.066385,261.1402250240001,21.838535808077022
2232,2021-12-20 10:40:27.276863232,21.84755102040816,20.0,13.266938775510203,0.070473,261.2380016640001,21.829061293939038
2233,2021-12-20 10:40:27.380363008,21.827142857142857,20.0,13.233333333333333,0.07319,261.34150144000006,21.81961979640843
2234,2021-12-20 10:40:27.499794944,21.81042553191489,20.0,13.188936170212767,0.063164,261.46093337600007,21.81021148396867
2235,2021-12-20 10:40:27.645378560,21.736666666666665,20.0,13.195555555555554,0.068886,261.6065169920001,21.800836506542716
2236,2021-12-20 10:40:27.720503808,21.72,20.0,13.32,0.074582,261.6816422400001,21.79149499519266
2237,2021-12-20 10:40:27.780934144,21.72,20.0,13.315102040816328,0.07502,261.7420725760001,21.782187061861862
2238,2021-12-20 10:40:27.882854656,21.737045454545452,20.0,13.284545454545453,0.077191,261.8439930880001,21.77291279916009
2239,2021-12-20 10:40:27.987561472,21.72,20.0,13.246938775510204,0.075378,261.9486999040001,21.76367228019205
2240,2021-12-20 10:40:28.088134144,21.72,20.0,13.219189189189189,0.075269,262.0492725760001,21.754465558429583
2241,2021-12-20 10:40:28.183486720,21.73530612244898,20.0,13.188367346938776,0.07621,262.14462515200006,21.745292667627627
2242,2021-12-20 10:40:28.284481792,21.725952380952382,20.0,13.150000000000002,0.073829,262.24562022400005,21.736153621784045
2243,2021-12-20 10:40:28.398904832,21.758888888888887,20.0,13.12,0.075608,262.36004326400007,21.72704841514305
2244,2021-12-20 10:40:28.542969856,21.72,20.0,13.081702127659575,0.074192,262.50410828800005,21.717977022242014
2245,2021-12-20 10:40:28.621625600,21.791428571428572,20.0,13.05,0.074154,262.58276403200006,21.708939398001377
2246,2021-12-20 10:40:28.683473920,21.72,20.0,13.01408163265306,0.070392,262.6446123520001,21.69993547785718
2247,2021-12-20 10:40:28.781602560,21.75125,20.0,12.7805,0.076152,262.7427409920001,21.690965177935812
2248,2021-12-20 10:40:28.887627008,21.70958333333333,20.0,12.915,0.078631,262.84876544000014,21.68202839527039
2249,2021-12-20 10:40:29.002210816,21.7075,20.0,12.919999999999998,0.074963,262.96334924800016,21.67312500805832
2250,2021-12-20 10:40:29.093147904,21.692972972972974,20.0,12.87,0.068155,263.05428633600013,21.664254875959386
2251,2021-12-20 10:40:29.189073664,21.66387755102041,20.0,12.847959183673469,0.072879,263.15021209600013,21.655417840433813
2252,2021-12-20 10:40:29.288419328,21.72,20.0,12.807741935483872,0.07379,263.24955776000013,21.646613725119714
2253,2021-12-20 10:40:29.425614336,21.62816326530612,20.0,12.779795918367348,0.065476,263.3867527680001,21.637842336249246
2254,2021-12-20 10:40:29.541576192,21.69222222222222,20.0,12.767777777777777,0.081116,263.50271462400013,21.62910346310298
2255,2021-12-20 10:40:29.600286464,21.655185185185182,20.0,12.94,0.080201,263.5614248960001,21.62039687850175
2256,2021-12-20 10:40:29.685892608,21.577142857142857,20.0,12.785714285714286,0.075452,263.6470310400001,21.61172233933528
2257,2021-12-20 10:40:29.786746880,21.535476190476192,20.0,12.793809523809525,0.089649,263.7478853120001,21.603079587126803
2258,2021-12-20 10:40:29.886987776,21.480204081632653,20.0,12.85469387755102,0.078568,263.8481262080001,21.594468348632898
2259,2021-12-20 10:40:29.987419648,21.650232558139532,20.0,12.695581395348837,0.08573,263.9485580800001,21.585888336477556
2260,2021-12-20 10:40:30.085699328,21.574166666666667,20.0,12.661875,0.077562,264.04683776000013,21.577339249819477
2261,2021-12-20 10:40:30.184753152,21.5325,20.0,12.66340909090909,0.079967,264.14589158400014,21.568820775051417
2262,2021-12-20 10:40:30.286432512,21.48530612244898,20.0,12.583469387755102,0.087225,264.24757094400013,21.56033258653024
2263,2021-12-20 10:40:30.392104704,21.493255813953486,20.0,12.698837209302328,0.080513,264.3532431360001,21.551874347336312
2264,2021-12-20 10:40:30.523144192,21.500612244897958,20.0,12.670816326530613,0.085496,264.4842826240001,21.543445710060467
2265,2021-12-20 10:40:30.619613184,21.47,20.0,12.65,0.080419,264.5807516160001,21.53504631761677
2266,2021-12-20 10:40:30.688049664,21.493809523809524,20.0,12.612142857142855,0.085289,264.6491880960001,21.526675804079105
2267,2021-12-20 10:40:30.788049152,21.48530612244898,20.0,12.584489795918367,0.074911,264.7491875840001,21.51833379553937
2268,2021-12-20 10:40:30.886972416,21.494999999999997,20.0,12.554,0.080771,264.8481108480001,21.510019910985008
2269,2021-12-20 10:40:30.992534016,21.47,20.0,12.526326530612245,0.090535,264.9536724480001,21.501733763193275
2270,2021-12-20 10:40:31.091075072,21.516052631578944,20.0,12.49736842105263,0.078323,265.05221350400006,21.493474959639666
2271,2021-12-20 10:40:31.186467840,21.500612244897958,20.0,12.478163265306124,0.07873,265.1476062720001,21.485243103417652
2272,2021-12-20 10:40:31.291657216,21.48282051282051,20.0,12.449230769230768,0.085494,265.2527956480001,21.47703779416691
2273,2021-12-20 10:40:31.426931200,21.47,20.0,12.420000000000002,0.08398,265.38806963200005,21.468858629007098
2274,2021-12-20 10:40:31.523339776,21.470000000000002,20.0,12.392307692307693,0.086123,265.48447820800004,21.46070520347406
2275,2021-12-20 10:40:31.587280384,21.47,20.0,12.36,0.087093,265.54841881600004,21.452577112455543
2276,2021-12-20 10:40:31.687782656,21.449591836734694,20.0,12.332448979591836,0.077979,265.64892108800007,21.444473951123356
2277,2021-12-20 10:40:31.784794880,21.47,20.0,12.300769230769232,0.087554,265.7459333120001,21.436395315858952
2278,2021-12-20 10:40:31.885598976,21.45958333333333,20.0,12.274375,0.085552,265.8467374080001,21.428340805169494
2279,2021-12-20 10:40:31.987056896,21.44674418604651,20.0,12.244186046511627,0.087672,265.94819532800005,21.420310020591486
2280,2021-12-20 10:40:32.087398400,21.449591836734694,20.0,12.216734693877552,0.08089,266.0485368320001,21.412302567579204
2281,2021-12-20 10:40:32.185204992,21.39682926829268,20.0,12.184390243902438,0.08793,266.14634342400007,21.404318056375235
2282,2021-12-20 10:40:32.287206144,21.434285714285714,20.0,12.158571428571427,0.086287,266.2483445760001,21.396356102860604
2283,2021-12-20 10:40:32.396368640,21.451707317073172,20.0,12.125853658536585,0.086932,266.3575070720001,21.388416329382018
2284,2021-12-20 10:40:32.526392064,21.42833333333333,20.0,12.100624999999999,0.091153,266.4875304960001,21.380498365554036
2285,2021-12-20 10:40:32.614502656,21.386666666666667,20.0,12.0875,0.082954,266.5756410880001,21.372601849034066
2286,2021-12-20 10:40:32.682949376,21.39857142857143,20.0,12.180000000000001,0.092525,266.6440878080001,21.3647264262683
2287,2021-12-20 10:40:32.783984640,21.353720930232555,20.0,12.255348837209302,0.084887,266.7451230720001,21.356871753206867
2288,2021-12-20 10:40:32.887343616,21.41387755102041,20.0,12.10734693877551,0.087666,266.8484820480001,21.349037495986597
2289,2021-12-20 10:40:32.995339520,21.33904761904762,20.0,11.971904761904764,0.088821,266.9564779520001,21.34122333158009
2290,2021-12-20 10:40:33.088610048,21.341951219512193,20.0,12.062439024390244,0.085608,267.0497484800001,21.33342894840986
2291,2021-12-20 10:40:33.189001728,21.332244897959182,20.0,12.053877551020408,0.084617,267.1501401600001,21.32565404692654
2292,2021-12-20 10:40:33.303666176,21.287567567567567,20.0,12.002162162162161,0.090534,267.2648046080001,21.317898340150148
2293,2021-12-20 10:40:33.455113728,21.271020408163263,20.0,12.099591836734694,0.090828,267.41625216000006,21.31016155417371
2294,2021-12-20 10:40:33.555646208,21.2825,20.0,12.08,0.085003,267.5167846400001,21.30244342862853
2295,2021-12-20 10:40:33.600335104,21.244999999999997,20.0,12.040666666666668,0.092185,267.5614735360001,21.294743717110535
2296,2021-12-20 10:40:33.687339264,21.246041666666667,20.0,12.022499999999999,0.088035,267.6484776960001,21.287062187567276
2297,2021-12-20 10:40:33.786151936,21.267619047619046,20.0,11.995238095238095,0.080464,267.7472903680001,21.27939862264509
2298,2021-12-20 10:40:33.886443008,21.22,20.0,11.974489795918368,0.084911,267.8475814400001,21.271752819996102
2299,2021-12-20 10:40:33.987096320,21.22,20.0,11.94627906976744,0.094054,267.94823475200013,21.264124592544743
2300,2021-12-20 10:40:34.088423424,21.276122448979592,20.0,11.927551020408163,0.091129,268.04956185600014,21.25651376871351
2301,2021-12-20 10:40:34.183172608,21.22,20.0,11.905945945945945,0.084184,268.14431104000016,21.248920192607738
2302,2021-12-20 10:40:34.280496384,21.235625,20.0,11.879166666666668,0.092299,268.24163481600016,21.241343724159222
2303,2021-12-20 10:40:34.381994496,21.233157894736838,20.0,11.859210526315788,0.095277,268.34313292800016,21.23378423922858
2304,2021-12-20 10:40:34.513918976,21.22,20.0,11.829999999999998,0.086084,268.47505740800017,21.226241629666294
2305,2021-12-20 10:40:34.635433216,21.22,20.0,11.81074074074074,0.096437,268.5965716480002,21.218715803332376
2306,2021-12-20 10:40:34.705297920,21.22,20.0,11.78,0.092741,268.6664363520002,21.21120668407479
2307,2021-12-20 10:40:34.787966976,21.195510204081632,20.0,11.761632653061223,0.09563,268.74910540800016,21.20371421166677
2308,2021-12-20 10:40:34.886960640,21.22627906976744,20.0,11.742325581395349,0.094561,268.84809907200014,21.196238341703264
2309,2021-12-20 10:40:34.986537728,21.22,20.0,11.714375000000002,0.089588,268.9476761600001,21.188779045456894
2310,2021-12-20 10:40:35.085702400,21.22046511627907,20.0,11.694186046511627,0.091597,269.0468408320001,21.18133630969403
2311,2021-12-20 10:40:35.186436096,21.191020408163265,20.0,11.666734693877551,0.090709,269.1475745280001,21.173910136451568
2312,2021-12-20 10:40:35.285248512,21.187567567567566,20.0,11.646486486486486,0.100394,269.2463869440001,21.16650054277522
2313,2021-12-20 10:40:35.417213184,21.215102040816326,20.0,11.618571428571428,0.096631,269.3783516160001,21.159107560420278
2314,2021-12-20 10:40:35.531948032,21.199130434782607,20.0,11.60304347826087,0.090429,269.4930864640001,21.151731235515967
2315,2021-12-20 10:40:35.599801344,21.22,20.0,11.56,0.087011,269.5609397760001,21.1443716281947
2316,2021-12-20 10:40:35.687278336,21.175918367346938,20.0,11.547755102040817,0.098628,269.6484167680001,21.13702881218769
2317,2021-12-20 10:40:35.782147840,21.187567567567566,20.0,11.526486486486485,0.094693,269.7432862720001,21.129702874388556
2318,2021-12-20 10:40:35.887156480,21.068163265306122,20.0,11.503469387755102,0.086363,269.8482949120001,21.122393914386663
2319,2021-12-20 10:40:35.990978048,21.135675675675675,20.0,11.47972972972973,0.095754,269.9521164800001,21.115102043972193
2320,2021-12-20 10:40:36.085968384,21.126938775510204,20.0,11.455306122448981,0.098058,270.0471068160001,21.107827386614964
2321,2021-12-20 10:40:36.186571520,21.108372093023256,20.0,11.532790697674418,0.10374,270.1477099520001,21.1005700769191
2322,2021-12-20 10:40:36.286510592,21.068163265306122,20.0,11.637755102040817,0.097885,270.2476490240001,21.093330260055918
2323,2021-12-20 10:40:36.389909760,21.030232558139534,20.0,11.611627906976743,0.090225,270.3510481920001,21.086108091177252
2324,2021-12-20 10:40:36.521944832,21.043673469387755,20.0,11.593061224489794,0.102065,270.48308326400013,21.078903734811597
2325,2021-12-20 10:40:36.632243968,21.03,20.0,11.58,0.090682,270.5933824000001,21.071717364245348
2326,2021-12-20 10:40:36.701062656,21.017500000000002,20.0,11.561250000000001,0.10365,270.66220108800013,21.064549160891545
2327,2021-12-20 10:40:36.788982272,21.035,20.0,11.487500000000002,0.093601,270.75012070400015,21.057399313648347
2328,2021-12-20 10:40:36.887402496,21.007906976744188,20.0,11.348837209302326,0.104024,270.84854092800015,21.05026801824944
2329,2021-12-20 10:40:36.987874560,21.01918367346939,20.0,11.504489795918367,0.091535,270.9490129920001,21.04315547660855
2330,2021-12-20 10:40:37.087512064,21.007906976744188,20.0,11.476744186046512,0.0962,271.0486504960001,21.036061896160085
2331,2021-12-20 10:40:37.188487168,20.99918367346939,20.0,11.457551020408165,0.098844,271.1496256000001,21.028987489197856
2332,2021-12-20 10:40:37.295296000,21.028,20.0,11.437999999999999,0.099033,271.2564344320001,21.0219324722137
2333,2021-12-20 10:40:37.436655104,20.98,20.0,11.419166666666667,0.103272,271.3977935360001,21.01489706523774
2334,2021-12-20 10:40:37.541442304,20.98,20.0,11.4,0.102072,271.5025807360001,21.007881491181955
2335,2021-12-20 10:40:37.599730176,20.98,20.0,11.38,0.094834,271.5608686080001,21.00088597518847
2336,2021-12-20 10:40:37.687850752,20.969795918367346,20.0,11.370204081632652,0.092978,271.6489891840001,20.993910743984145
2337,2021-12-20 10:40:37.787528448,21.00136363636364,20.0,11.350909090909092,0.096948,271.7486668800001,20.986956025242673
2338,2021-12-20 10:40:37.888644352,20.969795918367346,20.0,11.331632653061224,0.101426,271.84978278400007,20.98002204695548
2339,2021-12-20 10:40:37.987828992,20.996744186046513,20.0,11.109069767441861,0.099185,271.94896742400005,20.973109036812605
2340,2021-12-20 10:40:38.088894720,20.969795918367346,20.0,11.255714285714285,0.101001,272.050033152,20.966217221594746
2341,2021-12-20 10:40:38.187847936,21.014285714285716,20.0,11.266428571428571,0.09481,272.148986368,20.95934682657755
2342,2021-12-20 10:40:38.288310272,20.959591836734692,20.0,11.244489795918367,0.103018,272.24944870400003,20.95249807494923
2343,2021-12-20 10:40:38.396245504,20.996744186046513,20.0,11.225116279069768,0.100059,272.357383936,20.94567118724256
2344,2021-12-20 10:40:38.526621184,20.98,20.0,11.205714285714285,0.096885,272.487759616,20.938866380782333
2345,2021-12-20 10:40:38.615033344,20.98,20.0,11.196923076923078,0.111894,272.576171776,20.932083869149338
2346,2021-12-20 10:40:38.683862272,20.964285714285715,20.0,11.173469387755102,0.100279,272.64500070400004,20.925323861662086
2347,2021-12-20 10:40:38.782262528,20.919024390243905,20.0,11.277317073170732,0.094288,272.74340096000003,20.918586562877408
2348,2021-12-20 10:40:38.878570496,20.94808510638298,20.0,11.221914893617022,0.10185,272.83970892800005,20.911872172111092
2349,2021-12-20 10:40:38.983709696,20.90222222222222,20.0,11.119777777777777,0.092381,272.94484812800005,20.90518088297983
2350,2021-12-20 10:40:39.085399040,20.916875,20.0,11.099166666666667,0.101227,273.04653747200007,20.89851288296579
2351,2021-12-20 10:40:39.185981952,20.88909090909091,20.0,11.180681818181817,0.106499,273.14712038400006,20.891868353005005
2352,2021-12-20 10:40:39.296301056,20.906829268292686,20.0,11.289268292682927,0.110683,273.25743948800005,20.88524746710099
2353,2021-12-20 10:40:39.438716416,20.872857142857143,20.0,11.275714285714285,0.103774,273.399854848,20.878650391964857
2354,2021-12-20 10:40:39.523688704,20.905714285714286,20.0,11.09142857142857,0.100571,273.48482713600004,20.872077286683243
2355,2021-12-20 10:40:39.584742400,20.86265306122449,20.0,11.016326530612243,0.100118,273.545880832,20.865528302415285
2356,2021-12-20 10:40:39.682428416,20.88625,20.0,11.04675,0.105701,273.64356684800003,20.859003582119907
2357,2021-12-20 10:40:39.779279872,20.855,20.0,11.147083333333335,0.108748,273.74041830400006,20.85250326031461
2358,2021-12-20 10:40:39.882145792,20.825238095238095,20.0,10.995000000000001,0.099824,273.84328422400006,20.84602746286678
2359,2021-12-20 10:40:39.980183808,20.849565217391305,20.0,11.175217391304347,0.107706,273.94132224000003,20.839576306818536
2360,2021-12-20 10:40:40.084820224,20.784347826086957,20.0,11.158695652173913,0.113988,274.04595865600004,20.833149900246017
2361,2021-12-20 10:40:40.185704704,20.75717391304348,20.0,11.146521739130435,0.10709,274.14684313600003,20.826748342153852
2362,2021-12-20 10:40:40.287303680,20.83326086956522,20.0,11.129347826086958,0.103247,274.248442112,20.82037172240539
2363,2021-12-20 10:40:40.405790208,20.74219512195122,20.0,11.118048780487804,0.109611,274.36692864,20.8140201216891
2364,2021-12-20 10:40:40.560567040,20.77591836734694,20.0,11.099591836734694,0.111846,274.521705472,20.807693611521387
2365,2021-12-20 10:40:40.648275200,20.73,20.0,11.09,0.105952,274.609413632,20.80139225428576
2366,2021-12-20 10:40:40.692169472,20.76205128205128,20.0,11.07,0.10826,274.653307904,20.795116103308175
2367,2021-12-20 10:40:40.789845504,20.781020408163265,20.0,11.06,0.109671,274.75098393599995,20.78886520296809
2368,2021-12-20 10:40:40.889744384,20.776511627906977,20.0,11.050232558139536,0.111455,274.85088281599997,20.782639588844486
2369,2021-12-20 10:40:40.990045696,20.756041666666665,20.0,11.03125,0.113059,274.95118412799997,20.776439287896004
2370,2021-12-20 10:40:41.087852544,20.73,20.0,11.021190476190476,0.112395,275.04899097599997,20.77026431867397
2371,2021-12-20 10:40:41.189069056,20.75551020408163,20.0,11.002448979591836,0.115549,275.150207488,20.76411469156697
2372,2021-12-20 10:40:41.302023424,20.73,20.0,10.991395348837209,0.112268,275.26316185599995,20.757990409075347
2373,2021-12-20 10:40:41.440334848,20.73,20.0,10.97326530612245,0.118221,275.40147327999995,20.75189146611381
2374,2021-12-20 10:40:41.524522752,20.73,20.0,10.968571428571428,0.110059,275.4856611839999,20.745817850340156
2375,2021-12-20 10:40:41.584580864,20.745625,20.0,10.944583333333334,0.11201,275.5457192959999,20.739769542507997
2376,2021-12-20 10:40:41.684077312,20.718837209302325,20.0,10.933255813953489,0.114756,275.6452157439999,20.733746516841137
2377,2021-12-20 10:40:41.782749184,20.71591836734694,20.0,10.916122448979591,0.109927,275.74388761599994,20.727748741427153
2378,2021-12-20 10:40:41.884901120,20.713636363636365,20.0,10.903863636363637,0.113968,275.8460395519999,20.721776178627607
2379,2021-12-20 10:40:41.985494016,20.73,20.0,10.88734693877551,0.112148,275.94663244799995,20.715828785502293
2380,2021-12-20 10:40:42.086499072,20.71857142857143,20.0,10.87452380952381,0.121059,276.04763750399997,20.7099065142448
2381,2021-12-20 10:40:42.183913728,20.73,20.0,10.85875,0.113893,276.14505216,20.704009312626688
2382,2021-12-20 10:40:42.285512448,20.713636363636365,20.0,10.845227272727273,0.108785,276.24665088,20.698137124447467
2383,2021-12-20 10:40:42.402721536,20.720000000000002,20.0,10.835,0.111423,276.363859968,20.692289889987663
2384,2021-12-20 10:40:42.539202304,20.724545454545453,20.0,10.821818181818182,0.114492,276.500340736,20.68646754646232
2385,2021-12-20 10:40:42.617365248,20.695714285714285,20.0,10.8,0.112485,276.57850368,20.680670028472292
2386,2021-12-20 10:40:42.686938368,20.70061224489796,20.0,10.791836734693877,0.117815,276.64807679999996,20.67489726845078
2387,2021-12-20 10:40:42.782824192,20.73,20.0,10.777631578947368,0.112838,276.74396262399995,20.66914919710275
2388,2021-12-20 10:40:42.888496384,20.725102040816324,20.0,10.763469387755102,0.113293,276.84963481599993,20.66342574383488
2389,2021-12-20 10:40:42.994752256,20.645294117647058,20.0,10.75,0.118369,276.95589068799995,20.657726837173914
2390,2021-12-20 10:40:43.086443520,20.66717391304348,20.0,10.799347826086956,0.10375,277.047581952,20.652052405171535
2391,2021-12-20 10:40:43.187539200,20.688260869565216,20.0,10.90304347826087,0.119805,277.148677632,20.64640237579379
2392,2021-12-20 10:40:43.302565888,20.688,20.0,10.7625,0.112025,277.26370432,20.64077667729347
2393,2021-12-20 10:40:43.450533120,20.675625,20.0,10.88,0.119415,277.411671552,20.635175238563896
2394,2021-12-20 10:40:43.537949696,20.49,20.0,10.68,0.120076,277.499088128,20.629597989472913
2395,2021-12-20 10:40:43.589156608,20.66860465116279,20.0,10.668837209302325,0.114535,277.55029504,20.62404486117588
2396,2021-12-20 10:40:43.690252288,20.64673469387755,20.0,10.672857142857143,0.12008,277.65139072,20.618515786406714
2397,2021-12-20 10:40:43.788280320,20.58142857142857,20.0,10.869047619047617,0.118555,277.749418752,20.613010699746127
2398,2021-12-20 10:40:43.888782592,20.583061224489796,20.0,10.85,0.117051,277.849921024,20.60752953786635
2399,2021-12-20 10:40:43.989335296,20.593636363636364,20.0,10.84,0.120601,277.950473728,20.602072239751855
2400,2021-12-20 10:40:44.090883840,20.63,20.0,10.830208333333333,0.113112,278.05202227200004,20.59663874689568
2401,2021-12-20 10:40:44.178903808,20.625999999999998,20.0,10.607666666666667,0.117963,278.14004224000007,20.591229003470996
2402,2021-12-20 10:40:44.277796864,20.573265306122448,20.0,10.788571428571428,0.110584,278.2389352960001,20.585842956477762
2403,2021-12-20 10:40:44.386526976,20.620285714285714,20.0,10.626000000000001,0.107348,278.34766540800007,20.580480555864465
2404,2021-12-20 10:40:44.523329536,20.53408163265306,20.0,10.755714285714285,0.126286,278.48446796800005,20.57514175462494
2405,2021-12-20 10:40:44.641916928,20.51181818181818,20.0,10.784545454545453,0.114407,278.60305536000004,20.569826508870523
2406,2021-12-20 10:40:44.705424896,20.578888888888887,20.0,10.54,0.113542,278.66656332800005,20.564534777877782
2407,2021-12-20 10:40:44.788536320,20.54877551020408,20.0,10.532653061224488,0.118578,278.74967475200003,20.55926652411218
2408,2021-12-20 10:40:44.884331520,20.56578947368421,20.0,10.657105263157893,0.114474,278.84546995200003,20.554021713228117
2409,2021-12-20 10:40:44.991261184,20.514489795918365,20.0,10.73326530612245,0.113904,278.95239961600004,20.548800314045916
2410,2021-12-20 10:40:45.094660352,20.54485714285714,20.0,10.725142857142856,0.111189,279.05579878400005,20.543602298506343
2411,2021-12-20 10:40:45.187095808,20.553673469387753,20.0,10.573061224489797,0.117203,279.14823424,20.53842764160341
2412,2021-12-20 10:40:45.281422592,20.548378378378377,20.0,10.575135135135135,0.107246,279.242561024,20.533276321296114
2413,2021-12-20 10:40:45.405330432,20.519387755102038,20.0,10.68938775510204,0.119262,279.366468864,20.52814831839997
2414,2021-12-20 10:40:45.539638784,20.49,20.0,10.676857142857143,0.114496,279.500777216,20.523043616459248
2415,2021-12-20 10:40:45.612591616,20.556666666666665,20.0,10.66,0.12315,279.573730048,20.517962201600838
2416,2021-12-20 10:40:45.685846016,20.499795918367344,20.0,10.65530612244898,0.113975,279.646984448,20.512904062370833
2417,2021-12-20 10:40:45.786549504,20.490454545454543,20.0,10.645681818181819,0.118496,279.74768793600003,20.50786918955482
2418,2021-12-20 10:40:45.885482752,20.49,20.0,10.635833333333334,0.11314,279.846621184,20.502857575983136
2419,2021-12-20 10:40:45.984758016,20.522727272727273,20.0,10.625909090909092,0.11483,279.94589644800004,20.49786921632223
2420,2021-12-20 10:40:46.085974528,20.50469387755102,20.0,10.540204081632654,0.106654,280.04711296000005,20.49290410685347
2421,2021-12-20 10:40:46.182554112,20.52076923076923,20.0,10.470769230769232,0.113263,280.14369254400003,20.48796224524065
2422,2021-12-20 10:40:46.281568000,20.48061224489796,20.0,10.597142857142856,0.118129,280.24270643200003,20.48304363028761
2423,2021-12-20 10:40:46.375713536,20.49,20.0,10.58848484848485,0.116577,280.336851968,20.47814826168751
2424,2021-12-20 10:40:46.496835328,20.505,20.0,10.577916666666667,0.116284,280.45797376,20.473276139765165
2425,2021-12-20 10:40:46.643112960,20.49,20.0,10.57,0.115399,280.60425139200004,20.468427265214125
2426,2021-12-20 10:40:46.719093248,20.529999999999998,20.0,10.553333333333335,0.120509,280.68023168,20.463601638830095
2427,2021-12-20 10:40:46.786121728,20.447755102040816,20.0,10.575714285714286,0.11555,280.74726016,20.458799261242383
2428,2021-12-20 10:40:46.886573824,20.473953488372093,20.0,10.733255813953487,0.121937,280.847712256,20.454020132645095
2429,2021-12-20 10:40:46.985336064,20.466530612244895,20.0,10.543469387755103,0.112297,280.946474496,20.449264252529865
2430,2021-12-20 10:40:47.084862720,20.479302325581394,20.0,10.744418604651162,0.12065,281.04600115200003,20.44453161942184
2431,2021-12-20 10:40:47.184510208,20.39142857142857,20.0,10.51,0.117744,281.14564864000005,20.439822230620777
2432,2021-12-20 10:40:47.286581504,20.436511627906977,20.0,10.724883720930233,0.120464,281.24771993600007,20.435136081948954
2433,2021-12-20 10:40:47.410841600,20.466530612244895,20.0,10.509387755102042,0.12686,281.37198003200007,20.430473167507692
2434,2021-12-20 10:40:47.527316480,20.467741935483872,20.0,10.491290322580646,0.111387,281.48845491200007,20.425833479444112
2435,2021-12-20 10:40:47.602864384,20.38266666666667,20.0,10.48,0.112879,281.5640028160001,20.421217007729833
2436,2021-12-20 10:40:47.688581120,20.389374999999998,20.0,10.47125,0.117103,281.6497195520001,20.416623739953085
2437,2021-12-20 10:40:47.786991360,20.393720930232558,20.0,10.64906976744186,0.109752,281.7481297920001,20.412053661125647
2438,2021-12-20 10:40:47.886900224,20.36795918367347,20.0,10.498979591836733,0.117744,281.8480386560001,20.407506753505942
2439,2021-12-20 10:40:47.987100928,20.3175,20.0,10.615,0.124862,281.94823936000006,20.402982996439313
2440,2021-12-20 10:40:48.088086016,20.321020408163264,20.0,10.501020408163264,0.118603,282.0492244480001,20.398482366216502
2441,2021-12-20 10:40:48.188588288,20.343636363636364,20.0,10.595,0.117373,282.1497267200001,20.394004835951026
2442,2021-12-20 10:40:48.289975808,20.365416666666665,20.0,10.653333333333334,0.116135,282.2511142400001,20.389550375476002
2443,2021-12-20 10:40:48.396201472,20.334883720930232,20.0,10.643023255813954,0.111944,282.3573399040001,20.38511895126067
2444,2021-12-20 10:40:48.527069696,20.363265306122447,20.0,10.64,0.115189,282.4882081280001,20.38071052634667
2445,2021-12-20 10:40:48.616658944,20.313076923076924,20.0,10.639999999999999,0.116083,282.5777973760001,20.37632506030386
2446,2021-12-20 10:40:48.685648640,20.33666666666667,20.0,10.63,0.121144,282.6467870720001,20.37196250920525
2447,2021-12-20 10:40:48.786744576,20.390681818181818,20.0,10.525454545454545,0.111229,282.7478830080001,20.367622825620522
2448,2021-12-20 10:40:48.881785088,20.34625,20.0,10.520999999999999,0.1193,282.8429235200001,20.363305958627123
2449,2021-12-20 10:40:48.990827008,20.292857142857144,20.0,10.615714285714285,0.125336,282.9519654400001,20.35901185383798
2450,2021-12-20 10:40:49.093220352,20.398,20.0,10.60525,0.120995,283.0543587840001,20.35474045344463
2451,2021-12-20 10:40:49.190403584,20.386734693877553,20.0,10.515510204081632,0.122183,283.1515420160001,20.35049169627441
2452,2021-12-20 10:40:49.303659776,20.37205128205128,20.0,10.37,0.110447,283.2647982080001,20.34626551786015
2453,2021-12-20 10:40:49.460206848,20.35387755102041,20.0,10.434285714285714,0.118656,283.42134528000014,20.34206185052086
2454,2021-12-20 10:40:49.565879296,20.49,20.0,10.58,0.12024,283.52701772800015,20.337880623451657
2455,2021-12-20 10:40:49.607289088,20.355833333333333,20.0,10.455,0.117378,283.56842752000017,20.333721762821302
2456,2021-12-20 10:40:49.687493888,20.335102040816327,20.0,10.384897959183673,0.120589,283.64863232000016,20.329585191875573
2457,2021-12-20 10:40:49.788368384,20.327954545454546,20.0,10.557954545454546,0.119334,283.7495068160002,20.325470831044772
2458,2021-12-20 10:40:49.889162496,20.27408163265306,20.0,10.548571428571428,0.124109,283.8503009280002,20.321378598053634
2459,2021-12-20 10:40:49.988638976,20.292093023255816,20.0,10.54,0.114201,283.9497774080002,20.31730840803197
2460,2021-12-20 10:40:50.088125440,20.32229166666667,20.0,10.539375,0.119686,284.0492638720002,20.313260173624357
2461,2021-12-20 10:40:50.183447808,20.324871794871797,20.0,10.53,0.125447,284.1445862400002,20.309233805097236
2462,2021-12-20 10:40:50.282572288,20.297551020408164,20.0,10.529999999999998,0.130253,284.2437107200002,20.305229210441837
2463,2021-12-20 10:40:50.386564864,20.33475,20.0,10.52,0.123922,284.3477032960002,20.301246295471337
2464,2021-12-20 10:40:50.522925056,20.283469387755105,20.0,10.52,0.113985,284.4840634880002,20.297284963910798
2465,2021-12-20 10:40:50.644479232,20.286538461538463,20.0,10.511153846153848,0.105638,284.6056176640002,20.293345117478417
2466,2021-12-20 10:40:50.708198656,20.322727272727274,20.0,10.51,0.120313,284.6693370880002,20.289426655956653
2467,2021-12-20 10:40:50.786602752,20.26,20.0,10.501428571428573,0.12328,284.7477411840002,20.285529477251977
2468,2021-12-20 10:40:50.889237504,20.264772727272728,20.0,10.5,0.118349,284.85037593600015,20.281653477442013
2469,2021-12-20 10:40:50.998601216,20.26,20.0,10.492040816326531,0.12441,284.95973964800015,20.27779855080886
2470,2021-12-20 10:40:51.096528896,20.27352941176471,20.0,10.49,0.116254,285.05766732800015,20.273964589857545
2471,2021-12-20 10:40:51.187938560,20.250204081632656,20.0,10.48265306122449,0.121117,285.1490769920002,20.270151485318607
2472,2021-12-20 10:40:51.284497920,20.26,20.0,10.48,0.115473,285.2456363520002,20.266359126133942
2473,2021-12-20 10:40:51.413072896,20.27408163265306,20.0,10.473469387755102,0.113365,285.3742113280002,20.2625873994251
2474,2021-12-20 10:40:51.548970496,20.245882352941177,20.0,10.47,0.119564,285.5101089280002,20.258836190443365
2475,2021-12-20 10:40:51.617366784,20.26,20.0,10.459999999999999,0.118765,285.57850521600017,20.25510538250105
2476,2021-12-20 10:40:51.686929920,20.26,20.0,10.46,0.116781,285.64806835200017,20.2513948568836
2477,2021-12-20 10:40:51.781648896,20.26,20.0,10.456216216216216,0.119108,285.7427873280002,20.24770449274218
2478,2021-12-20 10:40:51.882573568,20.250000000000004,20.0,10.45,0.114737,285.8437120000002,20.244034166966717
2479,2021-12-20 10:40:51.987350784,20.26,20.0,10.447499999999998,0.119693,285.9484892160002,20.240383754039346
2480,2021-12-20 10:40:52.083759360,20.259591836734696,20.0,10.44,0.118429,286.0448977920002,20.236753125868482
2481,2021-12-20 10:40:52.184845056,20.22093023255814,20.0,10.436976744186046,0.12901,286.1459834880002,20.23314215160391
2482,2021-12-20 10:40:52.284271360,20.250204081632656,20.0,10.43,0.128862,286.2454097920002,20.229550697433485
2483,2021-12-20 10:40:52.386393088,20.226511627906977,20.0,10.427674418604651,0.120854,286.3475315200002,20.225978626362167
2484,2021-12-20 10:40:52.484491520,20.24888888888889,20.0,10.42,0.124106,286.44562995200016,20.222425797974406
2485,2021-12-20 10:40:52.592165376,20.213617021276598,20.0,10.46468085106383,0.121527,286.5533038080002,20.218892068181077
2486,2021-12-20 10:40:52.691501056,20.231428571428573,20.0,10.572380952380954,0.119708,286.6526394880002,20.215377288952357
2487,2021-12-20 10:40:52.792506368,20.181632653061225,20.0,10.450408163265307,0.112676,286.7536448000002,20.211881308038166
2488,2021-12-20 10:40:52.895040512,20.241951219512195,20.0,10.585121951219513,0.120658,286.8561789440002,20.208403968678038
2489,2021-12-20 10:40:53.006234880,20.26,20.0,10.4,0.127156,286.9673733120002,20.204945109302496
2490,2021-12-20 10:40:53.100792576,20.244375,20.0,10.3984375,0.12367,287.06193100800016,20.20150456322823
2491,2021-12-20 10:40:53.188963584,20.2,20.0,10.39,0.124866,287.1501020160002,20.198082158349585
2492,2021-12-20 10:40:53.295289600,20.210909090909094,20.0,10.394772727272727,0.121851,287.2564280320002,20.194677716829105
2493,2021-12-20 10:40:53.426590464,20.230612244897962,20.0,10.6,0.11787,287.3877288960002,20.19129105479014
2494,2021-12-20 10:40:53.517286144,20.19142857142857,20.0,10.38,0.122771,287.47842457600024,20.187921982014675
2495,2021-12-20 10:40:53.586547456,20.19872340425532,20.0,10.38,0.111453,287.5476858880002,20.18457030164978
2496,2021-12-20 10:40:53.687653376,20.228,20.0,10.370666666666665,0.118821,287.6487918080002,20.18123580992624
2497,2021-12-20 10:40:53.782070528,20.176000000000002,20.0,10.37,0.111054,287.74320896000023,20.177918295893157
2498,2021-12-20 10:40:53.887209728,20.195714285714285,20.0,10.36142857142857,0.120667,287.8483481600002,20.17461754117253
2499,2021-12-20 10:40:53.990709504,20.186976744186047,20.0,10.36,0.116493,287.9518479360002,20.171333319737794
2500,2021-12-20 10:40:54.091654400,20.15714285714286,20.0,10.35204081632653,0.119027,288.0527928320002,20.168065397720575
2501,2021-12-20 10:40:54.190004224,20.185,20.0,10.35,0.119804,288.1511426560002,20.164813533249973
2502,2021-12-20 10:40:54.290848512,20.220816326530613,20.0,10.342448979591836,0.119092,288.25198694400024,20.16157747632879
2503,2021-12-20 10:40:54.400473856,20.201621621621623,20.0,10.34,0.122223,288.36161228800023,20.158356968751228
2504,2021-12-20 10:40:54.544045824,20.181632653061225,20.0,10.481428571428571,0.121557,288.50518425600023,20.1551517440665
2505,2021-12-20 10:40:54.642908672,20.212,20.0,10.55,0.108186,288.60404710400024,20.151961527592967
2506,2021-12-20 10:40:54.697032192,20.193333333333335,20.0,10.33,0.118536,288.65817062400026,20.14878603648722
2507,2021-12-20 10:40:54.791851776,20.113061224489794,20.0,10.45,0.11387,288.75299020800026,20.145624979872633
2508,2021-12-20 10:40:54.891338240,20.077142857142857,20.0,10.39857142857143,0.116678,288.85247667200025,20.142478059031703
2509,2021-12-20 10:40:54.990854912,20.055,20.0,10.434583333333334,0.116465,288.95199334400024,20.139344967666446
2510,2021-12-20 10:40:55.089677568,20.09813953488372,20.0,10.416976744186046,0.121712,289.0508160000002,20.13622539223091
2511,2021-12-20 10:40:55.189837824,20.142448979591837,20.0,10.31,0.114559,289.1509762560002,20.133119012339634
2512,2021-12-20 10:40:55.293096192,20.07837837837838,20.0,10.423513513513514,0.128609,289.2542346240002,20.130025501255595
2513,2021-12-20 10:40:55.431146240,20.059183673469388,20.0,10.52,0.119998,289.39228467200024,20.126944526460967
2514,2021-12-20 10:40:55.535229184,20.1,20.0,10.52,0.11256,289.49636761600027,20.12387575031358
2515,2021-12-20 10:40:55.596464128,20.139166666666668,20.0,10.391666666666667,0.120842,289.55760256000025,20.120818830791666
2516,2021-12-20 10:40:55.689865472,20.078775510204082,20.0,10.517142857142858,0.118269,289.6510039040002,20.11777342232908
2517,2021-12-20 10:40:55.789955328,20.11951219512195,20.0,10.51,0.107624,289.75109376000023,20.114739176742695
2518,2021-12-20 10:40:55.898222592,20.098367346938776,20.0,10.51,0.115756,289.85936102400024,20.111715744253328
2519,2021-12-20 10:40:55.996904448,20.12666666666667,20.0,10.448888888888888,0.113051,289.9580428800002,20.10870277460102
2520,2021-12-20 10:40:56.089531136,20.07387755102041,20.0,10.330408163265306,0.118139,290.0506695680002,20.105699918255095
2521,2021-12-20 10:40:56.187931392,20.048571428571428,20.0,10.478571428571428,0.110483,290.1490698240002,20.10270682771883
2522,2021-12-20 10:40:56.287981312,20.07387755102041,20.0,10.312448979591835,0.11598,290.2491197440002,20.099723158928192
2523,2021-12-20 10:40:56.394900736,20.05906976744186,20.0,10.50906976744186,0.110785,290.3560391680002,20.09674857274349
2524,2021-12-20 10:40:56.530647296,20.044489795918366,20.0,10.5,0.114542,290.4917857280002,20.0937827365323
2525,2021-12-20 10:40:56.630737408,20.06235294117647,20.0,10.5,0.110136,290.59187584000017,20.090825325841482
2526,2021-12-20 10:40:56.695864832,20.06421052631579,20.0,10.5,0.107785,290.6570032640002,20.087876026155566
2527,2021-12-20 10:40:56.790845184,20.055,20.0,10.5,0.117506,290.7519836160002,20.084934534738245
2528,2021-12-20 10:40:56.890291456,20.042325581395346,20.0,10.5,0.116027,290.8514298880002,20.082000562553162
2529,2021-12-20 10:40:56.994092800,20.02979591836735,20.0,10.5,0.11665,290.9552312320002,20.07907383625965
2530,2021-12-20 10:40:57.092281856,20.056,20.0,10.5,0.120639,291.0534202880002,20.076154100278572
2531,2021-12-20 10:40:57.190742272,20.059183673469388,20.0,10.5,0.113763,291.15188070400023,20.07324111892289
2532,2021-12-20 10:40:57.297118720,20.089473684210525,20.0,10.5,0.11027,291.2582571520002,20.070334678587
2533,2021-12-20 10:40:57.437069824,20.029999999999998,20.0,10.5,0.109954,291.3982082560002,20.06743458998852
2534,2021-12-20 10:40:57.540921600,20.052,20.0,10.5,0.121608,291.5020600320002,20.064540690455733
2535,2021-12-20 10:40:57.599863040,20.027272727272727,20.0,10.5,0.117995,291.5610014720002,20.06165284625333
2536,2021-12-20 10:40:57.691775744,20.04938775510204,20.0,10.492040816326531,0.116698,291.6529141760002,20.058770954938815
2537,2021-12-20 10:40:57.789944576,20.057894736842105,20.0,10.49,0.113927,291.7510830080002,20.055894947741443
2538,2021-12-20 10:40:57.896572416,20.02,20.0,10.49,0.117852,291.8577108480002,20.053024791955306
2539,2021-12-20 10:40:57.996471296,20.03411764705882,20.0,10.49,0.122774,291.9576097280002,20.050160493337778
2540,2021-12-20 10:40:58.087971328,20.02530612244898,20.0,10.49,0.117545,292.0491097600002,20.04730209850427
2541,2021-12-20 10:40:58.184581376,20.021282051282054,20.0,10.61974358974359,0.109277,292.1457198080002,20.044449697309986
2542,2021-12-20 10:40:58.283997440,20.02,20.0,10.566326530612244,0.114203,292.2451358720002,20.04160342520907
2543,2021-12-20 10:40:58.376191488,20.02,20.0,10.493870967741936,0.118292,292.33732992000023,20.038763465581475
2544,2021-12-20 10:40:58.495090432,20.02,20.0,10.5,0.108381,292.45622886400025,20.035930052017594
2545,2021-12-20 10:40:58.645210368,20.02,20.0,10.5,0.122644,292.60634880000026,20.033103470550618
2546,2021-12-20 10:40:58.720939264,20.092000000000002,20.0,10.49,0.116158,292.68207769600025,20.03028406182656
2547,2021-12-20 10:40:58.786096896,20.02,20.0,10.49,0.122662,292.7472353280003,20.027472223201855
2548,2021-12-20 10:40:58.887182592,20.070232558139534,20.0,10.397906976744187,0.125702,292.84832102400026,20.02466841075842
2549,2021-12-20 10:40:58.987091456,20.02,20.0,10.37326530612245,0.113008,292.94822988800024,20.02187314122617
2550,2021-12-20 10:40:59.088177152,20.036744186046512,20.0,10.49,0.123854,293.0493155840002,20.019086993803132
2551,2021-12-20 10:40:59.186637824,20.005625,20.0,10.49,0.114424,293.1477762560002,20.016310611863336
2552,2021-12-20 10:40:59.283378432,20.032,20.0,10.49,0.119339,293.2445168640002,20.013544704542923
2553,2021-12-20 10:40:59.408935936,20.02,20.0,10.49,0.127392,293.37007436800025,20.010790048195236
2554,2021-12-20 10:40:59.546442752,20.02,20.0,10.49,0.121404,293.50758118400023,20.00804748770586
2555,2021-12-20 10:40:59.619385344,20.02,20.0,10.49,0.122015,293.58052377600023,20.00531793765892
2556,2021-12-20 10:40:59.689702912,19.968367346938773,20.0,10.49,0.124444,293.65084134400024,20.00260238334638
2557,2021-12-20 10:40:59.788978176,19.987142857142857,20.0,10.487380952380953,0.123783,293.75011660800027,19.999901881612363
2558,2021-12-20 10:40:59.887519232,20.02,20.0,10.48,0.120996,293.84865766400026,19.997217561525048
2559,2021-12-20 10:40:59.987930880,20.036744186046512,20.0,10.48,0.120472,293.94906931200023,19.99455062486915
2560,2021-12-20 10:41:00.087940352,20.02,20.0,10.48,0.134528,294.04907878400024,19.99190234645242
2561,2021-12-20 10:41:00.188774656,20.021162790697673,20.0,10.48,0.12098,294.14991308800023,19.98927407422026
2562,2021-12-20 10:41:00.288100352,19.996530612244896,20.0,10.48,0.123133,294.2492387840002,19.986667229173115
2563,2021-12-20 10:41:00.383845120,20.001842105263155,20.0,10.48,0.123229,294.3449835520002,19.984083305081896
2564,2021-12-20 10:41:00.515689216,20.02,20.0,10.48,0.120636,294.4768276480002,19.981523867997286
2565,2021-12-20 10:41:00.656153088,20.02,20.0,10.48,0.120876,294.6172915200002,19.978990555549604
2566,2021-12-20 10:41:00.721984512,20.02,20.0,10.48,0.116373,294.6831229440002,19.976485076036433
2567,2021-12-20 10:41:00.787463936,19.949591836734694,20.0,10.48,0.123007,294.7486023680002,19.974009207296074
2568,2021-12-20 10:41:00.887976448,19.998809523809523,20.0,10.48,0.121641,294.84911488000023,19.97156479536564
2569,2021-12-20 10:41:00.985431040,20.02,20.0,10.48,0.122113,294.94656947200025,19.969153752923333
2570,2021-12-20 10:41:01.086074368,20.036363636363635,20.0,10.48,0.113804,295.04721280000024,19.96677805751523
2571,2021-12-20 10:41:01.186526464,20.02,20.0,10.48,0.121827,295.14766489600026,19.96443974956776
2572,2021-12-20 10:41:01.278760704,20.02,20.0,10.48,0.121015,295.23989913600025,19.96214093018781
2573,2021-12-20 10:41:01.398333696,20.02,20.0,10.48,0.115621,295.3594721280002,19.9598837587533
2574,2021-12-20 10:41:01.551843328,20.009047619047617,20.0,10.48,0.116013,295.51298176000023,19.957670450297805
2575,2021-12-20 10:41:01.626435328,20.02,20.0,10.48,0.120463,295.5875737600002,19.955503272693736
2576,2021-12-20 10:41:01.686282240,19.963673469387757,20.0,10.48,0.11461,295.64742067200024,19.95338454363925
2577,2021-12-20 10:41:01.786090496,19.94511627906977,20.0,10.63139534883721,0.114958,295.74722892800025,19.951316627455075
2578,2021-12-20 10:41:01.886582784,19.968367346938773,20.0,10.69,0.119112,295.84772121600025,19.949301931698084
2579,2021-12-20 10:41:01.988795136,19.959761904761905,20.0,10.696428571428571,0.121409,295.94993356800023,19.94734290359922
2580,2021-12-20 10:41:02.087416576,19.982448979591837,20.0,10.551836734693877,0.126493,296.0485550080002,19.94544202633424
2581,2021-12-20 10:41:02.183584000,19.94333333333333,20.0,10.485641025641026,0.124413,296.1447224320002,19.943601815136304
2582,2021-12-20 10:41:02.279539968,19.991249999999997,20.0,10.49,0.126768,296.2406784000002,19.941824813260187
2583,2021-12-20 10:41:02.384538368,19.97186046511628,20.0,10.602325581395348,0.125275,296.3456768000002,19.940113587808547
2584,2021-12-20 10:41:02.505298176,19.96772727272727,20.0,10.566363636363636,0.123847,296.4664366080002,19.93847072543125
2585,2021-12-20 10:41:02.659974400,19.909791666666667,20.0,10.609166666666667,0.127834,296.6211128320002,19.936898827909406
2586,2021-12-20 10:41:02.724337408,19.94739583333333,21.5,11.996105072463768,0.118588,296.6854758400002,19.935400507636178
2587,2021-12-20 10:41:02.788700416,19.985,23.0,13.38304347826087,0.124343,296.7498388480002,19.933978383007126
2588,2021-12-20 10:41:02.890299136,19.945,23.0,13.340434782608698,0.115937,296.8514375680002,19.9326350737331
2589,2021-12-20 10:41:02.985510656,19.966923076923077,23.0,13.412307692307694,0.114094,296.94664908800024,19.931373196089176
2590,2021-12-20 10:41:03.090921472,19.897959183673468,23.0,13.463265306122448,0.117968,297.05205990400026,19.930195358113526
2591,2021-12-20 10:41:03.193536256,19.992682926829268,23.0,13.526341463414635,0.121544,297.1546746880003,19.929104154770375
2592,2021-12-20 10:41:03.292741120,19.91204081632653,23.0,13.653673469387755,0.122023,297.2538795520003,19.928102163091467
2593,2021-12-20 10:41:03.394118400,19.97121212121212,23.0,13.85909090909091,0.114241,297.3552568320003,19.92719193731064
2594,2021-12-20 10:41:03.530468608,19.896041666666665,23.0,13.84625,0.113069,297.4916070400003,19.926376004006286
2595,2021-12-20 10:41:03.640828160,19.96588235294118,23.0,13.74,0.114792,297.6019665920003,19.92565685726663
2596,2021-12-20 10:41:03.702062848,19.9415625,23.0,13.965,0.117527,297.6632012800003,19.925036953892665
2597,2021-12-20 10:41:03.791078656,19.91204081632653,23.0,13.874285714285712,0.111498,297.7522170880003,19.92451870865368
2598,2021-12-20 10:41:03.887658240,19.941315789473684,23.0,13.996315789473684,0.122204,297.8487966720003,19.92410448961014
2599,2021-12-20 10:41:03.994105088,19.808775510204082,23.0,14.217142857142857,0.121253,297.9552435200003,19.923796613518544
2600,2021-12-20 10:41:04.095311616,19.987142857142857,23.0,14.238571428571428,0.122423,298.0564500480003,19.92359734133273
2601,2021-12-20 10:41:04.187978496,19.90265306122449,23.0,14.114285714285714,0.11598,298.1491169280003,19.923508873815845
2602,2021-12-20 10:41:04.291709696,19.88093023255814,23.0,14.18232558139535,0.117204,298.2528481280003,19.92353334727674
2603,2021-12-20 10:41:04.422527744,19.91673469387755,23.0,14.23,0.115732,298.3836661760003,19.923672829444303
2604,2021-12-20 10:41:04.531629824,19.857083333333332,23.0,14.29,0.125093,298.4927682560003,19.923929315492614
2605,2021-12-20 10:41:04.602259200,19.938823529411764,23.0,14.57,0.118947,298.5633976320003,19.92430472422952
2606,2021-12-20 10:41:04.692381440,19.909791666666667,23.0,14.416666666666666,0.117873,298.65351987200035,19.92480089446043
2607,2021-12-20 10:41:04.786778368,19.883243243243243,23.0,14.660810810810808,0.117659,298.7479168000003,19.925419581538616
2608,2021-12-20 10:41:04.892098560,19.79938775510204,23.0,14.74387755102041,0.11213,298.85323699200035,19.926162454112585
2609,2021-12-20 10:41:04.995517952,19.85837837837838,23.0,14.806756756756757,0.117608,298.9566563840003,19.927031091080426
2610,2021-12-20 10:41:05.090387712,19.855714285714285,23.0,14.868979591836736,0.117234,299.0515261440003,19.92802697876017
2611,2021-12-20 10:41:05.184824832,19.92054054054054,23.0,14.931081081081082,0.120201,299.14596326400033,19.929151508284423
2612,2021-12-20 10:41:05.281686272,19.881041666666665,23.0,14.826666666666666,0.1161,299.2428247040003,19.930405973226737
2613,2021-12-20 10:41:05.382299136,19.92921052631579,23.0,14.98078947368421,0.121974,299.34343756800035,19.931791567466117
2614,2021-12-20 10:41:05.514968064,19.855714285714285,23.0,15.122857142857143,0.117494,299.47610649600034,19.933309383295384
2615,2021-12-20 10:41:05.654516480,19.837352941176473,23.0,15.173529411764704,0.122359,299.61565491200037,19.934960409777993
2616,2021-12-20 10:41:05.722027776,19.9625,23.0,15.050000000000002,0.120693,299.6831662080004,19.93674553135702
2617,2021-12-20 10:41:05.788724224,19.841632653061225,23.0,15.227142857142857,0.121515,299.7498626560004,19.938665526719095
2618,2021-12-20 10:41:05.884630016,19.902051282051282,23.0,15.360769230769233,0.114689,299.8457684480004,19.940721067915103
2619,2021-12-20 10:41:05.984951296,19.90265306122449,23.0,15.423061224489796,0.124651,299.9460897280004,19.94291271973839
2620,2021-12-20 10:41:06.089135104,19.837179487179487,23.0,15.478717948717948,0.121085,300.0502735360004,19.945240939360428
2621,2021-12-20 10:41:06.187464704,19.897959183673468,23.0,15.550612244897959,0.110549,300.1486031360004,19.947706076222797
2622,2021-12-20 10:41:06.285613568,19.884358974358975,23.0,15.53,0.114872,300.2467520000004,19.950308372183507
2623,2021-12-20 10:41:06.402893056,19.890625,23.0,15.558333333333332,0.112102,300.3640314880004,19.953047961914628
2624,2021-12-20 10:41:06.549482496,19.894545454545455,23.0,15.651818181818184,0.111927,300.51062092800044,19.9559248735474
2625,2021-12-20 10:41:06.625654016,20.02,23.0,15.61,0.113079,300.58679244800044,19.958939029560156
2626,2021-12-20 10:41:06.687975168,19.94020408163265,23.0,15.707142857142857,0.112502,300.6491136000004,19.96209024790348
2627,2021-12-20 10:41:06.788185856,19.99860465116279,23.0,15.856511627906977,0.11375,300.7493242880004,19.96537824335627
2628,2021-12-20 10:41:06.887682304,19.963673469387757,23.0,15.75,0.102453,300.84882073600045,19.96880262910571
2629,2021-12-20 10:41:06.988878592,20.009302325581395,23.0,15.811162790697674,0.111629,300.95001702400043,19.972362918543332
2630,2021-12-20 10:41:07.087922688,19.9625,23.0,15.87375,0.105123,301.04906112000043,19.976058527268847
2631,2021-12-20 10:41:07.186433536,19.991951219512195,23.0,15.927317073170732,0.113248,301.1475719680004,19.979888775292803
2632,2021-12-20 10:41:07.285014784,19.973061224489793,23.0,15.989795918367347,0.113489,301.24615321600044,19.983852889428647
2633,2021-12-20 10:41:07.385798656,19.997560975609755,23.0,16.059756097560975,0.118195,301.34693708800046,19.987950005864175
2634,2021-12-20 10:41:07.510038528,20.02,23.0,16.290408163265305,0.113574,301.47117696000043,19.992179172902066
2635,2021-12-20 10:41:07.651860480,20.00275,23.0,16.15,0.107443,301.6129989120004,19.996539353858772
2636,2021-12-20 10:41:07.722831616,20.02,23.0,16.233333333333334,0.112141,301.68397004800045,20.001029430110624
2637,2021-12-20 10:41:07.786882816,20.02,23.0,16.28122448979592,0.102892,301.74802124800044,20.00564820427586
2638,2021-12-20 10:41:07.878554112,20.02,23.0,16.34,0.112611,301.83969254400046,20.010394403520955
2639,2021-12-20 10:41:07.975133696,20.034693877551017,23.0,16.4,0.109063,301.93627212800044,20.01526668297947
2640,2021-12-20 10:41:08.090381568,20.047906976744184,23.0,16.457209302325584,0.10835,302.05152000000044,20.020263629271515
2641,2021-12-20 10:41:08.190954240,20.047272727272727,23.0,16.52,0.110686,302.15209267200044,20.02538376411175
2642,2021-12-20 10:41:08.293579008,20.02,23.0,16.575,0.113735,302.25471744000043,20.030625547993864
2643,2021-12-20 10:41:08.411049728,20.037560975609754,23.0,16.42,0.107856,302.3721881600004,20.035987383939357
2644,2021-12-20 10:41:08.557427712,20.044489795918366,23.0,16.64591836734694,0.106241,302.51856614400043,20.041467621298565
2645,2021-12-20 10:41:08.640368384,20.02,23.0,16.69,0.102699,302.60150681600044,20.047064559591814
2646,2021-12-20 10:41:08.689955840,20.036363636363635,23.0,16.803181818181816,0.104869,302.6510942720004,20.0527764523787
2647,2021-12-20 10:41:08.792580352,20.07,23.0,16.855,0.109203,302.7537187840004,20.058601511143703
2648,2021-12-20 10:41:08.894893312,20.049268292682925,23.0,16.733414634146342,0.104636,302.8560317440004,20.064537909186317
2649,2021-12-20 10:41:09.007143680,20.06408163265306,23.0,16.751632653061225,0.107935,302.9682821120004,20.07058378550426
2650,2021-12-20 10:41:09.101802240,20.0875,23.0,16.816875,0.102363,303.0629406720004,20.07673724865841
2651,2021-12-20 10:41:09.190677248,20.152244897959186,23.0,16.85795918367347,0.107077,303.1518156800004,20.082996380608385
2652,2021-12-20 10:41:09.302444800,20.122857142857143,23.0,16.914523809523807,0.101746,303.2635832320004,20.08935924050803
2653,2021-12-20 10:41:09.461275392,20.11795918367347,23.0,17.09,0.094176,303.42241382400044,20.0958238684504
2654,2021-12-20 10:41:09.573787136,20.10571428571429,23.0,17.21,0.104236,303.53492556800046,20.102388289152127
2655,2021-12-20 10:41:09.615780608,20.220000000000002,23.0,17.1,0.103223,303.57691904000046,20.109050515567596
2656,2021-12-20 10:41:09.689769216,20.142448979591837,23.0,17.128163265306124,0.096201,303.65090764800044,20.115808552423598
2657,2021-12-20 10:41:09.786821632,20.173846153846156,23.0,17.17794871794872,0.098649,303.74796006400044,20.122660399665733
2658,2021-12-20 10:41:09.892785664,20.098367346938776,23.0,17.324285714285715,0.107188,303.8539240960004,20.129604055808326
2659,2021-12-20 10:41:09.995863040,20.09676470588235,23.0,17.49735294117647,0.098918,303.9570014720004,20.136637521180084
2660,2021-12-20 10:41:10.087644928,20.095000000000002,23.0,17.56125,0.097789,304.0487833600004,20.14375880105825
2661,2021-12-20 10:41:10.187432960,20.142790697674418,23.0,17.566511627906976,0.09782,304.1485713920004,20.1509659086845
2662,2021-12-20 10:41:10.286849024,20.196326530612247,23.0,17.45714285714286,0.102075,304.24798745600043,20.158256868156492
2663,2021-12-20 10:41:10.388357376,20.248837209302327,23.0,17.50813953488372,0.102533,304.3494958080004,20.165629717189407
2664,2021-12-20 10:41:10.510615808,20.24530612244898,23.0,17.563469387755102,0.092238,304.47175424000045,20.173082509742542
2665,2021-12-20 10:41:10.643576320,20.204615384615384,23.0,17.61,0.098698,304.60471475200046,20.180613318506495
2666,2021-12-20 10:41:10.717484544,20.288125,23.0,17.81,0.098309,304.67862297600044,20.188220237247112
2667,2021-12-20 10:41:10.788918528,20.225714285714286,23.0,17.72734693877551,0.094331,304.75005696000045,20.195901383002923
2668,2021-12-20 10:41:10.885256704,20.24769230769231,23.0,17.785128205128206,0.098914,304.84639513600047,20.203654898133543
2669,2021-12-20 10:41:10.986845440,20.26,23.0,17.833673469387755,0.102572,304.94798387200046,20.211478952217035
2670,2021-12-20 10:41:11.091139584,20.25948717948718,23.0,17.89128205128205,0.084276,305.05227801600046,20.219371743794845
2671,2021-12-20 10:41:11.188332800,20.26,23.0,17.94,0.098788,305.14947123200045,20.22733150196358
2672,2021-12-20 10:41:11.283846400,20.259473684210526,23.0,18.0,0.092883,305.24498483200045,20.235356487813487
2673,2021-12-20 10:41:11.403610368,20.26,23.0,18.04791666666667,0.093658,305.3647488000004,20.243444995714043
2674,2021-12-20 10:41:11.547383552,20.24829268292683,23.0,18.104146341463416,0.101494,305.5085219840004,20.251595354447574
2675,2021-12-20 10:41:11.622991616,20.26,23.0,18.16,0.095774,305.5841300480004,20.25980592819238
2676,2021-12-20 10:41:11.688913664,20.249795918367347,23.0,18.21142857142857,0.101025,305.6500520960004,20.26807511735732
2677,2021-12-20 10:41:11.789486336,20.264418604651162,23.0,18.2606976744186,0.102436,305.7506247680004,20.27640135927025
2678,2021-12-20 10:41:11.889697024,20.26,23.0,18.317755102040817,0.091037,305.8508354560004,20.28478312872312
2679,2021-12-20 10:41:11.989103104,20.288048780487806,23.0,18.36658536585366,0.092984,305.9502415360004,20.293218938376977
2680,2021-12-20 10:41:12.087623936,20.302244897959184,23.0,18.422857142857143,0.091,306.04876236800044,20.30170733903041
2681,2021-12-20 10:41:12.183368704,20.28486486486487,23.0,18.46972972972973,0.098703,306.1445071360004,20.310246919755272
2682,2021-12-20 10:41:12.279898112,20.325714285714287,23.0,18.378979591836732,0.092897,306.2410365440004,20.318836307903798
2683,2021-12-20 10:41:12.383578880,20.352,23.0,18.353,0.090469,306.3447173120004,20.3274741689915
2684,2021-12-20 10:41:12.502296832,20.299148936170216,23.0,18.54659574468085,0.098746,306.4634352640004,20.336159206460476
2685,2021-12-20 10:41:12.648886272,20.290666666666667,23.0,18.676666666666666,0.088076,306.6100247040004,20.34489016132792
2686,2021-12-20 10:41:12.726656768,20.34625,23.0,18.76,0.093979,306.68779520000044,20.353665811724746
2687,2021-12-20 10:41:12.788988160,20.393061224489795,23.0,18.676734693877552,0.099938,306.7501265920004,20.362484972329376
2688,2021-12-20 10:41:12.889178624,20.32953488372093,23.0,18.69418604651163,0.097104,306.8503170560004,20.37134649370194
2689,2021-12-20 10:41:12.989027328,20.278775510204085,23.0,18.891428571428573,0.095451,306.9501657600004,20.38024926152406
2690,2021-12-20 10:41:13.090706432,20.31953488372093,23.0,18.935116279069767,0.09105,307.05184486400043,20.389192195749597
2691,2021-12-20 10:41:13.189227264,20.385,23.0,18.909791666666667,0.096191,307.15036569600045,20.39817424967158
2692,2021-12-20 10:41:13.284750848,20.395641025641023,23.0,18.835897435897436,0.095089,307.2458892800004,20.407194408910726
2693,2021-12-20 10:41:13.411092992,20.400816326530613,23.0,19.03142857142857,0.098277,307.3722314240004,20.41625169033085
2694,2021-12-20 10:41:13.561212672,20.392249999999997,23.0,18.937,0.098584,307.5223511040004,20.42534514088648
2695,2021-12-20 10:41:13.630283008,20.49,23.0,19.01,0.105277,307.5914214400004,20.434473836408028
2696,2021-12-20 10:41:13.688238848,20.46183673469388,23.0,19.022244897959183,0.095746,307.64937728000035,20.44363688032961
2697,2021-12-20 10:41:13.787584512,20.452142857142857,23.0,19.089285714285715,0.100888,307.74872294400035,20.452833402364874
2698,2021-12-20 10:41:13.888891648,20.51489795918367,23.0,19.319183673469386,0.096146,307.85003008000035,20.462062557136
2699,2021-12-20 10:41:13.992572416,20.49,23.0,19.17,0.094276,307.95371084800036,20.471323522761082
2700,2021-12-20 10:41:14.089564416,20.515531914893614,23.0,19.2231914893617,0.094144,308.05070284800036,20.480615499405012
2701,2021-12-20 10:41:14.192671744,20.49,23.0,19.27,0.091785,308.1538101760004,20.489937707798976
2702,2021-12-20 10:41:14.313320960,20.500666666666667,23.0,19.32,0.094105,308.2744593920004,20.499289387733597
2703,2021-12-20 10:41:14.462435072,20.49,23.0,19.37,0.093254,308.4235735040004,20.508669796530807
2704,2021-12-20 10:41:14.525490432,20.49765957446808,23.0,19.3136170212766,0.091978,308.4866288640004,20.518078207499432
2705,2021-12-20 10:41:14.588555776,20.505319148936167,23.0,19.257234042553193,0.089603,308.5496942080004,20.52751390837941
2706,2021-12-20 10:41:14.691683328,20.516666666666666,23.0,19.483999999999998,0.084212,308.6528217600004,20.53697619977954
2707,2021-12-20 10:41:14.790315008,20.511333333333333,23.0,19.566666666666666,0.083213,308.7514534400004,20.546464393613405
2708,2021-12-20 10:41:14.893442560,20.500212765957443,23.0,19.610425531914895,0.085446,308.85458099200036,20.555977811538224
2709,2021-12-20 10:41:14.991621376,20.61279069767442,23.0,19.46093023255814,0.083356,308.95275980800034,20.565515783401143
2710,2021-12-20 10:41:15.093723136,20.529183673469387,23.0,19.477755102040817,0.084062,309.0548615680003,20.57507764569738
2711,2021-12-20 10:41:15.190302720,20.603684210526314,23.0,19.738684210526316,0.080774,309.1514411520003,20.584662740044593
2712,2021-12-20 10:41:15.292122624,20.617346938775512,23.0,19.79469387755102,0.084584,309.2532610560003,20.594270411677652
2713,2021-12-20 10:41:15.406535680,20.571951219512194,23.0,19.66951219512195,0.087764,309.3676741120003,20.603900007967862
2714,2021-12-20 10:41:15.543951872,20.54877551020408,23.0,19.807142857142857,0.084466,309.5050903040003,20.613550876970596
2715,2021-12-20 10:41:15.629809408,20.66142857142857,23.0,19.91,0.076266,309.5909478400003,20.6232223660052
2716,2021-12-20 10:41:15.690048512,20.648297872340425,23.0,19.856595744680853,0.08053,309.6511869440003,20.632913820270897
2717,2021-12-20 10:41:15.792170240,20.682000000000002,23.0,19.910666666666668,0.082533,309.7533086720003,20.64262458150219
2718,2021-12-20 10:41:15.890107904,20.701428571428572,23.0,19.957142857142856,0.084454,309.8512463360003,20.652353986667357
2719,2021-12-20 10:41:15.999109376,20.66142857142857,23.0,19.902448979591835,0.078714,309.9602478080003,20.662101366713415
2720,2021-12-20 10:41:16.097710848,20.679473684210528,23.0,19.952105263157893,0.076922,310.0588492800003,20.6718660453608
2721,2021-12-20 10:41:16.192630784,20.650000000000002,23.0,20.07125,0.084747,310.1537692160003,20.681647337950945
2722,2021-12-20 10:41:16.299600640,20.73,23.0,20.1635,0.079998,310.26073907200026,20.691444550349825
2723,2021-12-20 10:41:16.436021248,20.73,23.0,20.07530612244898,0.085629,310.39715968000024,20.701256977910457
2724,2021-12-20 10:41:16.527109120,20.73,23.0,20.11,0.085707,310.48824755200025,20.711083904497226
2725,2021-12-20 10:41:16.590073856,20.746666666666666,23.0,20.170666666666666,0.081254,310.5512122880003,20.720924601574747
2726,2021-12-20 10:41:16.692698624,20.73,23.0,20.20957446808511,0.087494,310.65383705600027,20.730778327363883
2727,2021-12-20 10:41:16.788413184,20.774117647058826,23.0,20.25941176470588,0.075157,310.74955161600025,20.740644326067443
2728,2021-12-20 10:41:16.900150528,20.73,23.0,20.297142857142855,0.082148,310.86128896000025,20.75052182716796
2729,2021-12-20 10:41:17.002403072,20.754193548387097,23.0,20.346451612903227,0.082068,310.96354150400026,20.760410044799748
2730,2021-12-20 10:41:17.091107072,20.745714285714286,23.0,20.38408163265306,0.070248,311.05224550400027,20.77030817719721
2731,2021-12-20 10:41:17.190020352,20.80926829268293,23.0,20.431951219512197,0.079643,311.15115878400024,20.78021540622146
2732,2021-12-20 10:41:17.289627392,20.81673469387755,23.0,20.471020408163263,0.078894,311.25076582400027,20.790130896966808
2733,2021-12-20 10:41:17.387725824,20.81783783783784,23.0,20.52,0.076913,311.34886425600024,20.800053797448722
2734,2021-12-20 10:41:17.519439104,20.77591836734694,23.0,20.56795918367347,0.077006,311.4805775360002,20.809983238374464
2735,2021-12-20 10:41:17.647159296,20.747241379310342,23.0,20.605862068965514,0.083415,311.60829772800025,20.819918332997517
2736,2021-12-20 10:41:17.714308352,20.817500000000003,23.0,20.66,0.07822,311.67544678400026,20.829858177056554
2737,2021-12-20 10:41:17.791636480,20.781020408163265,23.0,20.695102040816327,0.074765,311.75277491200023,20.83980184879952
2738,2021-12-20 10:41:17.891404544,20.80926829268293,23.0,20.740243902439026,0.0737,311.8525429760002,20.849748409093063
2739,2021-12-20 10:41:17.988668160,20.776875,23.0,20.7825,0.080236,311.94980659200024,20.859696901617273
2740,2021-12-20 10:41:18.089361664,20.842954545454546,23.0,20.826363636363638,0.08327,312.05050009600023,20.869646353145452
2741,2021-12-20 10:41:18.190769152,20.86265306122449,23.0,20.86938775510204,0.073753,312.15190758400024,20.879595773908235
2742,2021-12-20 10:41:18.291975680,20.906829268292686,23.0,20.765853658536585,0.080463,312.2531141120002,20.889544158041094
2743,2021-12-20 10:41:18.423829760,20.857551020408163,23.0,20.881836734693877,0.076737,312.3849681920002,20.899490484113965
2744,2021-12-20 10:41:18.542437120,20.85037037037037,23.0,20.98333333333333,0.082012,312.5035755520002,20.909433715741464
2745,2021-12-20 10:41:18.609515776,20.98,23.0,21.06,0.08004,312.5706542080002,20.919372802271806
2746,2021-12-20 10:41:18.691229184,20.94938775510204,23.0,20.957142857142856,0.074696,312.65236761600016,20.929306679552333
2747,2021-12-20 10:41:18.787356160,20.97342105263158,23.0,20.90105263157895,0.080394,312.74849459200016,20.9392342707693
2748,2021-12-20 10:41:18.891821568,20.939183673469387,23.0,20.94040816326531,0.073243,312.85296000000017,20.949154487359284
2749,2021-12-20 10:41:18.994587136,20.98,23.0,20.974444444444444,0.073878,312.95572556800016,20.959066229989357
2750,2021-12-20 10:41:19.089134848,20.969795918367346,23.0,21.01795918367347,0.070099,313.05027328000017,20.968968389603013
2751,2021-12-20 10:41:19.189466368,20.968095238095238,23.0,21.053333333333335,0.082222,313.15060480000017,20.978859848528614
2752,2021-12-20 10:41:19.288128000,20.98,23.0,21.095510204081634,0.07455,313.2492664320002,20.988739481646896
2753,2021-12-20 10:41:19.380392704,20.98,23.0,21.125714285714288,0.078071,313.3415311360002,20.99860615761405
2754,2021-12-20 10:41:19.505608192,20.98,23.0,21.183061224489798,0.083414,313.46674662400017,21.008458740136614
2755,2021-12-20 10:41:19.657437952,20.99846153846154,23.0,21.215128205128206,0.069205,313.61857638400016,21.0182960892943
2756,2021-12-20 10:41:19.729535744,21.117142857142856,23.0,21.29,0.084032,313.6906741760002,21.028117062906745
2757,2021-12-20 10:41:19.789362432,20.995,23.0,21.299166666666665,0.070665,313.7505008640002,21.03792051794016
2758,2021-12-20 10:41:19.883900160,21.02307692307692,23.0,21.33205128205128,0.070455,313.84503859200015,21.047705311949564
2759,2021-12-20 10:41:19.983849472,21.028979591836737,23.0,21.3765306122449,0.077352,313.94498790400013,21.057470304552403
2760,2021-12-20 10:41:20.092639744,21.05024390243902,23.0,21.41,0.073167,314.05377817600015,21.067214358929235
2761,2021-12-20 10:41:20.190708224,21.105217391304347,23.0,21.429347826086957,0.060839,314.15184665600015,21.076936343346976
2762,2021-12-20 10:41:20.292296704,21.12086956521739,23.0,21.26,0.074506,314.2534351360001,21.08663513270034
2763,2021-12-20 10:41:20.411889664,21.114634146341462,23.0,21.520731707317072,0.075937,314.3730280960001,21.096309610067006
2764,2021-12-20 10:41:20.567390720,21.165,23.0,21.34,0.075823,314.5285291520001,21.10595866827203
2765,2021-12-20 10:41:20.656507136,20.98,23.0,21.52,0.068601,314.6176455680001,21.11558121145709
2766,2021-12-20 10:41:20.699949056,21.194054054054053,23.0,21.41,0.072549,314.66108748800013,21.12517615665018
2767,2021-12-20 10:41:20.795412224,21.16612244897959,23.0,21.44673469387755,0.079382,314.7565506560001,21.1347424353314
2768,2021-12-20 10:41:20.895160064,21.174285714285713,23.0,21.687857142857144,0.064625,314.85629849600014,21.14427899499052
2769,2021-12-20 10:41:20.997835008,21.175918367346938,23.0,21.548571428571424,0.065082,314.95897344000014,21.153784800672152
2770,2021-12-20 10:41:21.095149056,21.201538461538462,23.0,21.55282051282051,0.071704,315.0562874880001,21.163258836504422
2771,2021-12-20 10:41:21.192925696,21.1465306122449,23.0,21.591020408163267,0.071394,315.15406412800013,21.172700107207163
2772,2021-12-20 10:41:21.303636992,21.186511627906977,23.0,21.629767441860466,0.06551,315.2647754240001,21.182107639575833
2773,2021-12-20 10:41:21.443306496,21.200408163265305,23.0,21.661428571428573,0.073206,315.4044449280001,21.191480483937255
2774,2021-12-20 10:41:21.535621376,21.22,23.0,21.67,0.063243,315.4967598080001,21.20081771557368
2775,2021-12-20 10:41:21.595176448,21.23829268292683,23.0,21.73341463414634,0.069241,315.5563148800001,21.210118436111724
2776,2021-12-20 10:41:21.693466112,21.235625,23.0,21.765,0.071137,315.6546045440001,21.21938177487285
2777,2021-12-20 10:41:21.789140480,21.26054054054054,23.0,21.8027027027027,0.07102,315.7502789120001,21.2286068901822
2778,2021-12-20 10:41:21.894772480,21.230204081632653,23.0,21.83204081632653,0.060713,315.8559109120001,21.23779297063277
2779,2021-12-20 10:41:21.997507840,21.23973684210526,23.0,21.86973684210526,0.064138,315.9586462720001,21.24693923630214
2780,2021-12-20 10:41:22.094238208,21.23530612244898,23.0,21.899591836734693,0.068841,316.05537664000013,21.25604493991898
2781,2021-12-20 10:41:22.190415616,21.338421052631578,23.0,21.80421052631579,0.067325,316.15155404800015,21.265109367976873
2782,2021-12-20 10:41:22.288604672,21.2825,23.0,21.8325,0.069548,316.2497431040002,21.2741318417929
2783,2021-12-20 10:41:22.392064000,21.277692307692305,23.0,21.897692307692306,0.07019,316.35320243200016,21.283111718508838
2784,2021-12-20 10:41:22.529339648,21.255714285714284,23.0,21.803877551020406,0.058414,316.4904780800002,21.29204839203283
2785,2021-12-20 10:41:22.648469760,21.25125,23.0,21.83,0.06661,316.60960819200017,21.300941293919497
2786,2021-12-20 10:41:22.712500992,21.29,23.0,22.1068,0.053817,316.67363942400016,21.309789894186657
2787,2021-12-20 10:41:22.794234624,21.301632653061223,23.0,22.12734693877551,0.064771,316.75537305600017,21.318593702066867
2788,2021-12-20 10:41:22.885674496,21.35970588235294,23.0,22.094117647058823,0.068993,316.8468129280002,21.327352266692163
2789,2021-12-20 10:41:22.984577536,21.245510204081633,23.0,22.00408163265306,0.065359,316.9457159680002,21.336065177710445
2790,2021-12-20 10:41:23.091899392,21.307499999999997,23.0,22.19325,0.072897,317.05303782400017,21.344732065832037
2791,2021-12-20 10:41:23.190732032,21.36285714285714,23.0,22.04755102040816,0.068536,317.1518704640002,21.353352603305083
2792,2021-12-20 10:41:23.293115392,21.3653488372093,23.0,22.292790697674416,0.06564,317.25425382400016,21.36192650431858
2793,2021-12-20 10:41:23.421408768,21.36285714285714,23.0,22.321632653061226,0.059982,317.38254720000015,21.37045352533189
2794,2021-12-20 10:41:23.540347904,21.311666666666664,23.0,22.36,0.064302,317.50148633600014,21.37893346532969
2795,2021-12-20 10:41:23.611067648,21.441153846153846,23.0,22.16,0.057283,317.5722060800001,21.38736616600144
2796,2021-12-20 10:41:23.692248064,21.434285714285714,23.0,22.198367346938777,0.07635,317.6533864960001,21.395751511844608
2797,2021-12-20 10:41:23.786796032,21.443684210526314,23.0,22.227631578947367,0.069091,317.7479344640001,21.404089430191046
2798,2021-12-20 10:41:23.891281408,21.403673469387755,23.0,22.256938775510207,0.057844,317.8524198400001,21.412379891155982
2799,2021-12-20 10:41:23.996008448,21.456842105263156,23.0,22.285263157894736,0.067828,317.9571468800001,21.420622907509387
2800,2021-12-20 10:41:24.090385152,21.449166666666667,23.0,22.314999999999998,0.072625,318.0515235840001,21.42881853446954
2801,2021-12-20 10:41:24.179752960,21.45529411764706,23.0,22.341176470588238,0.063574,318.1408913920001,21.43696686941881
2802,2021-12-20 10:41:24.275849984,21.47,23.0,22.37265306122449,0.061254,318.23698841600014,21.44506805154192
2803,2021-12-20 10:41:24.380285184,21.47,23.0,22.399459459459457,0.067208,318.34142361600016,21.453122261387144
2804,2021-12-20 10:41:24.502845184,21.475102040816324,23.0,22.430816326530614,0.064338,318.4639836160002,21.461129720351124
2805,2021-12-20 10:41:24.654001152,21.493255813953486,23.0,22.458837209302327,0.062405,318.6151395840002,21.469090690088095
2806,2021-12-20 10:41:24.728492800,21.595,23.0,22.5,0.070868,318.6896312320002,21.477005471844592
2807,2021-12-20 10:41:24.788943104,21.459795918367348,23.0,22.51775510204082,0.055124,318.7500815360002,21.484874405720895
2808,2021-12-20 10:41:24.883440640,21.49027027027027,23.0,22.5472972972973,0.065936,318.8445790720002,21.492697869860596
2809,2021-12-20 10:41:24.980070656,21.485625,23.0,22.586250000000003,0.067254,318.9412090880002,21.500476279569963
2810,2021-12-20 10:41:25.091788032,21.47,23.0,22.613636363636363,0.057279,319.0529264640002,21.50821008636886
2811,2021-12-20 10:41:25.192833536,21.503333333333334,23.0,22.645999999999997,0.067168,319.15397196800023,21.51589977697517
2812,2021-12-20 10:41:25.294945280,21.48595744680851,23.0,22.67276595744681,0.057159,319.25608371200025,21.52354587222478
2813,2021-12-20 10:41:25.403121920,21.47694444444444,23.0,22.706666666666667,0.056464,319.36426035200026,21.53114892592928
2814,2021-12-20 10:41:25.541825792,21.480204081632653,23.0,22.731020408163264,0.06194,319.50296422400027,21.538709523673734
2815,2021-12-20 10:41:25.633215232,21.541428571428572,23.0,22.75,0.058824,319.59435366400027,21.546228281556804
2816,2021-12-20 10:41:25.692689920,21.540652173913042,23.0,22.78978260869565,0.058146,319.6538283520003,21.553705844875747
2817,2021-12-20 10:41:25.794308864,21.540652173913042,23.0,22.762173913043476,0.058224,319.7554472960003,21.56114288675882
2818,2021-12-20 10:41:25.889309184,21.585384615384612,23.0,22.683333333333334,0.059845,319.8504476160003,21.568540106747612
2819,2021-12-20 10:41:25.994227200,21.515918367346938,23.0,22.876122448979594,0.055129,319.9553656320003,21.575898229331997
2820,2021-12-20 10:41:26.096177920,21.585853658536585,23.0,22.905853658536586,0.060185,320.05731635200027,21.58321800244043
2821,2021-12-20 10:41:26.194387200,21.561836734693877,23.0,22.934285714285714,0.054031,320.15552563200026,21.590500195888342
2822,2021-12-20 10:41:26.305018112,21.574651162790698,23.0,22.963488372093025,0.056521,320.26615654400024,21.59774559978757
2823,2021-12-20 10:41:26.440322048,21.59755102040816,23.0,22.992448979591835,0.054841,320.40146048000025,21.60495502291973
2824,2021-12-20 10:41:26.524811776,21.72,23.0,22.997777777777777,0.054612,320.48595020800025,21.612129291076645
2825,2021-12-20 10:41:26.588933376,21.66387755102041,23.0,22.82,0.05569,320.55007180800027,21.619269245370926
2826,2021-12-20 10:41:26.687705600,21.645,23.0,22.85,0.054865,320.6488440320003,21.62637574052003
2827,2021-12-20 10:41:26.782504960,21.640454545454546,23.0,22.87,0.066906,320.7436433920003,21.633449643107195
2828,2021-12-20 10:41:26.892703488,21.673125,23.0,22.898124999999997,0.056385,320.8538419200003,21.640491829822842
2829,2021-12-20 10:41:26.992079360,21.666969696969698,23.0,22.92,0.060186,320.9532177920003,21.647503185690102
2830,2021-12-20 10:41:27.101121280,21.69395833333333,23.0,22.946250000000003,0.058864,321.0622597120003,21.654484602278345
2831,2021-12-20 10:41:27.202830592,21.72806451612903,23.0,22.964193548387097,0.058397,321.1639690240003,21.66143697590875
2832,2021-12-20 10:41:27.291675392,21.69448979591837,23.0,22.993877551020407,0.054137,321.2528138240003,21.668361205856062
2833,2021-12-20 10:41:27.396190976,21.72,23.0,23.021627906976747,0.047504,321.35732940800034,21.675258192550842
2834,2021-12-20 10:41:27.528004864,21.72,23.0,23.044693877551023,0.046843,321.48914329600035,21.68212883578668
2835,2021-12-20 10:41:27.636000768,21.72,23.0,23.060434782608695,0.0528,321.59713920000036,21.68897403293694
2836,2021-12-20 10:41:27.703582208,21.72,23.0,23.1,0.053091,321.6647206400004,21.695794677185756
2837,2021-12-20 10:41:27.793925888,21.709795918367348,23.0,23.118367346938776,0.058875,321.7550643200004,21.702591655778093
2838,2021-12-20 10:41:27.888463616,21.72694444444444,23.0,23.14388888888889,0.051782,321.84960204800035,21.70936584829372
2839,2021-12-20 10:41:27.988845312,21.72,23.0,23.166530612244895,0.048051,321.94998374400035,21.716118124949933
2840,2021-12-20 10:41:28.093793280,21.73829268292683,23.0,23.196829268292685,0.054206,322.0549317120003,21.722849344938005
2841,2021-12-20 10:41:28.193330176,21.73530612244898,23.0,23.219795918367346,0.048616,322.15446860800034,21.729560354798224
2842,2021-12-20 10:41:28.295653120,21.73923076923077,23.0,23.244615384615386,0.052725,322.2567915520003,21.736251986838358
2843,2021-12-20 10:41:28.442674944,21.72,23.0,23.268163265306125,0.054047,322.4038133760003,21.74292505760034
2844,2021-12-20 10:41:28.571431168,21.72,23.0,23.28,0.046347,322.53256960000033,21.749580366379746
2845,2021-12-20 10:41:28.624096256,21.7825,23.0,23.33,0.055184,322.58523468800036,21.756218693802534
2846,2021-12-20 10:41:28.691114752,21.73530612244898,23.0,23.339795918367344,0.055298,322.65225318400036,21.762840800463266
2847,2021-12-20 10:41:28.791737600,21.737441860465115,23.0,23.368372093023257,0.052901,322.75287603200036,21.76944742562888
2848,2021-12-20 10:41:28.893145344,21.72,23.0,23.395,0.054337,322.8542837760004,21.776039286011727
2849,2021-12-20 10:41:28.993205248,21.72,23.0,23.416,0.045371,322.95434368000036,21.782617074615327
2850,2021-12-20 10:41:29.090680064,21.72,23.0,23.443673469387754,0.058015,323.05181849600035,21.789181459655865
2851,2021-12-20 10:41:29.187651840,21.73282051282051,23.0,23.43846153846154,0.050411,323.1487902720003,21.795733083562222
2852,2021-12-20 10:41:29.285307648,21.740408163265304,23.0,23.281836734693876,0.064321,323.24644608000034,21.80227256205679
2853,2021-12-20 10:41:29.389702656,21.761666666666667,23.0,23.51142857142857,0.058925,323.3508410880003,21.808800483318922
2854,2021-12-20 10:41:29.516638208,21.740408163265304,23.0,23.531836734693876,0.054115,323.47777664000034,21.815317407232513
2855,2021-12-20 10:41:29.659425536,21.73875,23.0,23.56,0.06048,323.62056396800034,21.821823864718613
2856,2021-12-20 10:41:29.728626688,21.755714285714284,23.0,23.59,0.058633,323.68976512000035,21.828320357153675
2857,2021-12-20 10:41:29.790475008,21.750612244897958,23.0,23.60959183673469,0.063251,323.75161344000037,21.834807355873444
2858,2021-12-20 10:41:29.891792128,21.7606976744186,23.0,23.637906976744187,0.050247,323.85293056000035,21.841285301762113
2859,2021-12-20 10:41:29.995905280,21.811836734693877,23.0,23.447142857142858,0.049921,323.95704371200037,21.847754604925854
2860,2021-12-20 10:41:30.095844608,21.81722222222222,23.0,23.64666666666667,0.045183,324.0569830400004,21.854215644449464
2861,2021-12-20 10:41:30.189426688,21.891875,23.0,23.50208333333333,0.055365,324.15056512000035,21.86066876823451
2862,2021-12-20 10:41:30.292041472,21.896136363636362,23.0,23.49318181818182,0.051259,324.2531799040004,21.86711429291693
2863,2021-12-20 10:41:30.409884160,21.93341463414634,23.0,23.518536585365855,0.055317,324.3710225920004,21.873552503861806
2864,2021-12-20 10:41:30.567145472,21.91387755102041,23.0,23.535102040816327,0.059647,324.5282839040004,21.879983655232742
2865,2021-12-20 10:41:30.656261888,21.97,23.0,23.54,0.058314,324.6174003200004,21.886407970133074
2866,2021-12-20 10:41:30.699763968,21.905897435897433,23.0,23.608205128205125,0.051901,324.6609024000004,21.892825640815865
2867,2021-12-20 10:41:30.795367936,21.94395833333333,23.0,23.599999999999998,0.055434,324.7565063680004,21.89923682895967
2868,2021-12-20 10:41:30.892229120,21.950263157894735,23.0,23.62578947368421,0.049849,324.85336755200035,21.905641666006858
2869,2021-12-20 10:41:31.000818432,21.93938775510204,23.0,23.64183673469388,0.050335,324.96195686400034,21.912040253561305
2870,2021-12-20 10:41:31.101713152,21.977142857142855,23.0,23.664285714285715,0.049877,325.0628515840003,21.918432663842214
2871,2021-12-20 10:41:31.194229248,21.93938775510204,23.0,23.68061224489796,0.045166,325.1553676800003,21.924818940190793
2872,2021-12-20 10:41:31.296441600,22.00205128205128,23.0,23.700769230769232,0.058313,325.2575800320003,21.931199097626617
2873,2021-12-20 10:41:31.436633856,21.980416666666667,23.0,23.719166666666666,0.047479,325.3977722880003,21.937573123450605
2874,2021-12-20 10:41:31.556015616,21.948260869565214,23.0,23.729999999999997,0.059694,325.5171540480003,21.943940977891476
2875,2021-12-20 10:41:31.616083712,21.97,23.0,23.767272727272726,0.045119,325.5772221440003,21.950302594792714
2876,2021-12-20 10:41:31.694105856,21.959795918367348,23.0,23.776938775510203,0.046032,325.6552442880003,21.956657882337147
2877,2021-12-20 10:41:31.790132224,21.97,23.0,23.79820512820513,0.051239,325.7512706560003,21.963006723806313
2878,2021-12-20 10:41:31.888995072,21.97,23.0,23.815714285714286,0.049814,325.8501335040003,21.969348978371873
2879,2021-12-20 10:41:31.991831040,21.97,23.0,23.835714285714282,0.059033,325.95296947200035,21.975684481916446
2880,2021-12-20 10:41:32.091558912,21.98530612244898,23.0,23.854081632653063,0.048503,326.05269734400036,21.98201304788135
2881,2021-12-20 10:41:32.192262400,21.981627906976744,23.0,23.874186046511632,0.044419,326.1534008320004,21.988334468138724
2882,2021-12-20 10:41:32.292100864,21.97,23.0,23.892857142857142,0.049908,326.2532392960004,21.99464851388563
2883,2021-12-20 10:41:32.394946816,22.00488372093023,23.0,23.914186046511627,0.047966,326.3560852480004,22.00095493655773
2884,2021-12-20 10:41:32.525895680,21.995510204081633,23.0,23.941632653061227,0.051264,326.4870341120004,22.007253468760375
2885,2021-12-20 10:41:32.639222272,21.970000000000002,23.0,23.96,0.049722,326.6003607040004,22.01354382521479
2886,2021-12-20 10:41:32.707930624,22.056206896551725,23.0,23.979999999999997,0.049054,326.6690690560004,22.0198257037172
2887,2021-12-20 10:41:32.794069760,22.031224489795918,23.0,23.76,0.041924,326.7552081920004,22.02609878610879
2888,2021-12-20 10:41:32.888788480,22.105135135135136,23.0,24.012972972972975,0.044532,326.8499269120004,22.032362739254378
2889,2021-12-20 10:41:32.989552384,22.000612244897958,23.0,24.029387755102043,0.049558,326.9506908160004,22.03861721602772
2890,2021-12-20 10:41:33.094309376,21.994390243902437,23.0,24.048048780487804,0.043941,327.0554478080004,22.044861856301466
2891,2021-12-20 10:41:33.192297216,22.016875,23.0,24.067916666666665,0.03776,327.15343564800037,22.05109628793979
2892,2021-12-20 10:41:33.292035072,22.078974358974357,23.0,23.895128205128206,0.047484,327.25317350400036,22.057320127791733
2893,2021-12-20 10:41:33.442698240,22.026122448979592,23.0,23.874489795918365,0.045869,327.40383667200035,22.063532982683398
2894,2021-12-20 10:41:33.583001088,22.04407407407407,23.0,24.028148148148148,0.044303,327.54413952000033,22.069734450407065
2895,2021-12-20 10:41:33.633222144,22.22,23.0,24.149999999999995,0.039047,327.5943605760003,22.075924120705412
2896,2021-12-20 10:41:33.690926592,22.010816326530612,23.0,24.164285714285715,0.040258,327.6520650240003,22.08210157624901
2897,2021-12-20 10:41:33.789709056,22.0325,23.0,24.1825,0.048606,327.7508474880003,22.088266393605288
2898,2021-12-20 10:41:33.891830784,22.06659090909091,23.0,24.204090909090908,0.045408,327.8529692160003,22.09441814419721
2899,2021-12-20 10:41:34.017690112,22.05333333333333,23.0,24.077083333333334,0.041161,327.9788285440003,22.100556395249892
2900,2021-12-20 10:41:34.110568192,22.145925925925923,23.0,24.010000000000005,0.043544,328.0717066240003,22.106680710723527
2901,2021-12-20 10:41:34.194092288,22.092448979591836,23.0,24.15326530612245,0.043944,328.1552307200003,22.112790652230874
2902,2021-12-20 10:41:34.302419968,22.132790697674416,23.0,24.13627906976744,0.045251,328.2635584000003,22.118885779937763
2903,2021-12-20 10:41:34.446253312,22.08458333333333,23.0,24.04958333333333,0.043329,328.4073917440003,22.124965653445024
2904,2021-12-20 10:41:34.551975936,22.08764705882353,23.0,24.06,0.041987,328.5131143680003,22.131029832650317
2905,2021-12-20 10:41:34.608765184,22.18551724137931,23.0,24.086896551724138,0.044111,328.56990361600026,22.137077878588446
2906,2021-12-20 10:41:34.694481664,22.17918367346939,23.0,24.09734693877551,0.051694,328.65562009600023,22.14310935424883
2907,2021-12-20 10:41:34.791966720,22.20076923076923,23.0,24.114358974358975,0.040056,328.7531051520002,22.149123825368772
2908,2021-12-20 10:41:34.899680768,22.153673469387755,23.0,24.199591836734694,0.031565,328.8608192000002,22.15512086120142
2909,2021-12-20 10:41:34.999569664,22.204848484848483,23.0,24.28939393939394,0.054249,328.9607080960002,22.16110003525736
2910,2021-12-20 10:41:35.090999552,22.22,23.0,24.154489795918366,0.040343,329.0521379840002,22.16706092601893
2911,2021-12-20 10:41:35.191733248,22.17238095238095,23.0,24.174761904761905,0.039641,329.1528716800002,22.173003117626497
2912,2021-12-20 10:41:35.291350528,22.18938775510204,23.0,24.23244897959184,0.044776,329.2524889600002,22.178926200535987
2913,2021-12-20 10:41:35.395182080,22.208372093023254,23.0,24.412558139534884,0.038045,329.3563205120002,22.18482977214724
2914,2021-12-20 10:41:35.537195008,22.22,23.0,24.22204081632653,0.042554,329.4983334400002,22.190713437402856
2915,2021-12-20 10:41:35.668767488,22.202758620689654,23.0,24.24,0.03447,329.62990592000017,22.19657680935737
2916,2021-12-20 10:41:35.724882432,22.22,23.0,24.261111111111113,0.030823,329.68602086400017,22.20241950971665
2917,2021-12-20 10:41:35.789255680,22.22,23.0,24.27,0.041706,329.75039411200015,22.208241169347623
2918,2021-12-20 10:41:35.891105792,22.22046511627907,23.0,24.29,0.049734,329.8522442240002,22.21404142875857
2919,2021-12-20 10:41:35.999594496,22.22,23.0,24.299591836734695,0.045102,329.9607329280002,22.219819938550263
2920,2021-12-20 10:41:36.102199040,22.22,23.0,24.31823529411765,0.036479,330.06333747200017,22.225576359838442
2921,2021-12-20 10:41:36.191586816,22.24311111111111,23.0,24.10022222222222,0.035619,330.1527252480002,22.231310364648124
2922,2021-12-20 10:41:36.293195776,22.225957446808508,23.0,24.107021276595745,0.046328,330.2543342080002,22.23702163628036
2923,2021-12-20 10:41:36.414498560,22.22,23.0,24.36,0.042958,330.37563699200024,22.242709869652113
2924,2021-12-20 10:41:36.575380736,22.262448979591834,23.0,24.36795918367347,0.044328,330.5365191680002,22.248374771609924
2925,2021-12-20 10:41:36.669375488,22.22,23.0,24.37,0.036177,330.6305139200002,22.25401606121814
2926,2021-12-20 10:41:36.707234816,22.293125,23.0,24.4,0.03764,330.66837324800025,22.259633470022468
2927,2021-12-20 10:41:36.795586816,22.247083333333332,23.0,24.413750000000004,0.041726,330.75672524800024,22.265226742289588
2928,2021-12-20 10:41:36.896451328,22.283414634146343,23.0,24.427073170731706,0.037585,330.8575897600002,22.270795635223614
2929,2021-12-20 10:41:37.013197824,22.23061224489796,23.0,24.442244897959185,0.035024,330.97433625600024,22.27633991916006
2930,2021-12-20 10:41:37.109405440,22.25,23.0,24.454615384615387,0.032447,331.07054387200026,22.281859377738055
2931,2021-12-20 10:41:37.192516864,22.257142857142856,23.0,24.471020408163263,0.039247,331.15365529600024,22.28735380805144
2932,2021-12-20 10:41:37.295000832,22.292558139534883,23.0,24.37302325581395,0.032365,331.25613926400024,22.292823020779263
2933,2021-12-20 10:41:37.427126272,22.252499999999998,23.0,24.374583333333334,0.043381,331.3882647040002,22.298266840296186
2934,2021-12-20 10:41:37.554605056,22.260624999999997,23.0,24.5115625,0.031273,331.5157434880002,22.303685104763208
2935,2021-12-20 10:41:37.620486912,22.39875,23.0,24.29,0.028002,331.5816253440002,22.309077666199066
2936,2021-12-20 10:41:37.691910656,22.273061224489794,23.0,24.390816326530615,0.041178,331.6530490880002,22.31444439053252
2937,2021-12-20 10:41:37.789365504,22.324,23.0,24.55325,0.036827,331.7505039360002,22.319785157635643
2938,2021-12-20 10:41:37.892231424,22.246530612244896,23.0,24.566530612244897,0.03426,331.8533698560002,22.32509986133819
2939,2021-12-20 10:41:37.994222592,22.2972972972973,23.0,24.581891891891892,0.033176,331.9553610240002,22.330388409422973
2940,2021-12-20 10:41:38.089816320,22.283673469387754,23.0,24.53612244897959,0.032964,332.05095475200017,22.335650723602118
2941,2021-12-20 10:41:38.191555840,22.334883720930232,23.0,24.371627906976745,0.033342,332.1526942720002,22.34088673947402
2942,2021-12-20 10:41:38.291474944,22.32081632653061,23.0,24.425918367346938,0.036487,332.25261337600017,22.34609640646056
2943,2021-12-20 10:41:38.393294848,22.310697674418606,23.0,24.631627906976743,0.029618,332.3544332800002,22.351279687724297
2944,2021-12-20 10:41:38.528930816,22.32081632653061,23.0,24.613061224489794,0.039421,332.49006924800017,22.356436560065116
2945,2021-12-20 10:41:38.672764416,22.328333333333333,23.0,24.42,0.028022,332.63390284800016,22.36156701379589
2946,2021-12-20 10:41:38.733104128,22.48,23.0,24.44,0.039424,332.69424256000013,22.366671052596573
2947,2021-12-20 10:41:38.789430528,22.33142857142857,23.0,24.440000000000005,0.028425,332.7505689600001,22.371748693346206
2948,2021-12-20 10:41:38.890938624,22.3953488372093,23.0,24.7,0.034274,332.8520770560001,22.37679996593232
2949,2021-12-20 10:41:38.995564800,22.34734693877551,23.0,24.709795918367348,0.024547,332.9567032320001,22.38182491303718
2950,2021-12-20 10:41:39.103872512,22.40390243902439,23.0,24.496829268292682,0.029165,333.0650109440001,22.386823589900487
2951,2021-12-20 10:41:39.197515008,22.467619047619046,23.0,24.25,0.030195,333.1586534400001,22.391796064058227
2952,2021-12-20 10:41:39.297393920,22.398750000000003,23.0,24.477500000000003,0.031696,333.2585323520001,22.39674241505733
2953,2021-12-20 10:41:39.413466368,22.389302325581397,23.0,24.51953488372093,0.035591,333.3746048000001,22.401662734146207
2954,2021-12-20 10:41:39.556857344,22.48530612244898,23.0,24.52795918367347,0.027857,333.5179957760001,22.40655712394117
2955,2021-12-20 10:41:39.636438528,22.48,23.0,24.53,0.027976,333.5975769600001,22.411425698068978
2956,2021-12-20 10:41:39.690672640,22.469166666666666,23.0,24.5475,0.03541,333.6518110720001,22.416268580785967
2957,2021-12-20 10:41:39.793800448,22.456363636363637,23.0,24.556818181818183,0.023328,333.7549388800001,22.42108590657445
2958,2021-12-20 10:41:39.895650560,22.485652173913042,23.0,24.56695652173913,0.029647,333.85678899200013,22.42587781971732
2959,2021-12-20 10:41:40.005346048,22.457391304347826,23.0,24.57608695652174,0.026489,333.96648448000013,22.430644473851956
2960,2021-12-20 10:41:40.100065024,22.44578947368421,23.0,24.587631578947367,0.029997,334.06120345600016,22.435386031504787
2961,2021-12-20 10:41:40.196624640,22.45877551020408,23.0,24.595714285714287,0.021914,334.15776307200014,22.44010266360819
2962,2021-12-20 10:41:40.310303232,22.48,23.0,24.606190476190477,0.024035,334.2714416640001,22.444794549001536
2963,2021-12-20 10:41:40.452718592,22.48,23.0,24.61510204081633,0.034949,334.4138570240001,22.449461873918498
2964,2021-12-20 10:41:40.539149312,22.48,23.0,24.62,0.028592,334.5002877440001,22.45410483146286
2965,2021-12-20 10:41:40.594721280,22.491818181818182,23.0,24.63477272727273,0.030349,334.5558597120001,22.45872362107533
2966,2021-12-20 10:41:40.696833024,22.458333333333332,23.0,24.64375,0.033275,334.6579714560001,22.463318447994016
2967,2021-12-20 10:41:40.795152896,22.48,23.0,24.654186046511626,0.019953,334.7562913280001,22.467889522711417
2968,2021-12-20 10:41:40.896248576,22.48,23.0,24.663265306122447,0.025707,334.8573870080001,22.472437060430753
2969,2021-12-20 10:41:40.995413248,22.49857142857143,23.0,24.584285714285713,0.031686,334.9565516800001,22.47696128052476
2970,2021-12-20 10:41:41.097273344,22.469166666666666,23.0,24.495,0.028256,335.05841177600007,22.481462406000027
2971,2021-12-20 10:41:41.196166400,22.467619047619046,23.0,24.69261904761905,0.030798,335.1573048320001,22.48594066297011
2972,2021-12-20 10:41:41.297061120,22.48,23.0,24.701836734693874,0.026248,335.25819955200006,22.490396280140473
2973,2021-12-20 10:41:41.415648256,22.49813953488372,23.0,24.71186046511628,0.026348,335.37678668800004,22.49482948830852
2974,2021-12-20 10:41:41.564470784,22.48,23.0,24.721224489795915,0.030111,335.525609216,22.499240519881724
2975,2021-12-20 10:41:41.648749056,22.48,23.0,24.73,0.022976,335.609887488,22.503629608416993
2976,2021-12-20 10:41:41.696395008,22.499024390243903,23.0,24.740487804878047,0.027347,335.65753344,22.5079969881841
2977,2021-12-20 10:41:41.796283904,22.46938775510204,23.0,24.750204081632653,0.022914,335.757422336,22.512342893756
2978,2021-12-20 10:41:41.897319424,22.50418604651163,23.0,24.76,0.025155,335.858457856,22.51666755962859
2979,2021-12-20 10:41:42.001855232,22.48,23.0,24.769795918367347,0.022987,335.96299366399995,22.520971219872333
2980,2021-12-20 10:41:42.098847232,22.53333333333333,23.0,24.77948717948718,0.020211,336.05998566399995,22.52525410781784
2981,2021-12-20 10:41:42.196402432,22.48530612244898,23.0,24.78918367346939,0.023738,336.15754086399994,22.529516455777497
2982,2021-12-20 10:41:42.309015040,22.492380952380955,23.0,24.798809523809524,0.022447,336.27015347199995,22.533758494804626
2983,2021-12-20 10:41:42.450253568,22.538367346938777,23.0,24.599183673469387,0.028662,336.4113919999999,22.537980454491645
2984,2021-12-20 10:41:42.537639936,22.59142857142857,23.0,24.56,0.025359,336.49877836799993,22.54218256280827
2985,2021-12-20 10:41:42.594730752,22.509545454545453,23.0,24.828636363636363,0.024369,336.55586918399996,22.546365045980455
2986,2021-12-20 10:41:42.696842240,22.49083333333333,23.0,24.837500000000002,0.024478,336.65798067199995,22.550528128410498
2987,2021-12-20 10:41:42.797465344,22.516279069767442,23.0,24.84813953488372,0.026963,336.758603776,22.554672032638397
2988,2021-12-20 10:41:42.902453760,22.49625,23.0,24.856875000000002,0.016296,336.863592192,22.55879697934411
2989,2021-12-20 10:41:42.999204352,22.53333333333333,23.0,24.867948717948718,0.016104,336.960342784,22.562903187390084
2990,2021-12-20 10:41:43.097313024,22.49591836734694,23.0,24.876122448979594,0.017015,337.058451456,22.56699087390311
2991,2021-12-20 10:41:43.193480192,22.54157894736842,23.0,24.88736842105263,0.02223,337.154618624,22.571060254394016
2992,2021-12-20 10:41:43.293539840,22.533061224489792,23.0,24.89551020408163,0.016782,337.25467827200004,22.575111542913525
2993,2021-12-20 10:41:43.398518272,22.561714285714285,23.0,24.728571428571428,0.027485,337.35965670400003,22.579144952242082
2994,2021-12-20 10:41:43.538821376,22.583541666666665,23.0,24.545,0.017951,337.499959808,22.583160694111246
2995,2021-12-20 10:41:43.654038784,22.534736842105264,23.0,24.42,0.018786,337.615177216,22.587158979453836
2996,2021-12-20 10:41:43.712336640,22.580000000000002,23.0,24.92,0.029771,337.67347507200003,22.59114001867968
2997,2021-12-20 10:41:43.794341888,22.60734693877551,23.0,24.835510204081633,0.028771,337.75548032,22.595104021973643
2998,2021-12-20 10:41:43.892550912,22.564500000000002,23.0,24.69425,0.02977,337.85368934400003,22.599051199612216
2999,2021-12-20 10:41:44.002789888,22.613673469387752,23.0,24.7,0.024616,337.96392832000004,22.602981762294743
3000,2021-12-20 10:41:44.102447360,22.639354838709675,23.0,24.703548387096774,0.02097,338.063585792,22.606895921485176
3001,2021-12-20 10:41:44.191694336,22.613061224489794,23.0,24.653877551020408,0.024719,338.15283276800005,22.610793889760096
3002,2021-12-20 10:41:44.294681088,22.60093023255814,23.0,24.520465116279073,0.022964,338.25581952000005,22.614675881158558
3003,2021-12-20 10:41:44.433314560,22.591428571428573,23.0,24.759183673469387,0.017259,338.394452992,22.618542111529216
3004,2021-12-20 10:41:44.569051136,22.61,23.0,24.96,0.021741,338.530189568,22.622392798870052
3005,2021-12-20 10:41:44.629883648,22.566666666666666,23.0,24.864444444444445,0.022927,338.59102208,22.62622816365609
3006,2021-12-20 10:41:44.693139968,22.669583333333332,23.0,24.965,0.021271,338.6542784,22.63004842915036
3007,2021-12-20 10:41:44.792686848,22.634761904761906,23.0,24.740238095238094,0.020705,338.75382528,22.63385382169349
3008,2021-12-20 10:41:44.892827136,22.59673469387755,23.0,24.75,0.023375,338.853965568,22.637644570967268
3009,2021-12-20 10:41:44.993923072,22.74,23.0,24.75,0.021025,338.95506150399996,22.64142091022768
3010,2021-12-20 10:41:45.092373504,22.660408163265306,23.0,24.759591836734696,0.028573,339.05351193599995,22.645183076502963
3011,2021-12-20 10:41:45.194223616,22.69162790697674,23.0,24.76,0.020013,339.155362048,22.64893131075251
3012,2021-12-20 10:41:45.292945664,22.669583333333332,23.0,24.768958333333334,0.025515,339.254084096,22.65266585798253
3013,2021-12-20 10:41:45.393246976,22.67953488372093,23.0,24.769999999999996,0.018142,339.354385408,22.656386967314635
3014,2021-12-20 10:41:45.494071296,22.6869387755102,23.0,24.778163265306123,0.02787,339.455209728,22.660094892003873
3015,2021-12-20 10:41:45.594271744,22.6685,23.0,24.78,0.024329,339.555410176,22.663789889402963
3016,2021-12-20 10:41:45.691223552,22.698163265306125,23.0,24.787551020408163,0.015541,339.652361984,22.667472220869833
3017,2021-12-20 10:41:45.792772096,22.655348837209303,23.0,24.79,0.026537,339.753910528,22.671142151615864
3018,2021-12-20 10:41:45.897307648,22.74,23.0,24.796875,0.026853,339.85844608,22.67479995049275
3019,2021-12-20 10:41:46.009306880,22.709767441860464,23.0,24.8,0.021644,339.97044531200004,22.67844588971614
3020,2021-12-20 10:41:46.100957952,22.74,23.0,24.808108108108108,0.028378,340.06209638400003,22.682080244524727
3021,2021-12-20 10:41:46.196400896,22.676326530612243,23.0,24.81591836734694,0.024741,340.15753932800004,22.685703292773827
3022,2021-12-20 10:41:46.310904320,22.727906976744183,23.0,24.82,0.024259,340.27204275200006,22.689315314462938
3023,2021-12-20 10:41:46.454717696,22.74,23.0,24.825306122448982,0.023617,340.4158561280001,22.69291659119726
3024,2021-12-20 10:41:46.541138432,22.74,23.0,24.83,0.023647,340.50227686400007,22.6965074055836
3025,2021-12-20 10:41:46.595845632,22.74,23.0,24.94604651162791,0.023266,340.55698406400006,22.700088040561578
3026,2021-12-20 10:41:46.698470144,22.718775510204082,23.0,24.84448979591837,0.018797,340.65960857600004,22.703658778671503
3027,2021-12-20 10:41:46.798952448,22.719473684210524,23.0,24.988157894736844,0.02518,340.76009088000006,22.707219901260682
3028,2021-12-20 10:41:46.909392384,22.718775510204082,23.0,25.006938775510207,0.030479,340.87053081600004,22.710771687630483
3029,2021-12-20 10:41:47.006434816,22.74,23.0,24.865625,0.02144,340.96757324800006,22.714314414126875
3030,2021-12-20 10:41:47.094545408,22.729166666666668,23.0,24.87,0.020154,341.0556838400001,22.71784835317764
3031,2021-12-20 10:41:47.187956480,22.754594594594593,23.0,24.873783783783786,0.021607,341.14909491200007,22.72137377227983
3032,2021-12-20 10:41:47.287483392,22.72469387755102,23.0,24.941224489795918,0.023635,341.24862182400005,22.724890932941477
3033,2021-12-20 10:41:47.396947712,22.74,23.0,25.06560975609756,0.023981,341.358086144,22.728400089581992
3034,2021-12-20 10:41:47.549390848,22.74,23.0,24.89183673469388,0.024973,341.51052928,22.731901488395923
3035,2021-12-20 10:41:47.682743552,22.761599999999998,23.0,24.9,0.024666,341.643881984,22.73539536618526
3036,2021-12-20 10:41:47.732632832,22.85571428571429,23.0,24.90857142857143,0.029995,341.693771264,22.73888194916565
3037,2021-12-20 10:41:47.793374720,22.746041666666667,23.0,24.91,0.029307,341.754513152,22.742361451752295
3038,2021-12-20 10:41:47.892499200,22.791428571428572,23.0,24.910476190476192,0.018052,341.853637632,22.74583407533148
3039,2021-12-20 10:41:47.991372032,22.74,23.0,24.92,0.021262,341.952510464,22.74930000702396
3040,2021-12-20 10:41:48.093222144,22.758837209302325,23.0,24.920000000000005,0.019225,342.054360576,22.7527594184467
3041,2021-12-20 10:41:48.193050624,22.756530612244898,23.0,24.929795918367347,0.028043,342.154189056,22.75621246447955
3042,2021-12-20 10:41:48.294619136,22.758837209302325,23.0,24.93,0.021633,342.255757568,22.759659282043668
3043,2021-12-20 10:41:48.418939648,22.74,23.0,24.93916666666667,0.018025,342.38007808,22.763099988898468
3044,2021-12-20 10:41:48.554706432,22.74,23.0,24.94,0.021012,342.515844864,22.766534682464044
3045,2021-12-20 10:41:48.626089984,22.74,23.0,24.95,0.028078,342.58722841599996,22.76996343867587
3046,2021-12-20 10:41:48.693128448,22.789591836734694,23.0,24.95,0.021388,342.65426687999997,22.77338631087866
3047,2021-12-20 10:41:48.793620736,22.758837209302325,23.0,24.957441860465117,0.020918,342.75475916799996,22.776803328766135
3048,2021-12-20 10:41:48.893519616,22.74,23.0,24.96,0.012297,342.854658048,22.78021449737331
3049,2021-12-20 10:41:48.993438720,22.759285714285713,23.0,24.966666666666665,0.021835,342.95457715199996,22.783619796127734
3050,2021-12-20 10:41:49.092301568,22.74,23.0,24.97,0.028253,343.05343999999997,22.787019177965906
3051,2021-12-20 10:41:49.193347072,22.78395348837209,23.0,24.975813953488373,0.026323,343.154485504,22.790412568520853
3052,2021-12-20 10:41:49.293306368,22.806122448979593,23.0,24.98,0.025075,343.2544448,22.793799865386518
3053,2021-12-20 10:41:49.382764544,22.7653125,23.0,24.9834375,0.023824,343.343902976,22.797180937464386
3054,2021-12-20 10:41:49.499913472,22.75723404255319,23.0,24.99,0.022875,343.461051904,22.80055562439732
3055,2021-12-20 10:41:49.665704192,22.758,23.0,24.994666666666667,0.023521,343.626842624,22.80392373609525
3056,2021-12-20 10:41:49.729946368,22.75486956521739,23.0,24.99961594202899,0.015785,343.6910848,22.80728505235698
3057,2021-12-20 10:41:49.794198784,22.751739130434782,23.0,25.004565217391306,0.019037,343.755337216,22.810639322591854
3058,2021-12-20 10:41:49.894791680,22.804565217391303,23.0,25.01,0.022414,343.855930112,22.813986265644715
3059,2021-12-20 10:41:49.992125696,22.78609756097561,23.0,25.014634146341468,0.01957,343.953264128,22.81732556972698
3060,2021-12-20 10:41:50.100423168,22.778571428571425,23.0,25.02,0.01943,344.0615616,22.82065689245626
3061,2021-12-20 10:41:50.200654080,22.823076923076922,23.0,25.023846153846154,0.029433,344.161792512,22.823979861006396
3062,2021-12-20 10:41:50.297736448,22.817142857142855,23.0,25.03,0.021078,344.25887487999995,22.827294072369305
3063,2021-12-20 10:41:50.407170560,22.839473684210525,23.0,25.033157894736842,0.028181,344.3683089919999,22.830599093729553
3064,2021-12-20 10:41:50.552925184,22.811632653061224,23.0,25.04204081632653,0.022287,344.51406361599993,22.833894462952046
3065,2021-12-20 10:41:50.654131712,22.862727272727273,23.0,25.05,0.023531,344.6152701439999,22.837179689182722
3066,2021-12-20 10:41:50.706515200,22.813636363636363,23.0,24.99909090909091,0.028799,344.6676536319999,22.84045425356168
3067,2021-12-20 10:41:50.796416256,22.835624999999997,23.0,24.836041666666663,0.021059,344.75755468799986,22.8437176100476
3068,2021-12-20 10:41:50.893408256,22.85076923076923,23.0,25.06,0.024859,344.85454668799986,22.846969186351895
3069,2021-12-20 10:41:50.999281664,22.74,23.0,25.060408163265308,0.031972,344.96042009599984,22.850208384980522
3070,2021-12-20 10:41:51.100971008,22.81297297297297,23.0,25.07,0.025417,345.06210943999986,22.85343458438098
3071,2021-12-20 10:41:51.196102144,22.86122448979592,23.0,25.07,0.020248,345.1572405759999,22.856647140191445
3072,2021-12-20 10:41:51.297459456,22.823076923076922,23.0,24.836153846153845,0.027183,345.2585978879999,22.859845386588614
3073,2021-12-20 10:41:51.437832960,22.813125,23.0,24.83,0.019871,345.3989713919999,22.863028637730405
3074,2021-12-20 10:41:51.564285696,22.89576923076923,23.0,24.83,0.022981,345.5254241279999,22.86619618928911
3075,2021-12-20 10:41:51.623488768,22.891875,23.0,25.08,0.015862,345.5846271999999,22.869347320070343
3076,2021-12-20 10:41:51.694922752,22.806122448979593,23.0,25.08,0.01961,345.6560611839999,22.872481293712703
3077,2021-12-20 10:41:51.795163648,22.92209302325581,23.0,24.89581395348837,0.021054,345.7563020799999,22.875597360462574
3078,2021-12-20 10:41:51.894479104,22.86673469387755,23.0,24.840000000000003,0.026776,345.8556175359999,22.878694759018362
3079,2021-12-20 10:41:51.994307584,22.878139534883722,23.0,24.839999999999996,0.023543,345.9554460159999,22.881772718438018
3080,2021-12-20 10:41:52.094347264,22.877755102040815,23.0,24.840000000000003,0.027062,346.0554856959999,22.884830460103505
3081,2021-12-20 10:41:52.194115328,22.900714285714287,23.0,24.988809523809522,0.027146,346.1552537599999,22.887867199735542
3082,2021-12-20 10:41:52.293993984,22.94938775510204,23.0,24.931836734693878,0.026816,346.25513241599987,22.890882149451855
3083,2021-12-20 10:41:52.389235968,22.9725,23.0,24.844444444444445,0.019853,346.35037439999985,22.893874519861882
3084,2021-12-20 10:41:52.519369984,22.88877551020408,23.0,24.85,0.025978,346.48050841599985,22.896843522190803
3085,2021-12-20 10:41:52.662891776,22.840285714285713,23.0,24.932285714285715,0.025482,346.62403020799985,22.899788370425593
3086,2021-12-20 10:41:52.729869824,22.74,23.0,24.85,0.021154,346.69100825599986,22.902708283475615
3087,2021-12-20 10:41:52.794252800,22.88877551020408,23.0,24.962244897959184,0.026332,346.75539123199985,22.905602487340314
3088,2021-12-20 10:41:52.894835712,22.926428571428573,23.0,25.01666666666667,0.02056,346.85597414399984,22.90847021727643
3089,2021-12-20 10:41:52.994030592,22.910816326530615,23.0,24.85387755102041,0.020718,346.9551690239999,22.911310719957182
3090,2021-12-20 10:41:53.094663680,22.926428571428573,23.0,24.857380952380954,0.025822,347.05580211199987,22.914123255615817
3091,2021-12-20 10:41:53.192701696,23.01,23.0,24.850000000000005,0.02256,347.15384012799984,22.916907100165915
3092,2021-12-20 10:41:53.287038464,22.944324324324327,23.0,24.85,0.028784,347.24817689599985,22.919661547290957
3093,2021-12-20 10:41:53.408089856,22.936875,23.0,24.912500000000005,0.029359,347.3692282879999,22.92238591049572
3094,2021-12-20 10:41:53.566809600,22.960909090909094,23.0,25.06590909090909,0.024188,347.52794803199987,22.925079525112185
3095,2021-12-20 10:41:53.630146560,22.9606586270872,23.0,24.962954545454544,0.025551,347.5912849919999,22.927741750252828
3096,2021-12-20 10:41:53.693493504,22.960408163265306,23.0,24.859999999999996,0.025548,347.6546319359999,22.930371970704286
3097,2021-12-20 10:41:53.794076416,22.953488372093023,23.0,24.86,0.020076,347.75521484799987,22.93296959875475
3098,2021-12-20 10:41:53.893190656,22.944,23.0,25.087777777777777,0.027489,347.8543290879999,22.935534075948564
3099,2021-12-20 10:41:54.004395264,22.9468085106383,23.0,24.860000000000003,0.022191,347.96553369599985,22.938064874761814
3100,2021-12-20 10:41:54.101970688,22.919999999999998,23.0,25.103589743589744,0.028586,348.06310911999987,22.940561500192928
3101,2021-12-20 10:41:54.199163648,22.92734693877551,23.0,24.859999999999996,0.025187,348.16030207999984,22.943023491262643
3102,2021-12-20 10:41:54.314471936,22.94093023255814,23.0,24.869767441860468,0.021988,348.27561036799983,22.945450422417984
3103,2021-12-20 10:41:54.456062464,22.92,23.0,24.87,0.020951,348.4172008959998,22.94784190483518
3104,2021-12-20 10:41:54.538761728,23.01,23.0,24.87,0.022798,348.4999001599998,22.950197587616817
3105,2021-12-20 10:41:54.594444288,22.974782608695655,23.0,24.87,0.029645,348.5555827199998,22.952517158878905
3106,2021-12-20 10:41:54.695550208,22.98652173913044,23.0,24.87,0.019941,348.6566886399998,22.954800346723797
3107,2021-12-20 10:41:54.794694656,23.00413043478261,23.0,24.87,0.032853,348.7558330879998,22.957046920095326
3108,2021-12-20 10:41:54.896293376,22.945434782608697,23.0,24.87,0.017492,348.85743180799983,22.95925668951289
3109,2021-12-20 10:41:54.994351616,23.01,23.0,24.87,0.025457,348.95549004799983,22.961429507681586
3110,2021-12-20 10:41:55.095447296,22.987021276595748,23.0,24.87,0.024664,349.05658572799985,22.96356526997594
3111,2021-12-20 10:41:55.191644928,22.94925,23.0,25.07625,0.025085,349.15278335999983,22.965663914795186
3112,2021-12-20 10:41:55.295798272,22.971428571428575,23.0,24.96183673469388,0.022076,349.2569367039998,22.96772542378834
3113,2021-12-20 10:41:55.411297536,22.995789473684212,23.0,24.87,0.026037,349.3724359679998,22.96974982194782
3114,2021-12-20 10:41:55.556750336,23.015510204081632,23.0,24.87,0.033273,349.5178887679998,22.97173717757076
3115,2021-12-20 10:41:55.652273920,22.942500000000003,23.0,24.87,0.026423,349.6134123519998,22.973687602087647
3116,2021-12-20 10:41:55.703762432,23.002702702702702,23.0,24.87,0.021579,349.6649008639998,22.975601249758096
3117,2021-12-20 10:41:55.798732544,22.932857142857145,23.0,24.87,0.02826,349.7598709759998,22.977478317234148
3118,2021-12-20 10:41:55.906738432,23.01,23.0,24.869999999999997,0.022572,349.86787686399975,22.979319042991865
3119,2021-12-20 10:41:56.035102208,23.01,23.0,24.87,0.017503,349.99624063999977,22.98112370663228
3120,2021-12-20 10:41:56.124228864,23.01,23.0,24.87,0.023724,350.0853672959998,22.98289262805319
3121,2021-12-20 10:41:56.194425600,22.99875,23.0,24.87,0.020145,350.1555640319998,22.98462616649353
3122,2021-12-20 10:41:56.294626048,22.984883720930235,23.0,24.87,0.023516,350.2557644799998,22.986324719452693
3123,2021-12-20 10:41:56.422869248,22.971428571428575,23.0,24.87,0.021289,350.3840076799998,22.98798872148714
3124,2021-12-20 10:41:56.553938688,22.97914285714286,23.0,24.87,0.029281,350.5150771199998,22.989618642887283
3125,2021-12-20 10:41:56.624578048,23.01,23.0,24.972941176470588,0.027941,350.58571647999975,22.99121498823772
3126,2021-12-20 10:41:56.697108480,22.960408163265306,23.0,24.910816326530615,0.02041,350.65824691199975,22.9927782948644
3127,2021-12-20 10:41:56.797268736,22.99744186046512,23.0,25.0793023255814,0.019065,350.75840716799974,22.994309131172443
3128,2021-12-20 10:41:56.895125760,22.9875,23.0,24.870833333333334,0.030243,350.85626419199974,22.995808094878566
3129,2021-12-20 10:41:56.994471424,22.997727272727275,23.0,24.88,0.030097,350.95560985599974,22.997275811142536
3130,2021-12-20 10:41:57.095567360,23.004489795918367,23.0,24.88,0.025249,351.0567057919997,22.99871293060209
3131,2021-12-20 10:41:57.196290816,22.99744186046512,23.0,24.88,0.026327,351.15742924799974,23.00012012731613
3132,2021-12-20 10:41:57.296561920,22.998979591836736,23.0,24.88,0.02126,351.25770035199974,23.001498096621248
3133,2021-12-20 10:41:57.391441664,23.017500000000002,23.0,24.88,0.028548,351.35258009599977,23.00284755290668
3134,2021-12-20 10:41:57.524442368,23.01,23.0,24.88,0.022521,351.48558079999975,23.004169227313167
3135,2021-12-20 10:41:57.668155136,23.01,23.0,24.88,0.022058,351.62929356799975,23.005463865361246
3136,2021-12-20 10:41:57.732598528,23.01,23.0,24.88,0.025197,351.69373695999974,23.006732224514757
3137,2021-12-20 10:41:57.794135296,22.98795918367347,23.0,24.88,0.031855,351.75527372799974,23.00797507168546
3138,2021-12-20 10:41:57.894888960,22.991162790697675,23.0,24.88,0.027089,351.85602739199976,23.00919318068488
3139,2021-12-20 10:41:57.995502080,23.01,23.0,24.88,0.026604,351.95664051199975,23.01038732962951
3140,2021-12-20 10:41:58.095018752,23.01,23.0,24.88,0.028931,352.05615718399974,23.01155829830578
3141,2021-12-20 10:41:58.192151552,23.032040816326536,23.0,25.04836734693877,0.02309,352.15328998399974,23.012706865501137
3142,2021-12-20 10:41:58.294192896,23.028837209302324,23.0,24.984651162790694,0.022654,352.2553313279997,23.013833806307797
3143,2021-12-20 10:41:58.420927232,23.01,23.0,24.88,0.022446,352.38206566399975,23.01493988940577
3144,2021-12-20 10:41:58.560656896,22.996153846153845,23.0,24.88,0.018682,352.52179532799977,23.016025874331874
3145,2021-12-20 10:41:58.630934016,23.091,23.0,24.88,0.027119,352.5920724479998,23.017092508741445
3146,2021-12-20 10:41:58.694995456,22.99875,23.0,24.88,0.021785,352.6561338879998,23.018140525669576
3147,2021-12-20 10:41:58.787642112,23.01,23.0,24.88,0.025479,352.74878054399977,23.019170640798727
3148,2021-12-20 10:41:58.884855552,23.037551020408166,23.0,24.88,0.015929,352.8459939839998,23.020183549739514
3149,2021-12-20 10:41:58.993645824,23.029756097560977,23.0,24.88,0.017717,352.9547842559998,23.021179925331552
3150,2021-12-20 10:41:59.094158336,23.01,23.0,24.88,0.021515,353.05529676799983,23.02216041497127
3151,2021-12-20 10:41:59.196270080,23.034545454545455,23.0,24.88,0.021479,353.15740851199985,23.02312563797351
3152,2021-12-20 10:41:59.323366400,23.01,23.0,24.88,0.016913,353.28450483199987,23.02407618297368
3153,2021-12-20 10:41:59.485626624,23.01,23.0,24.88,0.028643,353.4467650559999,23.025012605377274
3154,2021-12-20 10:41:59.545091328,23.01,23.0,24.88,0.020142,353.5062297599999,23.025935424863412
3155,2021-12-20 10:41:59.604555776,23.01,23.0,24.88,0.025272,353.5656942079999,23.02684512294898
3156,2021-12-20 10:41:59.699063552,22.993469387755102,23.0,24.88,0.023326,353.6602019839999,23.027742140619825
3157,2021-12-20 10:41:59.798610432,23.053953488372095,23.0,24.88,0.022136,353.7597488639999,23.02862687603538
3158,2021-12-20 10:41:59.899293696,23.01,23.0,24.88,0.022993,353.8604321279999,23.0294996823129
3159,2021-12-20 10:41:59.997794560,23.016279069767442,23.0,24.88,0.022888,353.9589329919999,23.030360865397427
3160,2021-12-20 10:42:00.097552640,23.04857142857143,23.0,24.88,0.018541,354.05869107199993,23.03121068202333
3161,2021-12-20 10:42:00.194031616,23.030250000000002,23.0,24.88,0.018027,354.15517004799995,23.03204933777314
3162,2021-12-20 10:42:00.295288320,23.01,23.0,24.63,0.022989,354.2564267519999,23.032876985239234
3163,2021-12-20 10:42:00.407458304,23.045526315789473,23.0,24.866842105263157,0.021294,354.3685967359999,23.0336937222937
3164,2021-12-20 10:42:00.565423616,23.055000000000003,23.0,24.870625,0.019406,354.5265620479999,23.034499590471523
3165,2021-12-20 10:42:00.684976384,23.060625,23.0,24.87,0.019758,354.6461148159999,23.035294573471965
3166,2021-12-20 10:42:00.726185216,23.051538461538463,23.0,24.87,0.027768,354.6873236479999,23.03607859578296
3167,2021-12-20 10:42:00.794320128,23.0265306122449,23.0,24.87,0.029293,354.7554585599999,23.03685152143283
3168,2021-12-20 10:42:00.894732032,23.022558139534883,23.0,24.87,0.016393,354.8558704639999,23.037613152873636
3169,2021-12-20 10:42:00.993916672,23.01,23.0,24.87,0.019854,354.9550551039999,23.038363230000154
3170,2021-12-20 10:42:01.093906176,23.041395348837213,23.0,24.87,0.028548,355.0550446079999,23.039101429308133
3171,2021-12-20 10:42:01.194126848,23.043061224489797,23.0,24.87,0.025056,355.15526527999987,23.039827363195283
3172,2021-12-20 10:42:01.297204224,23.060232558139536,23.0,24.87,0.025629,355.25834265599985,23.04054057940819
3173,2021-12-20 10:42:01.429470464,23.01,23.0,24.87,0.03031,355.39060889599983,23.041240560637966
3174,2021-12-20 10:42:01.552744960,23.01,23.0,24.87,0.029834,355.51388339199985,23.041926724267178
3175,2021-12-20 10:42:01.620195840,23.04857142857143,23.0,24.869999999999997,0.021944,355.5813342719999,23.042598422270288
3176,2021-12-20 10:42:01.696779520,23.038125000000004,23.0,24.87,0.026251,355.6579179519999,23.043254941269492
3177,2021-12-20 10:42:01.791900672,23.08105263157895,23.0,24.87,0.026695,355.75303910399987,23.04389550274745
3178,2021-12-20 10:42:01.894284032,23.01,23.0,24.87,0.032138,355.85542246399984,23.04451926341818
3179,2021-12-20 10:42:01.998568192,23.01,23.0,24.87,0.023328,355.95970662399986,23.045125315756966
3180,2021-12-20 10:42:02.095097600,23.015510204081632,23.0,24.87,0.027715,356.05623603199984,23.045712688689747
3181,2021-12-20 10:42:02.196203520,23.066511627906976,23.0,24.87,0.024158,356.15734195199985,23.046280348442156
3182,2021-12-20 10:42:02.295368192,23.038125000000004,23.0,24.87,0.02358,356.2565066239998,23.04682719954791
3183,2021-12-20 10:42:02.389624320,23.031891891891895,23.0,24.87,0.02764,356.3507627519998,23.047352086015877
3184,2021-12-20 10:42:02.516167424,23.01,23.0,24.87,0.024261,356.4773058559998,23.0478537926549
3185,2021-12-20 10:42:02.669717248,23.030250000000002,23.0,24.87,0.022248,356.6308556799998,23.04833104655493
3186,2021-12-20 10:42:02.738103552,23.145000000000003,21.0,24.87,0.025679,356.6992419839998,23.048782518722746
3187,2021-12-20 10:42:02.794701568,23.037551020408166,21.0,24.607142857142858,0.025649,356.7558399999998,23.049206825870076
3188,2021-12-20 10:42:02.894600448,23.01,21.0,23.03,0.035135,356.8557388799998,23.049602532351614
3189,2021-12-20 10:42:02.992014848,23.0265306122449,21.0,22.987551020408162,0.031836,356.9531532799998,23.049968152249992
3190,2021-12-20 10:42:03.093623552,23.028837209302324,21.0,22.95,0.020258,357.0547619839998,23.050302151604512
3191,2021-12-20 10:42:03.193542656,23.065102040816328,21.0,22.909999999999997,0.026153,357.1546810879998,23.05060295077986
3192,2021-12-20 10:42:03.296157184,23.047674418604654,21.0,22.87,0.025191,357.2572956159998,23.050868926970853
3193,2021-12-20 10:42:03.417218816,23.040000000000003,21.0,22.83,0.025773,357.3783572479998,23.051098416838794
3194,2021-12-20 10:42:03.572398080,23.02723404255319,21.0,22.79255319148936,0.022725,357.53353651199984,23.05128971927471
3195,2021-12-20 10:42:03.635060992,23.04316247582205,21.0,22.627185686653775,0.027306,357.59619942399985,23.051441098284332
3196,2021-12-20 10:42:03.697724160,23.05909090909091,21.0,22.461818181818185,0.025941,357.6588625919998,23.051550785989395
3197,2021-12-20 10:42:03.799825920,23.026875,21.0,22.622500000000002,0.032691,357.7609643519998,23.051616985739386
3198,2021-12-20 10:42:03.897190144,23.085,21.0,22.36,0.02887,357.8583285759998,23.05163787532767
3199,2021-12-20 10:42:04.006936064,23.0265306122449,21.0,22.32897959183673,0.030988,357.9680744959998,23.051611610305415
3200,2021-12-20 10:42:04.107005696,23.059090909090912,21.0,22.485454545454544,0.024188,358.0681441279998,23.051536327386483
3201,2021-12-20 10:42:04.196896768,23.059591836734697,21.0,22.49530612244898,0.027852,358.1580351999998,23.051410147936235
3202,2021-12-20 10:42:04.295136000,23.040000000000003,21.0,22.45888888888889,0.020491,358.2562744319998,23.051231181536778
3203,2021-12-20 10:42:04.435851264,23.0265306122449,21.0,22.41469387755102,0.024721,358.3969896959998,23.050997529621
3204,2021-12-20 10:42:04.562193408,23.032500000000002,21.0,22.39333333333333,0.032178,358.5233318399998,23.050707289167363
3205,2021-12-20 10:42:04.622080512,23.01,21.0,22.32,0.028064,358.5832189439998,23.050358556447215
3206,2021-12-20 10:42:04.696813568,23.026875,21.0,22.299166666666668,0.027683,358.6579519999998,23.049949430816067
3207,2021-12-20 10:42:04.796219648,23.04857142857143,21.0,22.16261904761905,0.024186,358.7573580799998,23.049478018540086
3208,2021-12-20 10:42:04.895565312,23.01,21.0,22.084285714285713,0.023403,358.8567037439998,23.048942436648755
3209,2021-12-20 10:42:04.996258816,23.022558139534883,21.0,22.184186046511627,0.028864,358.9573972479998,23.048340816804515
3210,2021-12-20 10:42:05.096107264,23.01,21.0,22.144489795918364,0.024901,359.05724569599977,23.04767130917994
3211,2021-12-20 10:42:05.191268608,23.031315789473684,21.0,22.107368421052634,0.028214,359.1524070399998,23.046932086332806
3212,2021-12-20 10:42:05.290262272,23.032040816326536,21.0,22.066938775510202,0.028331,359.25140070399976,23.046121347069334
3213,2021-12-20 10:42:05.394717696,23.043750000000003,21.0,22.031,0.026113,359.35585612799974,23.04523732028569
3214,2021-12-20 10:42:05.526340352,23.043061224489797,21.0,21.99020408163265,0.029175,359.48747878399973,23.04427826877775
3215,2021-12-20 10:42:05.661332480,23.01,21.0,21.96,0.026025,359.62247091199976,23.04324249300905
3216,2021-12-20 10:42:05.728189952,23.009999999999998,21.0,21.88923076923077,0.02792,359.68932838399974,23.04212833482679
3217,2021-12-20 10:42:05.796324864,23.04857142857143,21.0,21.8734693877551,0.027546,359.75746329599974,23.040934181115748
3218,2021-12-20 10:42:05.894835712,23.023170731707317,21.0,21.833170731707316,0.026425,359.85597414399973,23.039658467380022
3219,2021-12-20 10:42:05.996132608,23.015625,21.0,21.796666666666667,0.033069,359.95727103999974,23.03829968124253
3220,2021-12-20 10:42:06.098012928,23.01,21.0,21.75692307692308,0.032276,360.05915135999976,23.036856365852397
3221,2021-12-20 10:42:06.194944512,23.043061224489797,21.0,21.719183673469388,0.030444,360.15608294399976,23.035327123190367
3222,2021-12-20 10:42:06.289432064,23.01,21.0,21.68,0.038287,360.25057049599974,23.033710617262653
3223,2021-12-20 10:42:06.410765312,23.021020408163263,21.0,21.640000000000004,0.031606,360.3719037439997,23.03200557717384
3224,2021-12-20 10:42:06.567453184,23.041395348837213,21.0,21.60186046511628,0.029142,360.52859161599974,23.030210800069725
3225,2021-12-20 10:42:06.638997760,23.28,21.0,21.55,0.034496,360.60013619199975,23.02832515394121
3226,2021-12-20 10:42:06.693946112,23.043061224489797,21.0,21.514897959183674,0.026136,360.65508454399975,23.026347580280902
3227,2021-12-20 10:42:06.793935616,23.029285714285713,21.0,21.476666666666667,0.022767,360.75507404799976,23.024277096584296
3228,2021-12-20 10:42:06.890273792,23.065227272727274,21.0,21.433636363636364,0.029791,360.8514122239998,23.02211279868802
3229,2021-12-20 10:42:06.999959296,23.01,21.0,21.398333333333337,0.029542,360.9610977279998,23.019853862938064
3230,2021-12-20 10:42:07.100612608,23.023170731707317,21.0,21.35390243902439,0.022237,361.0617510399998,23.017499548181345
3231,2021-12-20 10:42:07.199887872,23.026875,21.0,21.320833333333333,0.034202,361.16102630399985,23.015049197574676
3232,2021-12-20 10:42:07.306596096,23.03454545454546,21.0,21.273636363636363,0.032863,361.26773452799983,23.01250224020568
3233,2021-12-20 10:42:07.454825216,23.015510204081632,21.0,21.242244897959186,0.034395,361.41596364799983,23.009858192520767
3234,2021-12-20 10:42:07.567236608,23.072307692307692,21.0,21.23,0.03037,361.52837503999984,23.007116659555905
3235,2021-12-20 10:42:07.616743424,23.009999999999998,21.0,21.15,0.044123,361.57788185599986,23.004277335966616
3236,2021-12-20 10:42:07.699995904,22.998979591836736,21.0,21.126326530612246,0.02479,361.66113433599986,23.00134000685414
3237,2021-12-20 10:42:07.796665856,22.995789473684212,21.0,21.087894736842106,0.038082,361.7578042879999,22.998304548385555
3238,2021-12-20 10:42:07.901775104,23.01,21.0,21.049591836734695,0.02614,361.8629135359999,22.99517092820614
3239,2021-12-20 10:42:08.002609408,23.049705882352942,21.0,21.015882352941176,0.03069,361.9637478399999,22.991939205643007
3240,2021-12-20 10:42:08.095306496,23.0265306122449,21.0,20.971224489795915,0.037949,362.0564449279999,22.988609531699744
3241,2021-12-20 10:42:08.190910464,23.0172972972973,21.0,20.94027027027027,0.034774,362.1520488959999,22.985182148842426
3242,2021-12-20 10:42:08.287892480,22.998979591836736,21.0,20.893673469387757,0.03349,362.2490309119999,22.981657390578064
3243,2021-12-20 10:42:08.388062976,23.002702702702702,21.0,20.904054054054054,0.030061,362.3492014079999,22.978035680827304
3244,2021-12-20 10:42:08.508752128,23.02125,21.0,20.98333333333333,0.033539,362.4698905599999,22.97431753309389
3245,2021-12-20 10:42:08.662945792,23.016136363636363,21.0,20.835,0.029293,362.6240842239999,22.970503549434053
3246,2021-12-20 10:42:08.737216000,23.01,21.0,20.72,0.043217,362.69835443199986,22.966594419229715
3247,2021-12-20 10:42:08.794638848,22.998979591836736,21.0,20.711020408163265,0.045738,362.75577727999985,22.962590917770036
3248,2021-12-20 10:42:08.896096768,22.947209302325582,21.0,20.676279069767443,0.035156,362.8572351999998,22.95849390464654
3249,2021-12-20 10:42:08.997735680,22.993125000000003,21.0,20.63416666666667,0.032966,362.9588741119998,22.95430432196771
3250,2021-12-20 10:42:09.101406464,23.01,21.0,20.6,0.03469,363.0625448959998,22.950023192399524
3251,2021-12-20 10:42:09.197070848,23.004,21.0,20.556444444444445,0.042042,363.15820927999977,22.945651617039065
3252,2021-12-20 10:42:09.299695360,22.969787234042556,21.0,20.51914893617021,0.037624,363.26083379199974,22.94119077312886
3253,2021-12-20 10:42:09.415104256,22.975384615384616,21.0,20.478974358974362,0.037975,363.37624268799976,22.936641911620143
3254,2021-12-20 10:42:09.563544320,22.98795918367347,21.0,20.44,0.039248,363.52468275199976,22.932006354593874
3255,2021-12-20 10:42:09.652942336,23.01,21.0,20.4,0.042051,363.6140807679998,22.92728549254869
3256,2021-12-20 10:42:09.701735168,22.95731707317073,21.0,20.36,0.042437,363.6628735999998,22.92248078156547
3257,2021-12-20 10:42:09.800145408,22.938367346938776,21.0,20.32326530612245,0.036288,363.7612838399998,22.917593740358523
3258,2021-12-20 10:42:09.899822848,22.94925,21.0,20.282000000000004,0.04078,363.8609612799998,22.91262594722386
3259,2021-12-20 10:42:10.008251136,22.850204081632654,21.0,20.245714285714286,0.043814,363.9693895679998,22.90757903689513
3260,2021-12-20 10:42:10.106721792,22.8525,21.0,20.420833333333334,0.043928,364.06786022399984,22.902454697318174
3261,2021-12-20 10:42:10.198775296,22.835624999999997,21.0,20.418333333333333,0.043236,364.1599137279998,22.89725466635521
3262,2021-12-20 10:42:10.307032576,22.890697674418604,21.0,20.382093023255816,0.043058,364.2681710079998,22.89198072842974
3263,2021-12-20 10:42:10.449900288,22.839183673469385,21.0,20.349183673469387,0.042168,364.4110387199998,22.886634711123378
3264,2021-12-20 10:42:10.548008960,22.823076923076922,21.0,20.34,0.038869,364.5091473919998,22.881218481735687
3265,2021-12-20 10:42:10.606558208,22.834864864864866,21.0,20.234324324324323,0.042267,364.56769663999984,22.875733943817984
3266,2021-12-20 10:42:10.701065728,22.872244897959185,21.0,20.246326530612247,0.05053,364.6622041599998,22.870183033691948
3267,2021-12-20 10:42:10.795291904,22.799999999999997,21.0,20.200000000000003,0.043161,364.7564303359998,22.864567716963606
3268,2021-12-20 10:42:10.897544448,22.74,21.0,20.17469387755102,0.032123,364.85868287999983,22.85888998504302
3269,2021-12-20 10:42:11.000571392,22.816153846153846,21.0,20.135384615384616,0.053698,364.96170982399985,22.85315185167966
3270,2021-12-20 10:42:11.097442560,22.80061224489796,21.0,20.1065306122449,0.048387,365.05858099199986,22.847355349523067
3271,2021-12-20 10:42:11.192010752,22.79108108108108,21.0,20.068378378378377,0.047306,365.15314918399986,22.841502526718113
3272,2021-12-20 10:42:11.291959808,22.817142857142855,21.0,20.038367346938774,0.042902,365.2530982399999,22.83559544354358
3273,2021-12-20 10:42:11.394272768,22.769999999999996,21.0,20.005555555555556,0.050189,365.3554111999999,22.829636169102425
3274,2021-12-20 10:42:11.537583104,22.76755102040816,21.0,19.970816326530613,0.041287,365.4987215359999,22.823626778071635
3275,2021-12-20 10:42:11.681255680,22.767,21.0,19.95,0.045991,365.64239411199986,22.817569347518937
3276,2021-12-20 10:42:11.737330432,22.875,21.0,19.88,0.047203,365.69846886399984,22.811465953793274
3277,2021-12-20 10:42:11.796151296,22.745510204081633,21.0,19.871020408163265,0.046769,365.7572897279998,22.805318669495346
3278,2021-12-20 10:42:11.896995840,22.765714285714285,21.0,19.855,0.048436,365.8581342719998,22.799129560534027
3279,2021-12-20 10:42:11.994249216,22.768124999999998,21.0,20.00916666666667,0.047048,365.9553876479998,22.792900683274016
3280,2021-12-20 10:42:12.095194112,22.74,21.0,19.767954545454543,0.051518,366.0563325439998,22.786634081779475
3281,2021-12-20 10:42:12.195938048,22.795102040816328,21.0,19.717142857142857,0.050069,366.15707647999983,22.780331785157937
3282,2021-12-20 10:42:12.296852736,22.74738095238095,21.0,19.47,0.048196,366.2579911679998,22.77399580500826
3283,2021-12-20 10:42:12.420861440,22.756530612244898,21.0,19.664285714285715,0.052158,366.3819998719998,22.767628132975936
3284,2021-12-20 10:42:12.564262400,22.753170731707318,21.0,19.39,0.050826,366.52540083199983,22.76123073841861
3285,2021-12-20 10:42:12.633553920,22.74,21.0,19.6,0.050677,366.5946923519998,22.75480556618418
3286,2021-12-20 10:42:12.694587392,22.773061224489794,21.0,19.327755102040815,0.059422,366.65572582399983,22.748354534503388
3287,2021-12-20 10:42:12.792152832,22.726666666666663,21.0,19.503846153846155,0.054954,366.7532912639998,22.741879532998418
3288,2021-12-20 10:42:12.891719680,22.729387755102042,21.0,19.48326530612245,0.048356,366.8528581119998,22.735382420808683
3289,2021-12-20 10:42:12.998528768,22.740487804878047,21.0,19.453658536585365,0.049707,366.9596671999998,22.72886502483451
3290,2021-12-20 10:42:13.097300992,22.712978723404255,21.0,19.414255319148936,0.05915,367.0584394239998,22.72232913809907
3291,2021-12-20 10:42:13.199925760,22.71688888888889,21.0,19.38533333333333,0.055598,367.1610641919998,22.71577651822872
3292,2021-12-20 10:42:13.318874880,22.74,21.0,19.346222222222224,0.052299,367.2800133119998,22.70920888605138
3293,2021-12-20 10:42:13.464961536,22.718297872340425,21.0,19.317659574468085,0.064311,367.42609996799985,22.70262792431251
3294,2021-12-20 10:42:13.539090944,22.74,21.0,19.52,0.048652,367.5002293759998,22.696035276507843
3295,2021-12-20 10:42:13.594854144,22.718775510204082,21.0,19.325714285714284,0.056917,367.5559925759998,22.689432545831846
3296,2021-12-20 10:42:13.696402688,22.66363636363636,21.0,19.375,0.057823,367.65754111999985,22.682821294240632
3297,2021-12-20 10:42:13.796693760,22.713125,21.0,19.285,0.058215,367.75783219199985,22.676203041627858
3298,2021-12-20 10:42:13.896934656,22.670243902439022,21.0,19.282439024390246,0.051929,367.85807308799986,22.66957926511193
3299,2021-12-20 10:42:13.994158080,22.68583333333333,21.0,19.232499999999998,0.058671,367.95529651199985,22.66295139843268
3300,2021-12-20 10:42:14.096269568,22.69272727272727,21.0,19.095,0.062099,368.05740799999984,22.656320831455517
3301,2021-12-20 10:42:14.191752960,22.696666666666665,21.0,19.062142857142856,0.060615,368.15289139199984,22.64968890978101
3302,2021-12-20 10:42:14.297757184,22.708163265306123,21.0,19.030408163265307,0.061688,368.25889561599985,22.643056934457444
3303,2021-12-20 10:42:14.421021440,22.644878048780487,21.0,18.99390243902439,0.06371,368.3821598719999,22.636426161794063
3304,2021-12-20 10:42:14.573012224,22.605,21.0,18.963333333333335,0.051299,368.5341506559999,22.629797803272403
3305,2021-12-20 10:42:14.661867008,22.545,21.0,18.94,0.058295,368.6230054399999,22.623173025553097
3306,2021-12-20 10:42:14.706032896,22.61,21.0,19.135833333333334,0.065878,368.6671713279999,22.61655295057529
3307,2021-12-20 10:42:14.800852480,22.570204081632653,21.0,19.110816326530614,0.065631,368.7619909119999,22.60993865574579
3308,2021-12-20 10:42:14.898065664,22.704864864864863,21.0,18.984054054054052,0.063693,368.85920409599987,22.603331174214876
3309,2021-12-20 10:42:15.004703744,22.548979591836737,21.0,18.872857142857143,0.060169,368.96584217599985,22.596731495235563
3310,2021-12-20 10:42:15.105055232,22.61,21.0,18.931176470588237,0.055392,369.06619366399985,22.590140564602976
3311,2021-12-20 10:42:15.197390336,22.591836734693878,21.0,18.80142857142857,0.067453,369.1585287679999,22.583559285170317
3312,2021-12-20 10:42:15.304651776,22.516279069767442,21.0,18.95232558139535,0.059375,369.2657902079999,22.576988517437805
3313,2021-12-20 10:42:15.453303040,22.527755102040814,21.0,18.924489795918365,0.054915,369.4144414719999,22.57042908021086
3314,2021-12-20 10:42:15.574233856,22.515454545454546,21.0,18.9,0.058613,369.5353722879999,22.563881751323553
3315,2021-12-20 10:42:15.626567168,22.52875,21.0,18.85875,0.060812,369.5877055999999,22.557347268423275
3316,2021-12-20 10:42:15.697246720,22.528750000000002,21.0,18.816666666666666,0.054629,369.6583851519999,22.550826329812494
3317,2021-12-20 10:42:15.791875072,22.521052631578947,21.0,18.57157894736842,0.066374,369.75301350399985,22.544319595343183
3318,2021-12-20 10:42:15.892829952,22.49061224489796,21.0,18.779387755102043,0.065479,369.85396838399987,22.537827687359428
3319,2021-12-20 10:42:15.998281216,22.513333333333332,21.0,18.75,0.067312,369.9594196479999,22.53135119168368
3320,2021-12-20 10:42:16.096600832,22.511836734693876,21.0,18.720612244897957,0.06394,370.0577392639999,22.524890658641937
3321,2021-12-20 10:42:16.198390528,22.516279069767442,21.0,18.453023255813953,0.061962,370.15952895999993,22.518446604123103
3322,2021-12-20 10:42:16.296830976,22.49625,21.0,18.641666666666666,0.058403,370.25796940799995,22.51201951066765
3323,2021-12-20 10:42:16.396599296,22.510232558139535,21.0,18.62558139534884,0.060441,370.35773772799996,22.505609828580706
3324,2021-12-20 10:42:16.497332992,22.49591836734694,21.0,18.594897959183672,0.062955,370.458471424,22.49921797706469
3325,2021-12-20 10:42:16.597473280,22.5125,21.0,18.56675,0.058847,370.55861171199996,22.49284434536653
3326,2021-12-20 10:42:16.695279872,22.48530612244898,21.0,18.536734693877552,0.056599,370.65641830399994,22.486489293934692
3327,2021-12-20 10:42:16.796174592,22.492682926829268,21.0,18.508780487804877,0.06517,370.7573130239999,22.480153155581174
3328,2021-12-20 10:42:16.905829888,22.49083333333333,21.0,18.47875,0.067371,370.86696831999996,22.473836236643848
3329,2021-12-20 10:42:17.032695040,22.48,21.0,18.450909090909093,0.060262,370.99383347199995,22.467538818144536
3330,2021-12-20 10:42:17.117516544,22.501666666666665,21.0,18.41,0.064013,371.07865497599994,22.461261156938424
3331,2021-12-20 10:42:17.198546176,22.49591836734694,21.0,18.391632653061222,0.068056,371.15968460799996,22.45500348685054
3332,2021-12-20 10:42:17.303373568,22.48,21.0,18.364250000000002,0.066452,371.26451199999997,22.44876601979534
3333,2021-12-20 10:42:17.455696128,22.45877551020408,21.0,18.338979591836736,0.068989,371.41683456,22.442548946875572
3334,2021-12-20 10:42:17.583275520,22.456363636363637,21.0,18.33,0.069482,371.54441395199996,22.436352439456908
3335,2021-12-20 10:42:17.630901504,22.48,21.0,18.27,0.07009,371.59203993599994,22.430176650215042
3336,2021-12-20 10:42:17.695727104,22.448163265306125,21.0,18.36857142857143,0.068178,371.65686553599994,22.424021714152325
3337,2021-12-20 10:42:17.796320000,22.455813953488374,21.0,18.379534883720932,0.068342,371.75745843199996,22.417887749581137
3338,2021-12-20 10:42:17.895736064,22.448163265306125,21.0,18.197755102040816,0.065656,371.856874496,22.411774859071727
3339,2021-12-20 10:42:17.997385216,22.444545454545455,21.0,18.25,0.075553,371.958523648,22.405683130362426
3340,2021-12-20 10:42:18.097193472,22.458333333333332,21.0,18.30666666666667,0.071301,372.058331904,22.39961263723053
3341,2021-12-20 10:42:18.196136704,22.418095238095237,21.0,18.115714285714287,0.06686,372.157275136,22.39356344032239
3342,2021-12-20 10:42:18.295251200,22.416326530612245,21.0,18.092040816326534,0.066778,372.25638963200004,22.38753558794168
3343,2021-12-20 10:42:18.397755136,22.3953488372093,21.0,18.113953488372093,0.067442,372.35889356800004,22.381529116795072
3344,2021-12-20 10:42:18.531349248,22.379183673469385,21.0,18.224897959183675,0.063964,372.49248768000007,22.37554405269475
3345,2021-12-20 10:42:18.666331392,22.342352941176472,21.0,18.01,0.071755,372.62746982400006,22.369580411217722
3346,2021-12-20 10:42:18.730985984,22.36181818181818,21.0,18.216363636363635,0.063985,372.69212441600007,22.36363819832191
3347,2021-12-20 10:42:18.796928256,22.384489795918366,21.0,18.17795918367347,0.068046,372.75806668800004,22.35771741091941
3348,2021-12-20 10:42:18.891184384,22.374594594594594,21.0,17.941891891891892,0.07505,372.852322816,22.351818037407455
3349,2021-12-20 10:42:18.989785600,22.35265306122449,21.0,18.14938775510204,0.076208,372.95092403200005,22.345940058157897
3350,2021-12-20 10:42:19.096755456,22.3435,21.0,18.11325,0.066053,373.057893888,22.340083445966165
3351,2021-12-20 10:42:19.197006336,22.363265306122447,21.0,17.85,0.067463,373.158144768,22.3342481664608
3352,2021-12-20 10:42:19.297388032,22.32780487804878,21.0,17.830487804878047,0.065939,373.258526464,22.32843417847482
3353,2021-12-20 10:42:19.416428032,22.28217391304348,21.0,17.8,0.075485,373.377566464,22.322641434380344
3354,2021-12-20 10:42:19.568569600,22.248260869565218,21.0,17.773260869565217,0.064789,373.529708032,22.316869880387927
3355,2021-12-20 10:42:19.632157952,22.247395740905056,21.0,17.864079414374444,0.065269,373.593296384,22.311119456812154
3356,2021-12-20 10:42:19.695746560,22.246530612244896,21.0,17.954897959183672,0.078326,373.65688499199996,22.305390098305107
3357,2021-12-20 10:42:19.796842240,22.27441860465116,21.0,17.934186046511627,0.071186,373.757980672,22.29968173405924
3358,2021-12-20 10:42:19.893773824,22.304651162790698,21.0,17.685116279069767,0.065775,373.854912256,22.293994287981292
3359,2021-12-20 10:42:20.004978432,22.251836734693875,21.0,17.830612244897956,0.06914,373.96611686399996,22.28832767883871
3360,2021-12-20 10:42:20.104766464,22.240000000000002,21.0,17.851538461538464,0.068839,374.06590489599995,22.28268182038021
3361,2021-12-20 10:42:20.201466880,22.251836734693875,21.0,17.82857142857143,0.068749,374.1626053119999,22.277056621431882
3362,2021-12-20 10:42:20.317187584,22.232999999999997,21.0,17.803,0.068404,374.27832601599994,22.27145198597025
3363,2021-12-20 10:42:20.470696960,22.24122448979592,21.0,17.623673469387757,0.070612,374.4318353919999,22.265867813173617
3364,2021-12-20 10:42:20.567618560,22.33142857142857,21.0,17.53,0.064781,374.5287569919999,22.26030399745308
3365,2021-12-20 10:42:20.611462656,22.22,21.0,17.72290322580645,0.075978,374.5726010879999,22.254760428464362
3366,2021-12-20 10:42:20.700689664,22.251836734693875,21.0,17.70938775510204,0.079327,374.6618280959999,22.249236991101757
3367,2021-12-20 10:42:20.800135936,22.23857142857143,21.0,17.682142857142857,0.071675,374.76127436799993,22.24373356547529
3368,2021-12-20 10:42:20.899089408,22.235918367346937,21.0,17.66061224489796,0.071268,374.86022783999994,22.238250026872254
3369,2021-12-20 10:42:20.999581696,22.214318181818182,21.0,17.634999999999998,0.066225,374.96072012799993,22.232786245704165
3370,2021-12-20 10:42:21.100979200,22.231041666666666,21.0,17.612083333333334,0.069561,375.0621176319999,22.227342087440224
3371,2021-12-20 10:42:21.199439872,22.215238095238096,21.0,17.484285714285715,0.073759,375.1605783039999,22.22191741252842
3372,2021-12-20 10:42:21.300223744,22.18938775510204,21.0,17.480204081632653,0.071836,375.2613621759999,22.216512076305378
3373,2021-12-20 10:42:21.408943872,22.20809523809524,21.0,17.693571428571428,0.069186,375.37008230399994,22.211125928896053
3374,2021-12-20 10:42:21.551278592,22.22,21.0,17.51469387755102,0.076914,375.51241702399994,22.205758815104318
3375,2021-12-20 10:42:21.653611520,22.219999999999995,21.0,17.5,0.073714,375.61474995199995,22.200410574295724
3376,2021-12-20 10:42:21.710410752,22.228749999999998,21.0,17.5390625,0.0713,375.67154918399996,22.195081040273575
3377,2021-12-20 10:42:21.800311552,22.209795918367348,21.0,17.647551020408162,0.078973,375.76144998399997,22.189770041149586
3378,2021-12-20 10:42:21.898088192,22.207179487179484,21.0,17.426923076923078,0.069012,375.859226624,22.18447739921049
3379,2021-12-20 10:42:22.002573568,22.199591836734694,21.0,17.406938775510206,0.06963,375.963712,22.17920293078201
3380,2021-12-20 10:42:22.104011520,22.193684210526314,21.0,17.37842105263158,0.072954,376.065149952,22.17394644609175
3381,2021-12-20 10:42:22.199303680,22.199591836734694,21.0,17.35877551020408,0.070995,376.160442112,22.168707749132533
3382,2021-12-20 10:42:22.297643520,22.206486486486487,21.0,17.33,0.076652,376.258781952,22.16348663752802
3383,2021-12-20 10:42:22.440179456,22.16387755102041,21.0,17.545510204081634,0.081194,376.401317888,22.158282902402437
3384,2021-12-20 10:42:22.572043520,22.200769230769232,21.0,17.300769230769234,0.070085,376.533181952,22.153096328256318
3385,2021-12-20 10:42:22.629315328,22.220000000000002,21.0,17.27,0.078584,376.59045376,22.147926692850405
3386,2021-12-20 10:42:22.698134016,22.13326530612245,21.0,17.243673469387755,0.078624,376.659272448,22.142773767099868
3387,2021-12-20 10:42:22.795518464,22.16230769230769,21.0,17.22358974358974,0.070315,376.75665689600004,22.137637314981085
3388,2021-12-20 10:42:22.898354432,22.167916666666667,21.0,17.390625,0.074127,376.85949286400006,22.1325170934534
3389,2021-12-20 10:42:23.000968960,22.119999999999997,21.0,17.251714285714286,0.082657,376.96210739200006,22.127412852398333
3390,2021-12-20 10:42:23.095426304,22.204375,21.0,17.154999999999998,0.077631,377.05656473600004,22.122324334578664
3391,2021-12-20 10:42:23.198040832,22.106363636363636,21.0,17.129545454545454,0.071337,377.15917926400004,22.11725127562004
3392,2021-12-20 10:42:23.313892096,22.19222222222222,21.0,17.100555555555555,0.070792,377.27503052800006,22.11219340401758
3393,2021-12-20 10:42:23.478757632,22.11285714285714,21.0,17.079183673469387,0.072483,377.43989606400004,22.107150441170123
3394,2021-12-20 10:42:23.587366912,22.041428571428572,21.0,17.07,0.077462,377.54850534400003,22.102122101444536
3395,2021-12-20 10:42:23.621202944,22.100952380952382,21.0,17.27,0.086396,377.58234137600004,22.097108092272588
3396,2021-12-20 10:42:23.698893056,22.07204081632653,21.0,17.258163265306123,0.082728,377.6600314880001,22.09210811428274
3397,2021-12-20 10:42:23.798741760,22.065238095238094,21.0,17.126190476190477,0.08613,377.7598801920001,22.08712186146904
3398,2021-12-20 10:42:23.897705216,21.98530612244898,21.0,16.97938775510204,0.082289,377.85884364800006,22.082149021399182
3399,2021-12-20 10:42:23.997925888,22.03395348837209,21.0,17.06767441860465,0.074886,377.95906432000004,22.077189275463592
3400,2021-12-20 10:42:24.099152384,22.026122448979592,21.0,17.17061224489796,0.074487,378.060290816,22.072242299167083
3401,2021-12-20 10:42:24.199594496,22.035476190476192,21.0,17.042380952380952,0.072689,378.160732928,22.067307762464466
3402,2021-12-20 10:42:24.299453184,22.036326530612243,21.0,16.89224489795918,0.085026,378.260591616,22.062385330141062
3403,2021-12-20 10:42:24.403858176,22.02357142857143,21.0,16.87142857142857,0.082414,378.364996608,22.057474662238835
3404,2021-12-20 10:42:24.549542400,21.995510204081633,21.0,16.928571428571427,0.073228,378.510680832,22.05257541452851
3405,2021-12-20 10:42:24.675984896,22.0,21.0,17.07,0.077412,378.637123328,22.047687239027663
3406,2021-12-20 10:42:24.731215104,22.005714285714284,21.0,17.03,0.081783,378.692353536,22.042809784564405
3407,2021-12-20 10:42:24.799007744,21.99083333333333,21.0,17.02541666666667,0.083784,378.760146176,22.03794269738588
3408,2021-12-20 10:42:24.893002496,22.0028947368421,21.0,17.00578947368421,0.072079,378.854140928,22.033085621810574
3409,2021-12-20 10:42:25.004619264,22.015918367346938,21.0,16.986734693877548,0.076017,378.96575769599997,22.02823820092288
3410,2021-12-20 10:42:25.120923136,21.98428571428571,21.0,16.97,0.089494,379.082061568,22.02340007730811
3411,2021-12-20 10:42:25.208148736,22.037567567567567,21.0,16.914864864864864,0.088682,379.169287168,22.018570893825803
3412,2021-12-20 10:42:25.304084480,21.975102040816324,21.0,16.70795918367347,0.071381,379.26522291199996,22.013750294418664
3413,2021-12-20 10:42:25.414705664,21.997027027027027,21.0,16.90945945945946,0.081526,379.375844096,22.008937924954456
3414,2021-12-20 10:42:25.566223616,21.990408163265304,21.0,16.89,0.073799,379.527362048,22.0041334340976
3415,2021-12-20 10:42:25.674480896,21.97,21.0,16.87,0.084353,379.63561932799996,21.999336474207116
3416,2021-12-20 10:42:25.719662592,21.97,21.0,16.85,0.078496,379.68080102399995,21.99454670225727
3417,2021-12-20 10:42:25.801084416,21.98530612244898,21.0,16.831224489795915,0.084456,379.76222284799996,21.98976378077698
3418,2021-12-20 10:42:25.901747712,21.987857142857145,21.0,16.81238095238095,0.076485,379.86288614399996,21.9849873788039
3419,2021-12-20 10:42:26.003799040,21.97,21.0,16.7925,0.079285,379.964937472,21.980217172849013
3420,2021-12-20 10:42:26.102299904,21.97,21.0,16.774615384615384,0.07801,380.063438336,21.975452847867228
3421,2021-12-20 10:42:26.198758912,21.98530612244898,21.0,16.75408163265306,0.081514,380.159897344,21.970694098229576
3422,2021-12-20 10:42:26.303163904,21.981627906976744,21.0,16.735581395348838,0.082815,380.264302336,21.96594062869235
3423,2021-12-20 10:42:26.443617792,21.959795918367348,21.0,16.715306122448983,0.073999,380.40475622400004,21.961192155358695
3424,2021-12-20 10:42:26.563975168,21.99,21.0,16.702,0.078789,380.52511360000005,21.956448406627974
3425,2021-12-20 10:42:26.623882240,22.0075,21.0,16.67,0.085806,380.58502067200004,21.951709124128406
3426,2021-12-20 10:42:26.699701504,21.918979591836734,21.0,16.80469387755102,0.073477,380.66083993600006,21.946974063628442
3427,2021-12-20 10:42:26.800023040,21.97,21.0,16.75093023255814,0.078235,380.7611614720001,21.942242995922477
3428,2021-12-20 10:42:26.902124544,21.92918367346939,21.0,16.75673469387755,0.08287,380.8632629760001,21.937515707686618
3429,2021-12-20 10:42:27.001369600,21.945,21.0,16.7495,0.080941,380.9625080320001,21.932792002300452
3430,2021-12-20 10:42:27.099910656,21.949591836734694,21.0,16.59510204081633,0.084878,381.06104908800006,21.928071700630912
3431,2021-12-20 10:42:27.194659584,21.983888888888888,21.0,16.584444444444443,0.093862,381.15579801600006,21.92335464177448
3432,2021-12-20 10:42:27.290827008,21.97,21.0,16.561836734693877,0.080141,381.25196544000005,21.91864068375425
3433,2021-12-20 10:42:27.392948736,21.944358974358973,21.0,16.545384615384616,0.081386,381.35408716800004,21.913929704168698
3434,2021-12-20 10:42:27.526844672,21.94448979591837,21.0,16.523061224489798,0.075447,381.487983104,21.90922160078926
3435,2021-12-20 10:42:27.675687168,21.90918918918919,21.0,16.50783783783784,0.089018,381.6368256,21.90451629210411
3436,2021-12-20 10:42:27.740220928,21.97,21.0,16.47,0.080413,381.70135936,21.89981371780583
3437,2021-12-20 10:42:27.796828928,21.923125,21.0,16.465,0.083049,381.75796736,21.895113839221032
3438,2021-12-20 10:42:27.896667648,21.880714285714287,21.0,16.448571428571427,0.077311,381.85780608,21.890416639680232
3439,2021-12-20 10:42:27.998789376,21.93938775510204,21.0,16.426326530612243,0.083121,381.959927808,21.885722124826756
3440,2021-12-20 10:42:28.105789440,21.946190476190477,21.0,16.41,0.083382,382.06692787199995,21.881030322863772
3441,2021-12-20 10:42:28.201302784,21.906046511627906,21.0,16.38720930232558,0.086115,382.16244121599993,21.87634128473887
3442,2021-12-20 10:42:28.304933376,21.8934693877551,21.0,16.38795918367347,0.087866,382.26607180799994,21.8716550842659
3443,2021-12-20 10:42:28.423389696,21.829756097560974,21.0,16.589024390243903,0.088685,382.38452812799994,21.866971818184133
3444,2021-12-20 10:42:28.568299520,21.86795918367347,21.0,16.57,0.077426,382.52943795199997,21.86229160615524
3445,2021-12-20 10:42:28.650395136,21.97,21.0,16.32,0.082138,382.61153356799997,21.857614590698667
3446,2021-12-20 10:42:28.700193792,21.890454545454546,21.0,16.54,0.084415,382.661332224,21.852940937066485
3447,2021-12-20 10:42:28.803311104,21.86583333333333,21.0,16.305625,0.075964,382.764449536,21.84827083305885
3448,2021-12-20 10:42:28.912534016,21.847906976744184,21.0,16.27,0.080203,382.873672448,21.843604488781658
3449,2021-12-20 10:42:29.035033856,21.792916666666667,21.0,16.4625,0.083208,382.99617228799997,21.838942136348024
3450,2021-12-20 10:42:29.120257792,21.857499999999998,21.0,16.243000000000002,0.075257,383.08139622399995,21.834284029525563
3451,2021-12-20 10:42:29.197867520,21.811836734693877,21.0,16.22204081632653,0.083172,383.159005952,21.829630443331443
3452,2021-12-20 10:42:29.304475136,21.766511627906976,21.0,16.205116279069767,0.083384,383.265613568,21.824981673577376
3453,2021-12-20 10:42:29.445864448,21.796530612244897,21.0,16.361632653061225,0.078225,383.40700288,21.820338036366824
3454,2021-12-20 10:42:29.564592640,21.77208333333333,21.0,16.411666666666665,0.081518,383.525731072,21.81569986754677
3455,2021-12-20 10:42:29.622990848,21.7825,21.0,16.38,0.090851,383.58412928,21.811067522116392
3456,2021-12-20 10:42:29.699182336,21.765918367346938,21.0,16.373673469387757,0.082233,383.660320768,21.806441373594886
3457,2021-12-20 10:42:29.796355584,21.828974358974357,21.0,16.36025641025641,0.08544,383.757494016,21.80182181335076
3458,2021-12-20 10:42:29.902782208,21.72,21.0,16.344285714285714,0.08609,383.86392064,21.797209249894873
3459,2021-12-20 10:42:30.005607936,21.764117647058825,21.0,16.336764705882352,0.086996,383.96674636800003,21.79260410813936
3460,2021-12-20 10:42:30.098466048,21.760816326530612,21.0,16.319795918367348,0.090333,384.05960448,21.78800682862448
3461,2021-12-20 10:42:30.192350208,21.76861111111111,21.0,16.307222222222222,0.080894,384.15348864000003,21.783417866715318
3462,2021-12-20 10:42:30.287048960,21.746041666666667,21.0,16.29125,0.08272,384.24818739200003,21.77883769177024
3463,2021-12-20 10:42:30.396734464,21.737045454545452,21.0,16.276818181818182,0.077394,384.35787289600006,21.774266786282663
3464,2021-12-20 10:42:30.498795776,21.74659574468085,21.0,16.262340425531917,0.086078,384.45993420800005,21.769705644997778
3465,2021-12-20 10:42:30.600404736,21.72,21.0,16.247333333333334,0.075299,384.56154316800007,21.765154774005545
3466,2021-12-20 10:42:30.699197184,21.736304347826085,21.0,16.23673913043478,0.095367,384.66033561600005,21.760614689811273
3467,2021-12-20 10:42:30.801801728,21.725434782608694,21.0,16.22478260869565,0.08547,384.76294016,21.756085918384883
3468,2021-12-20 10:42:30.899698944,21.73829268292683,21.0,16.206829268292683,0.070394,384.860837376,21.751568994189874
3469,2021-12-20 10:42:31.007010816,21.72,21.0,16.195102040816327,0.084645,384.96814924800003,21.747064459192817
3470,2021-12-20 10:42:31.105732864,21.72657894736842,21.0,16.237894736842104,0.080508,385.06687129600004,21.74257286185408
3471,2021-12-20 10:42:31.202191872,21.755714285714284,21.0,16.35408163265306,0.085618,385.16333030400006,21.73809475610049
3472,2021-12-20 10:42:31.322247424,21.72,21.0,16.148372093023255,0.09545,385.28338585600005,21.73363070028051
3473,2021-12-20 10:42:31.483501824,21.72,21.0,16.138958333333335,0.084812,385.44464025600007,21.72918125610233
3474,2021-12-20 10:42:31.583501312,21.72,21.0,16.13,0.085383,385.54463974400005,21.724746987555445
3475,2021-12-20 10:42:31.620415232,21.72,21.0,16.11913043478261,0.075088,385.58155366400007,21.720328459816105
3476,2021-12-20 10:42:31.700328192,21.70469387755102,21.0,16.1,0.078671,385.66146662400007,21.7159262381371
3477,2021-12-20 10:42:31.800287488,21.749761904761904,21.0,16.09,0.085436,385.7614259200001,21.71154088672236
3478,2021-12-20 10:42:31.901121792,21.72,21.0,16.07081632653061,0.070291,385.86226022400007,21.70717296758689
3479,2021-12-20 10:42:31.999803648,21.72,21.0,16.06075,0.077681,385.96094208000005,21.702823039402656
3480,2021-12-20 10:42:32.098394880,21.72,21.0,16.042448979591835,0.083916,386.05953331200004,21.698491656331143
3481,2021-12-20 10:42:32.192087808,21.72,21.0,16.032,0.083744,386.15322624000004,21.694179366843343
3482,2021-12-20 10:42:32.289844224,21.714897959183673,21.0,16.021836734693878,0.089787,386.250982656,21.68988671252827
3483,2021-12-20 10:42:32.395416064,21.72,21.0,16.005128205128205,0.088752,386.356554496,21.685614226891083
3484,2021-12-20 10:42:32.531987456,21.709795918367348,21.0,15.992448979591837,0.082042,386.493125888,21.681362434142155
3485,2021-12-20 10:42:32.680035328,21.72,21.0,15.977222222222224,0.088004,386.64117376,21.67713184797866
3486,2021-12-20 10:42:32.742084864,21.72,21.0,15.96,0.073226,386.70322329600003,21.67292297036045
3487,2021-12-20 10:42:32.797848064,21.709795918367348,21.0,15.946938775510203,0.083556,386.75898649600003,21.66873629028222
3488,2021-12-20 10:42:32.896268288,21.69560975609756,21.0,15.934634146341462,0.07548,386.85740672000003,21.664572282544164
3489,2021-12-20 10:42:32.993672704,21.68111111111111,21.0,15.923555555555554,0.08104,386.95481113600005,21.66043140652364
3490,2021-12-20 10:42:33.105892864,21.69872340425532,21.0,15.90936170212766,0.080534,387.06703129600004,21.65631410495051
3491,2021-12-20 10:42:33.205278976,21.669999999999998,21.0,15.8935,0.084861,387.16641740800003,21.652220802689232
3492,2021-12-20 10:42:33.302944768,21.64708333333333,21.0,15.995416666666666,0.087662,387.2640832,21.648151905530803
3493,2021-12-20 10:42:33.417941248,21.624761904761904,21.0,16.099999999999998,0.080504,387.37907968,21.64410779899804
3494,2021-12-20 10:42:33.564993280,21.65877551020408,21.0,15.992040816326531,0.08141,387.526131712,21.6400888471678
3495,2021-12-20 10:42:33.652510464,21.57,21.0,15.85,0.081278,387.613648896,21.636095391514015
3496,2021-12-20 10:42:33.704280320,21.666428571428572,21.0,15.835952380952381,0.076897,387.665418752,21.632127749775588
3497,2021-12-20 10:42:33.804772608,21.668979591836734,21.0,15.823061224489797,0.076938,387.76591104,21.62818621485329
3498,2021-12-20 10:42:33.903535104,21.67394736842105,21.0,15.891052631578948,0.076177,387.864673536,21.624271053740017
3499,2021-12-20 10:42:34.011490560,21.65877551020408,21.0,15.963673469387755,0.078782,387.972628992,21.620382506488816
3500,2021-12-20 10:42:34.110433792,21.705714285714283,21.0,15.776857142857141,0.076163,388.071572224,21.616520785223347
3501,2021-12-20 10:42:34.202487296,21.63326530612245,21.0,15.767959183673469,0.087656,388.163625728,21.612686073195412
3502,2021-12-20 10:42:34.312162816,21.6153488372093,21.0,15.800930232558137,0.081871,388.273301248,21.60887852389431
3503,2021-12-20 10:42:34.458973440,21.58734693877551,21.0,15.944285714285714,0.089952,388.420111872,21.605098260212802
3504,2021-12-20 10:42:34.561779200,21.61285714285714,21.0,15.73,0.083145,388.52291763200003,21.60134537367451
3505,2021-12-20 10:42:34.614876928,21.544999999999998,21.0,15.958,0.080309,388.57601536000004,21.597619923727603
3506,2021-12-20 10:42:34.701679872,21.592448979591836,21.0,15.939795918367347,0.089044,388.66281830400004,21.59392193710953
3507,2021-12-20 10:42:34.801256960,21.58627906976744,21.0,15.93,0.090796,388.76239539200003,21.59025140728745
3508,2021-12-20 10:42:34.901678848,21.526122448979592,21.0,15.920000000000002,0.081106,388.86281728000006,21.586608293978955
3509,2021-12-20 10:42:35.001688320,21.6153488372093,21.0,15.691162790697675,0.086721,388.96282675200007,21.582992522757497
3510,2021-12-20 10:42:35.102935040,21.579375,21.0,15.670625,0.089709,389.0640734720001,21.57940398474666
3511,2021-12-20 10:42:35.202129920,21.541428571428572,21.0,15.85857142857143,0.085665,389.1632683520001,21.575842536407322
3512,2021-12-20 10:42:35.302430976,21.58734693877551,21.0,15.872857142857143,0.092661,389.2635694080001,21.572307999421398
3513,2021-12-20 10:42:35.410537472,21.517619047619046,21.0,15.87,0.086825,389.3716759040001,21.56880016067554
3514,2021-12-20 10:42:35.554330624,21.55673469387755,21.0,15.86204081632653,0.083423,389.5154690560001,21.56531877234796
3515,2021-12-20 10:42:35.659691264,21.516875,21.0,15.8575,0.082882,389.6208296960001,21.56186355210112
3516,2021-12-20 10:42:35.714931456,21.54758620689655,21.0,15.84,0.085827,389.6760698880001,21.558434183382634
3517,2021-12-20 10:42:35.801060352,21.526122448979592,21.0,15.833265306122449,0.07914,389.7621987840001,21.55503031583641
3518,2021-12-20 10:42:35.900969472,21.53395348837209,21.0,15.823255813953487,0.090999,389.8621079040001,21.551651565825477
3519,2021-12-20 10:42:36.000898304,21.480204081632653,21.0,15.813877551020408,0.080326,389.9620367360001,21.548297517067684
3520,2021-12-20 10:42:36.101209600,21.521136363636362,21.0,15.651818181818184,0.089787,390.06234803200005,21.54496772138488
3521,2021-12-20 10:42:36.202687744,21.500612244897958,21.0,15.564489795918366,0.093764,390.16382617600004,21.541661699565584
3522,2021-12-20 10:42:36.312212224,21.499761904761904,21.0,15.69095238095238,0.076084,390.27335065600005,21.538378942340934
3523,2021-12-20 10:42:36.461054720,21.510816326530612,21.0,15.77061224489796,0.090232,390.42219315200003,21.535118911472964
3524,2021-12-20 10:42:36.566294528,21.505714285714284,21.0,15.76,0.092115,390.52743296000006,21.53188104095384
3525,2021-12-20 10:42:36.617521408,21.514642857142857,21.0,15.742857142857144,0.09035,390.57865984000006,21.528664738314177
3526,2021-12-20 10:42:36.701719296,21.515918367346938,21.0,15.736122448979593,0.087091,390.66285772800006,21.52546938603796
3527,2021-12-20 10:42:36.801085184,21.522325581395346,21.0,15.726046511627908,0.08745,390.7622236160001,21.52229434308118
3528,2021-12-20 10:42:36.900752640,21.49083333333333,21.0,15.72,0.079532,390.8618910720001,21.519138946490738
3529,2021-12-20 10:42:37.000048128,21.5106976744186,21.0,15.716511627906979,0.096676,390.9611865600001,21.516002513119624
3530,2021-12-20 10:42:37.101767424,21.459795918367348,21.0,15.707142857142857,0.091818,391.0629058560001,21.51288434143399
3531,2021-12-20 10:42:37.195983360,21.51861111111111,21.0,15.696666666666665,0.086522,391.1571217920001,21.509783713407113
3532,2021-12-20 10:42:37.294474240,21.480204081632653,21.0,15.687755102040814,0.093225,391.2556126720001,21.506699896495
3533,2021-12-20 10:42:37.398979840,21.49631578947368,21.0,15.677631578947368,0.081071,391.3601182720001,21.503632145687703
3534,2021-12-20 10:42:37.539121920,21.47,21.0,15.668541666666668,0.08349,391.50026035200005,21.50057970563016
3535,2021-12-20 10:42:37.673228800,21.47,21.0,15.66,0.094071,391.63436723200005,21.497541812805864
3536,2021-12-20 10:42:37.733156096,21.47,21.0,15.646363636363638,0.085984,391.69429452800006,21.494517697776327
3537,2021-12-20 10:42:37.800083968,21.449591836734694,21.0,15.648979591836737,0.084171,391.76122240000007,21.49150658746889
3538,2021-12-20 10:42:37.901038848,21.446190476190477,21.0,15.854285714285714,0.090986,391.8621772800001,21.488507707505143
3539,2021-12-20 10:42:38.000465152,21.47,21.0,15.62,0.082928,391.9616035840001,21.485520284561897
3540,2021-12-20 10:42:38.099931392,21.48829268292683,21.0,15.62,0.095265,392.0610698240001,21.482543548756336
3541,2021-12-20 10:42:38.198040064,21.43938775510204,21.0,15.610612244897958,0.089561,392.15917849600015,21.47957673604668
3542,2021-12-20 10:42:38.300433408,21.49906976744186,21.0,15.601162790697675,0.090485,392.26157184000016,21.476619090639552
3543,2021-12-20 10:42:38.434852096,21.47,21.0,15.59122448979592,0.085388,392.39599052800014,21.473669867394985
3544,2021-12-20 10:42:38.573767168,21.47,21.0,15.582285714285714,0.094199,392.5349056000001,21.470728334219952
3545,2021-12-20 10:42:38.637697536,21.47,21.0,15.57,0.085252,392.5988359680001,21.467793774441162
3546,2021-12-20 10:42:38.699234304,21.464791666666667,21.0,15.562291666666667,0.089672,392.6603727360001,21.464865489147765
3547,2021-12-20 10:42:38.798881536,21.458372093023254,21.0,15.553023255813953,0.091175,392.7600199680001,21.46194279949466
3548,2021-12-20 10:42:38.898810624,21.459795918367348,21.0,15.709591836734694,0.088536,392.8599490560001,21.459025048957113
3549,2021-12-20 10:42:38.999494144,21.45809523809524,21.0,15.625238095238094,0.090612,392.96063257600014,21.456111605527383
3550,2021-12-20 10:42:39.098588416,21.459795918367348,21.0,15.529999999999998,0.084664,393.05972684800014,21.453201863844374
3551,2021-12-20 10:42:39.194051584,21.456486486486487,21.0,15.525135135135134,0.093409,393.1551900160001,21.45029524724727
3552,2021-12-20 10:42:39.316631808,21.485625,21.0,15.514375,0.085662,393.2777702400001,21.44739120974442
3553,2021-12-20 10:42:39.478388992,21.47,21.0,15.505227272727273,0.083344,393.4395274240001,21.444489237889044
3554,2021-12-20 10:42:39.540177152,21.46431818181818,21.0,15.495000000000001,0.077383,393.5013155840001,21.44158885255347
3555,2021-12-20 10:42:39.601955072,21.458636363636362,21.0,15.484772727272729,0.087711,393.5630935040001,21.4386896105941
3556,2021-12-20 10:42:39.704579840,21.47,21.0,15.475833333333334,0.094932,393.6657182720001,21.435791106399627
3557,2021-12-20 10:42:39.804569088,21.456842105263156,21.0,15.464736842105266,0.08852,393.7657075200001,21.432892973315326
3558,2021-12-20 10:42:39.915139840,21.449166666666667,21.0,15.456458333333332,0.093637,393.8762782720001,21.42999488493683
3559,2021-12-20 10:42:40.012343040,21.47,21.0,15.45,0.090491,393.9734814720001,21.427096556267166
3560,2021-12-20 10:42:40.101992704,21.449591836734694,21.0,15.521836734693876,0.091822,394.0631311360001,21.424197744731494
3561,2021-12-20 10:42:40.192758528,21.454848484848483,21.0,15.56090909090909,0.088213,394.1538969600001,21.421298251044366
3562,2021-12-20 10:42:40.291027968,21.44448979591837,21.0,15.488367346938775,0.0944,394.25216640000014,21.41839791992495
3563,2021-12-20 10:42:40.391701504,21.477575757575757,21.0,15.606363636363636,0.091405,394.3528399360001,21.415496640656272
3564,2021-12-20 10:42:40.530767104,21.41270833333333,21.0,15.410000000000002,0.092826,394.4919055360001,21.41259434748513
3565,2021-12-20 10:42:40.698036480,21.410789473684208,21.0,15.410000000000002,0.088586,394.6591749120001,21.4096910198599
3566,2021-12-20 10:42:40.753900288,21.433637980085347,21.0,15.399324324324326,0.083665,394.7150387200001,21.40678668250418
3567,2021-12-20 10:42:40.809763840,21.456486486486487,21.0,15.38864864864865,0.090298,394.7709022720001,21.403881405324793
3568,2021-12-20 10:42:40.904744192,21.42408163265306,21.0,15.37938775510204,0.093825,394.8658826240001,21.400975303153295
3569,2021-12-20 10:42:41.003929088,21.452558139534883,21.0,15.36953488372093,0.092793,394.9650675200001,21.39806853532097
3570,2021-12-20 10:42:41.102640896,21.386666666666667,21.0,15.36,0.093471,395.0637793280001,21.395161305067735
3571,2021-12-20 10:42:41.201725184,21.401818181818182,21.0,15.575,0.083436,395.1628636160001,21.39225385878618
3572,2021-12-20 10:42:41.305073920,21.388367346938775,21.0,15.349795918367347,0.091261,395.2662123520001,21.389346485102514
3573,2021-12-20 10:42:41.420653824,21.374761904761904,21.0,15.548095238095238,0.080101,395.3817922560001,21.386439513796944
3574,2021-12-20 10:42:41.569808128,21.43938775510204,21.0,15.354489795918367,0.096633,395.5309465600001,21.383533314566606
3575,2021-12-20 10:42:41.662102784,21.47,21.0,15.33,0.089414,395.62324121600005,21.380628295634796
3576,2021-12-20 10:42:41.711036416,21.35194444444444,21.0,15.32,0.086835,395.67217484800005,21.377724902210943
3577,2021-12-20 10:42:41.804729344,21.402291666666667,21.0,15.311666666666667,0.090164,395.76586777600005,21.3748236148063
3578,2021-12-20 10:42:41.900393728,21.443684210526314,21.0,15.302105263157895,0.097655,395.86153216,21.371924947410957
3579,2021-12-20 10:42:42.002585856,21.36285714285714,21.0,15.292448979591835,0.084732,395.96372428800004,21.369029445538327
3580,2021-12-20 10:42:42.104878592,21.3825,21.0,15.445249999999998,0.092109,396.066017024,21.366137684143858
3581,2021-12-20 10:42:42.203208448,21.40877551020408,21.0,15.346530612244898,0.09262,396.16434688000004,21.363250265425254
3582,2021-12-20 10:42:42.296689920,21.389354838709675,21.0,15.27,0.088539,396.25782835200005,21.360367816511932
3583,2021-12-20 10:42:42.443048192,21.39708333333333,21.0,15.407499999999999,0.089531,396.40418662400003,21.35749098705203
3584,2021-12-20 10:42:42.594083328,21.383793103448276,21.0,15.41551724137931,0.087847,396.55522176000005,21.354620446705677
3585,2021-12-20 10:42:42.646939648,21.347109317681586,21.0,15.329992663242848,0.087106,396.60807808000004,21.351756882553616
3586,2021-12-20 10:42:42.699795968,21.31042553191489,21.0,15.244468085106384,0.087351,396.66093440000003,21.348900996430697
3587,2021-12-20 10:42:42.801404672,21.336666666666666,21.0,15.337777777777779,0.085113,396.76254310400003,21.346053502194057
3588,2021-12-20 10:42:42.902299392,21.41512195121951,21.0,15.45439024390244,0.089561,396.863437824,21.343215122936137
3589,2021-12-20 10:42:43.018683648,21.246041666666667,21.0,15.449999999999998,0.080697,396.97982208,21.340386588152903
3590,2021-12-20 10:42:43.114680064,21.397419354838707,21.0,15.302903225806451,0.084729,397.075818496,21.337568630877882
3591,2021-12-20 10:42:43.202861056,21.35265306122449,21.0,15.21,0.082988,397.163999488,21.334761984792692
3592,2021-12-20 10:42:43.312978944,21.33046511627907,21.0,15.206046511627907,0.088041,397.274117376,21.331967381324915
3593,2021-12-20 10:42:43.462716672,21.286326530612243,21.0,15.271836734693876,0.091231,397.423855104,21.32918554674427
3594,2021-12-20 10:42:43.569616128,21.30333333333333,21.0,15.42,0.086895,397.53075456,21.32641719926801
3595,2021-12-20 10:42:43.620470784,21.325769230769232,21.0,15.405384615384616,0.081407,397.581609216,21.32366304618646
3596,2021-12-20 10:42:43.702888448,21.255714285714284,21.0,15.4,0.080751,397.66402688,21.3209237810196
3597,2021-12-20 10:42:43.800172032,21.425128205128203,21.0,15.344615384615386,0.078661,397.761310464,21.318200080715414
3598,2021-12-20 10:42:43.908248320,21.240408163265304,21.0,15.192857142857143,0.091393,397.869386752,21.315492602900576
3599,2021-12-20 10:42:44.009515264,21.295757575757577,21.0,15.346363636363636,0.085393,397.970653696,21.312801983193864
3600,2021-12-20 10:42:44.101307136,21.291428571428572,21.0,15.168775510204082,0.083544,398.062445568,21.310128832592454
3601,2021-12-20 10:42:44.201125376,21.26878048780488,21.0,15.379512195121952,0.08234,398.162263808,21.30747373494102
3602,2021-12-20 10:42:44.299103232,21.332244897959182,21.0,15.37,0.086085,398.260241664,21.304837244493164
3603,2021-12-20 10:42:44.392906752,21.310277777777777,21.0,15.360000000000001,0.087093,398.354045184,21.30221988357439
3604,2021-12-20 10:42:44.520546304,21.276122448979592,21.0,15.13469387755102,0.086302,398.481684736,21.29962214035544
3605,2021-12-20 10:42:44.677998848,21.22,21.0,15.34275,0.084685,398.63913728,21.297044466744367
3606,2021-12-20 10:42:44.738579712,21.240833333333335,21.0,15.327,0.08953,398.699718144,21.294487276405317
3607,2021-12-20 10:42:44.799160832,21.261666666666667,21.0,15.31125,0.090703,398.76029926399997,21.29195094291137
3608,2021-12-20 10:42:44.901272576,21.299545454545452,21.0,15.331818181818182,0.093101,398.862411008,21.289435798038436
3609,2021-12-20 10:42:44.998496000,21.25125,21.0,15.330000000000002,0.098504,398.959634432,21.286942130206544
3610,2021-12-20 10:42:45.111460608,21.22,21.0,15.322244897959182,0.086424,399.07259904,21.28447018307436
3611,2021-12-20 10:42:45.211087872,21.248571428571427,21.0,15.320000000000002,0.091688,399.172226304,21.28202015429207
3612,2021-12-20 10:42:45.303684352,21.271020408163263,21.0,15.312857142857144,0.091363,399.264822784,21.279592194417248
3613,2021-12-20 10:42:45.414607104,21.237857142857145,21.0,15.309999999999999,0.092636,399.375745536,21.277186405997718
3614,2021-12-20 10:42:45.562323200,21.245510204081633,21.0,15.31,0.087281,399.523461632,21.274802842824673
3615,2021-12-20 10:42:45.662865664,21.22,21.0,15.31,0.089129,399.624004096,21.272441509358753
3616,2021-12-20 10:42:45.715239168,21.2903125,21.0,15.09875,0.091535,399.6763776,21.270102360331048
3617,2021-12-20 10:42:45.804697600,21.260816326530612,21.0,15.18673469387755,0.094584,399.76583603200004,21.26778530052044
3618,2021-12-20 10:42:45.904073472,21.2825,21.0,15.283055555555555,0.089344,399.86521190400003,21.265490184708003
3619,2021-12-20 10:42:46.030163968,21.230416666666667,21.0,15.28,0.096091,399.99130240000005,21.263216817808548
3620,2021-12-20 10:42:46.132497152,21.22,21.0,15.28,0.076883,400.093635584,21.260964955178746
3621,2021-12-20 10:42:46.204836096,21.22609756097561,21.0,15.269999999999998,0.085666,400.16597452800005,21.25873430310062
3622,2021-12-20 10:42:46.305710848,21.286326530612243,21.0,15.181836734693876,0.091166,400.26684928000003,21.25652451943865
3623,2021-12-20 10:42:46.415909376,21.22,21.0,15.145,0.08666,400.37704780800004,21.25433521446802
3624,2021-12-20 10:42:46.570494976,21.23530612244898,21.0,15.256938775510205,0.084892,400.53163340800006,21.252165951870996
3625,2021-12-20 10:42:46.689052160,21.220000000000002,21.0,15.25,0.089162,400.65019059200006,21.250016249897776
3626,2021-12-20 10:42:46.724819200,21.22,21.0,15.240833333333335,0.091384,400.68595763200005,21.247885582687726
3627,2021-12-20 10:42:46.795870976,21.22,21.0,15.24,0.086044,400.75700940800004,21.245773381746165
3628,2021-12-20 10:42:46.890147328,21.22,21.0,15.2396875,0.088943,400.85128576000005,21.24367903757141
3629,2021-12-20 10:42:46.991866880,21.265918367346938,21.0,15.23,0.085496,400.9530053120001,21.2416019014263
3630,2021-12-20 10:42:47.115362304,21.237857142857145,21.0,15.229999999999999,0.092411,401.07650073600007,21.239541287247906
3631,2021-12-20 10:42:47.209658880,21.22,21.0,15.002777777777778,0.084374,401.17079731200005,21.237496473688672
3632,2021-12-20 10:42:47.303522560,21.24122448979592,21.0,15.219795918367346,0.086992,401.2646609920001,21.235466706281724
3633,2021-12-20 10:42:47.418840832,21.22,21.0,15.21,0.087856,401.3799792640001,21.233451199722744
3634,2021-12-20 10:42:47.571696640,21.22,21.0,15.21,0.089289,401.5328350720001,21.231449140260377
3635,2021-12-20 10:42:47.668155648,21.22,21.0,15.2025,0.089148,401.62929408000014,21.229459688186832
3636,2021-12-20 10:42:47.715168000,21.205454545454543,21.0,15.2,0.091551,401.67630643200016,21.227481980419924
3637,2021-12-20 10:42:47.804173824,21.209999999999997,21.0,15.191041666666665,0.092101,401.7653122560002,21.22551513316765
3638,2021-12-20 10:42:47.902795264,21.208837209302324,21.0,15.19,0.090443,401.8639336960002,21.223558244665977
3639,2021-12-20 10:42:48.004303360,21.22,21.0,15.19,0.104245,401.96544179200015,21.221610397980292
3640,2021-12-20 10:42:48.103800064,21.22,21.0,15.182619047619047,0.093342,402.06493849600014,21.21967066386086
3641,2021-12-20 10:42:48.204694528,21.22,21.0,15.179999999999998,0.086008,402.16583296000016,21.217738103642347
3642,2021-12-20 10:42:48.306927104,21.22,21.0,15.173428571428573,0.093253,402.26806553600017,21.215811772177478
3643,2021-12-20 10:42:48.453114112,21.22,21.0,15.17,0.088888,402.4142525440002,21.213890720794748
3644,2021-12-20 10:42:48.577846784,21.22,21.0,15.167619047619047,0.086207,402.5389852160002,21.211974000269986
3645,2021-12-20 10:42:48.630481920,21.266875,21.0,15.16,0.091141,402.5916203520002,21.2100606638016
3646,2021-12-20 10:42:48.701915904,21.200408163265305,21.0,15.153877551020408,0.089359,402.6630543360002,21.20814976997933
3647,2021-12-20 10:42:48.798455296,21.202051282051283,21.0,15.15,0.08958,402.7595937280002,21.206240385736415
3648,2021-12-20 10:42:48.904187904,21.22081632653061,21.0,15.15,0.083887,402.8653263360002,21.204331589275185
3649,2021-12-20 10:42:49.005585408,21.22,21.0,15.1475,0.091489,402.96672384000016,21.202422472956215
3650,2021-12-20 10:42:49.097769728,21.171020408163262,21.0,15.243265306122447,0.093345,403.05890816000016,21.20051214614129
3651,2021-12-20 10:42:49.200334080,21.197674418604652,21.0,15.28627906976744,0.090405,403.16147251200016,21.198599737980643
3652,2021-12-20 10:42:49.327420416,21.210204081632654,21.0,15.13,0.102267,403.28855884800015,21.196684400135187
3653,2021-12-20 10:42:49.477419520,21.23190476190476,21.0,15.13,0.100805,403.43855795200017,21.194765309424653
3654,2021-12-20 10:42:49.545001216,21.22,21.0,14.89,0.088421,403.50613964800016,21.192841670392884
3655,2021-12-20 10:42:49.599647744,21.18,21.0,15.014583333333334,0.091318,403.56078617600014,21.190912717781742
3656,2021-12-20 10:42:49.701145856,21.197674418604652,21.0,15.316511627906976,0.093372,403.66228428800014,21.188977718905612
3657,2021-12-20 10:42:49.799646720,21.194999999999997,21.0,15.11,0.095159,403.76078515200015,21.187035975918693
3658,2021-12-20 10:42:49.900742656,21.176363636363636,21.0,15.109999999999998,0.092279,403.86188108800013,21.18508682796775
3659,2021-12-20 10:42:49.999565312,21.20978723404255,21.0,15.108085106382978,0.087396,403.9607037440001,21.183129653223357
3660,2021-12-20 10:42:50.102672640,21.188,21.0,15.1,0.096711,404.06381107200014,21.181163870783134
3661,2021-12-20 10:42:50.198156032,21.173170731707316,21.0,15.126829268292685,0.101966,404.15929446400014,21.179188942441044
3662,2021-12-20 10:42:50.301987584,21.20081632653061,21.0,15.301224489795919,0.095583,404.2631260160001,21.177204374317178
3663,2021-12-20 10:42:50.420675328,21.23282051282051,21.0,15.09,0.095158,404.3818137600001,21.17520971834298
3664,2021-12-20 10:42:50.571801088,21.22,21.0,15.09,0.089645,404.5329395200001,21.173204573597523
3665,2021-12-20 10:42:50.666399232,21.22,21.0,15.089999999999998,0.090715,404.6275376640001,21.171188587490878
3666,2021-12-20 10:42:50.712737792,21.206285714285713,21.0,15.079999999999998,0.092266,404.6738762240001,21.169161456791247
3667,2021-12-20 10:42:50.805967872,21.16612244897959,21.0,15.079999999999998,0.09222,404.7671063040001,21.16712292849311
3668,2021-12-20 10:42:50.901481472,21.194054054054053,21.0,15.071081081081081,0.089682,404.8626199040001,21.165072800524257
3669,2021-12-20 10:42:51.003382016,21.185714285714283,21.0,15.070000000000002,0.094686,404.9645204480001,21.16301092229017
3670,2021-12-20 10:42:51.105503744,21.22,21.0,15.062051282051284,0.087326,405.0666421760001,21.160937195054878
3671,2021-12-20 10:42:51.202767360,21.131836734693877,21.0,15.06,0.091679,405.1639057920001,21.158851572157992
3672,2021-12-20 10:42:51.311326208,21.175813953488372,21.0,15.223720930232558,0.095727,405.27246464000007,21.15675405906827
3673,2021-12-20 10:42:51.459152896,21.201020408163263,21.0,15.106326530612245,0.087027,405.4202913280001,21.15464471327463
3674,2021-12-20 10:42:51.570699264,21.166666666666668,21.0,15.101111111111111,0.091598,405.5318376960001,21.15252364401622
3675,2021-12-20 10:42:51.623424768,21.22,21.0,15.28,0.086492,405.5845632000001,21.15039101185363
3676,2021-12-20 10:42:51.703337984,21.15632653061224,21.0,15.125102040816326,0.08788,405.6644764160001,21.148247028084093
3677,2021-12-20 10:42:51.803226624,21.174285714285713,21.0,15.05,0.090691,405.76436505600014,21.146091954003964
3678,2021-12-20 10:42:51.903618304,21.210204081632654,21.0,15.043877551020408,0.085118,405.8647567360001,21.143926100022316
3679,2021-12-20 10:42:52.004060416,21.209047619047617,21.0,15.04,0.089269,405.9651988480001,21.141749824630182
3680,2021-12-20 10:42:52.103758080,21.145,21.0,15.159166666666666,0.091016,406.06489651200013,21.13956353323038
3681,2021-12-20 10:42:52.203496192,21.122857142857143,21.0,15.15595238095238,0.092106,406.16463462400014,21.137367676833318
3682,2021-12-20 10:42:52.302982656,21.171428571428567,21.0,15.13795918367347,0.088002,406.26412108800014,21.135162750624758
3683,2021-12-20 10:42:52.407930624,21.14186046511628,21.0,15.259999999999998,0.086362,406.3690690560001,21.132949292411894
3684,2021-12-20 10:42:52.550748416,21.10734693877551,21.0,15.26,0.09097,406.51188684800013,21.13072788095451
3685,2021-12-20 10:42:52.671085568,21.07,21.0,15.26,0.095021,406.6322240000001,21.128499134188353
3686,2021-12-20 10:42:52.727854592,21.18,21.0,15.055555555555555,0.091526,406.6889930240001,21.1262637073481
3687,2021-12-20 10:42:52.802225408,21.09265306122449,21.0,15.029999999999998,0.093097,406.7633638400001,21.124022290997708
3688,2021-12-20 10:42:52.890798848,21.134838709677418,21.0,15.07258064516129,0.084473,406.85193728000013,21.121775608976026
3689,2021-12-20 10:42:52.990446080,21.04857142857143,21.0,15.25,0.08996,406.9515845120001,21.119524416265925
3690,2021-12-20 10:42:53.104326144,21.129189189189187,21.0,15.25,0.089576,407.0654645760001,21.11726949679516
3691,2021-12-20 10:42:53.202193152,21.1,21.0,15.02,0.089993,407.1633315840001,21.115011661177363
3692,2021-12-20 10:42:53.304807680,21.110434782608696,21.0,15.040000000000001,0.084271,407.2659461120001,21.11275174440163
3693,2021-12-20 10:42:53.425879296,21.078181818181818,21.0,15.22272727272727,0.086739,407.3870177280001,21.110490603479242
3694,2021-12-20 10:42:53.577528064,21.080000000000002,21.0,15.019583333333332,0.097007,407.5386664960001,21.108229115056066
3695,2021-12-20 10:42:53.640241408,21.079090909090908,21.0,15.129791666666666,0.088529,407.60137984000005,21.10596817299916
3696,2021-12-20 10:42:53.702964992,21.078181818181818,21.0,15.240000000000002,0.092605,407.6641034240001,21.103708685965913
3697,2021-12-20 10:42:53.805579520,21.11,21.0,15.24,0.093628,407.7667179520001,21.101451574964152
3698,2021-12-20 10:42:53.903104768,21.096756756756758,21.0,15.24,0.087692,407.8642432000001,21.099197770911378
3699,2021-12-20 10:42:54.010839040,20.994693877551022,21.0,15.24,0.088435,407.9719774720001,21.096948212201227
3700,2021-12-20 10:42:54.110808320,21.08342857142857,21.0,15.24,0.095605,408.0719467520001,21.094703842285032
3701,2021-12-20 10:42:54.204229632,21.068163265306122,21.0,15.24,0.091694,408.16536806400006,21.092465607276225
3702,2021-12-20 10:42:54.313834752,21.082857142857144,21.0,15.053809523809523,0.082933,408.2749731840001,21.090234453585065
3703,2021-12-20 10:42:54.460424192,21.0534693877551,21.0,15.01,0.088222,408.4215626240001,21.08801132559089
3704,2021-12-20 10:42:54.565915392,21.139999999999997,21.0,15.071333333333333,0.087796,408.5270538240001,21.085797163358983
3705,2021-12-20 10:42:54.618821888,21.08285714285714,21.0,15.23,0.088023,408.5799603200001,21.08359290040877
3706,2021-12-20 10:42:54.703854592,21.08285714285714,21.0,15.070408163265308,0.084765,408.6649930240001,21.08139946153986
3707,2021-12-20 10:42:54.804216320,21.10279069767442,21.0,15.149767441860467,0.095008,408.7653547520001,21.079217760722102
3708,2021-12-20 10:42:54.906006016,21.014285714285716,21.0,15.23,0.082022,408.86714444800015,21.077048699055723
3709,2021-12-20 10:42:55.004969472,21.05609756097561,21.0,15.230000000000002,0.08196,408.9661079040001,21.074893162807076
3710,2021-12-20 10:42:55.103419904,21.080000000000002,21.0,15.100625,0.094021,409.0645583360001,21.07275202152547
3711,2021-12-20 10:42:55.196559616,21.10666666666667,21.0,15.115,0.090204,409.1576980480001,21.070626126246086
3712,2021-12-20 10:42:55.295231488,21.117755102040817,21.0,15.23,0.096048,409.2563699200001,21.068516307783725
3713,2021-12-20 10:42:55.404162816,21.07951219512195,21.0,15.230000000000002,0.081927,409.3653012480001,21.066423375121904
3714,2021-12-20 10:42:55.553860096,21.01918367346939,21.0,15.122040816326532,0.097245,409.5149985280001,21.064348113901318
3715,2021-12-20 10:42:55.689566464,21.024444444444445,21.0,15.0,0.094172,409.6507048960001,21.062291285011504
3716,2021-12-20 10:42:55.740411136,20.98,21.0,14.99,0.089549,409.7015495680001,21.060253623289142
3717,2021-12-20 10:42:55.800046592,21.068163265306122,21.0,15.069795918367348,0.096128,409.7611850240001,21.058235836326094
3718,2021-12-20 10:42:55.901403904,21.11953488372093,21.0,15.166511627906976,0.090329,409.8625423360001,21.056238603389986
3719,2021-12-20 10:42:56.001363200,21.06877551020408,21.0,15.055714285714286,0.093463,409.9625016320001,21.05426257445971
3720,2021-12-20 10:42:56.102157312,21.002857142857142,21.0,15.21857142857143,0.093639,410.06329574400013,21.052308369377844
3721,2021-12-20 10:42:56.200547328,21.038775510204083,21.0,15.212244897959186,0.09384,410.1616857600001,21.05037657712163
3722,2021-12-20 10:42:56.297237760,21.053846153846155,21.0,15.22,0.093191,410.2583761920001,21.04846775519379
3723,2021-12-20 10:42:56.422342656,21.0534693877551,21.0,15.022857142857143,0.093467,410.3834810880001,21.046582429134173
3724,2021-12-20 10:42:56.582078208,21.0246511627907,21.0,15.22,0.087392,410.5432166400001,21.044721092152695
3725,2021-12-20 10:42:56.642639104,21.043234672304443,21.0,15.215,0.091124,410.6037775360001,21.04288420488378
3726,2021-12-20 10:42:56.703200000,21.061818181818182,21.0,15.21,0.090709,410.66433843200014,21.041072195261993
3727,2021-12-20 10:42:56.806327808,20.989166666666666,21.0,15.21,0.080969,410.76746624000015,21.03928545851837
3728,2021-12-20 10:42:56.904506624,21.025714285714287,21.0,15.21,0.091712,410.8656450560001,21.037524357296363
3729,2021-12-20 10:42:57.005511936,21.00938775510204,21.0,15.21,0.083266,410.9666503680001,21.03578922188613
3730,2021-12-20 10:42:57.105672192,21.013488372093025,21.0,15.210000000000003,0.087771,411.0668106240001,21.034080350575408
3731,2021-12-20 10:42:57.208226560,21.073061224489795,21.0,15.007959183673469,0.092235,411.1693649920001,21.032398010114825
3732,2021-12-20 10:42:57.328583936,20.997142857142858,21.0,14.99,0.089201,411.2897223680001,21.03074243629518
3733,2021-12-20 10:42:57.479005696,21.01918367346939,21.0,15.178571428571429,0.100389,411.4401441280001,21.029113834633797
3734,2021-12-20 10:42:57.563354368,20.98,21.0,15.21,0.090357,411.5244928000001,21.02751238116675
3735,2021-12-20 10:42:57.608073472,21.016,21.0,14.991499999999998,0.093592,411.5692119040001,21.025938223343424
3736,2021-12-20 10:42:57.706363136,21.02408163265306,21.0,15.148979591836737,0.089236,411.6675015680001,21.02439148101941
3737,2021-12-20 10:42:57.806110976,21.002093023255814,21.0,15.201860465116278,0.091176,411.7672494080001,21.022872247543557
3738,2021-12-20 10:42:57.908071936,20.98,21.0,15.2,0.098503,411.8692103680001,21.02138059093454
3739,2021-12-20 10:42:58.006622976,20.997142857142858,21.0,15.2,0.088392,411.9677614080001,21.01991655514213
3740,2021-12-20 10:42:58.105364992,20.995,21.0,15.199999999999998,0.084265,412.06650342400013,21.018480161387863
3741,2021-12-20 10:42:58.203775488,21.052558139534884,21.0,15.200000000000001,0.090363,412.1649139200001,21.01707140957967
3742,2021-12-20 10:42:58.305615360,21.0534693877551,21.0,15.205306122448981,0.087166,412.26675379200015,21.01569027979473
3743,2021-12-20 10:42:58.422613504,20.98,21.0,15.21,0.096519,412.3837519360001,21.01433673382459
3744,2021-12-20 10:42:58.574453248,20.994693877551022,21.0,15.21,0.090245,412.5355916800001,21.013010716776343
3745,2021-12-20 10:42:58.666617344,20.98,21.0,15.21,0.093,412.6277557760001,21.011712158723473
3746,2021-12-20 10:42:58.712543488,21.00057142857143,21.0,15.21,0.093717,412.6736819200001,21.010440976399774
3747,2021-12-20 10:42:58.805310976,20.999591836734695,21.0,15.21,0.095324,412.7664494080001,21.009197074929702
3748,2021-12-20 10:42:58.904465664,21.014285714285716,21.0,15.21,0.091615,412.8656040960001,21.007980349588255
3749,2021-12-20 10:42:59.006024192,20.98,21.0,15.21,0.09099,412.9671626240001,21.006790687583475
3750,2021-12-20 10:42:59.105711616,20.997142857142858,21.0,15.21,0.087973,413.0668500480001,21.005627969854544
3751,2021-12-20 10:42:59.205278720,21.01387755102041,21.0,15.153673469387757,0.086505,413.1664171520001,21.00449207287843
3752,2021-12-20 10:42:59.317227264,21.014285714285716,21.0,15.029285714285715,0.094303,413.2783656960001,21.00338287047802
3753,2021-12-20 10:42:59.467699200,20.98,21.0,15.21,0.087098,413.42883763200007,21.002300235624652
3754,2021-12-20 10:42:59.568241920,21.045454545454547,21.0,15.21,0.093155,413.5293803520001,21.00124404222807
3755,2021-12-20 10:42:59.617346560,21.004,21.0,15.21,0.092044,413.5784849920001,21.00021416690683
3756,2021-12-20 10:42:59.705456896,21.043673469387755,21.0,15.21,0.094267,413.6665953280001,20.999210490732345
3757,2021-12-20 10:42:59.804722176,21.01560975609756,21.0,15.21,0.092562,413.7658606080001,20.998232900939886
3758,2021-12-20 10:42:59.906290688,21.004489795918367,21.0,15.21,0.093816,413.86742912000005,20.997281292600018
3759,2021-12-20 10:43:00.005686784,21.009999999999998,21.0,15.210000000000003,0.086743,413.9668252160001,20.99635557024413
3760,2021-12-20 10:43:00.103764992,20.994693877551022,21.0,15.21,0.086849,414.0649034240001,20.995455649437954
3761,2021-12-20 10:43:00.197558528,21.02,21.0,15.21,0.0888,414.1586969600001,20.994581458297255
3762,2021-12-20 10:43:00.295767552,21.028979591836737,21.0,15.003469387755104,0.084614,414.2569059840001,20.99373293894007
3763,2021-12-20 10:43:00.396873472,20.99277777777778,21.0,15.16527777777778,0.097751,414.35801190400014,20.992910048870215
3764,2021-12-20 10:43:00.536381952,20.98,21.0,15.21,0.086078,414.49752038400015,20.992112762287043
3765,2021-12-20 10:43:00.681472768,21.0025,21.0,15.21,0.084659,414.64261120000015,20.991341071316917
3766,2021-12-20 10:43:00.741470208,21.124000000000002,21.0,15.210000000000003,0.095225,414.70260864000016,20.990594987161995
3767,2021-12-20 10:43:00.801689344,20.974285714285713,21.0,15.367142857142857,0.085995,414.76282777600017,20.989874541162447
3768,2021-12-20 10:43:00.902976256,21.002857142857142,21.0,15.288571428571428,0.094314,414.86411468800014,20.989179785768574
3769,2021-12-20 10:43:01.002150912,21.014285714285716,21.0,15.21,0.091024,414.96328934400015,20.98851079541961
3770,2021-12-20 10:43:01.103005184,21.00857142857143,21.0,15.21,0.087812,415.06414361600014,20.98786766732647
3771,2021-12-20 10:43:01.201405440,20.995,21.0,15.21,0.093144,415.16254387200013,20.987250522156028
3772,2021-12-20 10:43:01.301173504,21.03268292682927,21.0,15.108048780487806,0.090023,415.2623119360001,20.986659504615087
3773,2021-12-20 10:43:01.422788352,21.007272727272728,21.0,15.12068181818182,0.089587,415.3839267840001,20.98609478393234
3774,2021-12-20 10:43:01.587070208,20.995,21.0,15.215416666666668,0.094907,415.5482086400001,20.985556554237245
3775,2021-12-20 10:43:01.649471744,20.996973684210527,21.0,15.212708333333335,0.094607,415.6106101760001,20.98504503483506
3776,2021-12-20 10:43:01.711863296,20.998947368421053,21.0,15.21,0.090756,415.6730017280001,20.98456047037773
3777,2021-12-20 10:43:01.806833664,20.98,21.0,15.21,0.093111,415.7679720960001,20.984103130930645
3778,2021-12-20 10:43:01.901894400,20.98,21.0,15.21,0.087338,415.8630328320001,20.983673311935675
3779,2021-12-20 10:43:02.009669120,20.98,21.0,15.21,0.091658,415.9708075520001,20.983271334071276
3780,2021-12-20 10:43:02.111992064,21.001176470588234,21.0,15.209999999999999,0.089792,416.0731304960001,20.982897543010786
3781,2021-12-20 10:43:02.204880128,20.974285714285713,21.0,15.21,0.096499,416.1660185600001,20.982552309080386
3782,2021-12-20 10:43:02.310683392,20.98,21.0,15.21,0.09611,416.2718218240001,20.982236026818494
3783,2021-12-20 10:43:02.452364288,20.969583333333333,21.0,15.211666666666668,0.096574,416.4135027200001,20.981949114438716
3784,2021-12-20 10:43:02.571826432,20.98,21.0,15.22,0.087463,416.5329648640001,20.981692013198714
3785,2021-12-20 10:43:02.628766464,21.006666666666668,21.0,15.220000000000002,0.097329,416.5899048960001,20.98146518667769
3786,2021-12-20 10:43:02.702765312,20.969795918367346,21.0,15.220000000000002,0.091487,416.6639037440001,20.98126911996542
3787,2021-12-20 10:43:02.793088512,20.98,21.363636363636363,15.261818181818184,0.084989,416.7542269440001,20.98110431876604
3788,2021-12-20 10:43:02.892575232,20.98,22.5,16.6,0.089809,416.8537136640001,20.980971308419928
3789,2021-12-20 10:43:03.002059520,20.985945945945947,22.5,16.63,0.083368,416.9631979520001,20.98087063284742
3790,2021-12-20 10:43:03.101002752,20.97408163265306,22.5,16.43408163265306,0.08579,417.0621411840001,20.98080285341809
3791,2021-12-20 10:43:03.202450688,21.014285714285716,22.5,16.459285714285716,0.091435,417.1635891200001,20.980768547749733
3792,2021-12-20 10:43:03.328702208,20.989795918367346,22.5,16.704897959183675,0.089724,417.2898406400001,20.98076830844124
3793,2021-12-20 10:43:03.479194368,20.968095238095238,22.5,16.739285714285714,0.092652,417.4403328000001,20.980802741743716
3794,2021-12-20 10:43:03.546997248,20.98,22.5,16.77,0.077219,417.50813568000007,20.980872466174333
3795,2021-12-20 10:43:03.601382400,20.943541666666665,22.5,16.799375,0.092247,417.5625208320001,20.980978111077608
3796,2021-12-20 10:43:03.702377728,20.961860465116278,22.5,16.613953488372093,0.088102,417.6635161600001,20.98112031513885
3797,2021-12-20 10:43:03.800264704,20.985,22.5,16.86,0.085042,417.76140313600007,20.981299724854644
3798,2021-12-20 10:43:03.909960448,20.959166666666665,22.5,16.88625,0.101271,417.8710988800001,20.981516992965346
3799,2021-12-20 10:43:04.009497344,20.997999999999998,22.5,16.92,0.086726,417.9706357760001,20.98177277685451
3800,2021-12-20 10:43:04.108772608,20.984489795918368,22.5,16.945102040816327,0.094332,418.06991104000014,20.98206773692034
3801,2021-12-20 10:43:04.203642112,20.945945945945947,22.5,16.977567567567565,0.089409,418.1647805440001,20.98240253492427
3802,2021-12-20 10:43:04.302213376,21.00938775510204,22.5,17.00204081632653,0.094113,418.2633518080001,20.982777832321766
3803,2021-12-20 10:43:04.424542208,20.991162790697675,22.5,17.03372093023256,0.095036,418.3856806400001,20.98319428858053
3804,2021-12-20 10:43:04.593430784,20.98,22.5,17.060204081632655,0.097212,418.55456921600006,20.983652559491194
3805,2021-12-20 10:43:04.701145088,20.98,22.5,17.07,0.085297,418.6622835200001,20.984153295475622
3806,2021-12-20 10:43:04.733502464,21.02235294117647,22.5,17.13,0.081618,418.69464089600007,20.984697139897975
3807,2021-12-20 10:43:04.804564224,20.959166666666665,22.5,17.148125,0.092003,418.7657026560001,20.98528472738359
3808,2021-12-20 10:43:04.903316480,20.97372093023256,22.5,17.28697674418605,0.084311,418.8644549120001,20.98591668215071
3809,2021-12-20 10:43:05.003356160,20.98,22.5,17.30979591836735,0.090489,418.9644945920001,20.98659361636005
3810,2021-12-20 10:43:05.104130304,21.007906976744188,22.5,17.23953488372093,0.088446,419.0652687360001,20.9873161284872
3811,2021-12-20 10:43:05.204360960,20.98,22.5,17.27591836734694,0.089607,419.16549939200013,20.988084801722664
3812,2021-12-20 10:43:05.308383744,21.007906976744188,22.5,17.30395348837209,0.090483,419.2695221760001,20.988900202404317
3813,2021-12-20 10:43:05.450255872,20.98,22.5,17.335625,0.084981,419.4113943040001,20.989762878486967
3814,2021-12-20 10:43:05.578458880,21.005714285714284,22.5,17.354285714285716,0.081888,419.5395973120001,20.990673358053566
3815,2021-12-20 10:43:05.635157248,20.98,22.5,17.41,0.084813,419.59629568000014,20.991632147872522
3816,2021-12-20 10:43:05.702075136,20.984489795918368,22.5,17.42530612244898,0.089198,419.6632135680001,20.992639732005525
3817,2021-12-20 10:43:05.803060224,20.997142857142858,22.5,17.45285714285714,0.096074,419.76419865600013,20.993696570469982
3818,2021-12-20 10:43:05.903220736,20.98,22.5,17.48530612244898,0.096609,419.86435916800014,20.994803097960084
3819,2021-12-20 10:43:06.003632384,20.997560975609755,22.5,17.51170731707317,0.085332,419.9647708160001,20.995959722630413
3820,2021-12-20 10:43:06.101680640,20.984489795918368,22.5,17.54408163265306,0.094273,420.06281907200014,20.997166824945722
3821,2021-12-20 10:43:06.198843648,20.99846153846154,22.5,17.57,0.08813,420.15998208000013,20.998424756600343
3822,2021-12-20 10:43:06.331381760,21.004489795918367,22.5,17.604081632653063,0.089246,420.29252019200015,20.999733839510558
3823,2021-12-20 10:43:06.487556608,20.98,22.5,17.630000000000003,0.095338,420.44869504000013,21.001094364882967
3824,2021-12-20 10:43:06.545492224,20.993636363636362,22.5,17.61,0.096375,420.50663065600014,21.002506592361698
3825,2021-12-20 10:43:06.603428096,21.007272727272728,22.5,17.59,0.087858,420.5645665280001,21.003970749257096
3826,2021-12-20 10:43:06.707058432,21.025000000000002,22.5,17.603749999999998,0.099274,420.6681968640001,21.00548702985822
3827,2021-12-20 10:43:06.806766336,20.992307692307694,22.5,17.76128205128205,0.093465,420.7679047680001,21.0070555948313
3828,2021-12-20 10:43:06.915073792,20.989795918367346,22.5,17.7834693877551,0.092618,420.8762122240001,21.008676570705962
3829,2021-12-20 10:43:07.012931072,20.98,22.5,17.818,0.094383,420.9740695040001,21.010350049450857
3830,2021-12-20 10:43:07.105487360,20.994693877551022,22.5,17.84163265306122,0.082971,421.06662579200014,21.01207608813994
3831,2021-12-20 10:43:07.198979072,21.02,22.5,17.875,0.091955,421.16011750400014,21.013854708710443
3832,2021-12-20 10:43:07.297872128,20.974285714285713,22.5,17.900408163265308,0.087963,421.25901056000015,21.015685897813324
3833,2021-12-20 10:43:07.395648768,20.98,22.5,17.83875,0.091534,421.35678720000016,21.017569606756545
3834,2021-12-20 10:43:07.538868480,20.994693877551022,22.5,17.80816326530612,0.083721,421.5000069120002,21.019505751541402
3835,2021-12-20 10:43:07.688183808,21.044,22.5,17.99,0.098233,421.6493222400002,21.02149421299167
3836,2021-12-20 10:43:07.745264640,21.14,22.5,18.04,0.080699,421.70640307200017,21.02353483697514
3837,2021-12-20 10:43:07.802697472,21.015,22.5,18.0475,0.094383,421.7638359040002,21.0256274347168
3838,2021-12-20 10:43:07.902948352,20.997560975609755,22.5,18.07219512195122,0.088343,421.86408678400016,21.027771783202574
3839,2021-12-20 10:43:08.001800960,20.989795918367346,22.5,18.105510204081636,0.091928,421.9629393920002,21.029967625672352
3840,2021-12-20 10:43:08.104928768,20.98,22.5,18.130697674418606,0.097466,422.0660672000002,21.032214672200585
3841,2021-12-20 10:43:08.202695168,21.047826086956523,22.5,18.164565217391306,0.089932,422.1638336000002,21.03451260036257
3842,2021-12-20 10:43:08.306315520,21.03739130434783,22.5,18.192608695652176,0.087443,422.2674539520002,21.03686105598428
3843,2021-12-20 10:43:08.429992192,20.99142857142857,22.5,18.224285714285713,0.088231,422.3911306240002,21.039259653973165
3844,2021-12-20 10:43:08.591981056,21.02469387755102,22.5,18.254897959183673,0.088279,422.5531194880002,21.041707979227276
3845,2021-12-20 10:43:08.680996864,20.98,22.5,18.29,0.091147,422.6421352960002,21.044205587619558
3846,2021-12-20 10:43:08.716512512,21.052727272727275,22.5,18.325454545454544,0.087838,422.6776509440002,21.04675200705407
3847,2021-12-20 10:43:08.807529984,21.02408163265306,22.5,18.325510204081635,0.078961,422.7686684160002,21.049346738590543
3848,2021-12-20 10:43:08.903435776,21.10666666666667,22.5,18.18611111111111,0.093393,422.8645742080002,21.05198925763346
3849,2021-12-20 10:43:09.011572224,20.989795918367346,22.5,18.41204081632653,0.08241,422.9727106560002,21.054679015181595
3850,2021-12-20 10:43:09.113392384,21.04,22.5,18.43375,0.088539,423.07453081600016,21.05741543913374
3851,2021-12-20 10:43:09.203997440,21.02408163265306,22.5,18.447755102040816,0.093519,423.1651358720002,21.06019793564618
3852,2021-12-20 10:43:09.308332032,21.05952380952381,22.5,18.26214285714286,0.088675,423.26947046400016,21.0630258905372
3853,2021-12-20 10:43:09.467403776,21.068163265306122,22.5,18.291836734693877,0.088138,423.4285422080002,21.065898670733915
3854,2021-12-20 10:43:09.618690304,21.08758620689655,22.5,18.32,0.07663,423.5798287360002,21.068815625756375
3855,2021-12-20 10:43:09.665722880,21.08892823858341,22.5,18.46,0.084039,423.6268613120002,21.071776089233957
3856,2021-12-20 10:43:09.712745216,21.09027027027027,22.5,18.6,0.073837,423.6738836480002,21.074779380448867
3857,2021-12-20 10:43:09.807735808,21.087755102040816,22.5,18.63,0.087215,423.7688742400002,21.07782480590155
3858,2021-12-20 10:43:09.906176256,21.146153846153844,22.5,18.43,0.081042,423.8673146880002,21.08091166089279
3859,2021-12-20 10:43:10.013045504,21.00938775510204,22.5,18.69,0.085921,423.9741839360002,21.084039231117234
3860,2021-12-20 10:43:10.113185792,21.16722222222222,22.5,18.71,0.089212,424.0743242240002,21.08720679426311
3861,2021-12-20 10:43:10.208085504,21.141632653061226,22.5,18.51,0.082262,424.16922393600015,21.090413621613003
3862,2021-12-20 10:43:10.310710272,21.161621621621624,22.5,18.77,0.085185,424.27184870400015,21.09365897964051
3863,2021-12-20 10:43:10.462459648,21.0534693877551,22.5,18.799387755102043,0.083742,424.42359808000015,21.09694213159774
3864,2021-12-20 10:43:10.595379968,21.084347826086958,22.5,18.617391304347827,0.087507,424.55651840000013,21.100262339088772
3865,2021-12-20 10:43:10.641537280,21.099999999999998,22.5,18.86,0.086424,424.6026757120001,21.1036188636242
3866,2021-12-20 10:43:10.702590976,21.058367346938773,22.5,18.886326530612248,0.083058,424.6637294080001,21.107010968152103
3867,2021-12-20 10:43:10.803324928,21.117142857142856,22.5,18.916428571428572,0.082664,424.7644633600001,21.11043791856089
3868,2021-12-20 10:43:10.901252352,21.140625,22.5,18.74083333333333,0.081971,424.86239078400007,21.113898985149504
3869,2021-12-20 10:43:11.002056448,21.153023255813952,22.5,18.74581395348837,0.086716,424.96319488000006,21.117393444060745
3870,2021-12-20 10:43:11.102458112,21.16612244897959,22.5,18.767551020408163,0.087005,425.06359654400006,21.120920578673662
3871,2021-12-20 10:43:11.203885824,21.117142857142856,22.5,18.794999999999998,0.08533,425.16502425600004,21.12447968095096
3872,2021-12-20 10:43:11.333788672,21.15632653061224,22.5,18.81673469387755,0.091055,425.294927104,21.128070052737694
3873,2021-12-20 10:43:11.483425792,21.0945,22.5,19.021499999999996,0.087785,425.44456422400003,21.13169100700771
3874,2021-12-20 10:43:11.542719232,21.10337244897959,22.5,18.962382653061223,0.078695,425.503857664,21.135341869054404
3875,2021-12-20 10:43:11.602012928,21.112244897959183,22.5,18.90326530612245,0.088769,425.56315136,21.13902197762271
3876,2021-12-20 10:43:11.703611648,21.091627906976743,22.5,19.096046511627907,0.081021,425.66475008000003,21.142730685979362
3877,2021-12-20 10:43:11.801901056,21.140416666666667,22.5,19.18375,0.077302,425.76303948800006,21.146467362918674
3878,2021-12-20 10:43:11.903499776,21.12727272727273,22.5,19.212500000000002,0.075231,425.8646382080001,21.150231393701265
3879,2021-12-20 10:43:12.003418880,21.200625,22.5,19.065833333333334,0.072898,425.96455731200007,21.154022180923448
3880,2021-12-20 10:43:12.106033408,21.16,22.5,19.041136363636365,0.084221,426.06717184000007,21.157839145315243
3881,2021-12-20 10:43:12.200812800,21.1790243902439,22.5,19.06609756097561,0.076753,426.1619512320001,21.161681726465247
3882,2021-12-20 10:43:12.306142976,21.195918367346938,22.5,19.089591836734694,0.076517,426.2672814080001,21.165549383470754
3883,2021-12-20 10:43:12.429900288,21.214146341463415,22.5,19.121951219512194,0.08248,426.3910387200001,21.16944159551191
3884,2021-12-20 10:43:12.586457344,21.205714285714283,22.5,19.14224489795918,0.077603,426.5475957760001,21.173357862348855
3885,2021-12-20 10:43:12.678782464,21.22,22.5,19.15,0.083165,426.6399208960001,21.177297704741292
3886,2021-12-20 10:43:12.717124608,21.21258064516129,22.5,19.198064516129033,0.075796,426.6782630400001,21.181260664790077
3887,2021-12-20 10:43:12.805486592,21.220408163265304,22.5,19.34326530612245,0.080274,426.7666250240001,21.18524630620084
3888,2021-12-20 10:43:12.899109120,21.23428571428571,22.5,19.322,0.082504,426.86024755200015,21.189254214469965
3889,2021-12-20 10:43:13.003795712,21.22,22.5,19.2665306122449,0.077434,426.96493414400015,21.19328399699357
3890,2021-12-20 10:43:13.109166336,21.220555555555553,22.5,19.293333333333333,0.089651,427.07030476800014,21.197335283100387
3891,2021-12-20 10:43:13.205112320,21.215102040816326,22.5,19.3265306122449,0.08634,427.16625075200017,21.201407724009925
3892,2021-12-20 10:43:13.300354048,21.227714285714285,22.5,19.34742857142857,0.081947,427.2614924800002,21.205500992717514
3893,2021-12-20 10:43:13.437800448,21.230204081632653,22.5,19.375918367346937,0.075418,427.3989388800002,21.209614783808064
3894,2021-12-20 10:43:13.592416512,21.206285714285713,22.5,19.396857142857144,0.086942,427.55355494400015,21.213748813200798
3895,2021-12-20 10:43:13.648239872,21.22980952380952,22.5,19.42398412698413,0.065422,427.60937830400013,21.2179028178274
3896,2021-12-20 10:43:13.704073472,21.253333333333334,22.5,19.451111111111114,0.077823,427.66521190400016,21.222076555246204
3897,2021-12-20 10:43:13.806688000,21.20978723404255,22.5,19.47468085106383,0.074614,427.76782643200016,21.226269803195375
3898,2021-12-20 10:43:13.910841600,21.243255813953486,22.5,19.50674418604651,0.076247,427.8719800320002,21.2304823590882
3899,2021-12-20 10:43:14.026602496,21.23530612244898,22.5,19.52938775510204,0.085833,427.98774092800016,21.234714039453728
3900,2021-12-20 10:43:14.119027968,21.236666666666665,22.5,19.563,0.079815,428.08016640000017,21.238964679326212
3901,2021-12-20 10:43:14.206283520,21.23530612244898,22.5,19.57938775510204,0.079926,428.16742195200015,21.24323413158685
3902,2021-12-20 10:43:14.315707648,21.23829268292683,22.5,19.60682926829268,0.078049,428.27684608000015,21.24752226626143
3903,2021-12-20 10:43:14.468000256,21.22,22.5,19.62938775510204,0.081411,428.42913868800014,21.25182896977764
3904,2021-12-20 10:43:14.578771968,21.269999999999996,22.5,19.64,0.081648,428.5399104000001,21.256154144185686
3905,2021-12-20 10:43:14.626538752,21.22,22.5,19.69,0.074177,428.5876771840001,21.260497706345976
3906,2021-12-20 10:43:14.706129920,21.245510204081633,22.5,19.703469387755103,0.074379,428.66726835200006,21.26485958708755
3907,2021-12-20 10:43:14.806833664,21.238333333333333,22.5,19.735,0.075668,428.76797209600005,21.26923973034094
3908,2021-12-20 10:43:14.906400512,21.250612244897958,22.5,19.75857142857143,0.080655,428.86753894400005,21.273638092249076
3909,2021-12-20 10:43:15.005896960,21.267619047619046,22.5,19.784285714285716,0.071014,428.96703539200007,21.278054640259665
3910,2021-12-20 10:43:15.104558848,21.31375,22.5,19.807916666666667,0.081934,429.06569728000005,21.282489352202393
3911,2021-12-20 10:43:15.196260096,21.26285714285714,22.5,19.829428571428572,0.080711,429.15739852800004,21.286942215354316
3912,2021-12-20 10:43:15.293845504,21.30673469387755,22.5,19.85775510204082,0.074075,429.25498393600003,21.291413225496417
3913,2021-12-20 10:43:15.403400448,21.27952380952381,22.5,19.878571428571426,0.077327,429.36453888000005,21.295902385964354
3914,2021-12-20 10:43:15.545312768,21.245510204081633,22.5,19.90734693877551,0.076344,429.5064512000001,21.300409706696072
3915,2021-12-20 10:43:15.686792704,21.28818181818182,22.5,19.921818181818185,0.078703,429.64793113600007,21.304935203278912
3916,2021-12-20 10:43:15.744225280,21.386666666666667,22.5,19.98,0.074696,429.70536371200006,21.30947889599852
3917,2021-12-20 10:43:15.801939712,21.230204081632653,22.5,19.986938775510204,0.085525,429.7630781440001,21.314040808891725
3918,2021-12-20 10:43:15.900712192,21.294999999999998,22.5,20.0045,0.085598,429.86185062400006,21.3186209688053
3919,2021-12-20 10:43:16.001626880,21.27851063829787,22.5,20.035957446808514,0.081353,429.96276531200004,21.323219404462208
3920,2021-12-20 10:43:16.116884736,21.24222222222222,22.5,20.055333333333333,0.073768,430.0780231680001,21.3278361455369
3921,2021-12-20 10:43:16.213273344,21.279210526315786,22.5,20.01921052631579,0.088632,430.17441177600006,21.332471221740693
3922,2021-12-20 10:43:16.309189120,21.30333333333333,22.5,19.924166666666668,0.079384,430.2703275520001,21.337124661918214
3923,2021-12-20 10:43:16.424809216,21.285476190476192,22.5,20.134761904761906,0.081993,430.38594764800007,21.341796493155552
3924,2021-12-20 10:43:16.577413376,21.30673469387755,22.5,20.15551020408163,0.084266,430.5385518080001,21.346486739900527
3925,2021-12-20 10:43:16.671870720,21.255714285714284,22.5,20.18,0.082147,430.63300915200006,21.351195423095216
3926,2021-12-20 10:43:16.717334272,21.37151515151515,22.5,20.040909090909093,0.074441,430.67847270400006,21.355922559320618
3927,2021-12-20 10:43:16.807909120,21.332244897959182,22.5,20.19142857142857,0.089383,430.7690475520001,21.360668159953164
3928,2021-12-20 10:43:16.908019200,21.368809523809524,22.5,20.067619047619047,0.07984,430.86915763200005,21.365432230332647
3929,2021-12-20 10:43:17.012856576,21.36285714285714,22.5,20.24,0.078871,430.97399500800003,21.370214768940876
3930,2021-12-20 10:43:17.110150400,21.355135135135136,22.5,20.102162162162163,0.077987,431.07128883200005,21.375015766590295
3931,2021-12-20 10:43:17.205533184,21.36285714285714,22.5,20.322448979591837,0.080895,431.16667161600003,21.379835205621745
3932,2021-12-20 10:43:17.314182656,21.410476190476192,22.5,20.31,0.075162,431.27532108800006,21.38467305911039
3933,2021-12-20 10:43:17.464463360,21.434285714285714,22.5,20.133673469387755,0.080599,431.42560179200007,21.389529290078944
3934,2021-12-20 10:43:17.578946816,21.47,22.5,20.16,0.08153,431.5400852480001,21.394403850717254
3935,2021-12-20 10:43:17.628976896,21.47,22.5,20.184,0.080846,431.5901153280001,21.39929668160749
3936,2021-12-20 10:43:17.705188352,21.418979591836734,22.5,20.20122448979592,0.079213,431.6663267840001,21.404207710954186
3937,2021-12-20 10:43:17.805861632,21.47,22.5,20.22093023255814,0.079013,431.7670000640001,21.409136853818577
3938,2021-12-20 10:43:17.907148800,21.47,22.5,20.24122448979592,0.075303,431.8682872320001,21.41408401135684
3939,2021-12-20 10:43:18.006554624,21.47,22.5,20.261463414634147,0.074811,431.9676930560001,21.41904907006215
3940,2021-12-20 10:43:18.105699072,21.47,22.5,20.28122448979592,0.077915,432.0668375040001,21.424031901010565
3941,2021-12-20 10:43:18.201091840,21.47,22.5,20.3,0.068722,432.1622302720001,21.42903235911111
3942,2021-12-20 10:43:18.299260928,21.464897959183673,22.5,20.56,0.081602,432.2603993600001,21.434050282360605
3943,2021-12-20 10:43:18.403907072,21.48875,22.5,20.35,0.066411,432.36504550400014,21.439085491104198
3944,2021-12-20 10:43:18.542590720,21.47,22.5,20.37,0.069253,432.5037291520001,21.444137787302697
3945,2021-12-20 10:43:18.686705920,21.492058823529412,22.5,20.39,0.072178,432.6478443520001,21.44920695380826
3946,2021-12-20 10:43:18.746210816,21.47,22.5,20.41,0.080327,432.7073492480001,21.454292753650037
3947,2021-12-20 10:43:18.802537216,21.47,22.5,20.429583333333333,0.07148,432.7636756480001,21.45939492933183
3948,2021-12-20 10:43:18.900826624,21.47,22.5,20.449024390243903,0.074768,432.86196505600014,21.464513202144065
3949,2021-12-20 10:43:19.001107712,21.49659574468085,22.5,20.47,0.071325,432.9622461440001,21.469647271492565
3950,2021-12-20 10:43:19.113328128,21.486666666666665,22.5,20.489111111111107,0.076029,433.07446656000013,21.474796814246837
3951,2021-12-20 10:43:19.210712320,21.526249999999997,22.5,20.52,0.06856,433.1718507520001,21.479961484110785
3952,2021-12-20 10:43:19.310470400,21.505714285714284,22.5,20.31795918367347,0.072651,433.27160883200014,21.485140911019005
3953,2021-12-20 10:43:19.427910912,21.50125,22.5,20.5405,0.067443,433.3890493440001,21.490334700561945
3954,2021-12-20 10:43:19.580143104,21.480204081632653,22.5,20.568163265306122,0.0659,433.5412815360001,21.495542433443283
3955,2021-12-20 10:43:19.674429440,21.47,22.5,20.57,0.069035,433.6355678720001,21.500763664973057
3956,2021-12-20 10:43:19.718162688,21.492727272727272,22.5,20.61,0.071784,433.6793011200001,21.50599792460013
3957,2021-12-20 10:43:19.808264960,21.500612244897958,22.5,20.626326530612243,0.072746,433.76940339200013,21.511244715487614
3958,2021-12-20 10:43:19.908626432,21.49906976744186,22.5,20.65372093023256,0.069028,433.8697648640001,21.516503514134868
3959,2021-12-20 10:43:20.011522816,21.480416666666667,22.5,20.67625,0.072041,433.9726612480001,21.521773770049723
3960,2021-12-20 10:43:20.109399808,21.513749999999998,22.5,20.515,0.073073,434.07053824000013,21.527054905474436
3961,2021-12-20 10:43:20.207649280,21.55673469387755,22.5,20.666938775510204,0.071292,434.16878771200015,21.532346315168837
3962,2021-12-20 10:43:20.319266048,21.50488372093023,22.5,20.72767441860465,0.069322,434.28040448000013,21.537647366254102
3963,2021-12-20 10:43:20.471387392,21.541428571428572,22.5,20.74591836734694,0.078626,434.43252582400015,21.5429573981203
3964,2021-12-20 10:43:20.577995264,21.505714285714284,22.5,20.755714285714284,0.066438,434.53913369600014,21.54827572240084
3965,2021-12-20 10:43:20.625399808,21.605416666666667,22.5,20.56,0.071303,434.58653824000015,21.553601623016675
3966,2021-12-20 10:43:20.706027008,21.526122448979592,22.5,20.751020408163264,0.076621,434.66716544000013,21.55893435629293
3967,2021-12-20 10:43:20.806459136,21.545581395348837,22.5,20.826976744186044,0.081685,434.76759756800016,21.564273151150463
3968,2021-12-20 10:43:20.907554816,21.515918367346938,22.5,20.844285714285714,0.071112,434.86869324800017,21.56961720937456
3969,2021-12-20 10:43:21.007463680,21.541428571428572,22.5,20.863333333333333,0.068768,434.96860211200016,21.574965705962693
3970,2021-12-20 10:43:21.108368384,21.566938775510202,22.5,20.883469387755103,0.079307,435.06950681600017,21.58031778955308
3971,2021-12-20 10:43:21.206899456,21.557499999999997,22.5,20.901,0.077043,435.1680378880002,21.585672582935363
3972,2021-12-20 10:43:21.304665856,21.55673469387755,22.5,20.922244897959185,0.076105,435.2658042880002,21.591029183644487
3973,2021-12-20 10:43:21.411183104,21.50488372093023,22.5,20.941162790697675,0.074833,435.3723215360002,21.596386664638615
3974,2021-12-20 10:43:21.560820224,21.592448979591836,22.5,20.82142857142857,0.069519,435.5219586560002,21.601744075061422
3975,2021-12-20 10:43:21.685050112,21.56782608695652,22.5,20.785217391304347,0.06693,435.6461885440002,21.607100441088978
3976,2021-12-20 10:43:21.737353216,21.72,22.5,20.78,0.076363,435.6984916480002,21.612454766860946
3977,2021-12-20 10:43:21.805829888,21.610625,22.5,20.925833333333333,0.072333,435.76696832000016,21.617806035495523
3978,2021-12-20 10:43:21.904652544,21.65452380952381,22.5,20.930476190476192,0.073507,435.86579097600014,21.62315321018728
3979,2021-12-20 10:43:22.004702464,21.60265306122449,22.5,20.82061224489796,0.067812,435.96584089600015,21.628495235386733
3980,2021-12-20 10:43:22.105033728,21.610243902439024,22.5,20.83878048780488,0.078214,436.0661721600001,21.633831038060165
3981,2021-12-20 10:43:22.204218624,21.59755102040816,22.5,20.982653061224493,0.07427,436.1653570560001,21.639159529027847
3982,2021-12-20 10:43:22.306742528,21.571190476190477,22.5,21.005714285714287,0.073939,436.2678809600001,21.64447960437859
3983,2021-12-20 10:43:22.443072512,21.64708333333333,22.5,20.889999999999997,0.072186,436.4042109440001,21.64979014695834
3984,2021-12-20 10:43:22.584904448,21.619999999999997,22.5,20.957142857142856,0.068309,436.54604288000013,21.65509002793011
3985,2021-12-20 10:43:22.645223936,21.72,22.5,21.17,0.078172,436.60636236800013,21.660378108402334
3986,2021-12-20 10:43:22.703230208,21.6434693877551,22.5,21.178979591836736,0.07091,436.66436864000013,21.665653241122428
3987,2021-12-20 10:43:22.804627712,21.642619047619046,22.5,21.111428571428572,0.081419,436.7657661440001,21.67091427223225
3988,2021-12-20 10:43:22.903430144,21.68938775510204,22.5,20.983469387755104,0.072365,436.8645685760001,21.676160043081698
3989,2021-12-20 10:43:23.003872256,21.684285714285714,22.5,21.077380952380953,0.070135,436.9650106880001,21.681389392096648
3990,2021-12-20 10:43:23.102503680,21.730204081632653,22.5,21.16469387755102,0.072296,437.06364211200014,21.686601156697147
3991,2021-12-20 10:43:23.203499008,21.696190476190477,22.5,21.089523809523808,0.083654,437.16463744000015,21.691794175261688
3992,2021-12-20 10:43:23.328845312,21.75488372093023,22.5,21.19302325581395,0.077328,437.28998374400015,21.69696728913317
3993,2021-12-20 10:43:23.503748864,21.73530612244898,22.5,21.066530612244897,0.082568,437.46488729600014,21.702119344662048
3994,2021-12-20 10:43:23.563736320,21.73228269085412,22.5,21.085302343159487,0.069754,437.52487475200013,21.707249195282003
3995,2021-12-20 10:43:23.623714048,21.72925925925926,22.5,21.104074074074077,0.074312,437.5848524800001,21.712355703613483
3996,2021-12-20 10:43:23.707650304,21.699591836734694,22.5,21.11408163265306,0.077207,437.6687887360001,21.717437743590292
3997,2021-12-20 10:43:23.806865152,21.71404761904762,22.5,21.18952380952381,0.07497,437.7680035840001,21.72249420260431
3998,2021-12-20 10:43:23.906995456,21.72,22.5,21.335102040816327,0.078384,437.8681338880001,21.727523983663396
3999,2021-12-20 10:43:24.006662912,21.72,22.5,21.164761904761903,0.075207,437.9678013440001,21.7325260075575
4000,2021-12-20 10:43:24.106772992,21.730204081632653,22.5,21.18408163265306,0.077101,438.0679114240001,21.737499215027878
4001,2021-12-20 10:43:24.202608384,21.759473684210523,22.5,21.202105263157893,0.064461,438.1637468160001,21.74244256893427
4002,2021-12-20 10:43:24.301541632,21.750612244897958,22.5,21.21326530612245,0.071199,438.2626800640001,21.74735505641481
4003,2021-12-20 10:43:24.406359040,21.73282051282051,22.5,21.234102564102564,0.07495,438.3674974720001,21.75223569103348
4004,2021-12-20 10:43:24.557253376,21.745510204081633,22.5,21.25142857142857,0.074411,438.5183918080001,21.757083514909752
4005,2021-12-20 10:43:24.697144064,21.747777777777774,22.5,21.260000000000005,0.068376,438.6582824960001,21.761897600825154
4006,2021-12-20 10:43:24.747234304,21.886666666666667,22.5,21.29,0.07403,438.70837273600006,21.76667705430133
4007,2021-12-20 10:43:24.804113920,21.72,22.5,21.292916666666667,0.062304,438.76525235200006,21.77142101564426
4008,2021-12-20 10:43:24.903379200,21.793170731707317,22.5,21.31,0.072897,438.86451763200006,21.776128661949247
4009,2021-12-20 10:43:25.001910016,21.78111111111111,22.5,21.32311111111111,0.062385,438.96304844800005,21.78079920906119
4010,2021-12-20 10:43:25.114633216,21.75723404255319,22.5,21.34085106382979,0.07452,439.07577164800006,21.785431913484715
4011,2021-12-20 10:43:25.212973056,21.73282051282051,22.5,21.353076923076927,0.069185,439.17411148800005,21.790026074238718
4012,2021-12-20 10:43:25.310156288,21.816938775510202,22.5,21.372448979591837,0.061845,439.27129472000007,21.79458103464987
4013,2021-12-20 10:43:25.428703232,21.755714285714287,22.5,21.36261904761905,0.064703,439.3898416640001,21.79909618407967
4014,2021-12-20 10:43:25.583208448,21.765918367346938,22.5,21.1865306122449,0.063612,439.5443468800001,21.803570959579563
4015,2021-12-20 10:43:25.675191552,21.72,22.5,21.42,0.05903,439.6363299840001,21.808004847468666
4016,2021-12-20 10:43:25.718441984,21.81558823529412,22.5,21.431470588235292,0.074784,439.6795804160001,21.812397384828653
4017,2021-12-20 10:43:25.810103296,21.791428571428572,22.5,21.442040816326532,0.070245,439.77124172800006,21.816748160910386
4018,2021-12-20 10:43:25.910394368,21.83627906976744,22.5,21.46093023255814,0.074233,439.87153280000007,21.82105681844694
4019,2021-12-20 10:43:26.011892480,21.808541666666667,22.5,21.471249999999998,0.063595,439.97303091200007,21.825323054867617
4020,2021-12-20 10:43:26.109719296,21.799268292682925,22.5,21.48463414634146,0.067169,440.0708577280001,21.829546623407687
4021,2021-12-20 10:43:26.209085184,21.827142857142857,22.5,21.270204081632652,0.075139,440.1702236160001,21.833727334108747
4022,2021-12-20 10:43:26.317392640,21.893076923076922,22.5,21.28,0.072974,440.2785310720001,21.83786505470459
4023,2021-12-20 10:43:26.471143680,21.811836734693877,22.5,21.299591836734695,0.072044,440.43228211200005,21.841959711387652
4024,2021-12-20 10:43:26.587216384,21.7825,22.5,21.30875,0.067469,440.548354816,21.84601128945125
4025,2021-12-20 10:43:26.631663872,21.94058823529412,22.5,21.32,0.062004,440.59280230400003,21.850019833803174
4026,2021-12-20 10:43:26.704566272,21.89857142857143,22.5,21.329387755102037,0.068564,440.665704704,21.85398544934617
4027,2021-12-20 10:43:26.799275008,21.895675675675676,22.5,21.338918918918917,0.060866,440.76041344,21.857908301221336
4028,2021-12-20 10:43:26.901527552,21.84755102040816,22.5,21.569591836734695,0.068085,440.862665984,21.861788614910587
4029,2021-12-20 10:43:27.007451392,21.82135135135135,22.5,21.384864864864866,0.064754,440.968589824,21.865626676194672
4030,2021-12-20 10:43:27.104061184,21.873061224489796,22.5,21.36918367346939,0.058012,441.065199616,21.86942283096362
4031,2021-12-20 10:43:27.205730304,21.923488372093022,22.5,21.388139534883724,0.067728,441.16686873599997,21.873177484876802
4032,2021-12-20 10:43:27.343729920,21.871041666666667,22.5,21.399166666666662,0.059692,441.30486835199997,21.876891102870143
4033,2021-12-20 10:43:27.500518400,21.905897435897433,22.5,21.408461538461538,0.062667,441.46165683199996,21.880564208508467
4034,2021-12-20 10:43:27.556402432,21.887948717948717,22.5,21.41923076923077,0.05896,441.51754086399995,21.88419738318135
4035,2021-12-20 10:43:27.612286208,21.869999999999997,22.5,21.43,0.071197,441.5734246399999,21.887791265141225
4036,2021-12-20 10:43:27.711058432,21.90877551020408,22.5,21.43877551020408,0.072012,441.67219686399994,21.89134654838304
4037,2021-12-20 10:43:27.809539072,21.91736842105263,22.5,21.449210526315788,0.060795,441.77067750399993,21.894863981365173
4038,2021-12-20 10:43:27.915643904,21.902291666666667,22.5,21.45875,0.077771,441.87678233599996,21.898344365571862
4039,2021-12-20 10:43:28.015170816,21.92833333333333,22.5,21.468055555555555,0.058271,441.97630924799995,21.901788553917847
4040,2021-12-20 10:43:28.109205504,21.89857142857143,22.5,21.684285714285714,0.06422,442.070343936,21.905197448996375
4041,2021-12-20 10:43:28.208832768,21.940238095238094,22.5,21.528333333333332,0.057356,442.16997119999996,21.90857200117237
4042,2021-12-20 10:43:28.308993280,21.918979591836734,22.5,21.506734693877554,0.071822,442.27013171199997,21.911913206523014
4043,2021-12-20 10:43:28.417300992,21.95809523809524,22.5,21.51809523809524,0.054556,442.37843942399996,21.91522210462863
4044,2021-12-20 10:43:28.566284288,21.985625,22.5,21.528333333333336,0.060826,442.52742271999995,21.91849977621719
4045,2021-12-20 10:43:28.681139712,21.97,22.5,21.535263157894736,0.066548,442.64227814399993,21.921747340666524
4046,2021-12-20 10:43:28.731048960,21.97,22.5,21.55,0.07044,442.69218739199994,21.924965953368716
4047,2021-12-20 10:43:28.806154240,21.975102040816324,22.5,21.55816326530612,0.069043,442.76729267199994,21.928156802961862
4048,2021-12-20 10:43:28.903417856,21.956842105263156,22.5,21.56763157894737,0.058771,442.86455628799996,21.931321108434936
4049,2021-12-20 10:43:29.008285440,21.93938775510204,22.5,21.577755102040815,0.064331,442.96942387199994,21.93446011611199
4050,2021-12-20 10:43:29.111473408,21.95529411764706,22.5,21.586470588235294,0.062622,443.0726118399999,21.937575096522593
4051,2021-12-20 10:43:29.205156096,21.959795918367348,22.5,21.596938775510203,0.063185,443.1662945279999,21.94066734116594
4052,2021-12-20 10:43:29.306081024,21.97,22.5,21.606190476190477,0.059528,443.2672194559999,21.943738159176558
4053,2021-12-20 10:43:29.439644928,21.97,22.5,21.61673469387755,0.060199,443.40078335999993,21.94678887390011
4054,2021-12-20 10:43:29.595638784,21.97,22.5,21.625999999999998,0.059583,443.55677721599994,21.949820819388293
4055,2021-12-20 10:43:29.652236800,21.97,22.5,21.730560975609755,0.064571,443.61337523199995,21.952835336822204
4056,2021-12-20 10:43:29.708824832,21.97,22.5,21.835121951219513,0.071001,443.66996326399993,21.955833770874126
4057,2021-12-20 10:43:29.809709312,21.97,22.5,21.75081632653061,0.058469,443.7708477439999,21.958817466018
4058,2021-12-20 10:43:29.905564672,22.02,22.5,21.678857142857144,0.059161,443.8667031039999,21.961787762799293
4059,2021-12-20 10:43:30.010181120,21.97,22.5,21.68632653061225,0.055127,443.9713195519999,21.96474599407529
4060,2021-12-20 10:43:30.114022656,21.99631578947368,22.5,21.520526315789475,0.063408,444.0751610879999,21.967693481237195
4061,2021-12-20 10:43:30.209858048,21.97,22.5,21.613061224489794,0.058243,444.1709964799999,21.970631530425713
4062,2021-12-20 10:43:30.317320704,22.0075,22.5,21.71625,0.058808,444.2784591359999,21.973561428752006
4063,2021-12-20 10:43:30.473153792,21.97,22.5,21.72591836734694,0.063213,444.43429222399993,21.976484440536105
4064,2021-12-20 10:43:30.594275584,22.011666666666667,22.5,21.73,0.06317,444.55541401599993,21.97940180357507
4065,2021-12-20 10:43:30.638250496,21.98923076923077,22.5,21.75,0.058865,444.59938892799994,21.98231472545327
4066,2021-12-20 10:43:30.706727168,21.98530612244898,22.5,21.755102040816325,0.065657,444.6678655999999,21.985224379907226
4067,2021-12-20 10:43:30.800339712,21.97,22.5,21.762777777777778,0.060657,444.7614781439999,21.988131903257468
4068,2021-12-20 10:43:30.898930944,21.996041666666667,22.5,21.774375000000003,0.061602,444.8600693759999,21.991038390919957
4069,2021-12-20 10:43:31.005256960,21.97,22.5,21.782105263157895,0.066041,444.9663953919999,21.993944894009314
4070,2021-12-20 10:43:31.104270848,21.980204081632653,22.5,21.7934693877551,0.058368,445.0654092799999,21.99685241604614
4071,2021-12-20 10:43:31.206382592,21.99906976744186,22.5,21.802325581395348,0.060449,445.16752102399994,21.999761909780453
4072,2021-12-20 10:43:31.322857472,21.994999999999997,22.5,21.817999999999998,0.060963,445.28399590399994,22.00267427414307
4073,2021-12-20 10:43:31.482281216,21.980204081632653,22.5,21.83326530612245,0.064425,445.4434196479999,22.005590351336526
4074,2021-12-20 10:43:31.575430912,21.97,22.5,21.84,0.061831,445.53656934399993,22.00851092407667
4075,2021-12-20 10:43:31.616549376,22.01285714285714,22.5,21.854285714285712,0.069947,445.57768780799995,22.011436712995778
4076,2021-12-20 10:43:31.709316864,21.995510204081633,22.5,21.863061224489794,0.059919,445.67045529599994,22.014368374217526
4077,2021-12-20 10:43:31.805282816,21.99083333333333,22.5,21.87388888888889,0.060022,445.7664212479999,22.01730649711379
4078,2021-12-20 10:43:31.913711104,21.98530612244898,22.5,21.882857142857144,0.065659,445.87484953599994,22.020251602252664
4079,2021-12-20 10:43:32.017231104,21.992058823529412,22.5,21.893823529411765,0.063394,445.97836953599995,22.02320413954657
4080,2021-12-20 10:43:32.108338944,22.0325,22.5,21.902083333333334,0.059345,446.06947737599995,22.02616448660865
4081,2021-12-20 10:43:32.201066240,21.97694444444444,22.5,21.912777777777777,0.057467,446.162204672,22.029132947325053
4082,2021-12-20 10:43:32.297545472,22.041428571428572,22.5,21.921632653061227,0.061311,446.25868390399995,22.03210975065012
4083,2021-12-20 10:43:32.399003392,22.0028947368421,22.5,21.893684210526317,0.056828,446.3601418239999,22.035095049630616
4084,2021-12-20 10:43:32.535142144,21.98530612244898,22.5,21.725510204081633,0.06842,446.49628057599995,22.038088920664602
4085,2021-12-20 10:43:32.688711936,21.97,22.5,21.95,0.059259,446.64985036799993,22.04109136299962
4086,2021-12-20 10:43:32.746688000,22.00125,22.5,21.96,0.059154,446.70782643199993,22.044102298474154
4087,2021-12-20 10:43:32.804653824,22.0325,22.5,21.97,0.058469,446.76579225599994,22.04712157150548
4088,2021-12-20 10:43:32.905749760,22.043863636363636,22.5,21.979545454545455,0.059465,446.8668881919999,22.05014894932623
4089,2021-12-20 10:43:33.010003712,22.016511627906976,22.5,21.75,0.061296,446.97114214399994,22.053184122471183
4090,2021-12-20 10:43:33.134867200,21.97,22.5,21.979591836734695,0.062684,447.09600563199996,22.05622670551483
4091,2021-12-20 10:43:33.226769920,22.08,22.5,21.77,0.060998,447.18790835199997,22.059276238059418
4092,2021-12-20 10:43:33.308191744,22.06895833333333,22.5,21.778958333333335,0.058692,447.269330176,22.062332185972412
4093,2021-12-20 10:43:33.413763328,22.030975609756098,22.5,21.78,0.054638,447.37490176,22.06539394287133
4094,2021-12-20 10:43:33.566780160,22.010816326530612,22.5,21.994285714285716,0.073312,447.527918592,22.068460831853084
4095,2021-12-20 10:43:33.691392256,21.97,22.5,22.03,0.060383,447.652530688,22.071532107464073
4096,2021-12-20 10:43:33.739148800,22.11583333333333,22.5,22.040000000000003,0.056765,447.700287232,22.07460695790639
4097,2021-12-20 10:43:33.806509312,22.031224489795918,22.5,22.04755102040816,0.071033,447.767647744,22.077684507474697
4098,2021-12-20 10:43:33.899155968,22.048571428571428,22.5,21.905428571428573,0.054879,447.8602944,22.08076381921748
4099,2021-12-20 10:43:34.009535744,22.10265306122449,22.5,21.834285714285716,0.057676,447.970674176,22.083843897815594
4100,2021-12-20 10:43:34.137668096,21.98923076923077,22.5,21.987692307692306,0.074276,448.098806528,22.086923692670126
4101,2021-12-20 10:43:34.222972416,22.059285714285714,22.5,21.85,0.052657,448.184110848,22.090002101190887
4102,2021-12-20 10:43:34.308427520,22.107755102040816,22.5,22.018367346938778,0.069744,448.269565952,22.09307797227608
4103,2021-12-20 10:43:34.413466368,22.03944444444444,22.5,22.1,0.06407,448.3746048,22.096150109972978
4104,2021-12-20 10:43:34.585231616,22.122708333333332,22.5,21.96104166666667,0.06033,448.54637004799997,22.09921727730868
4105,2021-12-20 10:43:34.736980992,22.04695652173913,22.5,21.902608695652177,0.052034,448.69811942399997,22.102278200279446
4106,2021-12-20 10:43:34.778420992,22.076660079051383,22.5,22.02069828722003,0.063066,448.739559424,22.10533157198648
4107,2021-12-20 10:43:34.819871232,22.106363636363636,22.5,22.13878787878788,0.057531,448.781009664,22.10837605690533
4108,2021-12-20 10:43:34.911783936,22.077142857142857,22.5,22.00387755102041,0.058796,448.872922368,22.11141029527571
4109,2021-12-20 10:43:35.010586368,22.10157894736842,22.5,22.09421052631579,0.067179,448.9717248,22.11443290759794
4110,2021-12-20 10:43:35.118733056,22.048125,22.5,22.165833333333335,0.064665,449.079871488,22.117442499221777
4111,2021-12-20 10:43:35.217686528,22.1340625,22.5,22.055,0.055055,449.17882496,22.120437665013053
4112,2021-12-20 10:43:35.306470912,22.113265306122447,22.5,22.082857142857147,0.065768,449.267609344,22.123416994083133
4113,2021-12-20 10:43:35.409749248,22.103720930232555,22.5,22.19,0.0604,449.37088768,22.126379074565914
4114,2021-12-20 10:43:35.555574272,22.17918367346939,22.5,22.05857142857143,0.063288,449.516712704,22.129322498426937
4115,2021-12-20 10:43:35.686281728,22.127407407407404,22.5,21.962222222222223,0.05535,449.64742015999997,22.132245866288894
4116,2021-12-20 10:43:35.740938496,22.095,22.5,22.22,0.059987,449.70207692799994,22.135147792257747
4117,2021-12-20 10:43:35.806096128,22.17408163265306,22.5,22.093265306122447,0.063727,449.76723455999996,22.13802690873362
4118,2021-12-20 10:43:35.898742784,22.127142857142854,22.5,22.082857142857144,0.065082,449.85988121599996,22.14088187119067
4119,2021-12-20 10:43:36.000562944,22.17408163265306,22.5,22.24,0.059055,449.96170137599995,22.143711362910146
4120,2021-12-20 10:43:36.119250688,22.152926829268292,22.5,22.13341463414634,0.054907,450.08038911999995,22.146514099651103
4121,2021-12-20 10:43:36.213667840,22.193684210526314,22.5,22.01684210526316,0.060742,450.17480627199996,22.149288834243183
4122,2021-12-20 10:43:36.311675648,22.168979591836734,22.5,22.142448979591837,0.059133,450.27281407999993,22.152034361086407
4123,2021-12-20 10:43:36.430323200,22.18341463414634,22.5,22.27,0.058662,450.39146163199996,22.154749520543028
4124,2021-12-20 10:43:36.587333120,22.199591836734694,22.5,22.16204081632653,0.053145,450.54847155199997,22.15743320320697
4125,2021-12-20 10:43:36.685481728,22.22,22.5,22.04,0.054352,450.64662015999994,22.160084354036773
4126,2021-12-20 10:43:36.725000704,22.22,22.5,22.057407407407407,0.064806,450.68613913599995,22.16270197633845
4127,2021-12-20 10:43:36.809772032,22.168979591836734,22.5,22.063877551020404,0.058591,450.77091046399994,22.165285135585258
4128,2021-12-20 10:43:36.913291776,22.20809523809524,22.5,22.07,0.050737,450.8744302079999,22.16783296306185
4129,2021-12-20 10:43:37.031174912,22.22,22.5,22.073125,0.057373,450.9923133439999,22.170344659321003
4130,2021-12-20 10:43:37.125189632,22.22,22.5,22.132173913043477,0.056218,451.08632806399993,22.17281949744163
4131,2021-12-20 10:43:37.206360064,22.209795918367348,22.5,22.258979591836734,0.060668,451.16749849599995,22.17525682607766
4132,2021-12-20 10:43:37.302929664,22.20157894736842,22.5,22.090263157894736,0.05297,451.26406809599996,22.17765607228798
4133,2021-12-20 10:43:37.427632128,22.22,22.5,22.1,0.05726,451.38877055999995,22.180016744138477
4134,2021-12-20 10:43:37.606579200,22.230833333333333,22.5,22.10229166666667,0.057729,451.567717632,22.18233843306791
4135,2021-12-20 10:43:37.666164480,22.225801282051282,22.5,22.111145833333335,0.045904,451.627302912,22.184620816010174
4136,2021-12-20 10:43:37.725749760,22.220769230769232,22.5,22.12,0.054678,451.686888192,22.18686365726636
4137,2021-12-20 10:43:37.808992000,22.17408163265306,22.5,22.12183673469388,0.063409,451.77013043200003,22.18906681012085
4138,2021-12-20 10:43:37.909454080,22.22,22.5,22.13,0.056911,451.87059251200003,22.191230218196495
4139,2021-12-20 10:43:38.014150912,22.235918367346937,22.5,22.131836734693877,0.066194,451.97528934400003,22.193353916544794
4140,2021-12-20 10:43:38.112671744,22.22,22.5,22.14,0.058015,452.07381017600005,22.19543803246771
4141,2021-12-20 10:43:38.206817280,22.199166666666667,22.5,22.176458333333333,0.057062,452.16795571200004,22.197482786068758
4142,2021-12-20 10:43:38.310176256,22.226666666666667,22.5,22.35,0.058993,452.271314688,22.199488490531756
4143,2021-12-20 10:43:38.455568640,22.235918367346937,22.5,22.117142857142856,0.054694,452.416707072,22.20145555212655
4144,2021-12-20 10:43:38.584153856,22.220000000000002,22.5,21.92,0.060915,452.545292288,22.203384469941756
4145,2021-12-20 10:43:38.640188416,22.220000000000002,22.5,22.17,0.062671,452.601326848,22.205275835345404
4146,2021-12-20 10:43:38.708323328,22.23061224489796,22.5,22.17122448979592,0.065342,452.66946176,22.20713033117515
4147,2021-12-20 10:43:38.799340800,22.20529411764706,22.5,22.18,0.057072,452.76047923199997,22.20894873066056
4148,2021-12-20 10:43:38.899310080,22.209795918367348,22.5,22.181020408163263,0.056204,452.86044851199995,22.210731896080667
4149,2021-12-20 10:43:39.012938496,22.22,22.5,22.19,0.061194,452.97407692799993,22.212480777160817
4150,2021-12-20 10:43:39.109306880,22.22046511627907,22.5,22.191162790697675,0.056245,453.07044531199995,22.21419640921351
4151,2021-12-20 10:43:39.212937472,22.18938775510204,22.5,22.2,0.064104,453.17407590399995,22.215879911028708
4152,2021-12-20 10:43:39.330649344,22.19222222222222,22.5,22.20111111111111,0.053805,453.2917877759999,22.217532482519697
4153,2021-12-20 10:43:39.483424768,22.22,22.5,22.209999999999997,0.057719,453.44456319999995,22.219155402131243
4154,2021-12-20 10:43:39.585264896,22.3825,22.5,22.21,0.057189,453.54640332799994,22.22075002401744
4155,2021-12-20 10:43:39.626715136,22.220740740740737,22.5,22.220740740740737,0.059067,453.58785356799996,22.222317774997347
4156,2021-12-20 10:43:39.710641408,22.214897959183673,22.5,22.234897959183673,0.059781,453.67177983999994,22.22386015129698
4157,2021-12-20 10:43:39.801437440,22.204848484848483,22.5,22.4630303030303,0.051476,453.76257587199996,22.22537871508692
4158,2021-12-20 10:43:39.903086592,22.23061224489796,22.5,22.24020408163265,0.058592,453.86422502399995,22.226875090825196
4159,2021-12-20 10:43:40.011001856,22.255135135135134,22.5,22.25,0.059358,453.97214028799993,22.22835096141572
4160,2021-12-20 10:43:40.107692032,22.226326530612244,22.5,22.25,0.057502,454.0688304639999,22.229808064193005
4161,2021-12-20 10:43:40.202873600,22.227027027027027,22.5,22.25972972972973,0.058912,454.1640120319999,22.23124818674437
4162,2021-12-20 10:43:40.299241984,22.235918367346937,22.5,22.26,0.049659,454.2603804159999,22.232673162581218
4163,2021-12-20 10:43:40.400106496,22.227894736842103,22.5,22.269736842105264,0.055498,454.3612449279999,22.23408486667136
4164,2021-12-20 10:43:40.500488192,22.246530612244896,22.5,22.27,0.053889,454.4616266239999,22.235485210844747
4165,2021-12-20 10:43:40.610696704,22.208372093023254,22.5,22.279767441860468,0.050927,454.5718351359999,22.2368761390852
4166,2021-12-20 10:43:40.708543744,22.22,22.5,22.29,0.059114,454.66968217599987,22.23825962272113
4167,2021-12-20 10:43:40.812677120,22.262448979591834,22.5,22.29,0.057601,454.77381555199986,22.239637655528423
4168,2021-12-20 10:43:40.906561280,22.261935483870968,22.5,22.3,0.054635,454.8676997119999,22.24101224875886
4169,2021-12-20 10:43:41.012062464,22.235918367346937,22.5,22.3,0.052891,454.97320089599987,22.242385426107614
4170,2021-12-20 10:43:41.117030912,22.281176470588235,22.5,22.309117647058823,0.056845,455.0781693439999,22.243759218633517
4171,2021-12-20 10:43:41.208500736,22.230833333333333,22.5,22.09,0.057549,455.1696391679999,22.24513565964593
4172,2021-12-20 10:43:41.308037632,22.240526315789474,22.5,22.078421052631576,0.055051,455.2691760639999,22.246516779572133
4173,2021-12-20 10:43:41.456809728,22.22,22.5,22.280816326530612,0.047883,455.4179481599999,22.24790460081921
4174,2021-12-20 10:43:41.596288000,22.26814814814815,22.5,22.32,0.051676,455.55742643199994,22.249301132644245
4175,2021-12-20 10:43:41.648430080,22.22,22.5,22.32,0.063559,455.60956851199995,22.25070836604682
4176,2021-12-20 10:43:41.708065536,22.246530612244896,22.5,22.328367346938773,0.054621,455.669203968,22.2521282686977
4177,2021-12-20 10:43:41.804142336,22.267894736842106,22.5,22.337894736842106,0.061323,455.76528076799997,22.253562779917424
4178,2021-12-20 10:43:41.897493248,22.30047619047619,22.5,22.34,0.057165,455.85863168,22.255013805718416
4179,2021-12-20 10:43:42.013988352,22.251836734693875,22.5,22.347959183673467,0.05945,455.975126784,22.256483213924113
4180,2021-12-20 10:43:42.115798272,22.22,22.5,22.35,0.05302,456.076936704,22.257972829378293
4181,2021-12-20 10:43:42.211181056,22.267755102040812,22.5,22.35795918367347,0.052488,456.17231948799997,22.25948442925765
4182,2021-12-20 10:43:42.324226048,22.266666666666666,22.5,22.163076923076922,0.055356,456.28536448,22.26101973850036
4183,2021-12-20 10:43:42.478218496,22.247083333333332,22.5,22.317916666666665,0.062568,456.439356928,22.2625804253631
4184,2021-12-20 10:43:42.585359104,22.22,22.5,22.37,0.056003,456.546497536,22.264168097118674
4185,2021-12-20 10:43:42.629535232,22.25391304347826,22.5,22.37,0.056687,456.590673664,22.265784295905878
4186,2021-12-20 10:43:42.709850624,22.262448979591834,22.5,22.377755102040815,0.059511,456.670989056,22.267430494743
4187,2021-12-20 10:43:42.805313792,22.25611111111111,22.5,22.22,0.056492,456.766452224,22.26910809371576
4188,2021-12-20 10:43:42.917010944,22.246530612244896,22.5,22.147755102040815,0.054292,456.87814937599995,22.270818416350206
4189,2021-12-20 10:43:43.020561152,22.287407407407407,22.5,22.15,0.057338,456.98169958399995,22.272562706180384
4190,2021-12-20 10:43:43.107303680,22.314042553191488,22.5,22.15,0.061711,457.06844211199996,22.27434212352024
4191,2021-12-20 10:43:43.209918208,22.323999999999998,22.5,22.15,0.057851,457.17105663999996,22.276157742448518
4192,2021-12-20 10:43:43.332629248,22.245365853658534,22.5,22.15,0.059175,457.29376768,22.278010548014958
4193,2021-12-20 10:43:43.498289408,22.246530612244896,22.5,22.321428571428573,0.058172,457.45942784,22.279901433675306
4194,2021-12-20 10:43:43.592163328,22.22,22.5,22.39,0.058802,457.55330176,22.28183119896218
4195,2021-12-20 10:43:43.623967488,22.275714285714287,22.5,22.4,0.053286,457.58510592,22.2838005473982
4196,2021-12-20 10:43:43.709432832,22.278367346938772,22.5,22.4,0.055884,457.670571264,22.285810084656912
4197,2021-12-20 10:43:43.803185920,22.26457142857143,22.5,22.405714285714282,0.049102,457.764324352,22.28786031697648
4198,2021-12-20 10:43:43.908174336,22.246530612244896,22.5,22.409999999999997,0.062017,457.86931276800004,22.289951649830307
4199,2021-12-20 10:43:44.013796352,22.22,22.5,22.41485714285714,0.056378,457.974934784,22.292084386857923
4200,2021-12-20 10:43:44.108706304,22.26285714285714,22.5,22.578163265306127,0.058396,458.06984473600005,22.294258729058825
4201,2021-12-20 10:43:44.207961600,22.2785,22.5,22.538,0.053477,458.1691000320001,22.296474774251017
4202,2021-12-20 10:43:44.305989632,22.251836734693875,22.5,22.436122448979596,0.057938,458.2671280640001,22.29873251679523
4203,2021-12-20 10:43:44.399018752,22.242941176470588,22.5,22.444411764705883,0.055288,458.36015718400006,22.301031847584987
4204,2021-12-20 10:43:44.496433152,22.285,22.5,22.45,0.060247,458.45757158400005,22.303372554301806
4205,2021-12-20 10:43:44.614708480,22.255454545454544,22.5,22.455681818181816,0.054977,458.57584691200003,22.30575432193398
4206,2021-12-20 10:43:44.713712128,22.232999999999997,22.5,22.46,0.055942,458.67485056000004,22.30817673355654
4207,2021-12-20 10:43:44.812353792,22.279583333333335,22.5,22.466041666666666,0.053836,458.77349222400005,22.31063927136916
4208,2021-12-20 10:43:44.902757632,22.36344827586207,22.5,22.47,0.050292,458.8638960640001,22.31314131798796
4209,2021-12-20 10:43:45.012382976,22.246530612244896,22.5,22.47591836734694,0.058429,458.97352140800007,22.315682157986345
4210,2021-12-20 10:43:45.120318208,22.300689655172416,22.5,22.483793103448274,0.054814,459.08145664000006,22.318260979679174
4211,2021-12-20 10:43:45.208690432,22.278367346938772,22.5,22.49,0.056997,459.16982886400007,22.32087687714383
4212,2021-12-20 10:43:45.309202944,22.35317073170732,22.5,22.49512195121951,0.060223,459.2703413760001,22.323528852470996
4213,2021-12-20 10:43:45.447946752,22.22,22.5,22.5,0.052966,459.4090851840001,22.32621581823717
4214,2021-12-20 10:43:45.592524544,22.30411764705882,22.5,22.503235294117648,0.051385,459.5536629760001,22.32893660019034
4215,2021-12-20 10:43:45.649997568,22.22,22.5,22.51,0.053592,459.6111360000001,22.331689940139487
4216,2021-12-20 10:43:45.705770752,22.36857142857143,22.5,22.39734693877551,0.046419,459.6669091840001,22.334474499037974
4217,2021-12-20 10:43:45.807268864,22.362380952380953,22.5,22.377142857142857,0.050514,459.7684072960001,22.337288860250297
4218,2021-12-20 10:43:45.907640576,22.329777777777778,22.5,22.52,0.055796,459.8687790080001,22.340131532991222
4219,2021-12-20 10:43:46.021872384,22.24765957446808,22.5,22.52468085106383,0.058297,459.9830108160001,22.343000955925657
4220,2021-12-20 10:43:46.116923136,22.301714285714283,22.5,22.536571428571428,0.047217,460.0780615680001,22.34589550091723
4221,2021-12-20 10:43:46.210616064,22.34734693877551,22.5,22.54,0.060467,460.1717544960001,22.3488134769131
4222,2021-12-20 10:43:46.326014720,22.362380952380953,22.5,22.54547619047619,0.051387,460.28715315200014,22.351753133952336
4223,2021-12-20 10:43:46.479574784,22.35795918367347,22.5,22.437346938775512,0.061025,460.4407132160001,22.3547126672847
4224,2021-12-20 10:43:46.578377216,22.45111111111111,22.5,22.31,0.053564,460.53951564800013,22.357690221586548
4225,2021-12-20 10:43:46.625128192,22.41290322580645,22.5,22.37451612903226,0.048086,460.58626662400013,22.360683895260316
4226,2021-12-20 10:43:46.712383744,22.355416666666667,22.5,22.42458333333333,0.055398,460.6735221760001,22.363691744804115
4227,2021-12-20 10:43:46.809737728,22.366666666666667,22.5,22.56,0.058836,460.7708761600001,22.366711789237733
4228,2021-12-20 10:43:46.919926272,22.326122448979593,22.5,22.564285714285713,0.060343,460.8810647040001,22.369742014571475
4229,2021-12-20 10:43:47.019412736,22.404516129032256,22.5,22.57,0.060589,460.9805511680001,22.37278037830426
4230,2021-12-20 10:43:47.108760576,22.400408163265304,22.5,22.57428571428571,0.058758,461.0698990080001,22.375824813937587
4231,2021-12-20 10:43:47.202141696,22.38342857142857,22.5,22.582,0.05372,461.1632801280001,22.378873235492154
4232,2021-12-20 10:43:47.297665280,22.425833333333333,22.5,22.49,0.056512,461.2588037120001,22.381923542014185
4233,2021-12-20 10:43:47.400672000,22.40473684210526,22.5,22.35,0.049768,461.3618104320001,22.384973622058727
4234,2021-12-20 10:43:47.528915200,22.435744680851066,22.5,22.35,0.054138,461.49005363200007,22.38802135813755
4235,2021-12-20 10:43:47.696737536,22.462666666666667,22.5,22.433333333333337,0.059643,461.65787596800004,22.39106463111969
4236,2021-12-20 10:43:47.757308672,22.464491228070177,22.5,22.394035087719303,0.054091,461.71844710400006,22.394101324573075
4237,2021-12-20 10:43:47.817869568,22.466315789473686,22.5,22.354736842105265,0.059827,461.7790080000001,22.397129329036172
4238,2021-12-20 10:43:47.912839936,22.420416666666668,22.5,22.36,0.052643,461.8739783680001,22.400146546209115
4239,2021-12-20 10:43:48.009288704,22.453333333333337,22.5,22.36,0.059292,461.9704271360001,22.403150893054356
4240,2021-12-20 10:43:48.113291520,22.432244897959183,22.5,22.359999999999996,0.054602,462.0744299520001,22.406140305797418
4241,2021-12-20 10:43:48.214477824,22.46666666666667,22.5,22.36,0.054744,462.1756162560001,22.409112743818955
4242,2021-12-20 10:43:48.312234240,22.442857142857143,22.5,22.359999999999996,0.052384,462.2733726720001,22.412066193430004
4243,2021-12-20 10:43:48.421899776,22.48,22.5,22.36,0.053863,462.38303820800013,22.41499867152287
4244,2021-12-20 10:43:48.594821632,22.46375,22.5,22.36,0.052931,462.55596006400015,22.417908229090802
4245,2021-12-20 10:43:48.736432384,22.441,22.5,22.36,0.048823,462.69757081600017,22.420792954610267
4246,2021-12-20 10:43:48.776655360,22.429710526315787,22.5,22.447105263157894,0.056699,462.73779379200016,22.423650977280367
4247,2021-12-20 10:43:48.816868352,22.41842105263158,22.5,22.53421052631579,0.056745,462.7780067840002,22.42648047011451
4248,2021-12-20 10:43:48.912934912,22.437551020408165,22.5,22.37,0.055987,462.8740733440002,22.429279652880087
4249,2021-12-20 10:43:49.012089600,22.454634146341462,22.5,22.44317073170732,0.053937,462.9732280320002,22.432046794882652
4250,2021-12-20 10:43:49.114955776,22.458333333333332,22.5,22.562708333333333,0.050671,463.0760942080002,22.43478021759164
4251,2021-12-20 10:43:49.213627392,22.4995,22.5,22.37275,0.054284,463.1747658240002,22.43747829710531
4252,2021-12-20 10:43:49.311082240,22.45877551020408,22.5,22.43387755102041,0.052601,463.2722206720002,22.44013946645323
4253,2021-12-20 10:43:49.418414080,22.444864864864865,22.5,22.54864864864865,0.055861,463.37955251200015,22.442762217735204
4254,2021-12-20 10:43:49.579748864,22.411020408163267,22.5,22.43612244897959,0.058837,463.54088729600016,22.445345104096113
4255,2021-12-20 10:43:49.706312448,22.449411764705882,22.5,22.63,0.053049,463.66745088000016,22.44788674153658
4256,2021-12-20 10:43:49.743698944,22.554285714285715,22.5,22.390000000000004,0.048384,463.70483737600017,22.45038581056002
4257,2021-12-20 10:43:49.806150912,22.48,22.5,22.39204081632653,0.057387,463.7672893440002,22.452841057657132
4258,2021-12-20 10:43:49.900960256,22.429444444444446,22.5,22.4,0.047934,463.8620986880002,22.45525129662924
4259,2021-12-20 10:43:49.997107456,22.45173913043478,22.5,22.598260869565216,0.052733,463.9582458880002,22.4576154097525
4260,2021-12-20 10:43:50.113873920,22.417826086956524,22.5,22.4,0.051644,464.0750123520002,22.459932348785234
4261,2021-12-20 10:43:50.214708224,22.4215,22.5,22.43125,0.052141,464.1758466560002,22.46220113582113
4262,2021-12-20 10:43:50.313349888,22.47458333333333,22.5,22.629166666666663,0.049862,464.2744883200002,22.4644208639914
4263,2021-12-20 10:43:50.427481344,22.40972972972973,22.5,22.42027027027027,0.051967,464.3886197760002,22.466590698019292
4264,2021-12-20 10:43:50.586090240,22.48,22.5,22.635306122448977,0.043438,464.5472286720002,22.468709874630587
4265,2021-12-20 10:43:50.695333376,22.48,22.5,22.41,0.056213,464.65647180800016,22.470777702824027
4266,2021-12-20 10:43:50.733082112,22.454,22.5,22.42,0.048341,464.6942205440002,22.47279356400575
4267,2021-12-20 10:43:50.809665792,22.448163265306125,22.5,22.42979591836735,0.059621,464.7708042240002,22.474756911992095
4268,2021-12-20 10:43:50.905229568,22.48,22.5,22.653513513513516,0.053492,464.8663680000002,22.47666727288522
4269,2021-12-20 10:43:51.012973824,22.45877551020408,22.5,22.42,0.05527,464.9741122560002,22.478524244826268
4270,2021-12-20 10:43:51.115759616,22.48,22.5,22.42,0.053971,465.0768980480002,22.480327497630814
4271,2021-12-20 10:43:51.206495232,22.48,22.5,22.42,0.049909,465.1676336640002,22.48207677231144
4272,2021-12-20 10:43:51.307500544,22.48,22.5,22.42,0.048449,465.2686389760002,22.483771880492437
4273,2021-12-20 10:43:51.438177792,22.48,22.5,22.42,0.04738,465.3993162240002,22.485412703721607
4274,2021-12-20 10:43:51.608524800,22.48,22.5,22.42,0.057248,465.5696632320002,22.4869991926842
4275,2021-12-20 10:43:51.665998080,22.49258064516129,22.5,22.42,0.049221,465.6271365120002,22.48853136632406
4276,2021-12-20 10:43:51.723460864,22.50516129032258,22.5,22.42,0.054064,465.6845992960002,22.490009310877202
4277,2021-12-20 10:43:51.812698112,22.48,22.5,22.42,0.054026,465.77383654400023,22.491433178822728
4278,2021-12-20 10:43:51.911088128,22.493333333333332,22.5,22.42974358974359,0.050313,465.87222656000023,22.4928031877563
4279,2021-12-20 10:43:52.016861184,22.45877551020408,22.5,22.43,0.050736,465.9779996160002,22.49411961919111
4280,2021-12-20 10:43:52.116629248,22.494857142857143,22.5,22.43,0.055554,466.0777676800002,22.495382817291308
4281,2021-12-20 10:43:52.210402560,22.46938775510204,22.5,22.43,0.054491,466.1715409920002,22.496593187542803
4282,2021-12-20 10:43:52.306147328,22.465142857142855,22.5,22.43,0.046445,466.26728576000016,22.497751195366217
4283,2021-12-20 10:43:52.447999232,22.46938775510204,22.5,22.43,0.050227,466.4091376640002,22.49885736467669
4284,2021-12-20 10:43:52.598430976,22.49625,22.5,22.2034375,0.051602,466.5595694080002,22.4999122763951
4285,2021-12-20 10:43:52.653168128,22.490833333333335,22.5,22.19953125,0.057212,466.61430656000016,22.50091656691512
4286,2021-12-20 10:43:52.707905280,22.485416666666666,22.5,22.195624999999996,0.049176,466.66904371200013,22.501870926530447
4287,2021-12-20 10:43:52.809514240,22.48,22.5,22.398181818181822,0.049889,466.77065267200015,22.50277609782635
4288,2021-12-20 10:43:52.908427264,22.518048780487806,22.5,22.42,0.058947,466.86956569600017,22.503632874039457
4289,2021-12-20 10:43:53.024137728,22.48,22.5,22.42,0.053833,466.9852761600002,22.504442097389703
4290,2021-12-20 10:43:53.122195968,22.543030303030303,22.5,22.42,0.061016,467.0833344000002,22.505204657388095
4291,2021-12-20 10:43:53.213082624,22.543673469387755,22.5,22.42,0.041036,467.1742210560002,22.50592148912383
4292,2021-12-20 10:43:53.323381760,22.524878048780486,22.5,22.42,0.055882,467.2845201920002,22.506593571534008
4293,2021-12-20 10:43:53.474708736,22.48,22.5,22.42,0.04214,467.4358471680002,22.507221925659245
4294,2021-12-20 10:43:53.582714624,22.48,22.5,22.419999999999998,0.049829,467.54385305600016,22.507807612888097
4295,2021-12-20 10:43:53.630531584,22.501666666666665,22.5,22.42,0.062357,467.59167001600014,22.508351733193233
4296,2021-12-20 10:43:53.711551232,22.49591836734694,22.5,22.42,0.045891,467.67268966400013,22.508855423362025
4297,2021-12-20 10:43:53.803544320,22.51823529411765,22.5,22.42,0.051962,467.7646827520001,22.509319855224057
4298,2021-12-20 10:43:53.903050752,22.48,22.5,22.42,0.041444,467.8641891840001,22.50974623387788
4299,2021-12-20 10:43:54.009477376,22.51421052631579,22.5,22.42,0.054764,467.9706158080001,22.510135795919155
4300,2021-12-20 10:43:54.107968256,22.49591836734694,22.5,22.42,0.056485,468.0691066880001,22.510489807672148
4301,2021-12-20 10:43:54.205493248,22.507368421052632,22.5,22.42,0.056297,468.1666316800001,22.510809563426452
4302,2021-12-20 10:43:54.342617856,22.517142857142854,22.5,22.219183673469388,0.044796,468.3037562880001,22.511096383680478
4303,2021-12-20 10:43:54.507010560,22.506666666666668,22.5,22.37076923076923,0.052068,468.4681489920001,22.51135161339313
4304,2021-12-20 10:43:54.562944512,22.5309649122807,22.5,22.395384615384614,0.053083,468.5240829440001,22.511576620244938
4305,2021-12-20 10:43:54.618868736,22.55526315789474,22.5,22.42,0.046337,468.5800071680001,22.511772792909646
4306,2021-12-20 10:43:54.714945280,22.490816326530613,22.5,22.42,0.042625,468.67608371200015,22.511941539337272
4307,2021-12-20 10:43:54.810036480,22.50166666666667,22.5,22.42,0.055338,468.77117491200016,22.5120842850493
4308,2021-12-20 10:43:54.913777664,22.48,22.5,22.42,0.045206,468.87491609600016,22.512202471446574
4309,2021-12-20 10:43:55.015899392,22.48,22.5,22.42,0.052091,468.97703782400015,22.51229755413032
4310,2021-12-20 10:43:55.112378368,22.46938775510204,22.5,22.42,0.051389,469.07351680000016,22.51237100123653
4311,2021-12-20 10:43:55.209350400,22.527894736842104,22.5,22.42,0.042193,469.17048883200016,22.512424291783745
4312,2021-12-20 10:43:55.307569408,22.506530612244898,22.5,22.42,0.041465,469.26870784000016,22.512458914034127
4313,2021-12-20 10:43:55.411401216,22.493333333333332,22.5,22.42,0.050401,469.37253964800016,22.512476363867602
4314,2021-12-20 10:43:55.560937472,22.48,22.5,22.42,0.042425,469.52207590400013,22.51247814316868
4315,2021-12-20 10:43:55.699570944,22.50888888888889,22.5,22.42,0.052332,469.6607093760001,22.512465758225343
4316,2021-12-20 10:43:55.750324992,22.48,22.5,22.42,0.058217,469.7114634240001,22.512440718139374
4317,2021-12-20 10:43:55.808049408,22.49625,22.5,22.42,0.055689,469.7691878400001,22.512404533247217
4318,2021-12-20 10:43:55.905715456,22.519,22.5,22.42,0.050082,469.8668538880001,22.51235871355052
4319,2021-12-20 10:43:56.005694720,22.527272727272727,22.5,22.22909090909091,0.049532,469.9668331520001,22.51230476715534
4320,2021-12-20 10:43:56.127017728,22.48,22.5,22.349999999999998,0.042685,470.0881561600001,22.512244198718925
4321,2021-12-20 10:43:56.223406336,22.504375,22.5,22.42,0.053476,470.1845447680001,22.51217850790286
4322,2021-12-20 10:43:56.313297152,22.564897959183675,22.5,22.42,0.047574,470.27443558400006,22.5121091878314
4323,2021-12-20 10:43:56.422379264,22.506666666666668,22.5,22.42,0.047793,470.38351769600007,22.512037723553792
4324,2021-12-20 10:43:56.576140288,22.511836734693876,22.5,22.42,0.049447,470.5372787200001,22.511965590509316
4325,2021-12-20 10:43:56.690080512,22.48,22.5,22.42,0.054947,470.65121894400005,22.511894252993873
4326,2021-12-20 10:43:56.736097280,22.558,22.5,22.42,0.048788,470.69723571200007,22.51182516262694
4327,2021-12-20 10:43:56.812660736,22.49061224489796,22.5,22.42,0.051527,470.77379916800004,22.511759756817767
4328,2021-12-20 10:43:56.908807936,22.568947368421053,22.5,22.42,0.051862,470.86994636800006,22.511699457229717
4329,2021-12-20 10:43:57.008807424,22.49083333333333,22.5,22.42,0.046773,470.96994585600004,22.511645668241886
4330,2021-12-20 10:43:57.110647552,22.48,22.5,22.42,0.047392,471.07178598400003,22.511599775407156
4331,2021-12-20 10:43:57.207981568,22.511836734693876,22.5,22.42,0.052907,471.16912,22.511563143905967
4332,2021-12-20 10:43:57.310364928,22.52952380952381,22.5,22.42,0.052411,471.27150336,22.511537116995243
4333,2021-12-20 10:43:57.448776960,22.49591836734694,22.5,22.42,0.052396,471.409915392,22.5115230144521
4334,2021-12-20 10:43:57.594159360,22.532,22.5,22.42,0.052347,471.55529779200003,22.511522131012082
4335,2021-12-20 10:43:57.650354944,22.553755102040817,22.5,22.348979591836738,0.049286,471.61149337600006,22.51153573480187
4336,2021-12-20 10:43:57.706540544,22.575510204081635,22.5,22.27795918367347,0.050037,471.66767897600005,22.51156506576668
4337,2021-12-20 10:43:57.809145088,22.58279069767442,22.5,22.308372093023255,0.055009,471.77028352,22.511611334092777
4338,2021-12-20 10:43:57.908681728,22.509545454545453,22.5,22.42,0.047978,471.86982016,22.511675718625824
4339,2021-12-20 10:43:58.021404928,22.501666666666665,22.5,22.42,0.05365,471.98254336,22.511759365285844
4340,2021-12-20 10:43:58.119352576,22.515135135135136,22.5,22.42,0.052876,472.080491008,22.511863385480055
4341,2021-12-20 10:43:58.214634752,22.555833333333336,22.5,22.279375,0.055068,472.17577318400004,22.511988854515014
4342,2021-12-20 10:43:58.328896768,22.553333333333335,22.5,22.343076923076925,0.054522,472.29003520000003,22.512136810009782
4343,2021-12-20 10:43:58.490382592,22.506530612244898,22.5,22.42,0.05162,472.45152102400004,22.51230825031211
4344,2021-12-20 10:43:58.601486336,22.55090909090909,22.5,22.42,0.048173,472.56262476800003,22.512504132919915
4345,2021-12-20 10:43:58.637937664,22.57176470588235,22.5,22.42,0.058453,472.59907609600003,22.512725372910587
4346,2021-12-20 10:43:58.711916288,22.527755102040814,22.5,22.42,0.051443,472.67305472000004,22.51297284138088
4347,2021-12-20 10:43:58.807902464,22.585405405405403,22.5,22.42,0.05266,472.76904089600004,22.51324736390047
4348,2021-12-20 10:43:58.908605952,22.501224489795916,22.5,22.42,0.061426,472.86974438400006,22.513549718982468
4349,2021-12-20 10:43:59.012196352,22.515135135135136,22.5,22.42,0.056189,472.97333478400003,22.51388063657441
4350,2021-12-20 10:43:59.109007360,22.543673469387755,22.5,22.42,0.055741,473.070145792,22.514240796573397
4351,2021-12-20 10:43:59.209831424,22.499024390243903,22.5,22.42,0.0539,473.170969856,22.51463082736941
4352,2021-12-20 10:43:59.348293888,22.522448979591836,22.5,22.42,0.061146,473.30943232,22.515051304420776
4353,2021-12-20 10:43:59.513571584,22.5125,22.5,22.42,0.06079,473.47471001599996,22.515502748866055
4354,2021-12-20 10:43:59.568107520,22.515367647058824,22.5,22.42,0.059303,473.52924595199994,22.51598562617667
4355,2021-12-20 10:43:59.622633472,22.51823529411765,22.5,22.42,0.049613,473.58377190399995,22.516500344854784
4356,2021-12-20 10:43:59.714747392,22.522448979591836,22.5,22.42,0.061943,473.6758858239999,22.51704725518082
4357,2021-12-20 10:43:59.809677312,22.523333333333333,22.5,22.42,0.056102,473.77081574399995,22.51762664801512
4358,2021-12-20 10:43:59.912986112,22.49061224489796,22.5,22.42,0.052745,473.8741245439999,22.51823875365829
4359,2021-12-20 10:44:00.014665216,22.552222222222223,22.5,22.281111111111116,0.043603,473.97580364799995,22.518883740774644
4360,2021-12-20 10:44:00.109635584,22.46938775510204,22.5,22.28224489795919,0.051914,474.070774016,22.519561715383198
4361,2021-12-20 10:44:00.210570496,22.492380952380955,22.5,22.42,0.054593,474.171708928,22.520272719920563
4362,2021-12-20 10:44:00.310921984,22.49591836734694,22.5,22.42,0.053168,474.272060416,22.521016732379923
4363,2021-12-20 10:44:00.410358016,22.45263157894737,22.5,22.42,0.054398,474.371496448,22.521793665530154
4364,2021-12-20 10:44:00.553708800,22.49591836734694,22.5,22.42,0.055887,474.514847232,22.522603366219055
4365,2021-12-20 10:44:00.692995840,22.50689655172414,22.5,22.42,0.04828,474.654134272,22.523445614764352
4366,2021-12-20 10:44:00.747431168,22.48,22.5,22.42,0.050876,474.70856960000003,22.524320124435953
4367,2021-12-20 10:44:00.807368704,22.522448979591836,22.5,22.42,0.058807,474.76850713600004,22.52522654103273
4368,2021-12-20 10:44:00.903938304,22.50052631578947,22.5,22.42,0.058982,474.86507673600005,22.526164442556837
4369,2021-12-20 10:44:01.001040896,22.537073170731706,22.5,22.42,0.052255,474.96217932800005,22.5271333389883
4370,2021-12-20 10:44:01.127141632,22.49061224489796,22.5,22.42,0.057546,475.08828006400006,22.52813267216235
4371,2021-12-20 10:44:01.225793280,22.544999999999998,22.5,22.419999999999998,0.054954,475.18693171200005,22.529161815751745
4372,2021-12-20 10:44:01.311539968,22.548979591836737,22.5,22.42,0.04837,475.2726784,22.530220075355988
4373,2021-12-20 10:44:01.414104320,22.50108108108108,22.5,22.42,0.040517,475.375242752,22.531306688699036
4374,2021-12-20 10:44:01.568358144,22.48,22.5,22.42,0.06228,475.52949657600004,22.532420825936978
4375,2021-12-20 10:44:01.703662336,22.51391304347826,22.5,22.420000000000005,0.053932,475.664800768,22.533561590076648
4376,2021-12-20 10:44:01.749417472,22.688,22.5,22.42,0.060223,475.71055590400005,22.534728017506076
4377,2021-12-20 10:44:01.807946496,22.501666666666665,22.5,22.42,0.053293,475.76908492800004,22.53591907863721
4378,2021-12-20 10:44:01.904033280,22.513333333333332,22.5,22.42,0.059727,475.86517171200006,22.53713367866123
4379,2021-12-20 10:44:02.001518336,22.534166666666668,22.5,22.42,0.053979,475.96265676800004,22.53837065841638
4380,2021-12-20 10:44:02.110208000,22.49772727272727,22.5,22.349090909090908,0.047606,476.07134643200004,22.539628795368003
4381,2021-12-20 10:44:02.210559488,22.508888888888887,22.5,22.276000000000003,0.042562,476.17169792000004,22.540906804700224
4382,2021-12-20 10:44:02.314180096,22.529787234042555,22.5,22.42,0.049078,476.27531852800007,22.542203340518327
4383,2021-12-20 10:44:02.435945472,22.5,22.5,22.42,0.047476,476.39708390400006,22.543516997160722
4384,2021-12-20 10:44:02.597924096,22.511836734693876,22.5,22.42,0.047009,476.5590625280001,22.54484631061911
4385,2021-12-20 10:44:02.695479552,22.545,22.5,22.42,0.051899,476.6566179840001,22.546189760065143
4386,2021-12-20 10:44:02.729707776,22.528148148148148,22.5,22.42,0.05349,476.6908462080001,22.54754576948161
4387,2021-12-20 10:44:02.813644288,22.543673469387755,22.5,22.42,0.049047,476.7747827200001,22.548912709395882
4388,2021-12-20 10:44:02.911823104,22.61075,22.175,22.42,0.053435,476.87296153600005,22.550288898713173
4389,2021-12-20 10:44:03.015262464,22.49083333333333,21.5,22.132500000000004,0.059216,476.97640089600003,22.551672606646907
4390,2021-12-20 10:44:03.114919936,22.543243243243243,21.5,21.491891891891893,0.055805,477.076058368,22.55306205474328
4391,2021-12-20 10:44:03.210010880,22.554285714285715,21.5,21.473877551020408,0.052058,477.171149312,22.554455418996838
4392,2021-12-20 10:44:03.308260352,22.55526315789474,21.5,21.453684210526315,0.048774,477.26939878400003,22.555850832053814
4393,2021-12-20 10:44:03.450363648,22.511836734693876,21.5,21.43387755102041,0.04745,477.41150208000005,22.55724638549967
4394,2021-12-20 10:44:03.594096640,22.606774193548386,21.5,21.42,0.052014,477.5552350720001,22.558640132227257
4395,2021-12-20 10:44:03.651348480,22.674999999999997,21.5,21.38,0.054986,477.61248691200007,22.56003008888181
4396,2021-12-20 10:44:03.709334272,22.582916666666666,21.5,21.375,0.054997,477.6704727040001,22.561414238378877
4397,2021-12-20 10:44:03.807493120,22.662,21.5,21.3405,0.042167,477.7686315520001,22.56279053249121
4398,2021-12-20 10:44:03.898269184,22.57135135135135,21.5,21.17135135135135,0.053986,477.8594076160001,22.56415689450048
4399,2021-12-20 10:44:04.011213568,22.575510204081635,21.5,21.315510204081633,0.061277,477.9723520000001,22.565511221909727
4400,2021-12-20 10:44:04.118082816,22.55526315789474,21.5,21.29368421052632,0.05802,478.0792212480001,22.566851389212385
4401,2021-12-20 10:44:04.214914048,22.564897959183675,21.5,21.27510204081633,0.054948,478.1760524800001,22.56817525071361
4402,2021-12-20 10:44:04.321632512,22.61351351351351,21.5,21.254054054054052,0.059958,478.2827709440001,22.56948064339965
4403,2021-12-20 10:44:04.474870272,22.575510204081635,21.5,21.17938775510204,0.045894,478.43600870400013,22.57076538985084
4404,2021-12-20 10:44:04.594905856,22.556470588235292,21.5,20.97,0.058835,478.5560442880001,22.572027301193952
4405,2021-12-20 10:44:04.639464192,22.601333333333333,21.5,21.182000000000002,0.048608,478.60060262400015,22.573264180089264
4406,2021-12-20 10:44:04.710143744,22.559591836734697,21.5,21.122244897959185,0.053661,478.67128217600015,22.574473823747958
4407,2021-12-20 10:44:04.804792064,22.557297297297296,21.5,20.905135135135136,0.056107,478.7659304960001,22.575654026975155
4408,2021-12-20 10:44:04.903926528,22.545,21.5,20.922083333333333,0.052559,478.8650649600001,22.57680258523391
4409,2021-12-20 10:44:05.009297152,22.526666666666667,21.5,21.10794871794872,0.058034,478.9704355840001,22.57791729772535
4410,2021-12-20 10:44:05.108150016,22.522448979591836,21.5,21.087142857142858,0.055923,479.06928844800007,22.57899597048002
4411,2021-12-20 10:44:05.205815808,22.573333333333334,21.5,21.07,0.051204,479.16695424000005,22.58003641945539
4412,2021-12-20 10:44:05.334551808,22.566666666666666,21.5,20.830666666666666,0.056332,479.29569024000006,22.581036473634395
4413,2021-12-20 10:44:05.515520512,22.551914893617024,21.5,21.02744680851064,0.047528,479.47665894400006,22.581993978119808
4414,2021-12-20 10:44:05.573526528,22.548457446808513,21.5,21.002056737588653,0.050831,479.53466496000004,22.58290679721895
4415,2021-12-20 10:44:05.631532800,22.545,21.5,20.976666666666667,0.06026,479.59267123200004,22.583772817513232
4416,2021-12-20 10:44:05.712552192,22.59673469387755,21.5,20.95877551020408,0.050271,479.673690624,22.584589950906935
4417,2021-12-20 10:44:05.804565504,22.618529411764705,21.5,20.917058823529413,0.055441,479.765703936,22.585356137649395
4418,2021-12-20 10:44:05.905711616,22.522448979591836,21.5,20.6934693877551,0.045723,479.866850048,22.58606934932486
4419,2021-12-20 10:44:06.013687296,22.54842105263158,21.5,20.88578947368421,0.060749,479.974825728,22.58672759180408
4420,2021-12-20 10:44:06.109995264,22.555833333333336,21.5,20.634791666666665,0.0611,480.071133696,22.58732890815165
4421,2021-12-20 10:44:06.209803520,22.505000000000003,21.5,20.86,0.057821,480.170941952,22.587871381483083
4422,2021-12-20 10:44:06.347762944,22.56530612244898,21.5,20.34,0.049794,480.308901376,22.588353137765566
4423,2021-12-20 10:44:06.493155584,22.561714285714285,21.5,20.81,0.049974,480.454294016,22.588772348556283
4424,2021-12-20 10:44:06.553102848,22.48,21.5,20.78,0.057781,480.51424128,22.589127233672368
4425,2021-12-20 10:44:06.609419264,22.60734693877551,21.5,20.52,0.052158,480.57055769600004,22.58941606378646
4426,2021-12-20 10:44:06.708825344,22.676585365853658,21.5,20.5,0.051718,480.66996377600003,22.589637162941926
4427,2021-12-20 10:44:06.807396352,22.670666666666666,21.5,20.47,0.054218,480.76853478400005,22.589788910981976
4428,2021-12-20 10:44:06.921135360,22.629361702127657,21.5,20.45127659574468,0.051259,480.88227379200003,22.589869745887036
4429,2021-12-20 10:44:07.019063040,22.63052631578947,21.5,20.67,0.053781,480.98020147200003,22.58987816601498
4430,2021-12-20 10:44:07.115632640,22.591428571428573,21.5,20.65122448979592,0.049309,481.07677107200004,22.58981273223904
4431,2021-12-20 10:44:07.210039552,22.61,21.5,20.63222222222222,0.044856,481.17117798400005,22.58967206997847
4432,2021-12-20 10:44:07.309355008,22.647916666666664,21.5,20.388125,0.053387,481.27049344000005,22.58945487111743
4433,2021-12-20 10:44:07.417039104,22.682222222222222,21.5,20.343333333333334,0.047226,481.37817753600007,22.58915989580786
4434,2021-12-20 10:44:07.571091712,22.62326530612245,21.5,20.52857142857143,0.058579,481.53223014400004,22.588785974152525
4435,2021-12-20 10:44:07.699616512,22.636,21.5,20.3845,0.053976,481.660754944,22.58833200776483
4436,2021-12-20 10:44:07.745039616,22.688,21.5,20.27,0.046334,481.706178048,22.587796971202447
4437,2021-12-20 10:44:07.810851072,22.58612244897959,21.5,20.253265306122447,0.051522,481.77198950400003,22.587179913272173
4438,2021-12-20 10:44:07.910780160,22.575121951219515,21.5,20.22658536585366,0.049348,481.87191859200004,22.586479958203924
4439,2021-12-20 10:44:08.008677376,22.570204081632653,21.5,20.39061224489796,0.056099,481.969815808,22.585696306692203
4440,2021-12-20 10:44:08.109893888,22.643255813953488,21.5,20.42511627906977,0.055779,482.07103232000003,22.584828236803897
4441,2021-12-20 10:44:08.210376192,22.649795918367346,21.5,20.21612244897959,0.054848,482.17151462400005,22.583875104751627
4442,2021-12-20 10:44:08.306221568,22.627567567567567,21.5,20.305405405405406,0.049792,482.26736000000005,22.58283634553238
4443,2021-12-20 10:44:08.438578432,22.61795918367347,21.5,20.181632653061225,0.050108,482.399716864,22.581711473431515
4444,2021-12-20 10:44:08.605707008,22.60682926829268,21.5,20.254878048780487,0.049178,482.56684544,22.58050008239266
4445,2021-12-20 10:44:08.662727424,22.578549769281477,21.5,20.273520105471324,0.054338,482.623865856,22.579201846254538
4446,2021-12-20 10:44:08.719757824,22.55027027027027,21.5,20.29216216216216,0.054379,482.680896256,22.577816518855965
4447,2021-12-20 10:44:08.814738176,22.533061224489792,21.5,20.276530612244898,0.056688,482.775876608,22.576343934010804
4448,2021-12-20 10:44:08.911539200,22.61,21.5,20.04263157894737,0.05794,482.872677632,22.57478400535483
4449,2021-12-20 10:44:09.015762944,22.533061224489792,21.5,20.14551020408163,0.058153,482.976901376,22.573136726066885
4450,2021-12-20 10:44:09.116919296,22.562105263157896,21.5,20.038157894736845,0.046997,483.078057728,22.57140216846693
4451,2021-12-20 10:44:09.212643840,22.538367346938777,21.5,20.096122448979592,0.055568,483.173782272,22.569580483493823
4452,2021-12-20 10:44:09.322812160,22.564651162790696,21.5,20.171162790697675,0.055168,483.283950592,22.567671900066
4453,2021-12-20 10:44:09.475859200,22.570204081632653,21.5,20.148979591836735,0.051916,483.436997632,22.56567672432821
4454,2021-12-20 10:44:09.587284736,22.61,21.5,20.14,0.051956,483.548423168,22.563595338787827
4455,2021-12-20 10:44:09.635313152,22.554285714285715,21.5,19.86,0.056029,483.596451584,22.561428201344377
4456,2021-12-20 10:44:09.712269056,22.572083333333335,21.5,19.97,0.055074,483.673407488,22.55917584421592
4457,2021-12-20 10:44:09.807792640,22.568947368421053,21.5,20.07210526315789,0.061231,483.768931072,22.55683887276621
4458,2021-12-20 10:44:09.909853952,22.49061224489796,21.5,20.05061224489796,0.052709,483.870992384,22.5544179642366
4459,2021-12-20 10:44:10.013685504,22.51421052631579,21.5,20.03421052631579,0.049904,483.97482393599995,22.55191386638662
4460,2021-12-20 10:44:10.110476544,22.533061224489792,21.5,20.011020408163265,0.050801,484.071614976,22.54932739604738
4461,2021-12-20 10:44:10.201483776,22.543030303030303,21.5,19.959090909090907,0.050356,484.16262220799996,22.546659437591792
4462,2021-12-20 10:44:10.329968384,22.539583333333336,21.5,19.82104166666667,0.055476,484.29110681599997,22.5439109413257
4463,2021-12-20 10:44:10.511942912,22.49772727272727,21.5,19.950454545454548,0.063299,484.473081344,22.54108292180398
4464,2021-12-20 10:44:10.569999104,22.497829153605018,21.5,19.923675548589344,0.047714,484.53113753599996,22.538176456075618
4465,2021-12-20 10:44:10.628065792,22.49793103448276,21.5,19.896896551724137,0.052328,484.58920422399996,22.535192681861723
4466,2021-12-20 10:44:10.714647296,22.49591836734694,21.5,19.882244897959183,0.054667,484.67578572799994,22.532132795670407
4467,2021-12-20 10:44:10.810522880,22.627567567567567,21.5,19.743513513513513,0.055067,484.77166131199994,22.528998050852305
4468,2021-12-20 10:44:10.914475264,22.48,21.5,19.683333333333334,0.054355,484.87561369599996,22.525789755600485
4469,2021-12-20 10:44:11.015943168,22.494857142857143,21.5,19.822,0.048705,484.97708159999996,22.522509270898386
4470,2021-12-20 10:44:11.110611968,22.464081632653063,21.5,19.8034693877551,0.050603,485.0717504,22.51915800841934
4471,2021-12-20 10:44:11.212331264,22.486190476190476,21.5,19.783809523809524,0.048195,485.173469696,22.515737428381094
4472,2021-12-20 10:44:11.311727360,22.48,21.5,19.763877551020407,0.050784,485.272865792,22.51224903735869
4473,2021-12-20 10:44:11.406456064,22.48,21.5,19.746216216216215,0.055797,485.367594496,22.508694386058956
4474,2021-12-20 10:44:11.507421184,22.49625,21.5,19.724166666666665,0.051933,485.468559616,22.5050750670598
4475,2021-12-20 10:44:11.613908224,22.48,21.5,19.70891891891892,0.048801,485.575046656,22.50139271251732
4476,2021-12-20 10:44:11.710055424,22.48,21.5,19.684042553191492,0.05012,485.671193856,22.497648991843707
4477,2021-12-20 10:44:11.812167168,22.48,21.5,19.665555555555557,0.056113,485.7733056,22.493845609358846
4478,2021-12-20 10:44:11.901534976,22.49625,21.5,19.641875,0.055506,485.86267340800003,22.489984301918433
4479,2021-12-20 10:44:12.007458816,22.46938775510204,21.5,19.624693877551017,0.04884,485.96859724800004,22.48606683652139
4480,2021-12-20 10:44:12.115816704,22.50052631578947,21.5,19.527894736842104,0.057847,486.07695513600004,22.482095007899343
4481,2021-12-20 10:44:12.212768512,22.48,21.5,19.40387755102041,0.054004,486.173906944,22.478070636090987
4482,2021-12-20 10:44:12.318581504,22.5,21.5,19.563846153846153,0.051759,486.279719936,22.47399556400399
4483,2021-12-20 10:44:12.471930112,22.49061224489796,21.5,19.545510204081634,0.057763,486.433068544,22.46987165496728
4484,2021-12-20 10:44:12.596652800,22.48,21.5,19.53,0.054744,486.557791232,22.465700790276536
4485,2021-12-20 10:44:12.644198400,22.54,21.5,19.28153846153846,0.063198,486.605336832,22.461484866735756
4486,2021-12-20 10:44:12.712323072,22.46938775510204,21.5,19.286938775510205,0.057155,486.673461504,22.457225794198017
4487,2021-12-20 10:44:12.803310336,22.49529411764706,21.5,19.46764705882353,0.062636,486.76444876799997,22.452925493108427
4488,2021-12-20 10:44:12.898079488,22.48530612244898,21.5,19.446326530612247,0.052681,486.85921792,22.448585892052538
4489,2021-12-20 10:44:13.006900224,22.430476190476192,21.5,19.428571428571427,0.053728,486.968038656,22.444208925313557
4490,2021-12-20 10:44:13.109233152,22.45877551020408,21.5,19.406734693877553,0.058503,487.070371584,22.4397965304418
4491,2021-12-20 10:44:13.208508416,22.454,21.5,19.39,0.06117,487.169646848,22.435350645840117
4492,2021-12-20 10:44:13.327377152,22.486666666666668,21.5,19.36641025641026,0.059912,487.28851558400004,22.430873208369007
4493,2021-12-20 10:44:13.499937024,22.48,21.5,19.347916666666666,0.060848,487.46107545600006,22.426366150975404
4494,2021-12-20 10:44:13.605066240,22.48,21.5,19.33,0.066925,487.5662046720001,22.421831400349138
4495,2021-12-20 10:44:13.635090176,22.48,21.5,19.306190476190473,0.06232,487.5962286080001,22.417270874611322
4496,2021-12-20 10:44:13.712398080,22.432244897959183,21.5,19.288367346938774,0.069773,487.6735365120001,22.41268648103891
4497,2021-12-20 10:44:13.812387584,22.44904761904762,21.5,19.26809523809524,0.061859,487.7735260160001,22.40808011382996
4498,2021-12-20 10:44:13.916500992,22.40571428571429,21.5,19.248367346938775,0.061901,487.8776394240001,22.403453651914088
4499,2021-12-20 10:44:14.015605248,22.423783783783783,21.5,19.228918918918918,0.061092,487.9767436800001,22.398808956812747
4500,2021-12-20 10:44:14.111601408,22.395102040816326,21.5,19.209591836734695,0.057264,488.0727398400001,22.394147870553958
4501,2021-12-20 10:44:14.212244480,22.35951219512195,21.5,19.189512195121953,0.059741,488.17338291200014,22.389472213646208
4502,2021-12-20 10:44:14.310513920,22.33142857142857,21.5,19.17,0.065778,488.27165235200016,22.384783783116166
4503,2021-12-20 10:44:14.408461568,22.389,21.5,19.39,0.060805,488.36960000000016,22.38008435061486
4504,2021-12-20 10:44:14.510683904,22.34734693877551,21.5,19.13,0.066734,488.4718223360002,22.375375660596813
4505,2021-12-20 10:44:14.613016832,22.43081081081081,21.5,19.12027027027027,0.063706,488.5741552640002,22.37065942857656
4506,2021-12-20 10:44:14.708932608,22.336734693877553,21.5,19.101224489795918,0.06623,488.6700710400002,22.36593733946684
4507,2021-12-20 10:44:14.810883584,22.316744186046513,21.5,19.081395348837205,0.057828,488.7720220160002,22.361211046002477
4508,2021-12-20 10:44:14.910641664,22.373877551020406,21.5,19.06204081632653,0.059485,488.87178009600024,22.356482167253837
4509,2021-12-20 10:44:15.011033344,22.343809523809522,21.5,19.042380952380952,0.063002,488.9721717760002,22.351752287233477
4510,2021-12-20 10:44:15.109704960,22.326122448979593,21.5,19.228571428571428,0.059742,489.0708433920002,22.347022953599318
4511,2021-12-20 10:44:15.210670080,22.362380952380953,21.5,19.043333333333333,0.062975,489.1718085120002,22.342295676457347
4512,2021-12-20 10:44:15.339989504,22.278367346938772,21.5,19.187755102040818,0.069782,489.3011279360002,22.337571927266563
4513,2021-12-20 10:44:15.496486400,22.275714285714283,21.5,19.214761904761904,0.06344,489.45762483200025,22.332853137848556
4514,2021-12-20 10:44:15.555287040,22.28413621262458,21.5,19.181334440753044,0.057199,489.51642547200026,22.328140699503567
4515,2021-12-20 10:44:15.614077696,22.292558139534883,21.5,19.147906976744185,0.067663,489.57521612800025,22.323435962234612
4516,2021-12-20 10:44:15.717195264,22.299591836734695,21.5,19.165306122448982,0.075022,489.67833369600027,22.31874023408074
4517,2021-12-20 10:44:15.812930048,22.29027027027027,21.5,19.141081081081083,0.069041,489.77406848000027,22.314054780560085
4518,2021-12-20 10:44:15.913110528,22.235918367346937,21.5,19.133061224489797,0.055148,489.8742489600003,22.309380824222867
4519,2021-12-20 10:44:16.015624448,22.263333333333332,21.5,18.925714285714285,0.068752,489.97676288000025,22.304719544314022
4520,2021-12-20 10:44:16.116840960,22.22530612244898,21.5,19.024897959183676,0.064516,490.07797939200026,22.300072076544676
4521,2021-12-20 10:44:16.210533888,22.28685714285714,21.5,19.084,0.064657,490.17167232000025,22.295439512971114
4522,2021-12-20 10:44:16.310583552,22.299591836734695,21.5,19.073469387755104,0.053589,490.27172198400024,22.290822901979457
4523,2021-12-20 10:44:16.421315328,22.233684210526317,21.5,19.057894736842105,0.069023,490.38245376000026,22.286223248373766
4524,2021-12-20 10:44:16.572893696,22.246530612244896,21.5,19.04408163265306,0.06661,490.53403212800026,22.28164151356473
4525,2021-12-20 10:44:16.696861952,22.22,21.5,19.04,0.069834,490.6580003840003,22.27707861585566
4526,2021-12-20 10:44:16.744246528,22.259999999999998,21.5,19.01,0.068341,490.7053849600003,22.272535430822145
4527,2021-12-20 10:44:16.812733440,22.23061224489796,21.5,18.998163265306122,0.070168,490.7738718720003,22.26801279178112
4528,2021-12-20 10:44:16.907411968,22.22,21.5,18.985405405405402,0.073219,490.8685504000003,22.263511490344843
4529,2021-12-20 10:44:17.005741824,22.230833333333333,21.5,18.968333333333334,0.066021,490.9668802560003,22.259032277054654
4530,2021-12-20 10:44:17.110780416,22.23333333333333,21.5,18.955384615384617,0.062783,491.07191884800034,22.25457586208927
4531,2021-12-20 10:44:17.210005504,22.23061224489796,21.5,18.94448979591837,0.066731,491.17114393600036,22.250142916041906
4532,2021-12-20 10:44:17.311443200,22.239047619047618,21.5,18.930476190476192,0.062064,491.27258163200037,22.24573407076024
4533,2021-12-20 10:44:17.440712192,22.246530612244896,21.5,18.91469387755102,0.066267,491.40185062400036,22.241349920242893
4534,2021-12-20 10:44:17.596716288,22.232380952380954,21.5,18.90142857142857,0.06422,491.55785472000036,22.236991021586046
4535,2021-12-20 10:44:17.655174912,22.23828349944629,21.5,18.885132890365448,0.071814,491.6163133440004,22.232657895973503
4536,2021-12-20 10:44:17.713623808,22.24418604651163,21.5,18.868837209302328,0.068886,491.6747622400004,22.228351029703393
4537,2021-12-20 10:44:17.815725312,22.235918367346937,21.5,18.855102040816327,0.077605,491.7768637440004,22.224070875244664
4538,2021-12-20 10:44:17.911309312,22.22,21.5,18.836666666666666,0.063287,491.8724477440004,22.219817852316407
4539,2021-12-20 10:44:18.014064640,22.22,21.5,18.82530612244898,0.065835,491.9752030720004,22.215592348983158
4540,2021-12-20 10:44:18.117172224,22.232999999999997,21.5,18.814249999999998,0.071752,492.0783106560004,22.21139472275929
4541,2021-12-20 10:44:18.215029248,22.22583333333333,21.5,18.90625,0.075578,492.1761676800004,22.207225301715745
4542,2021-12-20 10:44:18.326404608,22.252499999999998,21.5,18.89875,0.070654,492.2875430400004,22.2030843855825
4543,2021-12-20 10:44:18.487689216,22.235918367346937,21.5,18.775714285714287,0.071839,492.4488276480004,22.19897224684027
4544,2021-12-20 10:44:18.604003072,22.22,21.5,18.77,0.060231,492.5651415040004,22.194889131795282
4545,2021-12-20 10:44:18.643461888,22.169999999999998,21.5,18.74,0.067827,492.6046003200004,22.19083526163116
4546,2021-12-20 10:44:18.714141440,22.20469387755102,21.5,18.731836734693875,0.062689,492.6752798720004,22.186810833432254
4547,2021-12-20 10:44:18.803368448,22.1965625,21.5,18.71875,0.069255,492.7645068800004,22.182816021173103
4548,2021-12-20 10:44:18.898227968,22.246530612244896,21.5,18.703061224489797,0.063206,492.8593664000004,22.17885097666911
4549,2021-12-20 10:44:19.008195328,22.22,21.5,18.688,0.070737,492.9693337600004,22.17491583048389
4550,2021-12-20 10:44:19.109492224,22.22,21.5,18.676530612244896,0.066305,493.0706306560004,22.171010692789164
4551,2021-12-20 10:44:19.210497536,22.21404761904762,21.5,18.665714285714287,0.072465,493.1716359680004,22.16713565417353
4552,2021-12-20 10:44:19.336326656,22.208636363636362,21.5,18.733636363636364,0.066,493.29746508800037,22.163290786396978
4553,2021-12-20 10:44:19.508192512,22.183541666666667,21.5,18.798750000000002,0.072944,493.4693309440004,22.159476143088387
4554,2021-12-20 10:44:19.568190208,22.193437499999998,21.5,18.70220833333333,0.076283,493.52932864000036,22.15569176038389
4555,2021-12-20 10:44:19.628187904,22.20333333333333,21.5,18.605666666666664,0.076479,493.58932633600034,22.151937657504394
4556,2021-12-20 10:44:19.715876096,22.17408163265306,21.5,18.594285714285714,0.071519,493.6770145280003,22.148213837271204
4557,2021-12-20 10:44:19.809951232,22.20611111111111,21.5,18.57611111111111,0.06596,493.7710896640003,22.144520286559132
4558,2021-12-20 10:44:19.910071296,22.107755102040816,21.5,18.564285714285713,0.071046,493.87120972800034,22.14085697668708
4559,2021-12-20 10:44:20.013219072,22.187948717948718,21.5,18.546666666666667,0.068325,493.97435750400035,22.13722386374654
4560,2021-12-20 10:44:20.111397888,22.168979591836734,21.5,18.53734693877551,0.072791,494.0725363200003,22.133620888869032
4561,2021-12-20 10:44:20.212433408,22.190238095238094,21.5,18.524285714285718,0.068349,494.1735718400003,22.130047978433925
4562,2021-12-20 10:44:20.313146880,22.123061224489796,21.5,18.507755102040818,0.072558,494.2742853120003,22.126505044218614
4563,2021-12-20 10:44:20.411255552,22.165945945945946,21.5,18.494054054054054,0.070618,494.3723939840003,22.122991983493506
4564,2021-12-20 10:44:20.552765440,22.138367346938775,21.5,18.477755102040817,0.072601,494.5139038720003,22.11950867906478
4565,2021-12-20 10:44:20.696930816,22.156451612903226,21.5,18.47,0.073418,494.6580692480003,22.11605499926822
4566,2021-12-20 10:44:20.752120576,22.22,21.5,18.68,0.067478,494.7132590080003,22.112630797917824
4567,2021-12-20 10:44:20.809281792,22.123061224489796,21.5,18.628979591836732,0.068248,494.7704202240003,22.10923591421335
4568,2021-12-20 10:44:20.910166528,22.152926829268292,21.5,18.435609756097563,0.076249,494.8713049600003,22.105870172611137
4569,2021-12-20 10:44:21.000489728,22.084864864864866,21.5,18.65756756756757,0.073513,494.9616281600003,22.102533382662955
4570,2021-12-20 10:44:21.109169664,22.026122448979592,21.5,18.648367346938777,0.067994,495.0703080960003,22.099225338827882
4571,2021-12-20 10:44:21.217396736,22.053333333333335,21.5,18.638095238095236,0.072287,495.1785351680003,22.09594582026237
4572,2021-12-20 10:44:21.317074176,22.05333333333333,21.5,18.62875,0.069067,495.2782126080003,22.092694590593737
4573,2021-12-20 10:44:21.426880512,22.068684210526314,21.5,18.61842105263158,0.07134,495.3880189440003,22.08947139768263
4574,2021-12-20 10:44:21.582824192,22.036326530612243,21.5,18.584489795918365,0.065005,495.5439626240003,22.086275973379866
4575,2021-12-20 10:44:21.695245568,21.970000000000002,21.5,18.36,0.082435,495.6563840000003,22.08310803328318
4576,2021-12-20 10:44:21.738295040,22.0825,21.5,18.585,0.08382,495.6994334720003,22.079967276499318
4577,2021-12-20 10:44:21.815643392,22.077142857142857,21.5,18.57,0.068837,495.7767818240003,22.076853385416815
4578,2021-12-20 10:44:21.908260096,22.124411764705883,21.5,18.547941176470587,0.082539,495.8693985280003,22.07376602549477
4579,2021-12-20 10:44:22.006388480,22.000612244897958,21.5,18.32938775510204,0.068354,495.9675269120003,22.070704845072623
4580,2021-12-20 10:44:22.112050944,22.029210526315786,21.5,18.548947368421054,0.070558,496.0731893760003,22.067669475205918
4581,2021-12-20 10:44:22.210923776,22.036326530612243,21.5,18.519795918367347,0.073291,496.1720622080003,22.064659529532808
4582,2021-12-20 10:44:22.308257792,22.044324324324325,21.5,18.28,0.07497,496.2693962240003,22.061674604175717
4583,2021-12-20 10:44:22.443521536,21.985625,21.5,18.274791666666665,0.066644,496.40465996800026,22.05871427768253
4584,2021-12-20 10:44:22.628533760,22.113636363636363,21.5,18.5,0.07736,496.58967219200025,22.055778111011247
4585,2021-12-20 10:44:22.682808064,22.077532467532468,21.5,18.485,0.072178,496.64394649600024,22.052865647561894
4586,2021-12-20 10:44:22.737092864,22.041428571428572,21.5,18.47,0.07535,496.69823129600024,22.049976413259053
4587,2021-12-20 10:44:22.814400768,22.036326530612243,21.5,18.47,0.070177,496.77553920000025,22.047109916688214
4588,2021-12-20 10:44:22.905981440,21.999411764705883,21.5,18.46088235294118,0.072815,496.8671198720003,22.04426564928876
4589,2021-12-20 10:44:23.008565760,21.98530612244898,21.5,18.23040816326531,0.075369,496.9697041920003,22.041443085606076
4590,2021-12-20 10:44:23.115022592,22.036176470588234,21.5,18.201176470588237,0.071583,497.07616102400027,22.038641683605015
4591,2021-12-20 10:44:23.209922560,22.010816326530612,21.5,18.18204081632653,0.072716,497.17106099200026,22.035860885046556
4592,2021-12-20 10:44:23.308715008,22.107499999999998,21.5,18.17125,0.064497,497.26985344000025,22.033100115929113
4593,2021-12-20 10:44:23.435328768,22.01347826086956,21.5,18.151304347826084,0.074096,497.39646720000025,22.03035878699563
4594,2021-12-20 10:44:23.605675776,21.986304347826085,21.5,18.349999999999998,0.076574,497.56681420800027,22.027636294307282
4595,2021-12-20 10:44:23.665100288,21.98951581027668,21.5,18.354999999999997,0.075697,497.6262387200003,22.024932019884197
4596,2021-12-20 10:44:23.724514560,21.992727272727272,21.5,18.36,0.081989,497.6856529920003,22.022245332413338
4597,2021-12-20 10:44:23.815531776,22.021020408163263,21.5,18.351632653061223,0.07477,497.7766702080003,22.01957558802321
4598,2021-12-20 10:44:23.910542336,22.0125,21.5,18.3425,0.076684,497.8716807680003,22.016922131124762
4599,2021-12-20 10:44:24.014625536,21.97,21.5,18.33204081632653,0.069437,497.9757639680003,22.01428429531754
4600,2021-12-20 10:44:24.118427136,21.97,21.5,18.322702702702703,0.079814,498.0795655680003,22.01166140435969
4601,2021-12-20 10:44:24.214644480,21.98530612244898,21.5,18.31204081632653,0.07186,498.17578291200033,22.00905277320012
4602,2021-12-20 10:44:24.316786432,21.963589743589743,21.5,18.302820512820514,0.080967,498.27792486400034,22.006457709070865
4603,2021-12-20 10:44:24.467248384,21.97,21.5,18.292244897959183,0.07445,498.42838681600034,22.003875512637208
4604,2021-12-20 10:44:24.607138816,22.016296296296293,21.5,18.14185185185185,0.077375,498.56827724800036,22.001305479202966
4605,2021-12-20 10:44:24.656102656,22.095,21.5,18.27,0.080404,498.61724108800036,21.99874689996789
4606,2021-12-20 10:44:24.712429056,21.990408163265304,21.5,18.262448979591838,0.074204,498.67356748800034,21.996199063334014
4607,2021-12-20 10:44:24.811824896,21.994390243902437,21.5,18.253170731707318,0.07107,498.77296332800034,21.993661256257393
4608,2021-12-20 10:44:24.906765056,22.016511627906976,21.5,18.046511627906977,0.070177,498.86790348800037,21.99113276564161
4609,2021-12-20 10:44:25.017979648,21.97,21.5,18.159591836734695,0.069716,498.9791180800004,21.988612879768983
4610,2021-12-20 10:44:25.119065344,21.963749999999997,21.5,18.213500000000003,0.070878,499.08020377600036,21.98610088976535
4611,2021-12-20 10:44:25.217364992,21.980204081632653,21.5,18.20326530612245,0.07472,499.1785034240004,21.983596091094114
4612,2021-12-20 10:44:25.325561856,21.97,21.5,18.2,0.078756,499.28670028800036,21.98109778507509
4613,2021-12-20 10:44:25.484995840,21.97,21.5,18.19326530612245,0.070171,499.44613427200034,21.978605280423473
4614,2021-12-20 10:44:25.612997376,21.969999999999995,21.5,18.19,0.070615,499.57413580800034,21.976117894804187
4615,2021-12-20 10:44:25.648734464,21.97,21.5,18.17,0.066661,499.60987289600035,21.97363495639671
4616,2021-12-20 10:44:25.711679232,21.98530612244898,21.5,18.163673469387756,0.077254,499.6728176640004,21.971155805465475
4617,2021-12-20 10:44:25.812875776,21.97,21.5,18.154418604651163,0.077527,499.7740142080004,21.968679795930722
4618,2021-12-20 10:44:25.912684032,21.97,21.5,18.143877551020406,0.06802,499.8738224640004,21.966206296934775
4619,2021-12-20 10:44:26.012824320,21.987857142857145,21.5,18.134761904761906,0.068113,499.9739627520004,21.963734694398518
4620,2021-12-20 10:44:26.111043584,21.94395833333333,21.5,18.124166666666667,0.072293,500.0721820160004,21.961264392562985
4621,2021-12-20 10:44:26.205842688,21.956486486486487,21.5,18.115945945945946,0.078586,500.1669811200004,21.95879481551086
4622,2021-12-20 10:44:26.338451200,21.99083333333333,21.5,18.104583333333334,0.083602,500.2995896320004,21.956325408662792
4623,2021-12-20 10:44:26.519419904,21.947272727272725,21.5,18.09568181818182,0.071937,500.4805583360004,21.953855640243425
4624,2021-12-20 10:44:26.576138496,21.958636363636362,21.5,18.08395202020202,0.072246,500.5372769280004,21.95138500271211
4625,2021-12-20 10:44:26.632857088,21.97,21.5,18.072222222222223,0.08179,500.59399552000036,21.948913014153337
4626,2021-12-20 10:44:26.716089600,21.902291666666667,21.5,18.065833333333334,0.075624,500.67722803200036,21.946439219621997
4627,2021-12-20 10:44:26.814509824,21.940238095238094,21.5,18.05547619047619,0.080587,500.77564825600035,21.943963192438762
4628,2021-12-20 10:44:26.913694464,21.92408163265306,21.5,18.046326530612244,0.072075,500.8748328960003,21.941484535430956
4629,2021-12-20 10:44:27.013744384,21.958372093023254,21.5,18.136279069767443,0.076518,500.97488281600033,21.939002882114373
4630,2021-12-20 10:44:27.115302656,21.94448979591837,21.5,18.266326530612247,0.076253,501.0764410880003,21.9365178978118
4631,2021-12-20 10:44:27.209740032,21.97694444444444,21.5,18.14,0.071394,501.1708784640003,21.934029280704014
4632,2021-12-20 10:44:27.308874496,21.95958333333333,21.5,18.02,0.076136,501.27001292800026,21.93153676280931
4633,2021-12-20 10:44:27.415089920,21.944358974358973,21.5,18.096666666666668,0.076497,501.3762283520003,21.929040110887815
4634,2021-12-20 10:44:27.560150528,21.90877551020408,21.5,18.24673469387755,0.084103,501.5212889600003,21.926539127267024
4635,2021-12-20 10:44:27.701217792,21.886666666666663,21.5,18.24,0.072894,501.6623562240003,21.92403365058527
4636,2021-12-20 10:44:27.755210752,21.97,21.5,17.99,0.076844,501.7163491840003,21.92152355645007
4637,2021-12-20 10:44:27.812633600,21.91387755102041,21.5,18.055714285714284,0.083159,501.7737720320003,21.919008758008598
4638,2021-12-20 10:44:27.911979264,21.866341463414635,21.5,18.18341463414634,0.068792,501.8731176960003,21.916489206427695
4639,2021-12-20 10:44:28.009775872,21.949591836734694,21.5,17.97,0.08085,501.9709143040003,21.91396489128122
4640,2021-12-20 10:44:28.111273984,21.89857142857143,21.5,17.968571428571426,0.077705,502.0724124160003,21.91143584084284
4641,2021-12-20 10:44:28.210539264,21.949591836734694,21.5,17.95734693877551,0.07685,502.1716776960003,21.90890212228261
4642,2021-12-20 10:44:28.313143808,21.929302325581393,21.5,17.94860465116279,0.072002,502.2742822400003,21.90636384176604
4643,2021-12-20 10:44:28.437071872,21.935116279069767,21.5,17.937209302325584,0.075331,502.39821030400026,21.903821144454643
4644,2021-12-20 10:44:28.604069632,21.980416666666667,21.5,17.92770833333333,0.080717,502.5652080640003,21.901274214407316
4645,2021-12-20 10:44:28.694000640,21.97,21.5,17.92,0.075295,502.6551390720003,21.89872327438229
4646,2021-12-20 10:44:28.727132672,21.87322580645161,21.5,17.991612903225807,0.072456,502.6882711040003,21.896168585539627
4647,2021-12-20 10:44:28.815484672,21.90877551020408,21.5,18.088979591836736,0.077533,502.7766231040003,21.893610447044715
4648,2021-12-20 10:44:28.912496896,21.956842105263156,21.5,17.89,0.073673,502.8736353280003,21.89104919557353
4649,2021-12-20 10:44:29.019718144,21.87816326530612,21.5,17.941632653061223,0.076427,502.9808565760003,21.888485204720762
4650,2021-12-20 10:44:29.120944640,21.903823529411767,21.5,18.053823529411765,0.072839,503.0820830720003,21.88591888431233
4651,2021-12-20 10:44:29.213460736,21.89857142857143,21.5,17.868163265306123,0.074542,503.17459916800027,21.883350679624012
4652,2021-12-20 10:44:29.317654528,21.880714285714287,21.5,17.909285714285712,0.071753,503.27879296000026,21.880781070508426
4653,2021-12-20 10:44:29.463891968,21.86795918367347,21.5,18.08857142857143,0.075582,503.42503040000025,21.878210570432667
4654,2021-12-20 10:44:29.595856640,21.868148148148148,21.5,18.08,0.076661,503.55699507200023,21.87563972542943
4655,2021-12-20 10:44:29.649829376,21.91444444444444,21.5,17.973333333333333,0.075969,503.6109678080002,21.873069112964572
4656,2021-12-20 10:44:29.712794112,21.860625,21.5,17.839375,0.075594,503.67393254400025,21.87049934072436
4657,2021-12-20 10:44:29.807603456,21.858157894736838,21.5,17.82921052631579,0.081322,503.76874188800025,21.867931045325886
4658,2021-12-20 10:44:29.905199104,21.903673469387755,21.5,17.83408163265306,0.081175,503.86633753600023,21.865364890954286
4659,2021-12-20 10:44:30.010469120,21.787073170731706,21.5,18.043902439024393,0.086262,503.97160755200025,21.862801567930656
4660,2021-12-20 10:44:30.111041792,21.873061224489796,21.5,17.80979591836735,0.086162,504.07218022400025,21.86024179121473
4661,2021-12-20 10:44:30.213042944,21.821190476190477,21.5,18.04,0.080015,504.17418137600026,21.85768629884646
4662,2021-12-20 10:44:30.340954112,21.875555555555554,21.5,17.80022222222222,0.077327,504.3020925440003,21.855135850330843
4663,2021-12-20 10:44:30.512327168,21.78914893617021,21.5,18.02,0.082171,504.4734656000003,21.852591224970375
4664,2021-12-20 10:44:30.570856448,21.836471019809245,21.5,18.015,0.068499,504.5319948800003,21.850053220149686
4665,2021-12-20 10:44:30.629385472,21.883793103448276,21.5,18.01,0.079112,504.5905239040003,21.847522649576888
4666,2021-12-20 10:44:30.716812032,21.842448979591836,21.5,18.01,0.083205,504.6779504640003,21.84500034148623
4667,2021-12-20 10:44:30.810474752,21.912857142857142,21.5,18.0,0.078411,504.7716131840003,21.842487136806753
4668,2021-12-20 10:44:30.909307648,21.745510204081633,21.5,18.0,0.0701,504.87044608000025,21.839983887301575
4669,2021-12-20 10:44:31.014919424,21.854146341463416,21.5,17.77756097560976,0.072227,504.97605785600024,21.837491453682524
4670,2021-12-20 10:44:31.115391744,21.832244897959182,21.5,17.751020408163264,0.077412,505.07653017600023,21.835010703704793
4671,2021-12-20 10:44:31.209004032,21.819999999999997,21.5,17.741142857142854,0.074896,505.1701424640002,21.832542510246277
4672,2021-12-20 10:44:31.305302272,21.87816326530612,21.5,17.51551020408163,0.073779,505.2664407040002,21.830087749376265
4673,2021-12-20 10:44:31.406498560,21.855135135135136,21.5,17.896486486486488,0.07705,505.3676369920002,21.82764729841801
4674,2021-12-20 10:44:31.547586048,21.80673469387755,21.5,17.735510204081635,0.06907,505.5087244800002,21.8252220340098
4675,2021-12-20 10:44:31.713447168,21.80552631578947,21.5,17.70157894736842,0.081298,505.67458560000017,21.82281283016892
4676,2021-12-20 10:44:31.768234752,21.783596491228067,21.5,17.81078947368421,0.074172,505.72937318400017,21.820420556362887
4677,2021-12-20 10:44:31.823032320,21.761666666666667,21.5,17.92,0.079102,505.7841707520002,21.818046075592303
4678,2021-12-20 10:44:31.917841664,21.801632653061223,21.5,17.92,0.083783,505.8789800960002,21.81569024248952
4679,2021-12-20 10:44:32.014039040,21.84162162162162,21.5,17.91189189189189,0.075482,505.9751774720002,21.813353901437154
4680,2021-12-20 10:44:32.116955392,21.765918367346938,21.5,17.91,0.072273,506.07809382400023,21.811037884710345
4681,2021-12-20 10:44:32.218503680,21.79236842105263,21.5,17.91,0.083623,506.17964211200024,21.808743010646594
4682,2021-12-20 10:44:32.314228480,21.781224489795918,21.5,17.90204081632653,0.077582,506.27536691200027,21.80647008184676
4683,2021-12-20 10:44:32.420695552,21.72,21.5,17.9,0.078735,506.38183398400025,21.804219883410703
4684,2021-12-20 10:44:32.583408384,21.730204081632653,21.5,17.892244897959184,0.074541,506.54454681600026,21.80199318121084
4685,2021-12-20 10:44:32.717646080,21.815238095238094,21.5,17.787142857142857,0.07306,506.6787845120003,21.79979072020675
4686,2021-12-20 10:44:32.757104896,21.97,21.5,17.88,0.074782,506.71824332800026,21.797613222803786
4687,2021-12-20 10:44:32.812043008,21.777291666666667,21.5,17.8725,0.076636,506.77318144000026,21.795461387258502
4688,2021-12-20 10:44:32.910936064,21.821190476190477,21.5,17.704285714285714,0.080116,506.87207449600027,21.79333588613361
4689,2021-12-20 10:44:33.004860416,21.78875,21.5,17.63,0.074003,506.96599884800025,21.791237364804964
4690,2021-12-20 10:44:33.116356608,21.750612244897958,21.5,17.794285714285714,0.079071,507.07749504000026,21.789166440022914
4691,2021-12-20 10:44:33.220198144,21.764871794871794,21.5,17.635641025641025,0.082166,507.18133657600026,21.78712369853034
4692,2021-12-20 10:44:33.319171840,21.842448979591836,21.5,17.603061224489796,0.076846,507.28031027200024,21.7851096957394
4693,2021-12-20 10:44:33.428575744,21.7825,21.5,17.6,0.07777,507.3897141760002,21.783124954469077
4694,2021-12-20 10:44:33.581190144,21.755714285714284,21.5,17.739183673469388,0.087111,507.5423285760002,21.781169963745366
4695,2021-12-20 10:44:33.695431936,21.773571428571426,21.5,17.82,0.08046,507.6565703680002,21.779245177665935
4696,2021-12-20 10:44:33.739879680,21.794999999999998,21.5,17.81,0.079369,507.7010181120002,21.77735101433084
4697,2021-12-20 10:44:33.815708928,21.750612244897958,21.5,17.81,0.080668,507.7768473600002,21.775487854840822
4698,2021-12-20 10:44:33.910930688,21.79236842105263,21.5,17.80526315789474,0.074717,507.8720691200002,21.773656042364525
4699,2021-12-20 10:44:34.010386944,21.72,21.5,17.8,0.086263,507.9715253760002,21.771855881276007
4700,2021-12-20 10:44:34.113967360,21.73875,21.5,17.7955,0.071779,508.0751057920002,21.770087636363645
4701,2021-12-20 10:44:34.213071616,21.765918367346938,21.5,17.79,0.080871,508.1742100480002,21.768351532111474
4702,2021-12-20 10:44:34.312869888,21.8325,21.5,17.688,0.078668,508.2740083200002,21.766647752053892
4703,2021-12-20 10:44:34.453695744,21.745510204081633,21.5,17.672040816326533,0.087347,508.41483417600017,21.76497643820449
4704,2021-12-20 10:44:34.605545728,21.798571428571428,21.5,17.776857142857143,0.083786,508.5666841600002,21.76333769055975
4705,2021-12-20 10:44:34.660252672,21.793376623376624,21.5,17.770814935064934,0.079489,508.62139110400017,21.76173156667823
4706,2021-12-20 10:44:34.714959872,21.788181818181815,21.5,17.764772727272728,0.080019,508.67609830400016,21.760158081335668
4707,2021-12-20 10:44:34.817574400,21.761666666666667,21.5,17.76,0.077391,508.77871283200017,21.758617206256513
4708,2021-12-20 10:44:34.915300608,21.73923076923077,21.5,17.754358974358976,0.077076,508.87643904000015,21.757108869922135
4709,2021-12-20 10:44:35.020228608,21.730204081632653,21.5,17.75,0.084671,508.9813670400001,21.75563295745601
4710,2021-12-20 10:44:35.120660736,21.75205128205128,21.5,17.744615384615383,0.084614,509.08179916800015,21.75418931058606
4711,2021-12-20 10:44:35.217501696,21.78770833333333,21.5,17.74,0.077104,509.17864012800015,21.752777727684123
4712,2021-12-20 10:44:35.329983488,21.77128205128205,21.5,17.74,0.07441,509.29112192000014,21.751397963882567
4713,2021-12-20 10:44:35.493541376,21.765918367346938,21.5,17.736326530612242,0.078127,509.45467980800015,21.750049731267865
4714,2021-12-20 10:44:35.610388480,21.720000000000002,21.5,17.73,0.07759,509.57152691200014,21.74873269915093
4715,2021-12-20 10:44:35.646386944,21.77769230769231,21.5,17.72,0.083654,509.6075253760001,21.747446494413893
4716,2021-12-20 10:44:35.715537664,21.725102040816324,21.5,17.799795918367344,0.075209,509.6766760960001,21.74619070193288
4717,2021-12-20 10:44:35.815466752,21.73829268292683,21.5,17.88560975609756,0.074016,509.7766051840001,21.74496486507625
4718,2021-12-20 10:44:35.917920512,21.72,21.5,17.71,0.075699,509.8790589440001,21.743768486277602
4719,2021-12-20 10:44:36.018231808,21.74027027027027,21.5,17.71,0.07797,509.9793702400001,21.742601027682767
4720,2021-12-20 10:44:36.114006784,21.72,21.5,17.71,0.072774,510.07514521600007,21.74146191186983
4721,2021-12-20 10:44:36.211521792,21.733157894736838,21.5,17.709473684210526,0.076106,510.1726602240001,21.740350522641148
4722,2021-12-20 10:44:36.338728960,21.730416666666667,21.5,17.7,0.079625,510.29986739200007,21.739266205886118
4723,2021-12-20 10:44:36.506561536,21.72,21.5,17.698636363636364,0.088554,510.4676999680001,21.73820827051342
4724,2021-12-20 10:44:36.565392384,21.730416666666663,21.5,17.692929292929293,0.08733,510.5265308160001,21.737175989451195
4725,2021-12-20 10:44:36.624223232,21.74083333333333,21.5,17.68722222222222,0.082465,510.5853616640001,21.736168600713526
4726,2021-12-20 10:44:36.719505408,21.725102040816324,21.5,17.68,0.083296,510.68064384000013,21.73518530853149
4727,2021-12-20 10:44:36.814596352,21.72,21.5,17.68,0.077368,510.7757347840001,21.734225284546778
4728,2021-12-20 10:44:36.918719744,21.72,21.5,17.67816326530612,0.081468,510.87985817600014,21.73328766906587
4729,2021-12-20 10:44:37.020630272,21.74142857142857,21.5,17.67,0.080514,510.98176870400016,21.73237157237256
4730,2021-12-20 10:44:37.114152192,21.72,21.5,17.66857142857143,0.078342,511.07529062400016,21.731476076096452
4731,2021-12-20 10:44:37.206316288,21.72,21.5,17.66,0.07325,511.16745472000014,21.730600234634956
4732,2021-12-20 10:44:37.303620096,21.745510204081633,21.5,17.65877551020408,0.075183,511.26475852800013,21.72974307662621
4733,2021-12-20 10:44:37.403850752,21.70529411764706,21.5,17.65,0.086072,511.36498918400014,21.72890360647019
4734,2021-12-20 10:44:37.542433792,21.73530612244898,21.5,17.65,0.078505,511.50357222400015,21.728080805895196
4735,2021-12-20 10:44:37.721451264,21.72,21.5,17.65,0.079087,511.68258969600015,21.727273635566743
4736,2021-12-20 10:44:37.776691200,21.72,21.5,17.644655172413792,0.07538,511.73782963200017,21.726481036735894
4737,2021-12-20 10:44:37.831931392,21.72,21.5,17.639310344827585,0.08093,511.79306982400016,21.725701932923826
4738,2021-12-20 10:44:37.918070528,21.709795918367348,21.5,17.63,0.07771,511.87920896000014,21.724935231639517
4739,2021-12-20 10:44:38.010958848,21.72,21.5,17.629714285714286,0.077772,511.9720972800001,21.72417982612727
4740,2021-12-20 10:44:38.112275968,21.72,21.5,17.62,0.079639,512.0734144000002,21.723434597140685
4741,2021-12-20 10:44:38.217113344,21.73973684210526,21.5,17.62,0.075998,512.1782517760001,21.72269841473971
4742,2021-12-20 10:44:38.313793536,21.72,21.5,17.610204081632652,0.077465,512.2749319680001,21.721970140107363
4743,2021-12-20 10:44:38.409337344,21.72,21.5,17.61,0.082973,512.3704757760001,21.721248627382664
4744,2021-12-20 10:44:38.558280192,21.73530612244898,21.5,17.61,0.074607,512.5194186240002,21.7205327255063
4745,2021-12-20 10:44:38.723356928,21.72,21.5,17.601176470588236,0.079143,512.6844953600001,21.71982128007547
4746,2021-12-20 10:44:38.774674176,21.72,21.5,17.595588235294116,0.077032,512.7358126080002,21.71911313520452
4747,2021-12-20 10:44:38.825981440,21.72,21.5,17.59,0.074416,512.7871198720002,21.718407135387817
4748,2021-12-20 10:44:38.919010560,21.725102040816324,21.5,17.59,0.080488,512.8801489920002,21.717702127361495
4749,2021-12-20 10:44:39.013447936,21.748571428571427,21.5,17.581142857142854,0.082372,512.9745863680001,21.716996961960604
4750,2021-12-20 10:44:39.115519232,21.70469387755102,21.5,17.58,0.077022,513.0766576640001,21.716290495968398
4751,2021-12-20 10:44:39.219612416,21.73973684210526,21.5,17.58,0.078818,513.1807508480001,21.715581593954337
4752,2021-12-20 10:44:39.316876032,21.73530612244898,21.5,17.355510204081632,0.080108,513.2780144640001,21.714869130097654
4753,2021-12-20 10:44:39.413777664,21.72,21.5,17.52885714285714,0.079947,513.3749160960001,21.714151989993308
4754,2021-12-20 10:44:39.560387072,21.70958333333333,21.5,17.561249999999998,0.083684,513.5215255040001,21.71342907243723
4755,2021-12-20 10:44:39.712307456,21.72,21.5,17.55258064516129,0.076728,513.6734458880002,21.712699291187842
4756,2021-12-20 10:44:39.765012736,21.71431818181818,21.5,17.54674486803519,0.078836,513.7261511680002,21.71196157670096
4757,2021-12-20 10:44:39.817728256,21.708636363636362,21.5,17.54090909090909,0.083165,513.7788666880002,21.71121487783524
4758,2021-12-20 10:44:39.919840000,21.70958333333333,21.5,17.54,0.078761,513.8809784320002,21.710458163525463
4759,2021-12-20 10:44:40.011390464,21.742727272727272,21.5,17.54,0.071019,513.9725288960002,21.70969042442101
4760,2021-12-20 10:44:40.111068160,21.72,21.5,17.53229166666667,0.072981,514.0722065920002,21.708910674486987
4761,2021-12-20 10:44:40.217595392,21.70809523809524,21.5,17.53,0.083606,514.1787338240001,21.70811795256562
4762,2021-12-20 10:44:40.319294720,21.684285714285714,21.5,17.52265306122449,0.068085,514.2804331520001,21.7073113238955
4763,2021-12-20 10:44:40.431102464,21.72,21.5,17.52,0.07295,514.3922408960001,21.706489881586585
4764,2021-12-20 10:44:40.585788928,21.709795918367348,21.5,17.512857142857143,0.074848,514.54692736,21.705652748048728
4765,2021-12-20 10:44:40.696218880,21.666428571428572,21.5,17.51,0.07904,514.657357312,21.70479907637171
4766,2021-12-20 10:44:40.739982336,21.744999999999997,21.5,17.51,0.08043,514.701120768,21.703928051654866
4767,2021-12-20 10:44:40.816184064,21.709795918367348,21.5,17.346734693877554,0.078261,514.777322496,21.70303889228451
4768,2021-12-20 10:44:40.915680512,21.72,21.5,17.39714285714286,0.078563,514.876818944,21.702130851157335
4769,2021-12-20 10:44:41.014976000,21.709795918367348,21.5,17.493673469387755,0.077724,514.976114432,21.701203216848185
4770,2021-12-20 10:44:41.115739904,21.72,21.5,17.484651162790698,0.086902,515.076878336,21.700255314720614
4771,2021-12-20 10:44:41.217398784,21.668979591836734,21.5,17.48,0.081251,515.178537216,21.69928650797875
4772,2021-12-20 10:44:41.310317312,21.71242424242424,21.5,17.476363636363637,0.079247,515.271455744,21.698296198659083
4773,2021-12-20 10:44:41.447924736,21.72,21.5,17.47,0.076285,515.409063168,21.697283828560845
4774,2021-12-20 10:44:41.602530560,21.72,21.5,17.47,0.069454,515.563668992,21.69624888011378
4775,2021-12-20 10:44:41.659047936,21.693404255319148,21.5,17.526170212765955,0.077988,515.620186368,21.69519087718208
4776,2021-12-20 10:44:41.715565568,21.666808510638297,21.5,17.582340425531914,0.085672,515.676704,21.694109385803436
4777,2021-12-20 10:44:41.818683136,21.653333333333332,21.5,17.578,0.081489,515.779821568,21.69300401486215
4778,2021-12-20 10:44:41.913643264,21.713749999999997,21.5,17.45,0.082061,515.874781696,21.69187441669521
4779,2021-12-20 10:44:42.017796864,21.623061224489796,21.5,17.45,0.073019,515.978935296,21.690720287630416
4780,2021-12-20 10:44:42.118339584,21.68875,21.5,17.44425,0.069999,516.079478016,21.689541368455604
4781,2021-12-20 10:44:42.218419456,21.67408163265306,21.5,17.44,0.076244,516.1795578880001,21.688337444818014
4782,2021-12-20 10:44:42.337780992,21.678333333333335,21.5,17.56047619047619,0.072547,516.2989194240001,21.6871083475529
4783,2021-12-20 10:44:42.496329728,21.64857142857143,21.5,17.562244897959186,0.077989,516.4574681600001,21.68585395294051
4784,2021-12-20 10:44:42.594478592,21.577142857142857,21.5,17.43,0.077696,516.5556170240001,21.68457418289049
4785,2021-12-20 10:44:42.633705728,21.71074074074074,21.5,17.50111111111111,0.082049,516.5948441600001,21.6832690050529
4786,2021-12-20 10:44:42.717652224,21.653673469387755,21.5,17.43,0.070772,516.678790656,21.681938432854878
4787,2021-12-20 10:44:42.812994816,21.706486486486487,21.5,17.425135135135136,0.07887,516.774133248,21.68058252546216
4788,2021-12-20 10:44:42.918264832,21.67408163265306,21.5,17.42,0.079869,516.879403264,21.679201387664616
4789,2021-12-20 10:44:43.022569216,21.62972222222222,21.5,17.42,0.081678,516.983707648,21.677795169685016
4790,2021-12-20 10:44:43.115829504,21.673125,21.5,17.416875,0.072618,517.076967936,21.67636406691027
4791,2021-12-20 10:44:43.207671808,21.669999999999998,21.5,17.41,0.082599,517.16881024,21.674908319544475
4792,2021-12-20 10:44:43.347461632,21.72,21.5,17.40734693877551,0.077649,517.308600064,21.673428212183186
4793,2021-12-20 10:44:43.517627904,21.66736842105263,21.5,17.4,0.078156,517.4787663359999,21.671924073308478
4794,2021-12-20 10:44:43.572676864,21.6793984962406,21.5,17.473857142857142,0.072871,517.533815296,21.670396274704363
4795,2021-12-20 10:44:43.627735808,21.69142857142857,21.5,17.547714285714285,0.074422,517.58887424,21.668845230792403
4796,2021-12-20 10:44:43.719849472,21.673125,21.5,17.39,0.074109,517.680987904,21.667271397887436
4797,2021-12-20 10:44:43.815493888,21.706842105263156,21.5,17.39,0.070996,517.77663232,21.665675273373495
4798,2021-12-20 10:44:43.918973440,21.668979591836734,21.5,17.436938775510207,0.073628,517.8801118719999,21.664057394800224
4799,2021-12-20 10:44:44.021487360,21.72,21.5,17.564615384615383,0.072985,517.9826257919999,21.662418338900327
4800,2021-12-20 10:44:44.118761216,21.668979591836734,21.5,17.42224489795918,0.077636,518.0798996479999,21.66075872052875
4801,2021-12-20 10:44:44.212604928,21.636666666666667,21.5,17.549999999999997,0.075091,518.1737433599999,21.6590791915246
4802,2021-12-20 10:44:44.310039552,21.673125,21.5,17.37,0.067045,518.2711779839999,21.657380439496954
4803,2021-12-20 10:44:44.402213632,21.70333333333333,21.5,17.37,0.067552,518.3633520639999,21.655663186536074
4804,2021-12-20 10:44:44.540846848,21.65877551020408,21.5,17.402857142857144,0.079938,518.5019852799999,21.65392818785174
4805,2021-12-20 10:44:44.719743488,21.578974358974357,21.5,17.6,0.07484,518.6808819199998,21.65217623034063
4806,2021-12-20 10:44:44.775577088,21.633862179487178,21.5,17.48,0.072821,518.7367155199998,21.650408131084987
4807,2021-12-20 10:44:44.831410688,21.68875,21.5,17.36,0.080558,518.7925491199999,21.648624735785088
4808,2021-12-20 10:44:44.920205056,21.70958333333333,21.5,17.36,0.074687,518.8813434879999,21.646826917128216
4809,2021-12-20 10:44:45.014732800,21.69972972972973,21.5,17.358918918918917,0.070075,518.9758712319998,21.645015573097204
4810,2021-12-20 10:44:45.118001408,21.607755102040816,21.5,17.36408163265306,0.076885,519.0791398399998,21.64319162522181
4811,2021-12-20 10:44:45.220273920,21.638918918918918,21.5,17.58,0.071641,519.1814123519998,21.641356016776463
4812,2021-12-20 10:44:45.315918080,21.66387755102041,21.5,17.58,0.07803,519.2770565119998,21.639509710928234
4813,2021-12-20 10:44:45.415072768,21.67945945945946,21.5,17.56135135135135,0.080397,519.3762111999998,21.637653688839066
4814,2021-12-20 10:44:45.573802496,21.595,21.5,17.354791666666667,0.078612,519.5349409279999,21.635788947726613
4815,2021-12-20 10:44:45.737018368,21.736129032258063,21.5,17.58,0.085322,519.6981567999999,21.633916498888304
4816,2021-12-20 10:44:45.784020736,21.698897849462362,21.5,17.46,0.083992,519.7451591679999,21.632037365693414
4817,2021-12-20 10:44:45.831023104,21.661666666666665,21.5,17.34,0.081247,519.7921615359999,21.630152581548288
4818,2021-12-20 10:44:45.918278656,21.63326530612245,21.5,17.34,0.07851,519.8794170879999,21.62826318783997
4819,2021-12-20 10:44:46.015944448,21.645,21.5,17.57,0.074724,519.9770828799999,21.626370231863767
4820,2021-12-20 10:44:46.116537344,21.641875,21.5,17.34,0.079133,520.0776757759999,21.624474764740405
4821,2021-12-20 10:44:46.217291264,21.671219512195123,21.5,17.34,0.081194,520.1784296959999,21.62257783932867
4822,2021-12-20 10:44:46.316556544,21.6434693877551,21.5,17.330408163265304,0.076071,520.2776949759999,21.62068050813958
4823,2021-12-20 10:44:46.424139776,21.630714285714287,21.5,17.549047619047617,0.082541,520.3852782079999,21.6187838212582
4824,2021-12-20 10:44:46.577277184,21.61285714285714,21.5,17.56,0.071571,520.538415616,21.616888824279364
4825,2021-12-20 10:44:46.698600192,21.669999999999998,21.5,17.344,0.071496,520.6597386239999,21.614996556263392
4826,2021-12-20 10:44:46.746286592,21.61285714285714,21.5,17.32,0.075027,520.7074250239999,21.61310804771829
4827,2021-12-20 10:44:46.815517696,21.546530612244897,21.5,17.32,0.079516,520.7766561279999,21.611224318614543
4828,2021-12-20 10:44:46.915929600,21.557209302325578,21.5,17.52860465116279,0.080232,520.8770680319999,21.60934637643881
4829,2021-12-20 10:44:47.015929088,21.541428571428572,21.5,17.329591836734693,0.072764,520.9770675199999,21.607475214292513
4830,2021-12-20 10:44:47.115848192,21.559285714285714,21.5,17.31,0.076043,521.0769866239999,21.60561180904121
4831,2021-12-20 10:44:47.216762880,21.536326530612243,21.5,17.511836734693876,0.069409,521.1779013119999,21.603757119520576
4832,2021-12-20 10:44:47.315927552,21.693684210526314,21.5,17.337894736842106,0.068119,521.2770659839999,21.60191208480448
4833,2021-12-20 10:44:47.462426368,21.55673469387755,21.5,17.3,0.06827,521.4235647999999,21.6000776225404
4834,2021-12-20 10:44:47.624424960,21.56285714285714,21.5,17.3,0.062217,521.5855633919999,21.598254627357143
4835,2021-12-20 10:44:47.675611648,21.582605042016805,21.5,17.415,0.081076,521.63675008,21.596443969349462
4836,2021-12-20 10:44:47.726808320,21.60235294117647,21.5,17.53,0.073138,521.6879467519999,21.594646492643946
4837,2021-12-20 10:44:47.819384832,21.561836734693877,21.5,17.34387755102041,0.076283,521.780523264,21.592863014050057
4838,2021-12-20 10:44:47.912846336,21.577142857142857,21.5,17.468285714285713,0.075377,521.8739847679999,21.591094321799947
4839,2021-12-20 10:44:48.012232192,21.47,21.5,17.52265306122449,0.081402,521.9733706239999,21.589341174380156
4840,2021-12-20 10:44:48.117180416,21.512682926829267,21.5,17.52,0.074309,522.078318848,21.58760429945793
4841,2021-12-20 10:44:48.217602304,21.57204081632653,21.5,17.52,0.071488,522.178740736,21.585884392904514
4842,2021-12-20 10:44:48.322107904,21.617435897435897,21.5,17.3725641025641,0.071782,522.283246336,21.58418211791732
4843,2021-12-20 10:44:48.475979520,21.505714285714284,21.5,17.46142857142857,0.074688,522.437117952,21.58249810424231
4844,2021-12-20 10:44:48.608507392,21.535217391304347,21.5,17.526521739130434,0.067532,522.569645824,21.580832947497644
4845,2021-12-20 10:44:48.653457920,21.619999999999997,21.5,17.52,0.07145,522.6145963519999,21.579187208599123
4846,2021-12-20 10:44:48.713697024,21.495510204081633,21.5,17.52,0.072213,522.6748354559999,21.57756141328742
4847,2021-12-20 10:44:48.810729216,21.54894736842105,21.5,17.52,0.078163,522.7718676479999,21.575956051756812
4848,2021-12-20 10:44:48.906745600,21.58458333333333,21.5,17.52,0.073322,522.8678840319999,21.574371578384635
4849,2021-12-20 10:44:49.013906688,21.515454545454546,21.5,17.52,0.066654,522.9750451199999,21.572808411560246
4850,2021-12-20 10:44:49.115555584,21.58170212765957,21.5,17.52659574468085,0.067604,523.0766940159999,21.5712669336119
4851,2021-12-20 10:44:49.218683136,21.525555555555556,21.5,17.53,0.068654,523.179821568,21.56974749082964
4852,2021-12-20 10:44:49.343607040,21.577954545454546,21.5,17.37181818181818,0.070251,523.3047454719999,21.568250393581906
4853,2021-12-20 10:44:49.505364480,21.548125,21.5,17.29,0.065995,523.4665029119999,21.56677591652317
4854,2021-12-20 10:44:49.566106368,21.595868055555556,21.5,17.311666666666667,0.072067,523.5272448,21.565324298889742
4855,2021-12-20 10:44:49.626848256,21.64361111111111,21.5,17.333333333333332,0.069934,523.587986688,21.563895744880533
4856,2021-12-20 10:44:49.721185024,21.536326530612243,21.5,17.28,0.068482,523.682323456,21.562490424119396
4857,2021-12-20 10:44:49.813811712,21.653823529411767,21.5,17.28,0.072354,523.774950144,21.561108472195368
4858,2021-12-20 10:44:49.914424832,21.510816326530612,21.5,17.402040816326533,0.068768,523.875563264,21.559749991276984
4859,2021-12-20 10:44:50.020077056,21.576249999999998,21.5,17.366,0.069817,523.981215488,21.558415050796736
4860,2021-12-20 10:44:50.119080704,21.546530612244897,21.5,17.392448979591837,0.061928,524.080219136,21.557103688201657
4861,2021-12-20 10:44:50.212240384,21.59142857142857,21.5,17.400285714285715,0.072214,524.173378816,21.55581590976575
4862,2021-12-20 10:44:50.309936640,21.66387755102041,21.5,17.27,0.076816,524.2710750719999,21.554551691460063
4863,2021-12-20 10:44:50.410368512,21.569999999999997,21.5,17.335714285714285,0.072451,524.3715069439999,21.55331097987602
4864,2021-12-20 10:44:50.557943552,21.521020408163263,21.5,17.49530612244898,0.072434,524.5190819839999,21.55209369319771
4865,2021-12-20 10:44:50.724559104,21.527142857142856,21.5,17.492571428571427,0.06491,524.6856975359999,21.55089972221866
4866,2021-12-20 10:44:50.776600576,21.52063025210084,21.5,17.496285714285712,0.080054,524.737739008,21.549728931398768
4867,2021-12-20 10:44:50.828632064,21.514117647058825,21.5,17.5,0.080296,524.789770496,21.548581159956957
4868,2021-12-20 10:44:50.920745984,21.582244897959182,21.5,17.397142857142857,0.069142,524.8818844159999,21.5474562229951
4869,2021-12-20 10:44:51.018432000,21.514871794871794,21.5,17.383076923076924,0.076743,524.979570432,21.546353912648836
4870,2021-12-20 10:44:51.122183168,21.505714285714284,21.5,17.49591836734694,0.074957,525.0833216,21.54527399926092
4871,2021-12-20 10:44:51.222655488,21.516052631578944,21.5,17.49,0.068006,525.18379392,21.54421623257273
4872,2021-12-20 10:44:51.318772480,21.566938775510202,21.5,17.49408163265306,0.081569,525.279910912,21.543180342929677
4873,2021-12-20 10:44:51.416951296,21.51285714285714,21.5,17.383428571428574,0.069019,525.378089728,21.54216604249623
4874,2021-12-20 10:44:51.566537984,21.490408163265304,21.5,17.353061224489796,0.072864,525.527676416,21.541173026476415
4875,2021-12-20 10:44:51.707887104,21.585384615384616,21.5,17.5,0.071622,525.6690255359999,21.54020097433566
4876,2021-12-20 10:44:51.756116480,21.72,21.5,17.49,0.075445,525.7172549119999,21.539249551020124
4877,2021-12-20 10:44:51.813287936,21.60265306122449,21.5,17.49,0.072845,525.7744263679999,21.538318408169555
4878,2021-12-20 10:44:51.914162432,21.537073170731706,21.5,17.49,0.071151,525.8753008639999,21.53740718532013
4879,2021-12-20 10:44:52.008197376,21.55552631578947,21.5,17.38105263157895,0.081324,525.9693358079999,21.536515511093672
4880,2021-12-20 10:44:52.123877632,21.490408163265304,21.5,17.348163265306123,0.064519,526.0850160639999,21.53564300437001
4881,2021-12-20 10:44:52.226723584,21.550882352941176,21.5,17.380000000000003,0.073672,526.1878620159999,21.534789275439348
4882,2021-12-20 10:44:52.318656256,21.582244897959182,21.5,17.330408163265307,0.074201,526.2797946879999,21.53395392713173
4883,2021-12-20 10:44:52.423534080,21.544324324324325,21.5,17.49,0.066782,526.384672512,21.53313655592093
4884,2021-12-20 10:44:52.581700608,21.48530612244898,21.5,17.49,0.07791,526.54283904,21.5323367530003
4885,2021-12-20 10:44:52.712880640,21.5325,21.5,17.49,0.070548,526.674019072,21.531554105328212
4886,2021-12-20 10:44:52.755588096,21.577142857142857,21.5,17.49,0.073349,526.716726528,21.530788196641012
4887,2021-12-20 10:44:52.816038400,21.50125,21.5,17.49,0.077545,526.777176832,21.530038608431653
4888,2021-12-20 10:44:52.909439744,21.524054054054055,21.5,17.49,0.069481,526.870578176,21.529304920892276
4889,2021-12-20 10:44:53.008604160,21.55673469387755,21.5,17.49,0.075553,526.969742592,21.52858671381922
4890,2021-12-20 10:44:53.122846208,21.50488372093023,21.5,17.49,0.068797,527.08398464,21.527883567479133
4891,2021-12-20 10:44:53.220270848,21.537073170731706,21.5,17.49,0.0798,527.18140928,21.527195063435023
4892,2021-12-20 10:44:53.322151168,21.577142857142857,21.5,17.49,0.064791,527.2832896,21.52652078533129
4893,2021-12-20 10:44:53.440879104,21.48973684210526,21.5,17.49,0.068393,527.402017536,21.525860319636966
4894,2021-12-20 10:44:53.597929216,21.521020408163263,21.5,17.49,0.077056,527.559067648,21.525213256346497
4895,2021-12-20 10:44:53.699145728,21.47,21.5,17.49,0.071893,527.66028416,21.524579189637652
4896,2021-12-20 10:44:53.736643072,21.5,21.5,17.5,0.071342,527.697781504,21.523957718486184
4897,2021-12-20 10:44:53.818768896,21.515918367346938,21.5,17.5,0.065671,527.7799073279999,21.523348447237154
4898,2021-12-20 10:44:53.915660288,21.598205128205127,21.5,17.419999999999998,0.067979,527.8767987199999,21.52275098613287
4899,2021-12-20 10:44:54.014211328,21.480416666666667,21.5,17.315,0.075214,527.9753497599999,21.522164951797546
4900,2021-12-20 10:44:54.116292864,21.487857142857145,21.5,17.49738095238095,0.065697,528.0774312959999,21.52158996767902
4901,2021-12-20 10:44:54.217398784,21.500612244897958,21.5,17.49,0.077741,528.1785372159999,21.52102566444787
4902,2021-12-20 10:44:54.321793792,21.561463414634147,21.5,17.49,0.075288,528.2829322239999,21.520471680354486
4903,2021-12-20 10:44:54.471873280,21.475102040816324,21.5,17.492244897959182,0.067101,528.4330117119998,21.519927661544827
4904,2021-12-20 10:44:54.606221824,21.54692307692308,21.5,17.5,0.078611,528.5673602559998,21.51939326233564
4905,2021-12-20 10:44:54.655416832,21.72,21.5,17.5,0.074995,528.6165552639998,21.51886814545015
4906,2021-12-20 10:44:54.715052544,21.500612244897958,21.5,17.5,0.064539,528.6761909759998,21.51835198221527
4907,2021-12-20 10:44:54.811129088,21.522631578947365,21.5,17.5,0.063691,528.7722675199998,21.517844452721665
4908,2021-12-20 10:44:54.903001600,21.516511627906976,21.5,17.5,0.070215,528.8641400319998,21.517345245948025
4909,2021-12-20 10:44:55.014708736,21.48530612244898,21.5,17.5,0.068838,528.9758471679997,21.51685405985115
4910,2021-12-20 10:44:55.119405568,21.517619047619046,21.5,17.5,0.067477,529.0805439999997,21.516370601423475
4911,2021-12-20 10:44:55.221265664,21.542916666666667,21.5,17.5,0.081606,529.1824040959997,21.515894586719863
4912,2021-12-20 10:44:55.343292928,21.50048780487805,21.5,17.5,0.067844,529.3044313599997,21.515425740855488
4913,2021-12-20 10:44:55.503300096,21.500612244897958,21.5,17.5,0.073935,529.4644385279997,21.514963797976932
4914,2021-12-20 10:44:55.597656832,21.47,21.5,17.5,0.069106,529.5587952639997,21.514508501208468
4915,2021-12-20 10:44:55.634228736,21.487241379310344,21.5,17.5,0.069131,529.5953671679997,21.514059602575692
4916,2021-12-20 10:44:55.721222912,21.541428571428572,21.5,17.5,0.077579,529.6823613439997,21.513616862908684
4917,2021-12-20 10:44:55.807251456,21.595,21.5,17.5,0.078901,529.7683898879997,21.513180051726877
4918,2021-12-20 10:44:55.905390080,21.48530612244898,21.5,17.5,0.076448,529.8665285119996,21.51274894710788
4919,2021-12-20 10:44:56.017006848,21.483513513513515,21.5,17.50972972972973,0.072212,529.9781452799996,21.512323335542547
4920,2021-12-20 10:44:56.116090880,21.48530612244898,21.5,17.51,0.07472,530.0772293119995,21.5119030117785
4921,2021-12-20 10:44:56.217588992,21.524878048780486,21.5,17.287560975609754,0.074961,530.1787274239995,21.511487778654327
4922,2021-12-20 10:44:56.354170624,21.510816326530612,21.5,17.49530612244898,0.074834,530.3153090559995,21.511077446926684
4923,2021-12-20 10:44:56.504903936,21.524054054054055,21.5,17.29594594594595,0.069069,530.4660423679995,21.51067183509248
4924,2021-12-20 10:44:56.561180160,21.521483548766156,21.5,17.278299059929495,0.067568,530.5223185919996,21.510270769208297
4925,2021-12-20 10:44:56.617446144,21.518913043478257,21.5,17.260652173913044,0.071873,530.5785845759996,21.509874082709135
4926,2021-12-20 10:44:56.718552064,21.47,21.5,17.468695652173913,0.062273,530.6796904959996,21.509481616228502
4927,2021-12-20 10:44:56.815393024,21.48923076923077,21.5,17.26,0.072221,530.7765314559996,21.509093217421785
4928,2021-12-20 10:44:56.925159168,21.47,21.5,17.457142857142856,0.07267,530.8862975999996,21.508708740794788
4929,2021-12-20 10:44:57.025470464,21.47,21.5,17.49,0.065328,530.9866088959996,21.508328047539162
4930,2021-12-20 10:44:57.120541440,21.495510204081633,21.5,17.49,0.070409,531.0816798719995,21.507951005376448
4931,2021-12-20 10:44:57.213117696,21.558235294117647,21.5,17.49,0.071801,531.1742561279996,21.507577488412196
4932,2021-12-20 10:44:57.311085568,21.515918367346938,21.5,17.49,0.071737,531.2722239999996,21.507207377001638
4933,2021-12-20 10:44:57.416234752,21.511666666666667,21.5,17.49,0.064011,531.3773731839996,21.506840557628177
4934,2021-12-20 10:44:57.569844992,21.47,21.5,17.49,0.07362,531.5309834239996,21.506476922795862
4935,2021-12-20 10:44:57.716001792,21.497777777777774,21.5,17.49,0.080177,531.6771402239996,21.50611637093688
4936,2021-12-20 10:44:57.766655232,21.49186761229314,21.5,17.49,0.065662,531.7277936639996,21.50575880633494
4937,2021-12-20 10:44:57.817308928,21.48595744680851,21.5,17.49,0.075684,531.7784473599996,21.505404139065337
4938,2021-12-20 10:44:57.919923456,21.47,21.5,17.49,0.073931,531.8810618879996,21.505052284952342
4939,2021-12-20 10:44:58.018444288,21.530975609756098,21.5,17.49,0.075241,531.9795827199996,21.50470316554437
4940,2021-12-20 10:44:58.129709056,21.480204081632653,21.5,17.49,0.072753,532.0908474879996,21.50435670810732
4941,2021-12-20 10:44:58.227425280,21.52,21.5,17.49942857142857,0.074124,532.1885637119996,21.504012845636222
4942,2021-12-20 10:44:58.319418368,21.542916666666667,21.5,17.315,0.063394,532.2805567999995,21.503671516885312
4943,2021-12-20 10:44:58.433137408,21.530975609756098,21.5,17.435609756097563,0.073187,532.3942758399995,21.503332666416448
4944,2021-12-20 10:44:58.600134912,21.47,21.5,17.49244897959184,0.072887,532.5612733439996,21.502996244665756
4945,2021-12-20 10:44:58.717314048,21.470000000000002,21.5,17.49,0.08208,532.6784524799996,21.502662208028102
4946,2021-12-20 10:44:58.751150080,21.538181818181815,21.5,17.49,0.069056,532.7122885119995,21.502330518959024
4947,2021-12-20 10:44:58.818077952,21.495510204081633,21.5,17.49,0.068362,532.7792163839995,21.502001146093594
4948,2021-12-20 10:44:58.910523648,21.47,21.5,17.49,0.078614,532.8716620799995,21.50167406438158
4949,2021-12-20 10:44:59.005856000,21.510816326530612,21.5,17.497142857142858,0.067314,532.9669944319995,21.5013492552381
4950,2021-12-20 10:44:59.114646272,21.482195121951218,21.5,17.5,0.072185,533.0757847039995,21.501026706708934
4951,2021-12-20 10:44:59.215068416,21.48063829787234,21.5,17.5,0.068816,533.1762068479995,21.500706413649436
4952,2021-12-20 10:44:59.319201792,21.508888888888887,21.5,17.5,0.064569,533.2803402239996,21.500388377916018
4953,2021-12-20 10:44:59.446801152,21.47609756097561,21.5,17.5,0.067992,533.4079395839996,21.500072608569038
4954,2021-12-20 10:44:59.619914240,21.47,21.5,17.5,0.077265,533.5810526719996,21.49975912208577
4955,2021-12-20 10:44:59.719109120,21.47,21.5,17.5,0.074108,533.6802475519996,21.499447942582105
4956,2021-12-20 10:44:59.742977280,21.522631578947365,21.5,17.5,0.075176,533.7041157119996,21.499139102041557
4957,2021-12-20 10:44:59.818454784,21.480204081632653,21.5,17.5,0.073675,533.7795932159996,21.498832640549985
4958,2021-12-20 10:44:59.918534656,21.511666666666667,21.5,17.647857142857145,0.069584,533.8796730879997,21.498528606534432
4959,2021-12-20 10:45:00.018694912,21.480204081632653,21.5,17.57510204081633,0.070636,533.9798333439996,21.498227057004467
4960,2021-12-20 10:45:00.118171392,21.48829268292683,21.5,17.506341463414635,0.075366,534.0793098239997,21.497928057794294
4961,2021-12-20 10:45:00.216792832,21.47,21.5,17.51,0.078807,534.1779312639997,21.497631683803935
4962,2021-12-20 10:45:00.320483840,21.499761904761904,21.5,17.51,0.072822,534.2816222719997,21.497338019237784
4963,2021-12-20 10:45:00.470995968,21.500612244897958,21.5,17.51,0.080347,534.4321343999997,21.497047157838765
4964,2021-12-20 10:45:00.610192384,21.559285714285714,21.5,17.51,0.071197,534.5713308159997,21.496759203116444
4965,2021-12-20 10:45:00.660101632,21.595,21.5,17.51,0.0741,534.6212400639996,21.496474268567415
4966,2021-12-20 10:45:00.715321600,21.516875,21.5,17.51,0.075095,534.6764600319996,21.496192477886343
4967,2021-12-20 10:45:00.814717696,21.48190476190476,21.5,17.51,0.075688,534.7758561279995,21.49591396516607
4968,2021-12-20 10:45:00.910331648,21.50409090909091,21.5,17.51,0.066372,534.8714700799995,21.49563887508537
4969,2021-12-20 10:45:01.017995520,21.485625,21.5,17.51,0.065322,534.9791339519995,21.49536736308292
4970,2021-12-20 10:45:01.120308480,21.481627906976744,21.5,17.51,0.077069,535.0814469119995,21.49509959551637
4971,2021-12-20 10:45:01.223938816,21.515918367346938,21.5,17.51,0.080309,535.1850772479995,21.494835749805194
4972,2021-12-20 10:45:01.340001536,21.5325,21.5,17.337500000000002,0.077748,535.3011399679995,21.494576014556365
4973,2021-12-20 10:45:01.502000128,21.480204081632653,21.5,17.397551020408162,0.072303,535.4631385599995,21.4943205896718
4974,2021-12-20 10:45:01.621995520,21.538181818181815,21.5,17.52,0.073157,535.5831339519995,21.494069686436838
4975,2021-12-20 10:45:01.652039680,21.544999999999998,21.5,17.51,0.078685,535.6131781119994,21.493823527588944
4976,2021-12-20 10:45:01.717850880,21.480204081632653,21.5,17.51,0.072694,535.6789893119994,21.493582347366093
4977,2021-12-20 10:45:01.809310976,21.492727272727272,21.5,17.475151515151516,0.07695,535.7704494079994,21.493346391534274
4978,2021-12-20 10:45:01.902883072,21.48063829787234,21.5,17.377872340425533,0.062505,535.8640215039994,21.493115917393755
4979,2021-12-20 10:45:02.018633984,21.47,21.5,17.51,0.066758,535.9797724159994,21.49289119376377
4980,2021-12-20 10:45:02.120182272,21.505714285714287,21.5,17.51,0.067746,536.0813207039994,21.49267250094544
4981,2021-12-20 10:45:02.222676224,21.495510204081633,21.5,17.51,0.074527,536.1838146559994,21.49246013066277
4982,2021-12-20 10:45:02.346735104,21.50048780487805,21.5,17.51,0.074554,536.3078735359994,21.49225438598179
4983,2021-12-20 10:45:02.506862848,21.47,21.857142857142858,17.669591836734696,0.072768,536.4680012799994,21.49205558120767
4984,2021-12-20 10:45:02.599439360,21.47,22.0,17.97,0.068948,536.5605777919994,21.491864041760024
4985,2021-12-20 10:45:02.634070016,21.487241379310344,22.0,17.984827586206894,0.077056,536.5952084479994,21.491680104026532
4986,2021-12-20 10:45:02.720651776,21.500612244897958,22.0,17.99244897959184,0.073738,536.6817902079994,21.491504115195013
4987,2021-12-20 10:45:02.813670912,21.51285714285714,22.0,17.85542857142857,0.073158,536.7748093439993,21.491336433064212
4988,2021-12-20 10:45:02.913298176,21.480204081632653,22.0,17.650000000000002,0.074925,536.8744366079993,21.49117742583352
4989,2021-12-20 10:45:03.019694592,21.48829268292683,22.0,18.03,0.076467,536.9808330239994,21.491027471871885
4990,2021-12-20 10:45:03.118336256,21.47520833333333,22.0,18.031458333333333,0.071341,537.0794746879993,21.490886959466263
4991,2021-12-20 10:45:03.217370112,21.48190476190476,22.0,18.041190476190476,0.072515,537.1785085439993,21.490756286549892
4992,2021-12-20 10:45:03.317470208,21.541428571428572,22.0,18.05081632653061,0.071261,537.2786086399993,21.490635860410737
4993,2021-12-20 10:45:03.416413440,21.456842105263156,22.0,18.060526315789474,0.073652,537.3775518719993,21.49052609738045
4994,2021-12-20 10:45:03.563505664,21.47,22.0,18.070204081632653,0.073848,537.5246440959993,21.490427422504148
4995,2021-12-20 10:45:03.712951808,21.486129032258063,22.0,18.08,0.081449,537.6740902399993,21.490340269191375
4996,2021-12-20 10:45:03.765747712,21.47806451612903,22.0,18.09,0.074425,537.7268861439993,21.490265078848616
4997,2021-12-20 10:45:03.818553600,21.47,22.0,18.1,0.076655,537.7796920319993,21.490202300493646
4998,2021-12-20 10:45:03.922184192,21.48595744680851,22.0,18.108936170212765,0.075194,537.8833226239992,21.490152390352062
4999,2021-12-20 10:45:04.009148160,21.497777777777774,22.0,18.12,0.073814,537.9702865919992,21.490115811436283
5000,2021-12-20 10:45:04.111863296,21.47,22.0,18.128979591836732,0.07476,538.0730017279992,21.49009303310723
5001,2021-12-20 10:45:04.223771648,21.483513513513515,22.0,18.138648648648648,0.077108,538.1849100799992,21.490084530618994
5002,2021-12-20 10:45:04.318289408,21.496041666666667,22.0,18.148958333333333,0.074839,538.2794278399992,21.490090784646775
5003,2021-12-20 10:45:04.419737344,21.5075,22.0,18.167,0.069585,538.3808757759992,21.49011228079823
5004,2021-12-20 10:45:04.574202368,21.47,22.0,18.17877551020408,0.064244,538.5353407999993,21.49014950910842
5005,2021-12-20 10:45:04.714304256,21.470000000000002,22.0,18.18769230769231,0.073019,538.6754426879993,21.490202963518634
5006,2021-12-20 10:45:04.761004800,21.47,22.0,18.2,0.077027,538.7221432319993,21.49027314133923
5007,2021-12-20 10:45:04.816777984,21.459795918367348,22.0,18.208367346938775,0.084239,538.7779164159994,21.49036054269662
5008,2021-12-20 10:45:04.918276096,21.48190476190476,22.0,18.21785714285714,0.076831,538.8794145279993,21.490465669964568
5009,2021-12-20 10:45:05.009102336,21.524054054054055,22.0,18.23,0.077148,538.9702407679993,21.490589027179983
5010,2021-12-20 10:45:05.116836608,21.47,22.0,18.237959183673468,0.078086,539.0779750399993,21.49073111944336
5011,2021-12-20 10:45:05.222509056,21.482499999999998,22.0,18.2485,0.067305,539.1836474879992,21.490892452304045
5012,2021-12-20 10:45:05.322025728,21.536326530612243,22.0,18.083877551020407,0.077425,539.2831641599993,21.49107353113051
5013,2021-12-20 10:45:05.433220096,21.49631578947368,22.0,18.21315789473684,0.074443,539.3943585279993,21.491274860465897
5014,2021-12-20 10:45:05.589264384,21.511666666666667,22.0,18.277083333333334,0.067228,539.5504028159993,21.491496943369082
5015,2021-12-20 10:45:05.705226240,21.469999999999995,22.0,18.280000000000005,0.081141,539.6663646719993,21.491740280741563
5016,2021-12-20 10:45:05.746616064,21.50333333333333,22.0,18.3,0.070723,539.7077544959993,21.49200537064051
5017,2021-12-20 10:45:05.817999616,21.48530612244898,22.0,18.306326530612246,0.069008,539.7791380479994,21.492292707578457
5018,2021-12-20 10:45:05.912436992,21.50472222222222,22.0,18.315,0.074933,539.8735754239993,21.492602781810167
5019,2021-12-20 10:45:06.010666240,21.515918367346938,22.0,18.32612244897959,0.073374,539.9718046719994,21.492936078607205
5020,2021-12-20 10:45:06.116921856,21.47625,22.0,18.33525,0.080395,540.0780602879994,21.493293077520903
5021,2021-12-20 10:45:06.217011712,21.505714285714284,22.0,18.34591836734694,0.073212,540.1781501439993,21.493674251634427
5022,2021-12-20 10:45:06.317815808,21.537073170731706,22.0,18.237317073170733,0.084294,540.2789542399994,21.49408006680484
5023,2021-12-20 10:45:06.451822336,21.480204081632653,22.0,18.27204081632653,0.077284,540.4129607679994,21.494510980896067
5024,2021-12-20 10:45:06.609787904,21.526249999999997,22.0,18.255000000000003,0.07936,540.5709263359994,21.494967443003784
5025,2021-12-20 10:45:06.666918912,21.525564024390242,22.0,18.326036585365856,0.07141,540.6280573439994,21.495449892673363
5026,2021-12-20 10:45:06.724059904,21.524878048780486,22.0,18.397073170731705,0.076665,540.6851983359994,21.4959587591121
5027,2021-12-20 10:45:06.824300800,21.49083333333333,22.0,18.405416666666664,0.07196,540.7854392319994,21.4964944603971
5028,2021-12-20 10:45:06.915519488,21.53818181818182,22.0,18.41787878787879,0.075848,540.8766579199994,21.497057402680205
5029,2021-12-20 10:45:07.013949696,21.480204081632653,22.0,18.42530612244898,0.078105,540.9750881279994,21.49764797939152
5030,2021-12-20 10:45:07.120195328,21.487857142857145,22.0,18.43619047619048,0.079098,541.0813337599993,21.498266570443118
5031,2021-12-20 10:45:07.221804288,21.48530612244898,22.0,18.44530612244898,0.07333,541.1829427199993,21.49891354143467
5032,2021-12-20 10:45:07.323654400,21.514117647058825,22.0,18.455882352941178,0.077396,541.2847928319993,21.49958924286273
5033,2021-12-20 10:45:07.483389952,21.47,22.0,18.465,0.067838,541.4445283839993,21.500294009335462
5034,2021-12-20 10:45:07.629365760,21.49083333333333,22.0,18.47,0.067848,541.5905041919993,21.50102815879482
5035,2021-12-20 10:45:07.675543552,21.50125,22.0,18.482619047619046,0.07712,541.6366819839993,21.50179199174797
5036,2021-12-20 10:45:07.721731072,21.511666666666667,22.0,18.495238095238093,0.076733,541.6828695039993,21.50258579050999
5037,2021-12-20 10:45:07.823239168,21.495510204081633,22.0,18.504285714285714,0.074718,541.7843775999993,21.503409818459772
5038,2021-12-20 10:45:07.919446784,21.509473684210523,22.0,18.515263157894736,0.077451,541.8805852159993,21.504264319311133
5039,2021-12-20 10:45:08.018611456,21.485625,22.0,18.523958333333333,0.072076,541.9797498879993,21.50514951640112
5040,2021-12-20 10:45:08.120552192,21.49906976744186,22.0,18.53441860465116,0.080194,542.0816906239993,21.506065611997485
5041,2021-12-20 10:45:08.222844928,21.521020408163263,22.0,18.547755102040814,0.076949,542.1839833599993,21.507012786627374
5042,2021-12-20 10:45:08.331846400,21.555714285714284,22.0,18.564857142857143,0.078656,542.2929848319993,21.507991198429124
5043,2021-12-20 10:45:08.490284544,21.505714285714284,22.0,18.573469387755104,0.074353,542.4514229759993,21.509000982529205
5044,2021-12-20 10:45:08.612301568,21.55333333333333,22.0,18.58,0.060729,542.5734399999993,21.51004225044617
5045,2021-12-20 10:45:08.651206912,21.5325,22.0,18.36,0.077032,542.6123453439993,21.51111508952353
5046,2021-12-20 10:45:08.718909440,21.490408163265304,22.0,18.441632653061223,0.082146,542.6800478719994,21.512219562393433
5047,2021-12-20 10:45:08.815106816,21.483157894736838,22.0,18.61,0.080584,542.7762452479993,21.513355706472932
5048,2021-12-20 10:45:08.912873216,21.510816326530612,22.0,18.616122448979592,0.072857,542.8740116479993,21.514523533494607
5049,2021-12-20 10:45:09.018012416,21.487857142857145,22.0,18.63190476190476,0.078974,542.9791508479993,21.51572302907328
5050,2021-12-20 10:45:09.118595328,21.48530612244898,22.0,18.643061224489795,0.081409,543.0797337599994,21.516954152310415
5051,2021-12-20 10:45:09.214038528,21.524054054054055,22.0,18.63135135135135,0.068073,543.1751769599994,21.518216835437673
5052,2021-12-20 10:45:09.342834688,21.516875,22.0,18.49291666666667,0.076369,543.3039731199993,21.519510983501043
5053,2021-12-20 10:45:09.516732416,21.50409090909091,22.0,18.67,0.077293,543.4778708479994,21.5208364740868
5054,2021-12-20 10:45:09.574487040,21.522201704545452,22.0,18.677187500000002,0.084799,543.5356254719994,21.522193157090452
5055,2021-12-20 10:45:09.632241664,21.5403125,22.0,18.684375,0.078252,543.5933800959995,21.523580854529715
5056,2021-12-20 10:45:09.721690112,21.500612244897958,22.0,18.695714285714285,0.075248,543.6828285439994,21.52499936040236
5057,2021-12-20 10:45:09.814588416,21.505714285714284,22.0,18.713714285714286,0.073791,543.7757268479994,21.526448440589682
5058,2021-12-20 10:45:09.915040512,21.495510204081633,22.0,18.722653061224488,0.077584,543.8761789439994,21.52792783280615
5059,2021-12-20 10:45:10.020431104,21.513749999999998,22.0,18.73325,0.068549,543.9815695359995,21.529437246595688
5060,2021-12-20 10:45:10.119877376,21.521020408163263,22.0,18.74265306122449,0.076842,544.0810158079995,21.530976363374858
5061,2021-12-20 10:45:10.220761856,21.517619047619046,22.0,18.753095238095238,0.076298,544.1819002879995,21.532544836523044
5062,2021-12-20 10:45:10.321153792,21.551632653061223,22.0,18.762448979591838,0.076068,544.2822922239995,21.534142291519622
5063,2021-12-20 10:45:10.418487808,21.5325,22.0,18.773333333333333,0.074122,544.3796262399995,21.535768326127883
5064,2021-12-20 10:45:10.565459456,21.510816326530612,22.0,18.782448979591837,0.080886,544.5265978879995,21.537422510625355
5065,2021-12-20 10:45:10.714342144,21.511666666666663,22.0,18.79,0.074054,544.6754805759995,21.539104388080037
5066,2021-12-20 10:45:10.767017216,21.547898550724632,22.0,18.801086956521736,0.068952,544.7281556479995,21.5408134746719
5067,2021-12-20 10:45:10.819682560,21.584130434782605,22.0,18.812173913043477,0.071,544.7808209919996,21.54254926005887
5068,2021-12-20 10:45:10.923312896,21.540652173913042,22.0,18.821521739130436,0.061386,544.8844513279996,21.544311207786336
5069,2021-12-20 10:45:11.018997504,21.55333333333333,22.0,18.832499999999996,0.07199,544.9801359359997,21.546098755739187
5070,2021-12-20 10:45:11.128290816,21.500612244897958,22.0,18.841836734693878,0.074393,545.0894292479996,21.5479113166352
5071,2021-12-20 10:45:11.229436928,21.514117647058825,22.0,18.791764705882354,0.075439,545.1905753599997,21.54974827855856
5072,2021-12-20 10:45:11.321761792,21.566938775510202,22.0,18.675918367346938,0.074889,545.2829002239997,21.55160900553208
5073,2021-12-20 10:45:11.421650688,21.52,22.0,18.88,0.072412,545.3827891199998,21.553492838126694
5074,2021-12-20 10:45:11.572132608,21.505714285714284,22.0,18.88142857142857,0.081268,545.5332710399997,21.555399094106683
5075,2021-12-20 10:45:11.708915200,21.55333333333333,22.0,18.89,0.078813,545.6700536319997,21.55732706910899
5076,2021-12-20 10:45:11.757527040,21.595,22.0,18.716666666666665,0.072861,545.7186654719998,21.55927603735495
5077,2021-12-20 10:45:11.818268928,21.58734693877551,22.0,18.681020408163267,0.073619,545.7794073599998,21.561245252392723
5078,2021-12-20 10:45:11.916397568,21.638749999999998,22.0,18.69075,0.067501,545.8775359999998,21.563233947868596
5079,2021-12-20 10:45:12.015009024,21.607755102040816,22.0,18.724489795918366,0.070424,545.9761474559998,21.565241338325432
5080,2021-12-20 10:45:12.118307584,21.579756097560974,22.0,18.94,0.071188,546.0794460159998,21.567266620026487
5081,2021-12-20 10:45:12.216929024,21.60020833333333,22.0,18.940416666666668,0.075779,546.1780674559998,21.569308971802837
5082,2021-12-20 10:45:12.318919936,21.650232558139532,22.0,18.95,0.075602,546.2800583679998,21.571367555922656
5083,2021-12-20 10:45:12.444920064,21.545581395348837,22.0,18.96046511627907,0.075337,546.4060584959998,21.573441518980665
5084,2021-12-20 10:45:12.617801984,21.526122448979592,22.0,18.97,0.06801,546.5789404159998,21.575529992806064
5085,2021-12-20 10:45:12.677407232,21.53972789115646,22.0,18.979999999999997,0.07107,546.6385456639998,21.577632095387365
5086,2021-12-20 10:45:12.737002496,21.55333333333333,22.0,18.989999999999995,0.080188,546.6981409279998,21.579746931812583
5087,2021-12-20 10:45:12.820647168,21.58458333333333,22.0,18.779166666666665,0.069703,546.7817855999998,21.58187359522319
5088,2021-12-20 10:45:12.914420736,21.66444444444444,22.0,18.990000000000002,0.070099,546.8755591679998,21.58401116778036
5089,2021-12-20 10:45:13.018252288,21.541428571428572,22.0,18.798775510204084,0.076116,546.9793907199997,21.586158721642
5090,2021-12-20 10:45:13.122959104,21.560277777777777,22.0,18.78861111111111,0.074868,547.0840975359997,21.588315319949196
5091,2021-12-20 10:45:13.218311680,21.592448979591836,22.0,18.798979591836734,0.070668,547.1794501119997,21.590480017820653
5092,2021-12-20 10:45:13.320926208,21.60690476190476,22.0,19.005714285714287,0.07944,547.2820646399997,21.592651863353762
5093,2021-12-20 10:45:13.462707712,21.56895833333333,22.0,19.04,0.074477,547.4238461439998,21.59482989863092
5094,2021-12-20 10:45:13.605555456,21.651818181818182,22.0,18.886666666666667,0.070796,547.5666938879998,21.59701316072987
5095,2021-12-20 10:45:13.660685056,21.63999072356215,22.0,18.862312925170066,0.074286,547.6218234879998,21.599200682736807
5096,2021-12-20 10:45:13.715814400,21.62816326530612,22.0,18.83795918367347,0.070208,547.6769528319998,21.601391494761
5097,2021-12-20 10:45:13.818931968,21.603720930232555,22.0,19.024186046511627,0.072322,547.7800703999998,21.603584624949782
5098,2021-12-20 10:45:13.915239936,21.598048780487805,22.0,18.866829268292683,0.078392,547.8763783679998,21.605779100502854
5099,2021-12-20 10:45:14.024774656,21.574166666666667,22.0,19.035,0.071569,547.9859130879998,21.607973948684823
5100,2021-12-20 10:45:14.124914944,21.654210526315786,22.0,18.87815789473684,0.065199,548.0860533759999,21.610168197834906
5101,2021-12-20 10:45:14.222269184,21.582244897959182,22.0,18.867142857142856,0.068964,548.1834076159998,21.6123608783728
5102,2021-12-20 10:45:14.340162304,21.616341463414635,22.0,18.878048780487806,0.064723,548.3013007359998,21.614551023799777
5103,2021-12-20 10:45:14.505088000,21.582244897959182,22.0,19.041632653061225,0.072984,548.4662264319998,21.616737671694093
5104,2021-12-20 10:45:14.614330880,21.57,22.0,19.12,0.069102,548.5754693119998,21.61891986469977
5105,2021-12-20 10:45:14.647483136,21.641875,22.0,18.9,0.069473,548.6086215679998,21.621096651507816
5106,2021-12-20 10:45:14.718917120,21.623061224489796,22.0,18.906326530612244,0.077443,548.6800555519998,21.62326708782907
5107,2021-12-20 10:45:14.807681280,21.6575,22.0,18.914375,0.074953,548.7688197119998,21.625430237357726
5108,2021-12-20 10:45:14.904291072,21.62816326530612,22.0,18.92,0.071033,548.8654295039997,21.627585172724668
5109,2021-12-20 10:45:15.015435264,21.636666666666663,22.0,19.05461538461539,0.071847,548.9765736959997,21.629730976439724
5110,2021-12-20 10:45:15.116762368,21.64857142857143,22.0,19.02918367346939,0.080737,549.0779007999997,21.63186674182197
5111,2021-12-20 10:45:15.218260480,21.696190476190477,22.0,18.945476190476192,0.06931,549.1793989119997,21.633991573917182
5112,2021-12-20 10:45:15.336586240,21.618648648648648,22.0,18.95,0.067502,549.2977246719996,21.63610459040159
5113,2021-12-20 10:45:15.510021120,21.577142857142857,22.0,19.09204081632653,0.066488,549.4711595519996,21.63820492247103
5114,2021-12-20 10:45:15.620913664,21.72,22.0,19.19,0.068065,549.5820520959995,21.640291715714632
5115,2021-12-20 10:45:15.647900160,21.516875,22.0,18.97,0.072626,549.6090385919995,21.64236413097221
5116,2021-12-20 10:45:15.721104384,21.59755102040816,22.0,18.975510204081633,0.068981,549.6822428159995,21.644421345174404
5117,2021-12-20 10:45:15.813218048,21.65939393939394,22.0,18.983333333333334,0.065812,549.7743564799995,21.646462552164657
5118,2021-12-20 10:45:15.912835328,21.6575,22.0,19.12,0.072045,549.8739737599994,21.648486963502133
5119,2021-12-20 10:45:16.024824320,21.588421052631578,22.0,19.23,0.061908,549.9859627519994,21.65049380924451
5120,2021-12-20 10:45:16.120538880,21.661860465116277,22.0,19.23581395348837,0.073829,550.0816773119994,21.652482338709703
5121,2021-12-20 10:45:16.224672256,21.66387755102041,22.0,19.245102040816327,0.069387,550.1858106879995,21.65445182121546
5122,2021-12-20 10:45:16.345341440,21.671388888888888,22.0,19.09722222222222,0.061923,550.3064798719995,21.656401546795795
5123,2021-12-20 10:45:16.506475264,21.653673469387755,22.0,19.147551020408162,0.059154,550.4676136959995,21.658330826893167
5124,2021-12-20 10:45:16.612620288,21.72,22.0,19.27,0.07523,550.5737587199995,21.66023899502532
5125,2021-12-20 10:45:16.645189120,21.6325,22.0,19.06,0.066949,550.6063275519996,21.66212540742571
5126,2021-12-20 10:45:16.722145024,21.607755102040816,22.0,19.162857142857142,0.068124,550.6832834559996,21.6639894436564
5127,2021-12-20 10:45:16.821721856,21.659024390243903,22.0,19.199024390243903,0.076129,550.7828602879996,21.665830507192425
5128,2021-12-20 10:45:16.922546176,21.65877551020408,22.0,19.073673469387757,0.066065,550.8836846079996,21.66764802597653
5129,2021-12-20 10:45:17.022797056,21.7075,22.0,19.08375,0.071103,550.9839354879996,21.669441452943357
5130,2021-12-20 10:45:17.119879680,21.699166666666667,22.0,19.16,0.067699,551.0810181119996,21.671210266512013
5131,2021-12-20 10:45:17.206813440,21.719999999999995,22.0,19.322333333333333,0.067432,551.1679518719995,21.6729539710461
5132,2021-12-20 10:45:17.338365696,21.65877551020408,22.0,19.166326530612245,0.066262,551.2995041279995,21.674672097280357
5133,2021-12-20 10:45:17.522874880,21.666428571428572,22.0,19.31714285714286,0.069298,551.4840133119995,21.67636420271306
5134,2021-12-20 10:45:17.579895296,21.675972906403942,22.0,19.273226600985222,0.072981,551.5410337279995,21.67802987196343
5135,2021-12-20 10:45:17.636915712,21.68551724137931,22.0,19.229310344827585,0.064837,551.5980541439995,21.679668717093378
5136,2021-12-20 10:45:17.721958400,21.64708333333333,22.0,19.37,0.074856,551.6830968319996,21.681280377892957
5137,2021-12-20 10:45:17.813679872,21.72,22.0,19.300857142857144,0.067879,551.7748183039996,21.682864522129062
5138,2021-12-20 10:45:17.914825984,21.66387755102041,22.0,19.152244897959182,0.057118,551.8759644159996,21.684420845756847
5139,2021-12-20 10:45:18.022047232,21.701249999999998,22.0,19.16275,0.07379,551.9831856639996,21.685949073093546
5140,2021-12-20 10:45:18.121010688,21.67408163265306,22.0,19.17,0.068697,552.0821491199996,21.687448956954444
5141,2021-12-20 10:45:18.215347456,21.705714285714283,22.0,19.17257142857143,0.068247,552.1764858879995,21.68892027875082
5142,2021-12-20 10:45:18.356998144,21.714791666666667,22.0,19.18,0.071415,552.3181365759996,21.690362848549828
5143,2021-12-20 10:45:18.516623104,21.705714285714283,22.0,19.18,0.060182,552.4777615359995,21.691776505096264
5144,2021-12-20 10:45:18.571058688,21.71285714285714,22.0,19.185875000000003,0.066664,552.5321971199995,21.693161115796375
5145,2021-12-20 10:45:18.625494016,21.72,22.0,19.191750000000003,0.070109,552.5866324479995,21.694516576663972
5146,2021-12-20 10:45:18.724769280,21.68938775510204,22.0,19.2,0.071723,552.6859077119994,21.695842812229202
5147,2021-12-20 10:45:18.813020672,21.702142857142857,22.0,19.235714285714288,0.070263,552.7741591039994,21.697139775410424
5148,2021-12-20 10:45:18.912909568,21.699166666666667,22.0,19.435624999999998,0.072673,552.8740479999994,21.698407447349705
5149,2021-12-20 10:45:19.023118080,21.73973684210526,22.0,19.22078947368421,0.067514,552.9842565119994,21.699645837212664
5150,2021-12-20 10:45:19.120452096,21.709795918367348,22.0,19.23,0.074517,553.0815905279994,21.700854981953437
5151,2021-12-20 10:45:19.217474304,21.70076923076923,22.0,19.23076923076923,0.071891,553.1786127359994,21.702034946045632
5152,2021-12-20 10:45:19.316578560,21.709795918367348,22.0,19.24,0.069481,553.2777169919995,21.70318582118018
5153,2021-12-20 10:45:19.406067200,21.68551724137931,22.0,19.240344827586203,0.066106,553.3672056319995,21.704307725931148
5154,2021-12-20 10:45:19.501158144,21.70958333333333,22.0,19.250416666666666,0.06775,553.4622965759995,21.705400805390635
5155,2021-12-20 10:45:19.622159360,21.708372093023254,22.0,19.26,0.071018,553.5832977919995,21.70646523077394
5156,2021-12-20 10:45:19.723275264,21.70809523809524,22.0,19.26047619047619,0.072088,553.6844136959995,21.707501198996194
5157,2021-12-20 10:45:19.823787776,21.709795918367348,22.0,19.27,0.062895,553.7849262079995,21.70850893222179
5158,2021-12-20 10:45:19.918597120,21.70611111111111,22.0,19.270555555555557,0.073858,553.8797355519996,21.709488677387903
5159,2021-12-20 10:45:20.020346624,21.684285714285714,22.0,19.28,0.072722,553.9814850559997,21.71044070570343
5160,2021-12-20 10:45:20.122981376,21.669999999999998,22.0,19.28,0.071286,554.0841198079996,21.71136531212467
5161,2021-12-20 10:45:20.221924864,21.668979591836734,22.0,19.52,0.070374,554.1830632959997,21.712262814809105
5162,2021-12-20 10:45:20.332193792,21.72,22.0,19.53,0.070475,554.2933322239996,21.713133554548673
5163,2021-12-20 10:45:20.495590656,21.69448979591837,22.0,19.31,0.067156,554.4567290879996,21.713977894183813
5164,2021-12-20 10:45:20.620232704,21.72,22.0,19.32,0.067904,554.5813711359997,21.71479621799967
5165,2021-12-20 10:45:20.656764416,21.81375,22.0,19.32,0.068007,554.6179028479997,21.715588931105703
5166,2021-12-20 10:45:20.718924800,21.72,22.0,19.33,0.066056,554.6800632319997,21.71635645879998
5167,2021-12-20 10:45:20.813200896,21.713243243243245,22.0,19.33,0.070415,554.7743393279998,21.717099245919425
5168,2021-12-20 10:45:20.910062336,21.709795918367348,22.0,19.339795918367347,0.068178,554.8712007679998,21.71781775617724
5169,2021-12-20 10:45:21.017555200,21.702142857142857,22.0,19.34,0.066692,554.9786936319998,21.718512471488697
5170,2021-12-20 10:45:21.118429696,21.67833333333333,22.0,19.35,0.070324,555.0795681279998,21.719183891286512
5171,2021-12-20 10:45:21.221034240,21.697272727272725,22.0,19.125227272727273,0.06755,555.1821726719998,21.719832531826864
5172,2021-12-20 10:45:21.348291584,21.72,22.0,19.36,0.069958,555.3094300159997,21.720458925487232
5173,2021-12-20 10:45:21.514092288,21.70936170212766,22.0,19.36,0.073779,555.4752307199998,21.72106362005715
5174,2021-12-20 10:45:21.572923392,21.70686835106383,22.0,19.365000000000002,0.069361,555.5340618239998,21.721647178022806
5175,2021-12-20 10:45:21.631754240,21.704375,22.0,19.37,0.063316,555.5928926719997,21.722210175846456
5176,2021-12-20 10:45:21.722540288,21.699591836734694,22.0,19.379591836734694,0.068887,555.6836787199998,21.72275320324157
5177,2021-12-20 10:45:21.817450240,21.733888888888888,22.0,19.38,0.067382,555.7785886719997,21.723276862444564
5178,2021-12-20 10:45:21.916655104,21.70958333333333,22.0,19.389583333333334,0.062423,555.8777935359997,21.723781767483896
5179,2021-12-20 10:45:22.020687872,21.72,22.0,19.398780487804874,0.066869,555.9818263039997,21.72426854344732
5180,2021-12-20 10:45:22.121129984,21.699591836734694,22.0,19.4,0.058904,556.0822684159997,21.724737825748008
5181,2021-12-20 10:45:22.216874752,21.72,22.0,19.40783783783784,0.072108,556.1780131839997,21.725190259390217
5182,2021-12-20 10:45:22.315627008,21.725102040816324,22.0,19.41,0.065052,556.2767654399997,21.725626498235144
5183,2021-12-20 10:45:22.424367104,21.72,22.0,19.41809523809524,0.06042,556.3855055359998,21.72604720426762
5184,2021-12-20 10:45:22.572505600,21.72,22.0,19.42,0.069008,556.5336440319998,21.726453046864304
5185,2021-12-20 10:45:22.710002176,21.74586206896552,22.0,19.426206896551726,0.057518,556.6711406079997,21.726844702064017
5186,2021-12-20 10:45:22.761118464,21.97,22.0,19.44,0.060548,556.7222568959997,21.72722285184082
5187,2021-12-20 10:45:22.817998080,21.714897959183673,22.0,19.44,0.066648,556.7791365119997,21.727588183380547
5188,2021-12-20 10:45:22.918389760,21.72,22.0,19.447317073170733,0.064431,556.8795281919997,21.727941388361508
5189,2021-12-20 10:45:23.013772544,21.72,22.0,19.45,0.065385,556.9749109759997,21.728283162240206
5190,2021-12-20 10:45:23.123769856,21.72,22.0,19.457708333333333,0.071522,557.0849082879997,21.728614203542772
5191,2021-12-20 10:45:23.224332544,21.732499999999998,22.0,19.46,0.071819,557.1854709759997,21.728935213162984
5192,2021-12-20 10:45:23.323537408,21.709795918367348,22.0,19.467142857142857,0.069208,557.2846758399996,21.729246893667817
5193,2021-12-20 10:45:23.451589376,21.72,22.0,19.478139534883724,0.064302,557.4127278079997,21.729549948611375
5194,2021-12-20 10:45:23.626915328,21.72,22.0,19.48,0.058722,557.5880537599996,21.729845081858194
5195,2021-12-20 10:45:23.728262656,21.72,22.0,19.48,0.069172,557.6894010879996,21.730132996916815
5196,2021-12-20 10:45:23.749606400,21.75333333333333,22.0,19.49,0.067369,557.7107448319996,21.730414396284598
5197,2021-12-20 10:45:23.820989952,21.70469387755102,22.0,19.636938775510206,0.070507,557.7821283839996,21.730689980804716
5198,2021-12-20 10:45:23.920707840,21.72,22.0,19.606585365853658,0.065528,557.8818462719996,21.730960449036168
5199,2021-12-20 10:45:24.019942912,21.72,22.0,19.50591836734694,0.066295,557.9810813439997,21.731226496637767
5200,2021-12-20 10:45:24.121289984,21.73190476190476,22.0,19.515238095238097,0.069145,558.0824284159996,21.73148881576696
5201,2021-12-20 10:45:24.221319680,21.72,22.0,19.52591836734694,0.064798,558.1824581119996,21.731748094494293
5202,2021-12-20 10:45:24.318754304,21.766052631578944,22.0,19.53,0.065892,558.2798927359996,21.73200501623431
5203,2021-12-20 10:45:24.459479808,21.72,22.0,19.53530612244898,0.065173,558.4206182399996,21.73226025919362
5204,2021-12-20 10:45:24.617817344,21.74083333333333,22.0,19.54,0.061778,558.5789557759996,21.732514495836835
5205,2021-12-20 10:45:24.672373504,21.739791666666665,22.0,19.545,0.069117,558.6335119359995,21.73276839237106
5206,2021-12-20 10:45:24.726929408,21.73875,22.0,19.55,0.067917,558.6880678399996,21.733022608249474
5207,2021-12-20 10:45:24.827180544,21.72,22.0,19.554489795918368,0.070277,558.7883189759996,21.7332777956946
5208,2021-12-20 10:45:24.918881792,21.7434375,22.0,19.566875,0.074715,558.8800202239996,21.73353459924173
5209,2021-12-20 10:45:25.016658432,21.70958333333333,22.0,19.57,0.062993,558.9777968639996,21.733793655302893
5210,2021-12-20 10:45:25.122481664,21.72,22.0,19.574634146341463,0.075852,559.0836200959997,21.734055591751797
5211,2021-12-20 10:45:25.223094528,21.725102040816324,22.0,19.58,0.068774,559.1842329599997,21.73432102752997
5212,2021-12-20 10:45:25.327932160,21.74083333333333,22.0,19.585277777777776,0.058598,559.2890705919997,21.73459057227436
5213,2021-12-20 10:45:25.508739840,21.72,22.0,19.59,0.066569,559.4698782719997,21.734864825966532
5214,2021-12-20 10:45:25.673192704,21.72,22.0,19.59,0.065659,559.6343311359998,21.735144378603405
5215,2021-12-20 10:45:25.709583616,21.72,22.0,19.59825,0.054395,559.6707220479998,21.73542980988956
5216,2021-12-20 10:45:25.745984512,21.72,22.0,19.6065,0.06804,559.7071229439998,21.735721688951028
5217,2021-12-20 10:45:25.822196224,21.725102040816324,22.0,19.673673469387754,0.057696,559.7833346559999,21.73602057407032
5218,2021-12-20 10:45:25.921642496,21.737857142857145,22.0,19.789761904761907,0.056592,559.8827809279999,21.736327012442423
5219,2021-12-20 10:45:26.020505344,21.72,22.0,19.622244897959185,0.065219,559.9816437759998,21.736641539951318
5220,2021-12-20 10:45:26.121792256,21.737045454545452,22.0,19.632499999999997,0.064258,560.0829306879998,21.73696468096663
5221,2021-12-20 10:45:26.222566144,21.72,22.0,19.64,0.067439,560.1837045759999,21.73729694815985
5222,2021-12-20 10:45:26.318471936,21.77128205128205,22.0,19.6425641025641,0.069538,560.2796103679999,21.737638842339592
5223,2021-12-20 10:45:26.417566208,21.730204081632653,22.0,19.612448979591836,0.065363,560.3787046399999,21.737990852305096
5224,2021-12-20 10:45:26.519959296,21.72,22.0,19.46923076923077,0.05722,560.4810977279999,21.73835345471738
5225,2021-12-20 10:45:26.666609152,21.72,22.0,19.66,0.071935,560.6277475839998,21.738727113987192
5226,2021-12-20 10:45:26.816598272,21.766875,22.0,19.66,0.061791,560.7777367039998,21.739112282178997
5227,2021-12-20 10:45:26.869283584,21.757642045454546,22.0,19.56909090909091,0.060453,560.8304220159998,21.739509398930206
5228,2021-12-20 10:45:26.921958912,21.74840909090909,22.0,19.47818181818182,0.054393,560.8830973439998,21.739918891384693
5229,2021-12-20 10:45:27.024573440,21.72520833333333,22.0,19.68,0.071321,560.9857118719998,21.74034117413975
5230,2021-12-20 10:45:27.119523584,21.78081081081081,22.0,19.68,0.059755,561.0806620159998,21.740776649205657
5231,2021-12-20 10:45:27.221122304,21.72,22.0,19.681020408163267,0.066005,561.1822607359998,21.74122570597693
5232,2021-12-20 10:45:27.325386496,21.737441860465115,22.0,19.690697674418605,0.06615,561.2865249279997,21.741688721214405
5233,2021-12-20 10:45:27.425627392,21.75645833333333,22.0,19.7,0.063953,561.3867658239997,21.74216605903722
5234,2021-12-20 10:45:27.530555392,21.742727272727272,22.0,19.7,0.057982,561.4916938239996,21.7426580709239
5235,2021-12-20 10:45:27.690793984,21.72,22.0,19.709795918367348,0.061961,561.6519324159997,21.743165095721668
5236,2021-12-20 10:45:27.821360640,21.764117647058825,22.0,19.71,0.067964,561.7824990719997,21.74368745966326
5237,2021-12-20 10:45:27.859632384,21.827142857142857,22.0,19.72,0.066209,561.8207708159997,21.74422547639036
5238,2021-12-20 10:45:27.921480704,21.730204081632653,22.0,19.72,0.063568,561.8826191359997,21.744779446983024
5239,2021-12-20 10:45:28.015344640,21.733888888888888,22.0,19.72972222222222,0.065111,561.9764830719997,21.74534965999438
5240,2021-12-20 10:45:28.105356288,21.72,22.0,19.5,0.06178,562.0664947199997,21.745936391489874
5241,2021-12-20 10:45:28.219366912,21.750612244897958,22.0,19.72530612244898,0.068281,562.1805053439997,21.746539905090536
5242,2021-12-20 10:45:28.320321792,21.7590625,22.0,19.74,0.063257,562.2814602239997,21.747160452019656
5243,2021-12-20 10:45:28.427050240,21.745510204081633,22.0,19.528775510204085,0.062116,562.3881886719997,21.74779827115237
5244,2021-12-20 10:45:28.531817472,21.742058823529412,22.0,19.72176470588235,0.070167,562.4929559039997,21.748453589067644
5245,2021-12-20 10:45:28.621999872,21.72,22.0,19.75,0.066722,562.5831383039997,21.74912662010224
5246,2021-12-20 10:45:28.712836352,21.77,22.0,19.758285714285716,0.068015,562.6739747839997,21.74981756640622
5247,2021-12-20 10:45:28.810642944,21.760816326530612,22.0,19.76877551020408,0.058906,562.7717813759997,21.750526617999707
5248,2021-12-20 10:45:28.909777408,21.72735294117647,22.0,19.77,0.054073,562.8709158399997,21.751253952830464
5249,2021-12-20 10:45:29.007383040,21.801632653061223,22.0,19.778571428571432,0.066398,562.9685214719997,21.751999736832133
5250,2021-12-20 10:45:29.113276672,21.809743589743587,22.0,19.583076923076923,0.063303,563.0744151039996,21.752764123982825
5251,2021-12-20 10:45:29.211314688,21.75048780487805,22.0,19.79,0.075704,563.1724531199997,21.75354725636395
5252,2021-12-20 10:45:29.328996608,21.760816326530612,22.0,19.58918367346939,0.060906,563.2901350399997,21.7543492642191
5253,2021-12-20 10:45:29.430575360,21.72,22.0,19.776285714285713,0.065744,563.3917137919997,21.755170266012865
5254,2021-12-20 10:45:29.524157696,21.760816326530612,22.0,19.79,0.065072,563.4852961279997,21.756010368489562
5255,2021-12-20 10:45:29.631730944,21.74083333333333,22.0,19.7975,0.065969,563.5928693759997,21.756869666731852
5256,2021-12-20 10:45:29.791215104,21.72,22.0,19.807959183673468,0.06886,563.7523535359998,21.75774824421925
5257,2021-12-20 10:45:29.917406208,21.764117647058825,22.0,19.81,0.061591,563.8785446399997,21.758646172886532
5258,2021-12-20 10:45:29.955808768,21.845,22.0,19.82,0.064291,563.9169471999998,21.75956351318209
5259,2021-12-20 10:45:30.019397376,21.745510204081633,22.0,19.82,0.065935,563.9805358079998,21.760500314126304
5260,2021-12-20 10:45:30.113080064,21.755714285714284,22.0,19.668857142857142,0.065706,564.0742184959997,21.761456613369976
5261,2021-12-20 10:45:30.206139392,21.774347826086956,22.0,19.772608695652174,0.063325,564.1672778239997,21.76243243725289
5262,2021-12-20 10:45:30.318862592,21.747173913043476,22.0,19.836521739130436,0.062984,564.2800010239997,21.763427800862566
5263,2021-12-20 10:45:30.414798592,21.756764705882354,22.0,19.84,0.060659,564.3759370239998,21.764442708093306
5264,2021-12-20 10:45:30.517403136,21.750612244897958,22.0,19.846122448979592,0.064573,564.4785415679997,21.76547715170557
5265,2021-12-20 10:45:30.638021888,21.74027027027027,22.0,19.668378378378378,0.075048,564.5991603199998,21.766531113385632
5266,2021-12-20 10:45:30.809857792,21.730204081632653,22.0,19.763061224489796,0.059747,564.7709962239998,21.7676045638056
5267,2021-12-20 10:45:30.939619584,21.769999999999996,22.0,19.86,0.068191,564.9007580159997,21.768697462683768
5268,2021-12-20 10:45:30.979721984,21.760957446808508,22.0,19.862659574468083,0.069225,564.9408604159997,21.769809758845145
5269,2021-12-20 10:45:31.019814400,21.75191489361702,22.0,19.86531914893617,0.062758,564.9809528319997,21.77094139028214
5270,2021-12-20 10:45:31.123434752,21.77,22.0,19.874222222222222,0.064766,565.0845731839997,21.7720922842152
5271,2021-12-20 10:45:31.210288128,21.786666666666665,22.0,19.88,0.066331,565.1714265599998,21.773262357153268
5272,2021-12-20 10:45:31.311856640,21.811836734693877,22.0,19.884285714285713,0.057917,565.2729950719997,21.774451514953704
5273,2021-12-20 10:45:31.414963968,21.78818181818182,22.0,19.89,0.069967,565.3761023999997,21.77565965288151
5274,2021-12-20 10:45:31.514339840,21.760816326530612,22.0,19.893877551020406,0.069545,565.4754782719997,21.77688665566748
5275,2021-12-20 10:45:31.614067712,21.766875,22.0,19.9,0.066713,565.5752061439997,21.778132397564917
5276,2021-12-20 10:45:31.756654080,21.72,22.0,19.903061224489797,0.070596,565.7177925119997,21.779396742404597
5277,2021-12-20 10:45:31.917174272,21.756764705882354,22.0,19.91,0.074436,565.8783127039998,21.780679543647487
5278,2021-12-20 10:45:31.971287808,21.7536262553802,22.0,19.916463414634144,0.071417,565.9324262399998,21.781980644434878
5279,2021-12-20 10:45:32.025401344,21.75048780487805,22.0,19.92292682926829,0.066263,565.9865397759999,21.783299877635365
5280,2021-12-20 10:45:32.125280000,21.771020408163263,22.0,19.93,0.064071,566.0864184319998,21.78463706588824
5281,2021-12-20 10:45:32.217725696,21.756764705882354,22.0,19.932058823529413,0.066462,566.1788641279999,21.785992021642805
5282,2021-12-20 10:45:32.316538368,21.857755102040816,22.0,19.94,0.061426,566.2776767999999,21.787364547193082
5283,2021-12-20 10:45:32.416055040,21.7825,22.0,19.941111111111113,0.060668,566.3771934719999,21.788754434707396
5284,2021-12-20 10:45:32.515762688,21.796530612244897,22.0,19.93122448979592,0.072251,566.47690112,21.790161466252318
5285,2021-12-20 10:45:32.621394944,21.824166666666667,22.0,19.746666666666666,0.057461,566.582533376,21.791585413810566
5286,2021-12-20 10:45:32.777459200,21.73530612244898,22.0,19.96,0.061938,566.738597632,21.793026039292428
5287,2021-12-20 10:45:32.920588544,21.82,22.0,19.96,0.05885,566.8817269760001,21.794483094540375
5288,2021-12-20 10:45:32.969874176,21.79083333333333,22.0,19.965104166666666,0.072543,566.9310126080001,21.795956321326557
5289,2021-12-20 10:45:33.019159808,21.761666666666667,22.0,19.970208333333332,0.065661,566.98029824,21.797445451343044
5290,2021-12-20 10:45:33.121271552,21.788181818181815,22.0,19.98,0.060541,567.082409984,21.79895020618474
5291,2021-12-20 10:45:33.214129408,21.85157894736842,22.0,19.98,0.059477,567.1752678400001,21.80047029732503
5292,2021-12-20 10:45:33.320254464,21.842448979591836,22.0,19.75,0.061309,567.281392896,21.802005426084268
5293,2021-12-20 10:45:33.419026688,21.874411764705883,22.0,19.99,0.061742,567.38016512,21.80355528359154
5294,2021-12-20 10:45:33.518553600,21.86285714285714,22.0,19.76938775510204,0.061196,567.479692032,21.805119550740073
5295,2021-12-20 10:45:33.616943616,21.892413793103447,22.0,19.76,0.067661,567.578082048,21.806697898137028
5296,2021-12-20 10:45:33.766007296,21.771020408163263,22.0,19.975510204081633,0.066827,567.7271457280001,21.80828998604846
5297,2021-12-20 10:45:33.920009728,21.818214285714284,22.0,20.0,0.057824,567.8811481600001,21.809895464340535
5298,2021-12-20 10:45:33.971779840,21.835773809523808,22.0,20.005000000000003,0.060994,567.932918272,21.811513972418194
5299,2021-12-20 10:45:34.023559936,21.85333333333333,22.0,20.01,0.06062,567.9846983680001,21.813145139162692
5300,2021-12-20 10:45:34.127180288,21.874255319148933,22.0,20.017659574468087,0.063717,568.0883187200001,21.81478858286959
5301,2021-12-20 10:45:34.219545600,21.819999999999997,22.0,19.79,0.065318,568.180684032,21.816443911189015
5302,2021-12-20 10:45:34.319695872,21.857755102040816,22.0,19.79,0.066923,568.280834304,21.818110721070177
5303,2021-12-20 10:45:34.422672640,21.857499999999998,22.0,19.982,0.064967,568.383811072,21.81978859871217
5304,2021-12-20 10:45:34.524009728,21.791428571428572,22.0,20.03,0.063622,568.48514816,21.82147711952327
5305,2021-12-20 10:45:34.639227392,21.758461538461535,22.0,20.03717948717949,0.061907,568.600365824,21.823175848091108
5306,2021-12-20 10:45:34.808296960,21.735625,22.0,20.04,0.056837,568.7694353920001,21.824884338166108
5307,2021-12-20 10:45:34.935242752,21.829375,22.0,20.04,0.067288,568.8963811840001,21.82660213266071
5308,2021-12-20 10:45:34.964995072,21.97,22.0,20.05,0.065769,568.9261335040001,21.828328763666892
5309,2021-12-20 10:45:35.020496640,21.84755102040816,22.0,20.05530612244898,0.055681,568.981635072,21.83006375249457
5310,2021-12-20 10:45:35.121491968,21.83904761904762,22.0,20.064285714285713,0.061187,569.0826304,21.831806609733395
5311,2021-12-20 10:45:35.216331520,21.850952380952382,22.0,20.07,0.06391,569.177469952,21.833556835340456
5312,2021-12-20 10:45:35.324638976,21.902291666666667,22.0,19.969375,0.065703,569.2857774080001,21.835313918756384
5313,2021-12-20 10:45:35.425533696,21.8825,22.0,19.966,0.066766,569.3866721280001,21.837077339052236
5314,2021-12-20 10:45:35.525673984,21.857755102040816,22.0,19.98612244897959,0.06253,569.4868124160001,21.838846565109527
5315,2021-12-20 10:45:35.643848704,21.758461538461535,22.0,19.973076923076924,0.064172,569.6049871360001,21.840621055835555
5316,2021-12-20 10:45:35.806430976,21.776122448979592,22.0,20.09,0.060502,569.7675694080001,21.84240026041608
5317,2021-12-20 10:45:35.914145024,21.72,22.0,20.09,0.059685,569.8752834560001,21.844183618607193
5318,2021-12-20 10:45:35.948051456,21.761666666666667,22.0,19.886666666666667,0.056626,569.9091898880001,21.845970561067947
5319,2021-12-20 10:45:36.023166720,21.760816326530612,22.0,19.941632653061223,0.055093,569.9843051520002,21.847760509735192
5320,2021-12-20 10:45:36.124172032,21.821190476190477,22.0,20.018571428571427,0.065453,570.0853104640001,21.849552878241653
5321,2021-12-20 10:45:36.224020736,21.83734693877551,22.0,19.948367346938777,0.062434,570.1851591680002,21.851347072377965
5322,2021-12-20 10:45:36.324201216,21.850952380952382,22.0,20.02238095238095,0.067967,570.2853396480001,21.853142490599076
5323,2021-12-20 10:45:36.424230912,21.801632653061223,22.0,19.94857142857143,0.063907,570.3853693440001,21.854938524575072
5324,2021-12-20 10:45:36.525688576,21.807499999999997,22.0,20.042,0.05781,570.4868270080001,21.856734559786116
5325,2021-12-20 10:45:36.675838720,21.781224489795918,22.0,19.941224489795918,0.059076,570.6369771520001,21.858529976160792
5326,2021-12-20 10:45:36.822981376,21.894999999999996,22.0,20.13,0.05185,570.7841198080001,21.86032414875688
5327,2021-12-20 10:45:36.873645056,21.874360465116276,22.0,20.097906976744184,0.061592,570.8347834880001,21.862116448483196
5328,2021-12-20 10:45:36.924308480,21.853720930232555,22.0,20.06581395348837,0.060861,570.8854469120001,21.863906242860836
5329,2021-12-20 10:45:37.027929088,21.86795918367347,22.0,19.948979591836736,0.05865,570.9890675200002,21.865692896821816
5330,2021-12-20 10:45:37.122798592,21.82294117647059,22.0,20.14,0.060522,571.0839370240002,21.86747577354287
5331,2021-12-20 10:45:37.225403392,21.801632653061223,22.0,20.097755102040818,0.06366,571.1865418240002,21.86925423531178
5332,2021-12-20 10:45:37.328490496,21.884473684210523,22.0,19.96921052631579,0.07175,571.2896289280002,21.871027644423425
5333,2021-12-20 10:45:37.425231104,21.88326530612245,22.0,20.16,0.061362,571.3863695360002,21.87279536410257
5334,2021-12-20 10:45:37.527674880,21.884285714285713,22.0,20.098285714285716,0.060242,571.4888133120002,21.874556759449998
5335,2021-12-20 10:45:37.686052608,21.791428571428572,22.0,19.96591836734694,0.05901,571.6471910400002,21.87631119840862
5336,2021-12-20 10:45:37.824917248,21.924545454545452,22.0,20.17,0.060096,571.7860556800001,21.878058052745835
5337,2021-12-20 10:45:37.872100608,21.875844155844156,22.0,20.069081632653063,0.065385,571.8332390400001,21.879796699048548
5338,2021-12-20 10:45:37.919273984,21.827142857142857,22.0,19.968163265306124,0.061066,571.8804124160001,21.881526519726833
5339,2021-12-20 10:45:38.021375488,21.935116279069767,22.0,20.17,0.057664,571.9825139200001,21.883246904022386
5340,2021-12-20 10:45:38.116879104,21.910476190476192,22.0,20.17142857142857,0.063875,572.0780175360001,21.884957249017734
5341,2021-12-20 10:45:38.225387776,21.93938775510204,22.0,20.151836734693877,0.064572,572.186526208,21.88665696064224
5342,2021-12-20 10:45:38.322822400,21.985151515151514,22.0,19.95,0.053664,572.283960832,21.88834545467089
5343,2021-12-20 10:45:38.425929728,21.8934693877551,22.0,19.96469387755102,0.063178,572.38706816,21.890022157711986
5344,2021-12-20 10:45:38.528926720,21.900555555555556,22.0,20.19,0.057246,572.490065152,21.891686508179873
5345,2021-12-20 10:45:38.624379904,21.92408163265306,22.0,20.17591836734694,0.062736,572.5855183360001,21.893337957249013
5346,2021-12-20 10:45:38.718465024,21.905714285714282,22.0,19.960571428571427,0.056433,572.6796034560001,21.89497596978574
5347,2021-12-20 10:45:38.817217280,21.92408163265306,22.0,19.97,0.054385,572.7783557120001,21.896600025254312
5348,2021-12-20 10:45:38.910407168,21.944137931034483,22.0,19.978275862068966,0.064543,572.8715456000001,21.898209618593956
5349,2021-12-20 10:45:39.004351488,21.903673469387755,22.0,20.205102040816328,0.053449,572.9654899200001,21.899804261063785
5350,2021-12-20 10:45:39.115354880,21.895,22.0,19.97,0.050246,573.0764933120001,21.901383481052715
5351,2021-12-20 10:45:39.213231872,21.89682926829268,22.0,19.97,0.064875,573.1743703040001,21.902946824851675
5352,2021-12-20 10:45:39.324003840,21.87816326530612,22.0,20.205102040816328,0.06083,573.2851422720001,21.9044938573856
5353,2021-12-20 10:45:39.427533824,21.93875,22.0,19.985750000000003,0.058739,573.3886722560002,21.906024162902874
5354,2021-12-20 10:45:39.526547456,21.91270833333333,22.0,20.215,0.057464,573.4876858880002,21.90753734562015
5355,2021-12-20 10:45:39.638667264,21.94222222222222,22.0,19.993333333333332,0.06206,573.5998056960002,21.90903303032066
5356,2021-12-20 10:45:39.801279488,21.92918367346939,22.0,19.98938775510204,0.058743,573.7624179200002,21.910510862904367
5357,2021-12-20 10:45:39.920862464,21.912307692307692,22.0,19.990000000000002,0.075585,573.8820008960001,21.91197051088844
5358,2021-12-20 10:45:39.955211520,21.924545454545452,22.0,19.99,0.054199,573.9163499520001,21.913411663856888
5359,2021-12-20 10:45:40.022461184,21.93938775510204,22.0,20.195714285714285,0.064491,573.9835996160001,21.914834033858227
5360,2021-12-20 10:45:40.113247232,21.9075,22.0,20.0425,0.066455,574.0743856640001,21.91623735575053
5361,2021-12-20 10:45:40.206557952,21.903673469387755,22.0,19.99795918367347,0.054741,574.1676963840001,21.91762138749314
5362,2021-12-20 10:45:40.318778112,21.94674418604651,22.0,19.82139534883721,0.05928,574.2799165440001,21.91898591038477
5363,2021-12-20 10:45:40.419853824,21.901818181818182,22.0,19.96727272727273,0.062978,574.3809922560001,21.920330729247723
5364,2021-12-20 10:45:40.526511872,21.91270833333333,22.0,19.992708333333333,0.069822,574.4876503040001,21.921655672558316
5365,2021-12-20 10:45:40.655117056,21.93153846153846,22.0,19.99,0.055587,574.6162554880001,21.922960592523665
5366,2021-12-20 10:45:40.824820480,21.91270833333333,22.0,20.150000000000002,0.066095,574.7859589120001,21.924245365105296
5367,2021-12-20 10:45:40.928199424,21.97,22.0,20.23,0.058774,574.8893378560001,21.925509889990078
5368,2021-12-20 10:45:40.952651264,21.97,22.0,20.0,0.058534,574.9137896960001,21.92675409050929
5369,2021-12-20 10:45:41.024789248,21.903673469387755,22.0,20.006326530612245,0.05522,574.9859276800001,21.927977913506762
5370,2021-12-20 10:45:41.123943680,21.92731707317073,22.0,20.01,0.056745,575.0850821120001,21.929181329157082
5371,2021-12-20 10:45:41.222766336,21.92408163265306,22.0,19.863061224489794,0.05115,575.1839047680002,21.930364330735145
5372,2021-12-20 10:45:41.318279936,21.94972972972973,22.0,19.886756756756757,0.055559,575.2794183680002,21.93152693433838
5373,2021-12-20 10:45:41.415201536,21.92918367346939,22.0,20.136734693877553,0.049042,575.3763399680001,21.932669178563103
5374,2021-12-20 10:45:41.516005632,21.943684210526314,22.0,20.24,0.064611,575.4771440640002,21.933791124136683
5375,2021-12-20 10:45:41.658521344,21.949591836734694,22.0,20.12734693877551,0.058993,575.6196597760002,21.93489285350723
5376,2021-12-20 10:45:41.834078720,21.91375,22.0,20.01,0.064876,575.7952171520002,21.935974470392622
5377,2021-12-20 10:45:41.887045632,21.941875,22.0,20.015,0.058241,575.8481840640002,21.93703609929077
5378,2021-12-20 10:45:41.940012544,21.97,22.0,20.02,0.058645,575.9011509760002,21.938077884953074
5379,2021-12-20 10:45:42.024773632,21.87816326530612,22.0,20.02,0.060217,575.9859120640002,21.939099991823145
5380,2021-12-20 10:45:42.119030016,21.949166666666667,22.0,20.11583333333333,0.062821,576.0801684480002,21.940102603442828
5381,2021-12-20 10:45:42.217963264,21.949591836734694,22.0,20.179591836734694,0.06503,576.1791016960002,21.941085921827675
5382,2021-12-20 10:45:42.320769024,21.93153846153846,22.0,20.02,0.051768,576.2819074560002,21.94205016681392
5383,2021-12-20 10:45:42.421301504,21.90877551020408,22.0,20.078775510204082,0.057982,576.3824399360002,21.942995575379182
5384,2021-12-20 10:45:42.526018304,21.9575,22.0,20.194,0.057946,576.4871567360002,21.943922400939
5385,2021-12-20 10:45:42.676832256,21.903673469387755,22.0,20.02204081632653,0.062295,576.6379706880002,21.94483091262133
5386,2021-12-20 10:45:42.823974912,21.95333333333333,22.0,20.030000000000005,0.058421,576.7851133440003,21.945721394521048
5387,2021-12-20 10:45:42.874869760,21.92678294573643,22.0,20.043953488372097,0.065827,576.8360081920002,21.946594144936604
5388,2021-12-20 10:45:42.925764608,21.900232558139532,22.0,20.057906976744185,0.060825,576.8869030400002,21.947449475590748
5389,2021-12-20 10:45:43.030401024,21.949591836734694,22.0,20.27,0.058186,576.9915394560002,21.94828771083734
5390,2021-12-20 10:45:43.126316800,21.90939393939394,22.0,20.271515151515153,0.060815,577.0874552320001,21.949109186856095
5391,2021-12-20 10:45:43.230902784,21.949166666666667,22.0,20.26,0.063941,577.1920412160001,21.949914250837082
5392,2021-12-20 10:45:43.332501504,21.97735294117647,22.0,20.040882352941175,0.069637,577.2936399360001,21.950703260156832
5393,2021-12-20 10:45:43.425359616,21.93938775510204,22.0,20.05,0.062496,577.3864980480001,21.95147658154766
5394,2021-12-20 10:45:43.512977408,21.97,22.0,20.05,0.06049,577.4741158400001,21.952234590261927
5395,2021-12-20 10:45:43.657967360,21.959795918367348,22.0,20.05,0.061288,577.619105792,21.952977669232823
5396,2021-12-20 10:45:43.833816320,21.955714285714283,22.0,20.276285714285713,0.057104,577.7949547520001,21.953706208233143
5397,2021-12-20 10:45:43.885737216,21.946190476190473,22.0,20.168142857142854,0.059304,577.846875648,21.954420603033594
5398,2021-12-20 10:45:43.937658112,21.936666666666664,22.0,20.06,0.054348,577.898796544,21.955121254562
5399,2021-12-20 10:45:44.026643712,21.93938775510204,22.0,20.06,0.063454,577.987782144,21.95580856806481
5400,2021-12-20 10:45:44.119894016,21.97,22.0,20.06,0.059987,578.081032448,21.9564829522723
5401,2021-12-20 10:45:44.219782912,21.949591836734694,22.0,20.06,0.057715,578.180921344,21.957144818568647
5402,2021-12-20 10:45:44.326410752,21.982499999999998,22.0,20.06,0.068025,578.287549184,21.957794580168294
5403,2021-12-20 10:45:44.424126976,21.93875,22.0,20.06,0.059339,578.385265408,21.958432651299713
5404,2021-12-20 10:45:44.527254528,21.97,22.0,20.06,0.057354,578.48839296,21.959059446397816
5405,2021-12-20 10:45:44.679939328,21.959795918367348,22.0,20.221632653061224,0.053872,578.64107776,21.959675379306162
5406,2021-12-20 10:45:44.818572800,21.988518518518518,22.0,20.211111111111112,0.056555,578.7797112320001,21.960280862490105
5407,2021-12-20 10:45:44.867113984,21.97,22.0,20.07,0.069076,578.828252416,21.960876306262048
5408,2021-12-20 10:45:44.923712000,21.98530612244898,22.0,20.07,0.063162,578.884850432,21.961462118019835
5409,2021-12-20 10:45:45.023600640,21.95780487804878,22.0,20.07,0.06479,578.984739072,21.962038701499434
5410,2021-12-20 10:45:45.119466240,21.97,22.0,20.07,0.059275,579.080604672,21.962606456042995
5411,2021-12-20 10:45:45.232179456,21.97,22.0,20.07,0.060136,579.193317888,21.963165775883336
5412,2021-12-20 10:45:45.332269312,21.97,22.0,20.07,0.058322,579.293407744,21.963717049445968
5413,2021-12-20 10:45:45.429311744,21.949591836734694,22.0,20.16795918367347,0.056027,579.390450176,21.964260658669733
5414,2021-12-20 10:45:45.536452608,21.97,22.0,20.16,0.064631,579.49759104,21.964796978347074
5415,2021-12-20 10:45:45.692667648,21.95958333333333,22.0,20.07375,0.060665,579.65380608,21.965326375484928
5416,2021-12-20 10:45:45.820528640,21.97,22.0,20.08,0.055876,579.781667072,21.965849208687306
5417,2021-12-20 10:45:45.859735808,21.97,22.0,20.08,0.052361,579.82087424,21.966365827560562
5418,2021-12-20 10:45:45.922680576,21.964897959183673,22.0,20.08,0.058753,579.8838190079999,21.966876572142315
5419,2021-12-20 10:45:46.023887104,21.94674418604651,22.0,20.08,0.060102,579.985025536,21.967381772354937
5420,2021-12-20 10:45:46.124379392,21.949591836734694,22.0,20.08,0.057681,580.085517824,21.96788174748453
5421,2021-12-20 10:45:46.219128320,21.95611111111111,22.0,20.08,0.064002,580.180266752,21.968376805686237
5422,2021-12-20 10:45:46.313967872,21.98530612244898,22.0,20.08,0.055556,580.275106304,21.96886724351672
5423,2021-12-20 10:45:46.420575744,21.97,22.0,20.08,0.067364,580.3817141760001,21.96935334549458
5424,2021-12-20 10:45:46.522496256,21.964897959183673,22.0,20.08,0.064129,580.483634688,21.96983538368952
5425,2021-12-20 10:45:46.623491584,21.975952380952382,22.0,20.08,0.059677,580.584630016,21.970313617340903
5426,2021-12-20 10:45:46.716349696,21.994999999999997,22.0,20.08,0.066184,580.677488128,21.97078829250638
5427,2021-12-20 10:45:46.823218944,21.954375,22.0,20.09,0.066005,580.784357376,21.971259641741252
5428,2021-12-20 10:45:46.925461248,21.98875,22.0,20.09,0.056058,580.88659968,21.971727883809056
5429,2021-12-20 10:45:47.026476544,21.959795918367348,22.0,20.301224489795917,0.053172,580.987614976,21.972193223423986
5430,2021-12-20 10:45:47.125832448,21.982499999999998,22.0,20.113,0.066319,581.0869708800001,21.972655851025593
5431,2021-12-20 10:45:47.226656512,21.97,22.0,20.09,0.064745,581.1877949440001,21.973115942586233
5432,2021-12-20 10:45:47.327772416,21.98190476190476,22.0,19.89,0.064358,581.2889108480001,21.97357365945167
5433,2021-12-20 10:45:47.427198720,21.949166666666667,22.0,20.044999999999998,0.063155,581.3883371520001,21.974029148215198
5434,2021-12-20 10:45:47.535134208,21.97657894736842,22.0,20.09,0.065403,581.49627264,21.97448254062558
5435,2021-12-20 10:45:47.698852864,21.97,22.0,20.09,0.068406,581.659991296,21.974933953529046
5436,2021-12-20 10:45:47.826140416,21.97,22.0,20.09,0.056447,581.787278848,21.97538348884558
5437,2021-12-20 10:45:47.861505280,22.07,22.0,20.09,0.065436,581.8226437120001,21.975831233579616
5438,2021-12-20 10:45:47.922327808,21.95469387755102,22.0,20.09,0.060368,581.8834662400001,21.976277259865267
5439,2021-12-20 10:45:48.020315648,21.956842105263156,22.0,20.09,0.070165,581.98145408,21.976721625046135
5440,2021-12-20 10:45:48.115155200,21.975434782608694,22.0,20.09,0.05712,582.0762936320001,21.977164371789655
5441,2021-12-20 10:45:48.223834880,21.959130434782605,22.0,20.09,0.056616,582.1849733120001,21.977605528235948
5442,2021-12-20 10:45:48.323854336,21.999761904761904,22.0,20.09,0.064008,582.2849927680002,21.978045108180968
5443,2021-12-20 10:45:48.427857152,21.97,22.0,20.09,0.060726,582.3889955840002,21.978483111293762
5444,2021-12-20 10:45:48.528560640,21.95809523809524,22.0,20.095238095238095,0.070318,582.4896990720002,21.97891952336757
5445,2021-12-20 10:45:48.628891904,21.97,22.0,20.1,0.058052,582.5900303360003,21.97935431660441
5446,2021-12-20 10:45:48.716831488,21.969999999999995,22.0,20.1,0.055594,582.6779699200002,21.979787449932683
5447,2021-12-20 10:45:48.814658560,21.949591836734694,22.0,20.175102040816327,0.050327,582.7757969920002,21.98021886935727
5448,2021-12-20 10:45:48.919294720,21.97,22.0,20.230540540540538,0.056795,582.8804331520003,21.980648508341496
5449,2021-12-20 10:45:49.019827200,21.97,22.0,20.1,0.058885,582.9809656320002,21.981076288220258
5450,2021-12-20 10:45:49.119414272,21.97,22.0,20.1,0.058544,583.0805527040002,21.981502118643483
5451,2021-12-20 10:45:49.224432896,21.97,22.0,20.1,0.0629,583.1855713280002,21.981925898049013
5452,2021-12-20 10:45:49.328314880,22.060909090909092,22.0,20.10090909090909,0.061566,583.2894533120002,21.982347514163916
5453,2021-12-20 10:45:49.422239232,21.949591836734694,22.0,20.11,0.055083,583.3833776640002,21.98276684453315
5454,2021-12-20 10:45:49.521494272,21.982499999999998,22.0,20.11,0.062033,583.4826327040003,21.983183757074436
5455,2021-12-20 10:45:49.654474752,21.97,22.0,20.11,0.057521,583.6156131840003,21.983598110658072
5456,2021-12-20 10:45:49.833411840,21.986666666666665,22.0,20.11,0.061738,583.7945502720003,21.9840097557104
5457,2021-12-20 10:45:49.889587200,21.993333333333332,22.0,20.11,0.068171,583.8507256320003,21.984418534839534
5458,2021-12-20 10:45:49.945762816,22.0,22.0,20.11,0.062543,583.9069012480003,21.98482428348192
5459,2021-12-20 10:45:50.028311040,21.97,22.0,20.11,0.060448,583.9894494720003,21.985226830568205
5460,2021-12-20 10:45:50.120374528,21.97,22.0,20.11,0.066214,584.0815129600003,21.985625999206913
5461,2021-12-20 10:45:50.217386752,21.97,22.0,20.11,0.060523,584.1785251840003,21.986021607384185
5462,2021-12-20 10:45:50.323592192,22.067560975609755,22.0,20.11,0.053096,584.2847306240003,21.98641346867799
5463,2021-12-20 10:45:50.423480832,21.97,22.0,20.11,0.059314,584.3846192640003,21.986801392985118
5464,2021-12-20 10:45:50.526377216,21.999761904761904,22.0,20.11,0.063447,584.4875156480003,21.987185187259104
5465,2021-12-20 10:45:50.674948096,21.97,22.0,20.11,0.063808,584.6360865280003,21.987564656257366
5466,2021-12-20 10:45:50.820431104,22.01032258064516,22.0,20.11,0.061596,584.7815695360003,21.98793960329566
5467,2021-12-20 10:45:50.872814592,21.99016129032258,22.0,20.110652173913046,0.0569,584.8339530240004,21.988309831008003
5468,2021-12-20 10:45:50.925198080,21.97,22.0,20.11130434782609,0.060297,584.8863365120004,21.988675142110118
5469,2021-12-20 10:45:51.027812864,21.948260869565214,22.0,20.135,0.070166,584.9889512960004,21.9890353401645
5470,2021-12-20 10:45:51.119654912,21.98428571428571,22.0,20.31714285714286,0.062806,585.0807933440004,21.989390230345048
5471,2021-12-20 10:45:51.222581504,21.97,22.0,20.12,0.062421,585.1837199360004,21.98973962019931
5472,2021-12-20 10:45:51.329008128,22.005714285714287,22.0,20.12,0.060897,585.2901465600005,21.990083320406118
5473,2021-12-20 10:45:51.429741824,21.980204081632653,22.0,20.12,0.063343,585.3908802560005,21.990421145526668
5474,2021-12-20 10:45:51.539185920,21.97,22.0,20.12,0.057643,585.5003243520005,21.99075291474677
5475,2021-12-20 10:45:51.708064512,21.97,22.0,20.12,0.057018,585.6692029440005,21.991078452608242
5476,2021-12-20 10:45:51.844786944,22.011666666666667,22.0,20.12,0.061272,585.8059253760006,21.991397589727153
5477,2021-12-20 10:45:51.885824768,21.993809523809524,22.0,20.125,0.063578,585.8469632000006,21.991710163496766
5478,2021-12-20 10:45:51.926852352,21.975952380952382,22.0,20.13,0.054926,585.8879907840005,21.992016018772876
5479,2021-12-20 10:45:52.030855168,21.98530612244898,22.0,19.894897959183673,0.05979,585.9919936000006,21.99231500853931
5480,2021-12-20 10:45:52.123290624,22.00125,22.0,20.1225,0.060583,586.0844290560005,21.992606994551444
5481,2021-12-20 10:45:52.221570048,21.98530612244898,22.0,20.120408163265306,0.066055,586.1827084800005,21.992891847955434
5482,2021-12-20 10:45:52.318542080,22.016875,22.0,19.895,0.061169,586.2796805120006,21.99316944988104
5483,2021-12-20 10:45:52.416831744,21.97,22.0,20.100408163265307,0.063495,586.3779701760006,21.993439692005825
5484,2021-12-20 10:45:52.525199616,21.97,22.0,20.12,0.062987,586.4863380480007,21.993702477088597
5485,2021-12-20 10:45:52.625681920,21.97,22.0,20.12,0.052616,586.5868203520007,21.99395771947002
5486,2021-12-20 10:45:52.726214400,21.987857142857145,22.0,20.12,0.060665,586.6873528320007,21.994205345538354
5487,2021-12-20 10:45:52.825560064,21.995510204081633,22.0,20.12,0.054413,586.7866984960007,21.99444529415842
5488,2021-12-20 10:45:52.916909312,21.992058823529412,22.0,20.12,0.050304,586.8780477440007,21.994677517061902
5489,2021-12-20 10:45:53.014776576,21.98530612244898,22.0,20.12,0.066498,586.9759150080007,21.994901979197177
5490,2021-12-20 10:45:53.122782208,21.98923076923077,22.0,20.12,0.060554,587.0839206400007,21.995118659037043
5491,2021-12-20 10:45:53.222459904,22.000612244897958,22.0,20.12,0.063623,587.1835983360006,21.99532754884273
5492,2021-12-20 10:45:53.320618752,22.05333333333333,22.0,19.92923076923077,0.059155,587.2817571840006,21.99552865488285
5493,2021-12-20 10:45:53.415951104,21.98111111111111,22.0,20.093333333333334,0.067961,587.3770895360007,21.99572199760595
5494,2021-12-20 10:45:53.526642432,22.01255319148936,22.0,20.12,0.059679,587.4877808640007,21.9959076117656
5495,2021-12-20 10:45:53.652803584,21.97,22.0,19.88,0.059,587.6139420160007,21.996085546497085
5496,2021-12-20 10:45:53.827727104,21.97,22.0,20.06122448979592,0.063117,587.7888655360007,21.996255865345063
5497,2021-12-20 10:45:53.946425088,22.18875,22.0,20.12,0.056071,587.9075635200007,21.996418646241562
5498,2021-12-20 10:45:53.965415168,22.119999999999997,22.0,20.12,0.064056,587.9265536000007,21.9965739814341
5499,2021-12-20 10:45:54.025050624,21.980204081632653,22.0,20.12,0.050835,587.9861890560007,21.99672197736389
5500,2021-12-20 10:45:54.121147392,21.97,22.0,20.12,0.058432,588.0822858240008,21.996862754494334
5501,2021-12-20 10:45:54.212466688,21.999761904761904,22.0,20.12,0.062563,588.1736051200008,21.996996447090243
5502,2021-12-20 10:45:54.324465664,22.031224489795918,22.0,20.12,0.063434,588.2856040960008,21.99712320294846
5503,2021-12-20 10:45:54.425048576,22.025555555555556,22.0,20.12,0.071237,588.3861870080009,21.997243183080844
5504,2021-12-20 10:45:54.525400064,22.021020408163263,22.0,20.12,0.059295,588.4865384960009,21.997356561350845
5505,2021-12-20 10:45:54.624715520,22.007037037037033,22.0,20.12,0.060816,588.5858539520009,21.997463524064983
5506,2021-12-20 10:45:54.776595456,21.97,22.0,20.12,0.061069,588.7377338880009,21.997564269520897
5507,2021-12-20 10:45:54.927409408,22.0,22.0,20.12,0.057816,588.8885478400009,21.997659007513725
5508,2021-12-20 10:45:54.976986624,21.990555555555556,22.0,20.12,0.059792,588.9381250560009,21.99774795880283
5509,2021-12-20 10:45:55.026564096,21.98111111111111,22.0,20.12,0.06084,588.9877025280009,21.997831354540928
5510,2021-12-20 10:45:55.130194432,21.97,22.0,20.12,0.066999,589.091332864001,21.997909435667943
5511,2021-12-20 10:45:55.223736576,21.983888888888888,22.0,20.129166666666666,0.067979,589.184875008001,21.997982452271923
5512,2021-12-20 10:45:55.323886848,22.016875,22.0,20.13,0.059011,589.2850252800009,21.99805066291956
5513,2021-12-20 10:45:55.422186496,21.99083333333333,22.0,19.943333333333335,0.060734,589.3833249280009,21.99811433395879
5514,2021-12-20 10:45:55.523000576,21.975102040816324,22.0,20.04673469387755,0.063945,589.4841390080009,21.99817373879614
5515,2021-12-20 10:45:55.629035008,21.98470588235294,22.0,20.124411764705883,0.056466,589.5901734400009,21.99822915715148
5516,2021-12-20 10:45:55.790370048,21.980204081632653,22.0,20.12,0.067933,589.7515084800009,21.998280874292927
5517,2021-12-20 10:45:55.938367488,22.02208333333333,22.0,20.07,0.066735,589.8995059200009,21.998329180254608
5518,2021-12-20 10:45:55.983650048,21.996041666666663,22.0,20.095,0.062544,589.944788480001,21.99837436904003
5519,2021-12-20 10:45:56.028922368,21.97,22.0,20.12,0.064429,589.990060800001,21.998416737813812
5520,2021-12-20 10:45:56.129163008,21.97,22.0,20.12,0.063245,590.090301440001,21.99845658608454
5521,2021-12-20 10:45:56.224787200,21.99083333333333,22.0,20.12,0.064672,590.1859256320009,21.99849421488146
5522,2021-12-20 10:45:56.325923328,21.995510204081633,22.0,20.12,0.059681,590.2870617600009,21.998529925927727
5523,2021-12-20 10:45:56.416990976,22.014642857142857,22.0,20.12,0.063749,590.378129408001,21.99856402081284
5524,2021-12-20 10:45:56.511890944,21.99083333333333,22.0,20.12,0.060961,590.473029376001,21.99859680016688
5525,2021-12-20 10:45:56.611850240,21.994193548387095,22.0,20.12,0.06143,590.572988672001,21.998628562839173
5526,2021-12-20 10:45:56.758087424,21.97,22.0,20.12,0.056098,590.719225856001,21.99865960508389
5527,2021-12-20 10:45:56.939740160,21.98973684210526,22.0,20.12342105263158,0.067049,590.900878592001,21.998690219755026
5528,2021-12-20 10:45:56.992314880,21.989483805668016,22.0,20.12671052631579,0.066407,590.9534533120011,21.998720695513207
5529,2021-12-20 10:45:57.044889344,21.98923076923077,22.0,20.13,0.063255,591.0060277760011,21.998751316046626
5530,2021-12-20 10:45:57.127427584,22.027291666666667,22.0,20.13,0.065738,591.0885660160011,21.998782359308453
5531,2021-12-20 10:45:57.218465280,21.992058823529412,22.0,20.13,0.066133,591.179603712001,21.998814096772854
5532,2021-12-20 10:45:57.316271872,22.051632653061223,22.0,20.13,0.059632,591.277410304001,21.998846792711852
5533,2021-12-20 10:45:57.422316544,21.994999999999997,22.0,20.13,0.058407,591.3834549760011,21.99888070349509
5534,2021-12-20 10:45:57.523170816,21.98530612244898,22.0,20.13,0.058381,591.4843092480011,21.99891607691445
5535,2021-12-20 10:45:57.628682240,21.98190476190476,22.0,20.13,0.057511,591.5898206720011,21.998953151535563
5536,2021-12-20 10:45:57.786838784,21.97,22.0,20.13,0.062893,591.7479772160011,21.99899215607803
5537,2021-12-20 10:45:57.945518080,22.0253125,22.0,20.084999999999997,0.067502,591.9066565120011,21.99903330882623
5538,2021-12-20 10:45:57.992912896,22.009753024193547,22.0,20.104274193548385,0.064653,591.954051328001,21.999076817072396
5539,2021-12-20 10:45:58.040307456,21.994193548387095,22.0,20.123548387096776,0.068603,592.0014458880011,21.999122876593628
5540,2021-12-20 10:45:58.129091840,21.98530612244898,22.0,20.12,0.064612,592.090230272001,21.999171671164465
5541,2021-12-20 10:45:58.222221568,22.034285714285712,22.0,20.12,0.058794,592.183360000001,21.999223372106506
5542,2021-12-20 10:45:58.320903424,22.0325,22.0,20.12,0.069868,592.282041856001,21.999278137876505
5543,2021-12-20 10:45:58.418609664,22.028823529411767,22.0,20.12,0.060887,592.379748096001,21.99933611369427
5544,2021-12-20 10:45:58.516235264,22.005714285714284,22.0,20.12387755102041,0.061707,592.477373696001,21.9993974312116
5545,2021-12-20 10:45:58.610431232,21.994999999999997,22.0,20.13,0.061787,592.571569664001,21.99946220822346
5546,2021-12-20 10:45:58.736441344,22.015454545454546,22.0,19.982727272727274,0.064872,592.697579776001,21.999530548422413
5547,2021-12-20 10:45:58.932064768,21.985625,22.0,20.126666666666665,0.064833,592.893203200001,21.999602541197348
5548,2021-12-20 10:45:58.991559680,21.9778125,22.0,20.123333333333335,0.065371,592.952698112001,21.99967826147724
5549,2021-12-20 10:45:59.051054336,21.97,22.0,20.12,0.066101,593.012192768001,21.999757769620754
5550,2021-12-20 10:45:59.126149376,21.990408163265304,22.0,20.12,0.056738,593.087287808001,21.99984111135234
5551,2021-12-20 10:45:59.219862528,22.02,22.0,20.12,0.055667,593.1810009600009,21.99992831774522
5552,2021-12-20 10:45:59.317447936,21.995510204081633,22.0,20.12,0.061616,593.2785863680009,22.000019405251606
5553,2021-12-20 10:45:59.415667200,21.97,22.0,20.12,0.06542,593.3768056320009,22.000114375780264
5554,2021-12-20 10:45:59.548788480,21.97,22.0,20.13,0.065266,593.5099269120009,22.0002132168214
5555,2021-12-20 10:45:59.738347008,21.97,22.0,20.13,0.063523,593.6994854400009,22.000315901618713
5556,2021-12-20 10:45:59.794663168,21.987857142857145,22.0,20.13,0.064233,593.755801600001,22.000422389388213
5557,2021-12-20 10:45:59.850979584,22.005714285714287,22.0,20.13,0.064977,593.8121180160009,22.000532625583254
5558,2021-12-20 10:45:59.927895296,22.000612244897958,22.0,20.06142857142857,0.063786,593.8890337280009,22.000646542205047
5559,2021-12-20 10:46:00.027059968,21.98190476190476,22.0,19.964285714285715,0.0641,593.9881984000009,22.000764058157714
5560,2021-12-20 10:46:00.126516224,21.996041666666667,22.0,20.1275,0.069854,594.087654656001,22.00088507964674
5561,2021-12-20 10:46:00.221979392,21.983513513513515,22.0,20.123243243243245,0.056564,594.183117824001,22.00100950061958
5562,2021-12-20 10:46:00.333022720,22.02673469387755,22.0,20.13,0.061126,594.294161152001,22.001137203246895
5563,2021-12-20 10:46:00.439801600,21.969999999999995,22.0,20.13,0.063051,594.400940032001,22.001268058442726
5564,2021-12-20 10:46:00.527197952,21.981363636363636,22.0,20.13,0.058805,594.4883363840011,22.00140192642185
5565,2021-12-20 10:46:00.630315520,21.97,22.0,20.13,0.072707,594.5914539520011,22.001538657292254
5566,2021-12-20 10:46:00.725135104,22.01054054054054,22.0,20.13,0.055308,594.6862735360011,22.001678091680688
5567,2021-12-20 10:46:00.825778176,21.980204081632653,22.0,20.13,0.067443,594.7869166080011,22.00182006138887
5568,2021-12-20 10:46:00.927326720,22.00125,22.0,20.13,0.061249,594.8884651520011,22.001964390077976
5569,2021-12-20 10:46:01.029196800,22.000612244897958,22.0,20.076122448979593,0.054954,594.9903352320011,22.00211089397881
5570,2021-12-20 10:46:01.130101504,22.00048780487805,22.0,19.948536585365854,0.068006,595.0912399360011,22.002259382624906
5571,2021-12-20 10:46:01.230533632,21.97,22.0,20.13,0.060398,595.1916720640011,22.002409659605842
5572,2021-12-20 10:46:01.330643712,22.005714285714287,22.0,20.13,0.064266,595.2917821440011,22.002561523337803
5573,2021-12-20 10:46:01.429979392,21.97,22.0,20.13,0.069503,595.3911178240011,22.00271476784846
5574,2021-12-20 10:46:01.535500800,21.997027027027027,22.0,20.13,0.059733,595.496639232001,22.00286918357304
5575,2021-12-20 10:46:01.698786816,21.97,22.0,20.13,0.065588,595.6599252480011,22.00302455815859
5576,2021-12-20 10:46:01.831797760,22.035789473684208,22.0,20.13,0.064486,595.7929361920011,22.0031806772732
5577,2021-12-20 10:46:01.869224448,22.22,22.0,20.13,0.066845,595.8303628800011,22.003337325417093
5578,2021-12-20 10:46:01.926928896,21.980204081632653,22.0,20.13,0.061225,595.8880673280011,22.003494286732465
5579,2021-12-20 10:46:02.025711360,21.98875,22.0,20.13,0.062648,595.9868497920011,22.003651345808972
5580,2021-12-20 10:46:02.120923136,22.00260869565217,22.0,20.093478260869563,0.058836,596.0820615680011,22.003808288481796
5581,2021-12-20 10:46:02.227078144,21.97,22.0,19.905652173913044,0.064815,596.1882165760011,22.003964902619284
5582,2021-12-20 10:46:02.326081792,22.02952380952381,22.0,20.13,0.060007,596.2872202240011,22.0041209788973
5583,2021-12-20 10:46:02.430577408,21.97,22.0,20.13,0.067186,596.3917158400011,22.00427631155739
5584,2021-12-20 10:46:02.530858496,21.98829268292683,22.0,20.13,0.073053,596.4919969280011,22.004430699145974
5585,2021-12-20 10:46:02.631038976,21.996041666666667,22.0,20.13,0.06511,596.592177408001,22.004583945231975
5586,2021-12-20 10:46:02.722458624,22.045757575757577,22.0,20.13,0.066696,596.6835970560011,22.004735859100226
5587,2021-12-20 10:46:02.821713920,21.995510204081633,22.0,20.13,0.069887,596.7828523520011,22.00488625641819
5588,2021-12-20 10:46:02.921995008,21.99142857142857,22.0,20.13,0.060509,596.8831334400011,22.005034959873658
5589,2021-12-20 10:46:03.021310464,21.98530612244898,22.0,20.13,0.055713,596.9824488960011,22.005181799781194
5590,2021-12-20 10:46:03.121752320,22.046388888888888,22.0,20.13,0.060021,597.082890752001,22.005326614655083
5591,2021-12-20 10:46:03.220836608,21.97,22.0,20.13,0.062732,597.181975040001,22.005469251746888
5592,2021-12-20 10:46:03.325452800,22.045499999999997,22.0,20.13,0.06553,597.286591232001,22.00560956754574
5593,2021-12-20 10:46:03.424848640,22.026122448979592,22.0,20.13,0.067047,597.3859870720011,22.005747428239637
5594,2021-12-20 10:46:03.518461184,22.06285714285714,22.0,20.13,0.063297,597.4795996160011,22.005882710136223
5595,2021-12-20 10:46:03.656279808,21.97,22.0,20.14,0.062758,597.6174182400011,22.00601530004167
5596,2021-12-20 10:46:03.836775680,21.982195121951218,22.0,20.14,0.064953,597.7979141120012,22.006145095596448
5597,2021-12-20 10:46:03.891040256,22.00013602251407,22.0,20.14,0.060984,597.8521786880012,22.00627200556699
5598,2021-12-20 10:46:03.945304576,22.018076923076926,22.0,20.14,0.06086,597.9064430080012,22.00639595009246
5599,2021-12-20 10:46:04.030196480,22.010816326530612,22.0,20.14,0.058896,597.9913349120012,22.00651686088586
5600,2021-12-20 10:46:04.125619456,22.046388888888888,22.0,19.913333333333334,0.069011,598.0867578880012,22.006634681389155
5601,2021-12-20 10:46:04.224130304,22.021020408163263,22.0,20.12530612244898,0.063709,598.1852687360013,22.006749366882115
5602,2021-12-20 10:46:04.319975680,22.053333333333335,22.0,20.13090909090909,0.070292,598.2811141120013,22.00686088454479
5603,2021-12-20 10:46:04.415569664,22.02208333333333,22.0,20.139166666666668,0.064601,598.3767080960013,22.006969213473816
5604,2021-12-20 10:46:04.520698880,22.05333333333333,22.0,20.14,0.063831,598.4818373120013,22.007074344652928
5605,2021-12-20 10:46:04.661917184,21.980204081632653,22.0,20.14,0.061548,598.6230556160012,22.00717628087818
5606,2021-12-20 10:46:04.826792448,22.015384615384612,22.0,20.14,0.062876,598.7879308800012,22.00727503663869
5607,2021-12-20 10:46:04.882012416,22.006581196581195,22.0,20.14,0.071203,598.8431508480012,22.00737063795381
5608,2021-12-20 10:46:04.937232384,21.997777777777777,22.0,20.14,0.067024,598.8983708160011,22.00746312216794
5609,2021-12-20 10:46:05.031377920,22.00125,22.0,19.935,0.067056,598.9925163520012,22.007552537704235
5610,2021-12-20 10:46:05.122023168,22.088124999999998,22.0,20.08,0.064029,599.0831616000012,22.007638943778733
5611,2021-12-20 10:46:05.224376320,21.97,22.0,20.131836734693877,0.071586,599.1855147520012,22.00772241007663
5612,2021-12-20 10:46:05.331486976,22.017297297297297,22.0,19.955945945945945,0.059378,599.2926254080012,22.00780301639246
5613,2021-12-20 10:46:05.428147200,22.021020408163263,22.0,20.091020408163267,0.072106,599.3892856320011,22.007880852236116
5614,2021-12-20 10:46:05.526828800,21.997027027027027,22.0,20.1327027027027,0.066458,599.4879672320011,22.007956016406776
5615,2021-12-20 10:46:05.677270784,21.97,22.0,20.13,0.065812,599.6384092160012,22.00802861653695
5616,2021-12-20 10:46:05.834189824,22.0253125,22.0,20.13,0.060055,599.7953282560012,22.00809876860893
5617,2021-12-20 10:46:05.884672512,22.028061655405402,22.0,20.13,0.066619,599.8458109440012,22.008166596446024
5618,2021-12-20 10:46:05.935154944,22.03081081081081,22.0,20.13,0.064031,599.8962933760012,22.00823223118094
5619,2021-12-20 10:46:06.031080960,21.97,22.0,20.13,0.061086,599.9922193920012,22.008295810703924
5620,2021-12-20 10:46:06.121806592,22.01838709677419,22.0,20.13806451612903,0.051614,600.0829450240012,22.008357479093107
5621,2021-12-20 10:46:06.222721280,21.97,22.0,20.14,0.066315,600.1838597120012,22.008417386029695
5622,2021-12-20 10:46:06.330465792,22.035789473684208,22.0,20.14,0.060202,600.2916042240012,22.008475686200587
5623,2021-12-20 10:46:06.427930368,22.010816326530612,22.0,20.14,0.06837,600.3890688000012,22.008532538691036
5624,2021-12-20 10:46:06.522438144,22.006764705882354,22.0,20.14,0.065115,600.4835765760012,22.008588106369903
5625,2021-12-20 10:46:06.677355776,21.97,22.0,20.14,0.068221,600.6384942080011,22.008642555270104
5626,2021-12-20 10:46:06.849010432,22.007878787878788,22.0,20.14,0.058454,600.8101488640011,22.00869605396677
5627,2021-12-20 10:46:06.897079040,21.998198653198653,22.0,20.14,0.067657,600.8582174720011,22.0087487729556
5628,2021-12-20 10:46:06.945147392,21.988518518518518,22.0,20.14,0.047674,600.9062858240011,22.00880088403387
5629,2021-12-20 10:46:07.030331136,21.995510204081633,22.0,20.14,0.062181,600.9914695680011,22.008852559686417
5630,2021-12-20 10:46:07.122917632,21.992058823529412,22.0,20.14,0.05563,601.0840560640011,22.008903972478873
5631,2021-12-20 10:46:07.221066240,22.010816326530612,22.0,20.14,0.064428,601.182204672001,22.008955294460375
5632,2021-12-20 10:46:07.324706816,22.022631578947365,22.0,20.14,0.06035,601.285845248001,22.009006696577785
5633,2021-12-20 10:46:07.422835456,21.996041666666667,22.0,20.14,0.060861,601.383973888001,22.009058348103483
5634,2021-12-20 10:46:07.518168064,22.005714285714284,22.0,20.14,0.063349,601.4793064960011,22.009110416078606
5635,2021-12-20 10:46:07.659084544,21.97,22.0,20.14,0.067701,601.6202229760011,22.00916306477346
5636,2021-12-20 10:46:07.833625856,21.995641025641024,22.0,20.145128205128206,0.060399,601.794764288001,22.009216455166822
5637,2021-12-20 10:46:07.887729408,22.003653846153846,22.0,20.027564102564103,0.070747,601.848867840001,22.009270744445686
5638,2021-12-20 10:46:07.941822976,22.011666666666663,22.0,19.91,0.069951,601.902961408001,22.009326085526904
5639,2021-12-20 10:46:08.030114560,22.011666666666667,22.0,20.055,0.05874,601.991252992001,22.009382626601973
5640,2021-12-20 10:46:08.124722688,22.046388888888888,22.0,20.14388888888889,0.061051,602.085861120001,22.009440510706177
5641,2021-12-20 10:46:08.225697792,21.97,22.0,20.14,0.063409,602.186836224001,22.009499875313224
5642,2021-12-20 10:46:08.330897408,22.0325,22.0,20.14,0.065619,602.2920358400011,22.009560851956262
5643,2021-12-20 10:46:08.429921280,22.031224489795918,22.0,20.14,0.064519,602.391059712001,22.009623565876154
5644,2021-12-20 10:46:08.525877248,22.027142857142856,22.0,20.14,0.066653,602.487015680001,22.009688135697754
5645,2021-12-20 10:46:08.678793216,21.97,22.0,20.145625,0.067973,602.639931648001,22.00975467313481
5646,2021-12-20 10:46:08.845247744,21.97,22.0,20.15,0.058675,602.8063861760011,22.009823282724074
5647,2021-12-20 10:46:08.894291968,21.99083333333333,22.0,20.15,0.066145,602.8554304000011,22.00989406158897
5648,2021-12-20 10:46:08.943336192,22.011666666666663,22.0,20.15,0.065572,602.9044746240011,22.00996709923318
5649,2021-12-20 10:46:09.031467008,22.046530612244897,22.0,20.15,0.061426,602.9926054400011,22.01004247736432
5650,2021-12-20 10:46:09.126930176,22.011666666666667,22.0,20.15,0.064118,603.0880686080011,22.01012026974785
5651,2021-12-20 10:46:09.231526144,21.97,22.0,20.15,0.060832,603.1926645760011,22.01020054209119
5652,2021-12-20 10:46:09.333557504,22.073529411764707,22.0,20.15,0.057777,603.2946959360011,22.010283351957874
5653,2021-12-20 10:46:09.427340800,22.026122448979592,22.0,20.15,0.060197,603.388479232001,22.010368748711684
5654,2021-12-20 10:46:09.530126336,22.037073170731706,22.0,20.15,0.063558,603.4912647680011,22.0104567734904
5655,2021-12-20 10:46:09.680145664,21.97,22.0,20.15,0.062269,603.6412840960011,22.010547459208823
5656,2021-12-20 10:46:09.831915264,21.985625,22.0,20.15,0.067965,603.793053696001,22.01064083059066
5657,2021-12-20 10:46:09.882367488,21.997043269230765,22.0,20.15,0.061619,603.843505920001,22.010736904228693
5658,2021-12-20 10:46:09.932809728,22.008461538461535,22.0,20.15,0.056313,603.8939481600011,22.010835688672667
5659,2021-12-20 10:46:10.031924224,22.005714285714284,22.0,20.15,0.063918,603.993062656001,22.01093718454419
5660,2021-12-20 10:46:10.126089728,22.050882352941176,22.0,20.15,0.061123,604.087228160001,22.01104138467786
5661,2021-12-20 10:46:10.227919872,21.98530612244898,22.0,20.15326530612245,0.062027,604.189058304001,22.011148274287876
5662,2021-12-20 10:46:10.332757504,22.028205128205126,22.0,20.16,0.06588,604.293895936001,22.011257831159142
5663,2021-12-20 10:46:10.431087104,22.031224489795918,22.0,20.16,0.060924,604.3922255360011,22.011370025861915
5664,2021-12-20 10:46:10.530161152,21.992058823529412,22.0,20.16,0.064225,604.4912995840011,22.011484821988937
5665,2021-12-20 10:46:10.688347904,21.97,22.0,20.16,0.067234,604.6494863360011,22.01160217641392
5666,2021-12-20 10:46:10.839574272,21.970000000000002,22.0,20.16,0.065361,604.8007127040012,22.01172203957023
5667,2021-12-20 10:46:10.886536192,22.01375,22.0,20.16,0.057735,604.8476746240011,22.0118443557485
5668,2021-12-20 10:46:10.933498368,22.057499999999997,22.0,20.16,0.066447,604.8946368000011,22.011969063411932
5669,2021-12-20 10:46:11.032763648,22.026122448979592,22.0,20.16,0.055066,604.9939020800011,22.01209609552788
5670,2021-12-20 10:46:11.131143680,22.003783783783785,22.0,20.16,0.0682,605.0922821120012,22.012225379914383
5671,2021-12-20 10:46:11.239592192,21.980204081632653,22.0,20.16,0.069277,605.2007306240012,22.012356839600187
5672,2021-12-20 10:46:11.338897664,22.015454545454546,22.0,20.16,0.06516,605.3000360960011,22.0124903931968
5673,2021-12-20 10:46:11.430085888,22.051632653061223,22.0,20.16,0.076345,605.3912243200011,22.01262595528107
5674,2021-12-20 10:46:11.527238912,22.006764705882354,22.0,20.16,0.054532,605.4883773440012,22.01276343678675
5675,2021-12-20 10:46:11.683293184,21.98530612244898,22.0,20.16,0.055991,605.6444316160012,22.012902745403547
5676,2021-12-20 10:46:11.838552832,22.014642857142857,22.0,20.16,0.05699,605.7996912640011,22.013043785982187
5677,2021-12-20 10:46:11.886611456,22.025216165413532,22.0,20.13657894736842,0.062255,605.8477498880011,22.01318646094384
5678,2021-12-20 10:46:11.934669824,22.035789473684208,22.0,20.113157894736844,0.065808,605.8958082560011,22.013330670692365
5679,2021-12-20 10:46:12.032667648,22.021020408163263,22.0,19.978979591836737,0.063667,605.9938060800011,22.01347631402795
5680,2021-12-20 10:46:12.121693440,22.07344827586207,22.0,20.166551724137932,0.068822,606.0828318720012,22.013623288560506
5681,2021-12-20 10:46:12.221421568,21.97,22.0,20.16,0.060739,606.1825600000012,22.013771491121442
5682,2021-12-20 10:46:12.330563840,22.05552631578947,22.0,20.103157894736842,0.065988,606.2917022720012,22.013920818172323
5683,2021-12-20 10:46:12.428873472,22.000612244897958,22.0,19.964081632653063,0.068043,606.3900119040012,22.014071166208915
5684,2021-12-20 10:46:12.521188608,21.985625,22.0,20.1,0.060776,606.4823270400012,22.01422243215924
5685,2021-12-20 10:46:12.669226240,21.98530612244898,22.0,19.964081632653063,0.063191,606.6303646720012,22.014374513774317
5686,2021-12-20 10:46:12.842751744,21.98428571428571,22.0,20.16,0.063318,606.8038901760012,22.014527310010134
5687,2021-12-20 10:46:12.893335040,21.998694581280787,22.0,20.16,0.059088,606.8544734720012,22.01468072139967
5688,2021-12-20 10:46:12.943928064,22.013103448275864,22.0,20.16,0.063263,606.9050664960013,22.014834650413615
5689,2021-12-20 10:46:13.030067200,21.995510204081633,22.0,20.16,0.063452,606.9912056320013,22.01498900180851
5690,2021-12-20 10:46:13.118892032,22.042580645161287,22.0,20.098064516129032,0.064806,607.0800304640013,22.015143682961096
5691,2021-12-20 10:46:13.220329728,21.97,22.0,19.95918367346939,0.066862,607.1814681600013,22.015298604187766
5692,2021-12-20 10:46:13.330528256,22.057837837837837,22.0,20.15783783783784,0.061824,607.2916666880012,22.01545367904794
5693,2021-12-20 10:46:13.428073472,22.041428571428572,22.0,20.15,0.069262,607.3892119040012,22.015608824630327
5694,2021-12-20 10:46:13.520579584,22.07294117647059,22.0,20.15058823529412,0.066776,607.4817180160012,22.015763961821108
5695,2021-12-20 10:46:13.661858304,22.031224489795918,22.0,20.16,0.069129,607.6229967360011,22.015919015553077
5696,2021-12-20 10:46:13.850259968,22.00658536585366,22.0,20.16,0.068723,607.8113984000012,22.016073915034927
5697,2021-12-20 10:46:13.902160640,22.008029525032093,22.0,20.16,0.064676,607.8632990720012,22.016228593959973
5698,2021-12-20 10:46:13.954071552,22.009473684210523,22.0,20.16,0.069955,607.9152099840012,22.01638299069367
5699,2021-12-20 10:46:14.029921024,22.031224489795918,22.0,20.16,0.063848,607.9910594560012,22.016537048439414
5700,2021-12-20 10:46:14.124187136,22.00472222222222,22.0,20.16,0.060771,608.0853255680012,22.01669071538221
5701,2021-12-20 10:46:14.221269760,22.010816326530612,22.0,20.16,0.063839,608.1824081920012,22.016843944809906
5702,2021-12-20 10:46:14.321530880,22.11189189189189,22.0,20.16,0.072068,608.2826693120012,22.016996695211716
5703,2021-12-20 10:46:14.420544512,22.015918367346938,22.0,20.16,0.063437,608.3816829440012,22.017148930354
5704,2021-12-20 10:46:14.521670400,21.983513513513515,22.0,20.16,0.063234,608.4828088320012,22.017300619333216
5705,2021-12-20 10:46:14.648173568,21.994390243902437,22.0,20.16,0.059373,608.6093120000012,22.017451736606205
5706,2021-12-20 10:46:14.835458816,21.97,22.0,20.16,0.071309,608.7965972480011,22.017602261998032
5707,2021-12-20 10:46:14.942780672,21.97,22.0,20.16,0.071496,608.9039191040011,22.01775218068765
5708,2021-12-20 10:46:14.960382720,22.123846153846156,22.0,20.16,0.060887,608.9215211520011,22.017901483171798
5709,2021-12-20 10:46:15.029533440,22.041428571428572,22.0,20.16,0.064967,608.9906718720011,22.018050165207594
5710,2021-12-20 10:46:15.117654016,22.044999999999998,22.0,20.16,0.071185,609.0787924480012,22.01819822773444
5711,2021-12-20 10:46:15.209144064,21.980416666666667,22.0,19.93041666666667,0.057062,609.1702824960012,22.018345676775883
5712,2021-12-20 10:46:15.324894976,22.043863636363636,22.0,20.17,0.067356,609.2860334080011,22.01849252332217
5713,2021-12-20 10:46:15.423888384,22.04051282051282,22.0,19.92,0.061441,609.3850268160011,22.01863878319438
5714,2021-12-20 10:46:15.527840768,22.015918367346938,22.0,19.92,0.063833,609.488979200001,22.01878447689099
5715,2021-12-20 10:46:15.656204544,21.98190476190476,22.0,20.154285714285713,0.071432,609.617342976001,22.018929629417922
5716,2021-12-20 10:46:15.825656576,22.016530612244896,22.0,20.15020408163265,0.06345,609.786795008001,22.019074270103186
5717,2021-12-20 10:46:15.926531072,22.07,22.0,20.15,0.072704,609.887669504001,22.019218432397135
5718,2021-12-20 10:46:15.953980160,22.035789473684208,22.0,20.15,0.069281,609.915118592001,22.019362153659635
5719,2021-12-20 10:46:16.029457408,22.000612244897958,22.0,20.15,0.070538,609.990595840001,22.01950547493534
5720,2021-12-20 10:46:16.129617920,21.97,22.0,20.15952380952381,0.070014,610.090756352001,22.019648440718388
5721,2021-12-20 10:46:16.230613248,22.066938775510202,22.0,19.934693877551023,0.060178,610.191751680001,22.01979109870785
5722,2021-12-20 10:46:16.331045120,22.085853658536585,22.0,19.92,0.067485,610.2921835520009,22.019933499555197
5723,2021-12-20 10:46:16.430240000,22.031224489795918,22.0,19.910408163265306,0.070604,610.3913784320009,22.02007569660525
5724,2021-12-20 10:46:16.533196544,22.00048780487805,22.0,20.138292682926828,0.074519,610.4943349760009,22.020217745631943
5725,2021-12-20 10:46:16.685981952,21.97,22.0,20.14081632653061,0.068873,610.6471203840009,22.020359704570275
5726,2021-12-20 10:46:16.831686144,22.03896551724138,22.0,20.14,0.072581,610.792824576001,22.0205016332458
5727,2021-12-20 10:46:16.881384192,22.02773857257418,22.0,20.14,0.063661,610.8425226240009,22.020643593102974
5728,2021-12-20 10:46:16.931081984,22.016511627906976,22.0,20.14,0.058195,610.8922204160009,22.0207856469337
5729,2021-12-20 10:46:17.034199552,21.98530612244898,22.0,20.148163265306124,0.051785,610.9953379840009,22.020927858607223
5730,2021-12-20 10:46:17.131915776,21.997027027027027,22.0,19.91,0.057844,611.0930542080009,22.02107029280261
5731,2021-12-20 10:46:17.236813568,21.97,22.0,20.086326530612244,0.070603,611.1979520000009,22.021213014744877
5732,2021-12-20 10:46:17.337044480,22.003783783783785,22.0,20.14162162162162,0.065544,611.2981829120009,22.0213560899458
5733,2021-12-20 10:46:17.432698880,21.980204081632653,22.0,20.14,0.060726,611.3938373120009,22.021499583950202
5734,2021-12-20 10:46:17.539145472,22.034285714285712,22.0,20.14,0.058779,611.5002839040009,22.021643562088606
5735,2021-12-20 10:46:17.710297344,21.980204081632653,22.0,20.14,0.068509,611.6714357760009,22.021788089236917
5736,2021-12-20 10:46:17.855116544,21.994999999999997,22.0,20.14,0.06363,611.8162549760009,22.021933229583606
5737,2021-12-20 10:46:17.895792128,22.00552631578947,22.0,20.14171052631579,0.061862,611.8569305600009,22.0220790464049
5738,2021-12-20 10:46:17.936467968,22.016052631578944,22.0,20.14342105263158,0.064,611.8976064000009,22.02222560184829
5739,2021-12-20 10:46:18.033992960,22.005714285714284,22.0,20.14,0.061341,611.9951313920009,22.022372956724535
5740,2021-12-20 10:46:18.123200000,22.011666666666663,22.0,20.14,0.050283,612.0843384320009,22.022521170308316
5741,2021-12-20 10:46:18.221228032,22.021020408163263,22.0,20.14,0.070363,612.1823664640009,22.022670300147492
5742,2021-12-20 10:46:18.329465088,22.107499999999998,22.0,20.032,0.065092,612.2906035200009,22.02282040188094
5743,2021-12-20 10:46:18.429625600,21.995510204081633,22.0,19.983265306122448,0.064838,612.3907640320009,22.022971529064815
5744,2021-12-20 10:46:18.530892288,22.041428571428572,22.0,20.136190476190478,0.057062,612.4920307200009,22.023123733007065
5745,2021-12-20 10:46:18.631384576,21.980204081632653,22.0,20.13,0.064114,612.592523008001,22.02327706260991
5746,2021-12-20 10:46:18.721325824,22.0559375,22.0,20.055,0.05646,612.6824642560009,22.023431564220125
5747,2021-12-20 10:46:18.816939776,22.036326530612243,22.0,19.95122448979592,0.069623,612.7780782080009,22.02358728148676
5748,2021-12-20 10:46:18.916969472,22.068484848484847,22.0,20.14,0.067336,612.8781079040009,22.023744255226
5749,2021-12-20 10:46:19.006417920,22.081842105263156,22.0,19.94684210526316,0.07153,612.9675563520009,22.023902523292872
5750,2021-12-20 10:46:19.124964864,21.97,22.0,20.13,0.066979,613.0861032960008,22.02406212045947
5751,2021-12-20 10:46:19.235233792,22.02128205128205,22.0,20.13,0.064606,613.1963722240008,22.024223078299496
5752,2021-12-20 10:46:19.332748800,22.026530612244898,22.0,20.13,0.061845,613.2938872320008,22.02438542507886
5753,2021-12-20 10:46:19.432959488,22.03395348837209,22.0,20.13,0.062978,613.3940979200007,22.024549185652123
5754,2021-12-20 10:46:19.534105600,22.010816326530612,22.0,20.13,0.06503,613.4952440320008,22.02471438136455
5755,2021-12-20 10:46:19.642393088,21.983888888888888,22.0,20.13,0.064357,613.6035315200007,22.024881029959623
5756,2021-12-20 10:46:19.803707904,21.975102040816324,22.0,20.13,0.064451,613.7648463360007,22.025049145491923
5757,2021-12-20 10:46:19.929074176,22.0325,22.0,19.92,0.065496,613.8902126080006,22.02521873824524
5758,2021-12-20 10:46:19.966883328,22.136666666666667,22.0,20.13,0.072392,613.9280217600007,22.025389814655874
5759,2021-12-20 10:46:20.031246336,22.041428571428572,22.0,19.909591836734695,0.075175,613.9923847680006,22.0255623772411
5760,2021-12-20 10:46:20.123370240,22.028823529411767,22.0,20.08764705882353,0.062028,614.0845086720007,22.025736424532866
5761,2021-12-20 10:46:20.209901568,22.03410256410256,22.0,19.88,0.062241,614.1710400000006,22.02591195101679
5762,2021-12-20 10:46:20.325461248,22.10265306122449,22.0,19.88,0.056572,614.2865996800007,22.02608894707668
5763,2021-12-20 10:46:20.426365952,22.026451612903223,22.0,19.88,0.059102,614.3875043840006,22.02626739894474
5764,2021-12-20 10:46:20.524534784,22.061836734693877,22.0,19.872448979591837,0.0588,614.4856732160007,22.02644728865787
5765,2021-12-20 10:46:20.629181184,22.0090625,22.0,20.0125,0.065019,614.5903196160007,22.026628594020345
5766,2021-12-20 10:46:20.787397888,21.995510204081633,22.0,20.11,0.058515,614.7485363200007,22.026811288573306
5767,2021-12-20 10:46:20.943572992,22.072962962962965,22.0,20.012222222222224,0.067447,614.9047114240007,22.026995341571595
5768,2021-12-20 10:46:20.990917120,22.051086744639377,22.0,19.965716374269007,0.055555,614.9520555520006,22.027180717968463
5769,2021-12-20 10:46:21.038271744,22.029210526315786,22.0,19.919210526315787,0.059867,614.9994101760007,22.027367378408748
5770,2021-12-20 10:46:21.135313920,21.980204081632653,22.0,19.997142857142858,0.064327,615.0964523520006,22.027555279231105
5771,2021-12-20 10:46:21.230777088,22.037567567567567,22.0,20.1,0.06264,615.1919155200006,22.027744372479866
5772,2021-12-20 10:46:21.331088384,22.07204081632653,22.0,20.1,0.06497,615.2922268160006,22.02793460592716
5773,2021-12-20 10:46:21.431540480,22.014871794871794,22.0,20.1,0.063353,615.3926789120006,22.028125923105936
5774,2021-12-20 10:46:21.530141952,21.990408163265304,22.0,20.1,0.060254,615.4912803840007,22.028318263354357
5775,2021-12-20 10:46:21.636095744,22.017297297297297,22.0,19.957297297297295,0.064789,615.5972341760007,22.028511561872193
5776,2021-12-20 10:46:21.798456576,22.010816326530612,22.0,19.962857142857143,0.058041,615.7595950080007,22.02870574978965
5777,2021-12-20 10:46:21.935772416,21.993809523809524,22.0,20.1,0.06168,615.8969108480007,22.02890075424905
5778,2021-12-20 10:46:21.981416704,22.000521783181355,22.0,20.1,0.060434,615.9425551360007,22.029096498499666
5779,2021-12-20 10:46:22.027061248,22.00723404255319,22.0,20.1,0.070534,615.9881996800007,22.02929290200597
5780,2021-12-20 10:46:22.131204864,22.04222222222222,22.0,20.1,0.057765,616.0923432960006,22.029489880569365
5781,2021-12-20 10:46:22.227291648,21.994999999999997,22.0,20.1,0.053159,616.1884300800007,22.02968734646343
5782,2021-12-20 10:46:22.332913664,22.031224489795918,22.0,20.1,0.058818,616.2940520960007,22.029885208582677
5783,2021-12-20 10:46:22.434522368,22.026249999999997,22.0,20.1,0.064851,616.3956608000007,22.030083372604544
5784,2021-12-20 10:46:22.535085056,21.980204081632653,22.0,20.1,0.061738,616.4962234880006,22.030281741164274
5785,2021-12-20 10:46:22.657182464,22.035789473684208,22.0,20.1,0.064142,616.6183208960006,22.030480214042242
5786,2021-12-20 10:46:22.839308032,21.98530612244898,22.0,20.1,0.067514,616.8004464640005,22.0306786883632
5787,2021-12-20 10:46:22.965901568,21.97,22.0,20.1,0.062042,616.9270400000005,22.030877058806656
5788,2021-12-20 10:46:22.999315200,22.015731707317073,22.0,20.1,0.06052,616.9604536320005,22.03107521782768
5789,2021-12-20 10:46:23.032718592,22.061463414634147,22.0,20.1,0.060017,616.9938570240005,22.03127305588715
5790,2021-12-20 10:46:23.135574784,22.061836734693877,22.0,20.076530612244902,0.063106,617.0967132160005,22.03147046169052
5791,2021-12-20 10:46:23.223001344,22.034814814814812,22.0,19.89666666666667,0.063289,617.1841397760005,22.03166732243399
5792,2021-12-20 10:46:23.318846720,22.021020408163263,22.0,20.109591836734694,0.063469,617.2799851520006,22.031863524056952
5793,2021-12-20 10:46:23.421119232,22.00030303030303,22.0,20.092727272727274,0.058891,617.3822576640006,22.03205895149953
5794,2021-12-20 10:46:23.520998144,22.066938775510202,22.0,19.86,0.050987,617.4821365760006,22.032253488963935
5795,2021-12-20 10:46:23.616913920,22.03896551724138,22.0,19.86,0.063217,617.5780523520006,22.03244702017847
5796,2021-12-20 10:46:23.711361024,22.021020408163263,22.0,20.090204081632656,0.053324,617.6724994560005,22.03263942866284
5797,2021-12-20 10:46:23.824858880,22.02357142857143,22.0,20.090714285714284,0.058829,617.7859973120005,22.03283059799355
5798,2021-12-20 10:46:23.956592128,22.00205128205128,22.0,19.85,0.054698,617.9177305600006,22.03302041206814
5799,2021-12-20 10:46:24.143223552,21.98530612244898,22.0,19.85,0.057316,618.1043619840005,22.033208755367113
5800,2021-12-20 10:46:24.255634944,22.22,22.0,19.85,0.053605,618.2167733760006,22.03339551321233
5801,2021-12-20 10:46:24.268660480,22.184285714285714,22.0,20.09,0.056624,618.2297989120005,22.03358057202087
5802,2021-12-20 10:46:24.330810624,22.016326530612243,22.0,20.081836734693876,0.066772,618.2919490560006,22.033763819553347
5803,2021-12-20 10:46:24.425157376,22.108888888888888,22.0,19.906666666666666,0.060844,618.3862958080006,22.03394514515575
5804,2021-12-20 10:46:24.517653248,22.02978260869565,22.0,19.84,0.06928,618.4787916800005,22.03412443999405
5805,2021-12-20 10:46:24.627348992,22.02978260869565,22.0,20.012173913043476,0.062684,618.5884874240005,22.03430159728086
5806,2021-12-20 10:46:24.726302208,22.00205128205128,22.0,20.071025641025642,0.056704,618.6874406400005,22.034476512493644
5807,2021-12-20 10:46:24.831230464,22.031224489795918,22.0,20.07,0.057727,618.7923688960005,22.034649083583965
5808,2021-12-20 10:46:24.958216192,22.00125,22.0,19.872,0.057541,618.9193546240006,22.034819211177357
5809,2021-12-20 10:46:25.126833152,22.027291666666667,22.0,19.99145833333333,0.055208,619.0879715840006,22.034986798763587
5810,2021-12-20 10:46:25.234537472,21.97,22.0,20.08,0.056254,619.1956759040006,22.03515175287704
5811,2021-12-20 10:46:25.260447488,22.011666666666667,22.0,20.07,0.058074,619.2215859200006,22.03531398326707
5812,2021-12-20 10:46:25.329487616,22.066938775510202,22.0,19.93285714285714,0.060347,619.2906260480006,22.035473403058045
5813,2021-12-20 10:46:25.431870720,22.02357142857143,22.0,19.944285714285712,0.065437,619.3930091520006,22.03562992889905
5814,2021-12-20 10:46:25.532463616,22.026122448979592,22.0,20.07,0.066334,619.4936020480005,22.03578348110312
5815,2021-12-20 10:46:25.631769088,22.02,22.0,20.07,0.059373,619.5929075200005,22.03593398377591
5816,2021-12-20 10:46:25.729394944,22.051632653061223,22.0,20.07,0.057064,619.6905333760005,22.0360813649337
5817,2021-12-20 10:46:25.825230080,22.05108108108108,22.0,20.07,0.06265,619.7863685120005,22.03622555661076
5818,2021-12-20 10:46:25.966428416,22.031224489795918,22.0,20.07,0.060641,619.9275668480005,22.03636649495593
5819,2021-12-20 10:46:26.148895744,22.00048780487805,22.0,20.07,0.055573,620.1100341760006,22.036504120318465
5820,2021-12-20 10:46:26.201108224,21.99660753880266,22.0,20.07,0.071339,620.1622466560005,22.036638377323115
5821,2021-12-20 10:46:26.253310720,21.992727272727272,22.0,20.07,0.058444,620.2144491520005,22.036769214934466
5822,2021-12-20 10:46:26.332107264,22.08285714285714,22.0,20.07,0.063585,620.2932456960006,22.03689658651048
5823,2021-12-20 10:46:26.430064896,22.05125,22.0,20.07,0.063313,620.3912033280005,22.037020449845315
5824,2021-12-20 10:46:26.529812992,22.036326530612243,22.0,20.07,0.054376,620.4909514240005,22.037140767201507
5825,2021-12-20 10:46:26.623717120,22.10970588235294,22.0,19.999411764705883,0.062943,620.5848555520005,22.0372575053316
5826,2021-12-20 10:46:26.720829952,22.05673469387755,22.0,19.891224489795917,0.056506,620.6819683840005,22.03737063548933
5827,2021-12-20 10:46:26.820628224,22.058235294117647,22.0,20.07970588235294,0.056663,620.7817666560005,22.037480133430506
5828,2021-12-20 10:46:26.961031680,21.995510204081633,22.0,20.07,0.062418,620.9221701120005,22.037585979403765
5829,2021-12-20 10:46:27.148518144,22.036190476190477,22.0,20.07,0.060609,621.1096565760005,22.037688158131537
5830,2021-12-20 10:46:27.201907456,22.038809523809526,22.0,20.07,0.053308,621.1630458880005,22.037786658781425
5831,2021-12-20 10:46:27.255307008,22.041428571428572,22.0,20.07,0.055034,621.2164454400005,22.0378814749284
5832,2021-12-20 10:46:27.333379328,22.061836734693877,22.0,20.07,0.064048,621.2945177600005,22.03797260450813
5833,2021-12-20 10:46:27.430683136,22.027692307692305,22.0,20.07,0.062142,621.3918215680005,22.03806004976189
5834,2021-12-20 10:46:27.528811776,22.18469387755102,22.0,20.070408163265306,0.061318,621.4899502080006,22.038143817173484
5835,2021-12-20 10:46:27.625592576,22.05108108108108,22.0,20.08,0.053668,621.5867310080006,22.038223917398735
5836,2021-12-20 10:46:27.723912192,22.026122448979592,22.0,20.08,0.058639,621.6850506240006,22.03830036518796
5837,2021-12-20 10:46:27.818721792,21.9934375,22.0,20.08,0.056486,621.7798602240006,22.03837317930203
5838,2021-12-20 10:46:27.953573120,21.99659574468085,22.0,19.84,0.06106,621.9147115520005,22.038442382422552
5839,2021-12-20 10:46:28.150715392,21.98111111111111,22.0,20.06933333333333,0.065681,622.1118538240005,22.038508001056737
5840,2021-12-20 10:46:28.205663744,22.000555555555554,22.0,20.069666666666663,0.064559,622.1668021760005,22.03857006543748
5841,2021-12-20 10:46:28.260622336,22.019999999999996,22.0,20.07,0.060854,622.2217607680005,22.038628609419188
5842,2021-12-20 10:46:28.332005888,22.052040816326528,22.0,19.859387755102038,0.06265,622.2931443200006,22.03868367036986
5843,2021-12-20 10:46:28.432729600,22.005714285714287,22.0,20.03,0.053723,622.3938680320006,22.03873528905984
5844,2021-12-20 10:46:28.532346880,22.026122448979592,22.0,20.07,0.062651,622.4934853120005,22.038783509547613
5845,2021-12-20 10:46:28.632658176,22.071190476190477,22.0,20.07,0.054497,622.5937966080005,22.038828379062952
5846,2021-12-20 10:46:28.731017984,22.0325,22.0,19.88,0.073692,622.6921564160006,22.038869947887655
5847,2021-12-20 10:46:28.832546304,22.005714285714287,22.0,20.00142857142857,0.06684,622.7936847360006,22.03890826923411
5848,2021-12-20 10:46:28.988922624,21.980204081632653,22.0,20.062653061224488,0.057079,622.9500610560007,22.03894339912183
5849,2021-12-20 10:46:29.147360512,22.00125,22.0,20.06,0.059813,623.1084989440006,22.038975396252077
5850,2021-12-20 10:46:29.196002560,22.040772058823528,22.0,19.943529411764708,0.053941,623.1571409920007,22.039004321880622
5851,2021-12-20 10:46:29.244634368,22.08029411764706,22.0,19.827058823529413,0.056402,623.2057728000007,22.03903023968871
5852,2021-12-20 10:46:29.335641600,22.048125,22.0,19.981458333333332,0.055549,623.2967800320007,22.039053215652128
5853,2021-12-20 10:46:29.429404928,22.07135135135135,22.0,19.88756756756757,0.061017,623.3905433600007,22.039073317908443
5854,2021-12-20 10:46:29.528820992,22.05673469387755,22.0,19.82,0.056266,623.4899594240007,22.039090616622342
5855,2021-12-20 10:46:29.627854848,22.09162162162162,22.0,19.82,0.049612,623.5889932800008,22.03910518384904
5856,2021-12-20 10:46:29.728316928,22.031224489795918,22.0,19.946734693877552,0.060475,623.6894553600008,22.03911709339571
5857,2021-12-20 10:46:29.825741568,22.095,22.0,20.05,0.05934,623.7868800000008,22.03912642068098
5858,2021-12-20 10:46:29.975046656,21.996041666666667,22.0,20.05,0.052908,623.9361850880008,22.03913324259248
5859,2021-12-20 10:46:30.144005888,22.08764705882353,22.0,19.993529411764705,0.059321,624.1051443200008,22.03913763734256
5860,2021-12-20 10:46:30.195121920,22.048354779411767,22.0,20.021764705882354,0.061501,624.1562603520008,22.039139684322198
5861,2021-12-20 10:46:30.246238208,22.0090625,22.0,20.05,0.053101,624.2073766400008,22.039139463953326
5862,2021-12-20 10:46:30.335696640,22.061836734693877,22.0,20.05,0.057586,624.2968350720008,22.03913705753969
5863,2021-12-20 10:46:30.433945856,22.030975609756098,22.0,20.05,0.056028,624.3950842880008,22.039132547116463
5864,2021-12-20 10:46:30.533522944,22.016875,22.0,20.05,0.056867,624.4946613760009,22.03912601529886
5865,2021-12-20 10:46:30.633200384,22.02357142857143,22.0,20.05,0.061998,624.5943388160009,22.03911754513005
5866,2021-12-20 10:46:30.733994496,22.026122448979592,22.0,19.976530612244897,0.062391,624.6951329280009,22.03910721992862
5867,2021-12-20 10:46:30.840813568,21.99631578947368,22.0,19.89842105263158,0.059207,624.8019520000009,22.039095123135844
5868,2021-12-20 10:46:31.004351232,21.980204081632653,22.0,20.04734693877551,0.055217,624.965489664001,22.039081338163136
5869,2021-12-20 10:46:31.138930944,22.0325,22.0,20.04,0.057932,625.100069376001,22.03906594823995
5870,2021-12-20 10:46:31.183619840,22.073058510638297,22.0,20.022021276595744,0.050663,625.144758272001,22.039049036262487
5871,2021-12-20 10:46:31.228318976,22.113617021276593,22.0,20.00404255319149,0.060876,625.189457408001,22.039030684643524
5872,2021-12-20 10:46:31.332955392,22.092222222222222,22.0,19.831333333333333,0.058335,625.2940938240009,22.03901097516377
5873,2021-12-20 10:46:31.421246976,22.07483870967742,22.0,19.993548387096777,0.070628,625.3823854080009,22.038989988825016
5874,2021-12-20 10:46:31.523207680,22.051632653061223,22.0,19.82938775510204,0.064219,625.4843461120009,22.03896780570559
5875,2021-12-20 10:46:31.629604352,22.03081081081081,22.0,20.04,0.05652,625.5907427840009,22.038944504818513
5876,2021-12-20 10:46:31.729593600,22.048125,22.0,20.04,0.063564,625.6907320320009,22.038920163972865
5877,2021-12-20 10:46:31.834592000,22.011666666666667,22.0,20.04,0.055437,625.7957304320009,22.03889485963884
5878,2021-12-20 10:46:32.001660160,21.98530612244898,22.0,20.04,0.054707,625.9627985920009,22.03886866681706
5879,2021-12-20 10:46:32.158670080,22.037307692307692,22.0,20.04,0.069142,626.1198085120009,22.038841658912634
5880,2021-12-20 10:46:32.202202112,22.030997596153846,22.0,20.04,0.058297,626.1633405440009,22.0388139076146
5881,2021-12-20 10:46:32.245744640,22.0246875,22.0,20.04,0.065373,626.2068830720009,22.038785482781215
5882,2021-12-20 10:46:32.335424256,22.058541666666667,22.0,19.81,0.053233,626.2965626880009,22.03875645233176
5883,2021-12-20 10:46:32.431782656,22.03410256410256,22.0,20.015384615384615,0.058746,626.3929210880009,22.038726882145326
5884,2021-12-20 10:46:32.531570688,22.077142857142857,22.0,19.824489795918367,0.058108,626.4927091200009,22.038696835967134
5885,2021-12-20 10:46:32.624740608,22.113939393939393,22.0,19.8,0.059394,626.5858790400009,22.038666375322986
5886,2021-12-20 10:46:32.723020288,22.046530612244897,22.0,19.997142857142858,0.06528,626.6841587200009,22.03863555944233
5887,2021-12-20 10:46:32.823653376,22.068484848484847,22.0,20.03,0.05533,626.7847918080009,22.038604445190444
5888,2021-12-20 10:46:32.973702656,21.99083333333333,22.0,20.03,0.059868,626.9348410880009,22.038573087010175
5889,2021-12-20 10:46:33.153041920,22.024054054054055,22.0,20.03,0.062513,627.1141803520009,22.038541536873748
5890,2021-12-20 10:46:33.203293184,22.007896592244418,22.0,20.03,0.061378,627.1644316160009,22.038509844245038
5891,2021-12-20 10:46:33.253544448,21.99173913043478,22.0,20.03,0.053908,627.214682880001,22.0384780560527
5892,2021-12-20 10:46:33.333839616,22.061836734693877,22.0,19.858571428571427,0.055517,627.294978048001,22.03844621667447
5893,2021-12-20 10:46:33.430217984,22.029210526315786,22.0,19.935263157894735,0.059463,627.391356416001,22.038414367932855
5894,2021-12-20 10:46:33.528678656,22.0325,22.0,20.03,0.056661,627.489817088001,22.038382549102423
5895,2021-12-20 10:46:33.629130752,22.03410256410256,22.0,20.03,0.059239,627.590269184001,22.03835079692872
5896,2021-12-20 10:46:33.728154624,22.036326530612243,22.0,20.03,0.07053,627.689293056001,22.03831914565887
5897,2021-12-20 10:46:33.834943232,22.0106976744186,22.0,20.03,0.067052,627.796081664001,22.038287627083694
5898,2021-12-20 10:46:33.992898560,21.995510204081633,22.0,19.892857142857142,0.055532,627.954036992001,22.03825627059122
5899,2021-12-20 10:46:34.144386304,22.036666666666665,22.0,19.79,0.058049,628.1055247360009,22.038225103231245
5900,2021-12-20 10:46:34.192273920,22.020225225225225,22.0,19.906756756756756,0.059044,628.1534123520009,22.038194149790538
5901,2021-12-20 10:46:34.240151296,22.003783783783785,22.0,20.023513513513514,0.061178,628.2012897280009,22.038163432878115
5902,2021-12-20 10:46:34.336077312,22.026122448979592,22.0,20.02,0.063507,628.2972157440009,22.03813297302001
5903,2021-12-20 10:46:34.430755840,22.0325,22.0,20.02,0.063396,628.391894272001,22.03810278876281
5904,2021-12-20 10:46:34.531177728,22.021020408163263,22.0,20.02,0.060929,628.492316160001,22.03807289678521
5905,2021-12-20 10:46:34.633198848,22.059743589743587,22.0,20.025128205128205,0.058631,628.594337280001,22.038043312016644
5906,2021-12-20 10:46:34.731599104,22.048125,22.0,19.94,0.059418,628.692737536001,22.03801404776199
5907,2021-12-20 10:46:34.839564800,22.0075,22.0,19.892,0.05744,628.800703232001,22.03798511583131
5908,2021-12-20 10:46:35.003424256,21.97,22.0,20.026938775510207,0.05561,628.9645626880009,22.03795652667352
5909,2021-12-20 10:46:35.138426624,22.08904761904762,22.0,20.02,0.062725,629.0995650560009,22.037928289512788
5910,2021-12-20 10:46:35.184483328,22.075442176870748,22.0,19.99061224489796,0.063361,629.1456217600008,22.03790041248654
5911,2021-12-20 10:46:35.230530304,22.061836734693877,22.0,19.961224489795917,0.067324,629.1916687360008,22.0378729027838
5912,2021-12-20 10:46:35.333154816,22.092093023255813,22.0,19.807906976744185,0.063494,629.2942932480008,22.03784576678271
5913,2021-12-20 10:46:35.428688384,22.016511627906976,22.0,20.02,0.060685,629.3898268160008,22.037819010185952
5914,2021-12-20 10:46:35.535346432,22.036326530612243,22.0,20.02,0.057822,629.4964848640008,22.037792638152997
5915,2021-12-20 10:46:35.633334272,22.064594594594595,22.0,19.974594594594592,0.058,629.5944727040007,22.03776665542789
5916,2021-12-20 10:46:35.734450176,21.995510204081633,22.0,19.809387755102044,0.053393,629.6955886080008,22.037741066461543
5917,2021-12-20 10:46:35.855290368,22.01054054054054,22.0,20.02,0.0557,629.8164288000007,22.037715875527454
5918,2021-12-20 10:46:36.027186432,21.97,22.0,20.02,0.057803,629.9883248640007,22.03769108682983
5919,2021-12-20 10:46:36.151526912,22.104615384615386,22.0,20.02,0.060791,630.1126653440007,22.037666704603176
5920,2021-12-20 10:46:36.190533120,22.062817896389326,22.0,20.02,0.053747,630.1516715520007,22.03764273320245
5921,2021-12-20 10:46:36.229539072,22.021020408163263,22.0,20.02,0.053822,630.1906775040007,22.037619177183025
5922,2021-12-20 10:46:36.332143616,22.051860465116278,22.0,20.02,0.056055,630.2932820480007,22.037596041369646
5923,2021-12-20 10:46:36.428381184,22.063023255813953,22.0,19.78,0.052938,630.3895196160007,22.037573330913826
5924,2021-12-20 10:46:36.535381248,22.03770833333333,22.0,20.01,0.053912,630.4965196800007,22.03755105133914
5925,2021-12-20 10:46:36.633037056,22.064594594594595,22.0,20.02,0.058521,630.5941754880007,22.037529208573996
5926,2021-12-20 10:46:36.734092800,22.041428571428572,22.0,19.804489795918368,0.057104,630.6952312320007,22.03750780897159
5927,2021-12-20 10:46:36.851231488,22.025555555555556,22.0,19.78,0.061521,630.8123699200006,22.037486859316846
5928,2021-12-20 10:46:37.021327104,22.000612244897958,22.0,19.97714285714286,0.062021,630.9824655360006,22.037466366820407
5929,2021-12-20 10:46:37.148715264,22.095,22.0,19.907142857142855,0.060686,631.1098536960006,22.037446339099724
5930,2021-12-20 10:46:37.176114176,22.22,22.0,20.01,0.063973,631.1372526080006,22.037426784147527
5931,2021-12-20 10:46:37.231887360,22.048125,22.0,19.817291666666666,0.061053,631.1930257920006,22.037407710288093
5932,2021-12-20 10:46:37.332269056,22.065238095238094,22.0,19.76690476190476,0.058595,631.2934074880006,22.03738912612185
5933,2021-12-20 10:46:37.424141312,22.02128205128205,22.0,19.976410256410258,0.057169,631.3852797440006,22.03737104045908
5934,2021-12-20 10:46:37.531000576,22.031224489795918,22.0,20.0,0.067136,631.4921390080007,22.037353462243527
5935,2021-12-20 10:46:37.633836544,22.066153846153846,22.0,19.790769230769232,0.063826,631.5949749760007,22.037336400466913
5936,2021-12-20 10:46:37.735153408,21.990408163265304,22.0,19.921632653061227,0.059355,631.6962918400006,22.037319864075478
5937,2021-12-20 10:46:37.838069760,21.986666666666665,22.0,19.992666666666665,0.054881,631.7992081920006,22.037303861869745
5938,2021-12-20 10:46:37.995522304,21.97,22.0,19.99,0.057456,631.9566607360006,22.037288402398833
5939,2021-12-20 10:46:38.137454592,22.124761904761904,22.0,19.99,0.061202,632.0985930240006,22.03727349385066
5940,2021-12-20 10:46:38.184497408,22.09329931972789,22.0,19.926428571428573,0.059412,632.1456358400006,22.03725914393943
5941,2021-12-20 10:46:38.231539968,22.061836734693877,22.0,19.862857142857145,0.061257,632.1926784000007,22.037245359791868
5942,2021-12-20 10:46:38.334144512,22.03395348837209,22.0,19.877209302325582,0.056366,632.2952829440006,22.037232147833684
5943,2021-12-20 10:46:38.428249856,21.98829268292683,22.0,19.99390243902439,0.06245,632.3893882880006,22.03721951367772
5944,2021-12-20 10:46:38.534575872,22.036326530612243,22.0,19.99,0.052917,632.4957143040007,22.03720746201522
5945,2021-12-20 10:46:38.636466176,22.00048780487805,22.0,19.99,0.051271,632.5976046080007,22.037195996511645
5946,2021-12-20 10:46:38.737230080,22.031224489795918,22.0,19.99,0.059555,632.6983685120007,22.0371851197084
5947,2021-12-20 10:46:38.863511808,21.999761904761904,22.0,19.99,0.06107,632.8246502400007,22.037174832931857
5948,2021-12-20 10:46:39.036423936,22.010816326530612,22.0,19.99408163265306,0.056277,632.9975623680007,22.037165136210817
5949,2021-12-20 10:46:39.139380480,22.02,22.0,20.0,0.057082,633.1005189120007,22.03715602820361
5950,2021-12-20 10:46:39.162695680,22.036666666666665,22.0,20.0,0.064661,633.1238341120006,22.037147506135828
5951,2021-12-20 10:46:39.234431232,21.98530612244898,22.0,19.91183673469388,0.065508,633.1955696640006,22.037139565749627
5952,2021-12-20 10:46:39.333515264,22.095,22.0,19.832,0.063707,633.2946536960005,22.03713220126539
5953,2021-12-20 10:46:39.431704320,22.041428571428572,22.0,19.918367346938776,0.059899,633.3928427520005,22.037125405356278
5954,2021-12-20 10:46:39.527771136,21.997027027027027,22.0,19.788918918918917,0.047081,633.4889095680005,22.03711916913629
5955,2021-12-20 10:46:39.624380928,22.027291666666667,22.0,19.99,0.06365,633.5855193600005,22.037113482162113
5956,2021-12-20 10:46:39.725496832,22.022631578947365,22.0,19.99,0.062203,633.6866352640005,22.037108332448962
5957,2021-12-20 10:46:39.857964288,21.99222222222222,22.0,19.99,0.060741,633.8191027200005,22.037103706500467
5958,2021-12-20 10:46:40.043982336,22.01255319148936,22.0,19.94914893617021,0.049152,634.0051207680006,22.03709958935252
5959,2021-12-20 10:46:40.101193728,22.00377659574468,22.0,19.969574468085106,0.061976,634.0623321600006,22.03709596463078
5960,2021-12-20 10:46:40.158405376,21.994999999999997,22.0,19.99,0.067124,634.1195438080006,22.037092814621424
5961,2021-12-20 10:46:40.234999040,22.03770833333333,22.0,19.959999999999997,0.065069,634.1961374720006,22.037090120354556
5962,2021-12-20 10:46:40.325775104,22.098787878787878,22.0,19.77909090909091,0.064992,634.2869135360006,22.037087861699604
5963,2021-12-20 10:46:40.421057280,22.015918367346938,22.0,19.98938775510204,0.063546,634.3821957120006,22.03708601747177
5964,2021-12-20 10:46:40.527262720,22.0325,22.0,19.98,0.073641,634.4884011520006,22.037084565548557
5965,2021-12-20 10:46:40.628901632,21.990408163265304,22.0,19.980204081632653,0.061118,634.5900400640006,22.03708348299531
5966,2021-12-20 10:46:40.729876736,22.03410256410256,22.0,19.99,0.072388,634.6910151680006,22.03708274619847
5967,2021-12-20 10:46:40.868480000,22.016875,22.0,19.75,0.070167,634.8296184320006,22.037082331005326
5968,2021-12-20 10:46:41.044027136,22.041428571428572,22.0,19.75,0.066836,635.0051655680006,22.037082212868793
5969,2021-12-20 10:46:41.098372096,22.038121693121692,22.0,19.865000000000002,0.066559,635.0595105280006,22.037082366995882
5970,2021-12-20 10:46:41.152717056,22.034814814814812,22.0,19.98,0.065295,635.1138554880006,22.0370827684983
5971,2021-12-20 10:46:41.236643328,22.015918367346938,22.0,19.98,0.062694,635.1977817600006,22.03708339254368
5972,2021-12-20 10:46:41.334138112,22.107499999999998,22.0,19.788,0.067106,635.2952765440006,22.037084214505914
5973,2021-12-20 10:46:41.433564416,22.016875,22.0,19.935,0.064204,635.3947028480005,22.037085210113084
5974,2021-12-20 10:46:41.522278400,22.044999999999998,22.0,19.83,0.064166,635.4834168320006,22.03708635559139
5975,2021-12-20 10:46:41.618184192,22.036326530612243,22.0,19.913673469387756,0.062883,635.5793226240006,22.037087627803658
5976,2021-12-20 10:46:41.720909312,22.068484848484847,22.0,19.836060606060606,0.065592,635.6820477440006,22.037089004381016
5977,2021-12-20 10:46:41.843942400,21.983157894736838,22.0,19.93842105263158,0.063477,635.8050808320006,22.03709046384644
5978,2021-12-20 10:46:42.038982400,21.97,22.0,19.97,0.066835,636.0001208320006,22.037091985728836
5979,2021-12-20 10:46:42.160023808,22.22,22.0,19.97,0.064027,636.1211622400006,22.037093550666576
5980,2021-12-20 10:46:42.172375552,22.1575,22.0,19.97,0.064668,636.1335139840005,22.037095140499506
5981,2021-12-20 10:46:42.232071424,22.051632653061223,22.0,19.83285714285714,0.060902,636.1932098560005,22.03709673834852
5982,2021-12-20 10:46:42.331205888,22.098205128205127,22.0,19.828461538461536,0.071162,636.2923443200006,22.03709832868195
5983,2021-12-20 10:46:42.427715072,21.985625,22.0,19.964791666666667,0.067968,636.3888535040005,22.037099897368275
5984,2021-12-20 10:46:42.532854272,21.99840909090909,22.0,19.964318181818182,0.07052,636.4939927040006,22.037101431714724
5985,2021-12-20 10:46:42.629252864,22.030975609756098,22.0,19.97,0.05955,636.5903912960006,22.037102920491556
5986,2021-12-20 10:46:42.735568896,22.051632653061223,22.0,19.97,0.067484,636.6967073280006,22.037104353941984
5987,2021-12-20 10:46:42.855765504,21.98470588235294,22.0,19.97,0.067729,636.8169039360006,22.03710572377781
5988,2021-12-20 10:46:43.022843648,21.990408163265304,22.0,19.97,0.066314,636.9839820800006,22.03710702316104
5989,2021-12-20 10:46:43.143834624,22.062727272727273,22.0,19.97,0.059489,637.1049730560006,22.037108246671924
5990,2021-12-20 10:46:43.171806720,22.12625,22.0,19.97,0.061348,637.1329451520006,22.037109390263826
5991,2021-12-20 10:46:43.234268672,21.99083333333333,22.0,19.97,0.055332,637.1954071040007,22.03711045120574
5992,2021-12-20 10:46:43.331140096,22.136666666666663,22.0,19.97,0.066703,637.2922785280007,22.037111428013148
5993,2021-12-20 10:46:43.428715520,22.07204081632653,22.0,19.916122448979593,0.069323,637.3898539520006,22.037112320368156
5994,2021-12-20 10:46:43.530434816,22.076249999999998,22.0,19.73,0.064234,637.4915732480007,22.037113129030075
5995,2021-12-20 10:46:43.622397696,22.03410256410256,22.0,19.92076923076923,0.070549,637.5835361280007,22.037113855737516
5996,2021-12-20 10:46:43.732153856,22.010816326530612,22.0,19.764285714285716,0.061114,637.6932922880006,22.037114503103385
5997,2021-12-20 10:46:43.862137088,22.008461538461535,22.0,19.968974358974357,0.058163,637.8232755200006,22.037115074504186
5998,2021-12-20 10:46:44.036054784,21.990408163265304,22.0,19.96,0.066751,637.9971932160006,22.037115573965135
5999,2021-12-20 10:46:44.149120000,22.12625,22.0,19.96,0.058551,638.1102584320006,22.037116006042705
6000,2021-12-20 10:46:44.170805504,22.18875,22.0,19.96,0.071902,638.1319439360005,22.03711637570621
6001,2021-12-20 10:46:44.234384128,22.005714285714284,22.0,19.96,0.064393,638.1955225600005,22.037116688220173
6002,2021-12-20 10:46:44.296845824,22.11285714285714,22.0,19.97,0.066143,638.2579842560006,22.03711694902923
6003,2021-12-20 10:46:44.416841216,22.076435643564356,22.0,19.84881188118812,,638.3779796480005,22.037117163647228
